[
  {
    "meta": {
      "id": "absorption",
      "uuid": "27ebe0f3-708d-42d6-988b-fc0ba46d3127",
      "sort": "010263000",
      "src": "collegiate",
      "section": "alpha",
      "stems": [
        "absorption",
        "absorptions",
        "absorptive"
      ],
      "offensive": false
    },
    "hwi": {
      "hw": "ab*sorp*tion",
      "prs": [
        {
          "mw": "\u0259b-\u02c8s\u022frp-sh\u0259n",
          "sound": {
            "audio": "absorp04",
            "ref": "c",
            "stat": "1"
          }
        },
        {
          "mw": "-\u02c8z\u022frp-"
        }
      ]
    },
    "fl": "noun",
    "def": [
      {
        "sseq": [
          [
            [
              "sense",
              {
                "sn": "1 a",
                "dt": [
                  [
                    "text",
                    "{bc}the process of {d_link|absorbing|absorb} something or of being absorbed "
                  ],
                  [
                    "vis",
                    [
                      {
                        "t": "{wi}absorption{/wi} of water"
                      }
                    ]
                  ],
                  [
                    "text",
                    " {dx}compare {dxt|adsorption||}{/dx}"
                  ]
                ]
              }
            ],
            [
              "sense",
              {
                "sn": "b",
                "dt": [
                  [
                    "text",
                    "{bc}interception of radiant energy or sound waves"
                  ]
                ]
              }
            ]
          ],
          [
            [
              "sense",
              {
                "sn": "2",
                "dt": [
                  [
                    "text",
                    "{bc}entire occupation of the mind "
                  ],
                  [
                    "vis",
                    [
                      {
                        "t": "his {wi}absorption{/wi} in his work"
                      }
                    ]
                  ]
                ]
              }
            ]
          ]
        ]
      }
    ],
    "uros": [
      {
        "ure": "ab*sorp*tive",
        "prs": [
          {
            "mw": "\u0259b-\u02c8s\u022frp-tiv",
            "sound": {
              "audio": "absorp05",
              "ref": "c",
              "stat": "1"
            }
          },
          {
            "mw": "-\u02c8z\u022frp-"
          }
        ],
        "fl": "adjective"
      }
    ],
    "et": [
      [
        "text",
        "borrowed from French & Late Latin; French, borrowed from Late Latin {it}absorpti\u014dn-, absorpti\u014d{/it}, from {it}absorb\u0113re{/it} \"to {et_link|absorb|absorb}\" + {it}-ti\u014dn-, -ti\u014d{/it}, suffix of action nouns"
      ]
    ],
    "date": "1597{ds||1|a|}",
    "shortdef": [
      "the process of absorbing something or of being absorbed",
      "interception of radiant energy or sound waves",
      "entire occupation of the mind"
    ]
  },
  {
    "meta": {
      "id": "absorption band",
      "uuid": "9cdb502d-533f-4b06-bc6b-86c1a4b0c59d",
      "sort": "010264000",
      "src": "collegiate",
      "section": "alpha",
      "stems": [
        "absorption band",
        "absorption bands"
      ],
      "offensive": false
    },
    "hwi": {
      "hw": "absorption band"
    },
    "fl": "noun",
    "def": [
      {
        "sseq": [
          [
            [
              "sense",
              {
                "dt": [
                  [
                    "text",
                    "{bc}a dark band in an absorption spectrum"
                  ]
                ],
                "sdsense": {
                  "sd": "also",
                  "dt": [
                    [
                      "text",
                      "{bc}{sx|absorption line||}"
                    ]
                  ]
                }
              }
            ]
          ]
        ]
      }
    ],
    "date": "1852",
    "shortdef": [
      "a dark band in an absorption spectrum; also : absorption line"
    ]
  },
  {
    "meta": {
      "id": "absorption line",
      "uuid": "1fe2d56c-737f-475d-91fe-ef307796630a",
      "sort": "010265000",
      "src": "collegiate",
      "section": "alpha",
      "stems": [
        "absorption line",
        "absorption lines"
      ],
      "offensive": false
    },
    "hwi": {
      "hw": "absorption line"
    },
    "fl": "noun",
    "def": [
      {
        "sseq": [
          [
            [
              "sense",
              {
                "dt": [
                  [
                    "text",
                    "{bc}a dark line in an absorption spectrum"
                  ]
                ]
              }
            ]
          ]
        ]
      }
    ],
    "date": "1861",
    "shortdef": [
      "a dark line in an absorption spectrum"
    ]
  },
  {
    "meta": {
      "id": "absorption spectrum",
      "uuid": "a8387738-ad7b-4b73-8087-b8f251a8bc9f",
      "sort": "010266000",
      "src": "collegiate",
      "section": "alpha",
      "stems": [
        "absorption spectra",
        "absorption spectrum",
        "absorption spectrums"
      ],
      "offensive": false
    },
    "hwi": {
      "hw": "absorption spectrum"
    },
    "fl": "noun",
    "def": [
      {
        "sseq": [
          [
            [
              "sense",
              {
                "dt": [
                  [
                    "text",
                    "{bc}an electromagnetic spectrum in which a decrease in intensity of radiation at specific wavelengths or ranges of wavelengths characteristic of an absorbing substance is manifested especially as a pattern of dark lines or bands"
                  ]
                ]
              }
            ]
          ]
        ]
      }
    ],
    "date": "1833",
    "shortdef": [
      "an electromagnetic spectrum in which a decrease in intensity of radiation at specific wavelengths or ranges of wavelengths characteristic of an absorbing substance is manifested especially as a pattern of dark lines or bands"
    ]
  },
  {
    "meta": {
      "id": "self-absorption",
      "uuid": "ae4c58b8-536c-4b27-afd2-64f14cd6a76e",
      "sort": "192053000",
      "src": "collegiate",
      "section": "alpha",
      "stems": [
        "self-absorption",
        "self-absorptions"
      ],
      "offensive": false
    },
    "hwi": {
      "hw": "self-ab*sorp*tion",
      "prs": [
        {
          "mw": "\u02ccself-\u0259b-\u02c8s\u022frp-sh\u0259n",
          "sound": {
            "audio": "selfab04",
            "ref": "c",
            "stat": "1"
          }
        },
        {
          "mw": "-\u02c8z\u022frp-"
        }
      ]
    },
    "fl": "noun",
    "def": [
      {
        "sseq": [
          [
            [
              "sense",
              {
                "dt": [
                  [
                    "text",
                    "{bc}preoccupation with oneself"
                  ]
                ]
              }
            ]
          ]
        ]
      }
    ],
    "date": "1803",
    "shortdef": [
      "preoccupation with oneself"
    ]
  }
]