[
  {
    "meta": {
      "id": "acoustic",
      "uuid": "1792e0c2-4567-4821-b132-5343713439e4",
      "sort": "010602000",
      "src": "collegiate",
      "section": "alpha",
      "stems": [
        "acoustic",
        "acoustical",
        "acoustically"
      ],
      "offensive": false
    },
    "hwi": {
      "hw": "acous*tic",
      "prs": [
        {
          "mw": "\u0259-\u02c8k\u00fc-stik",
          "sound": {
            "audio": "acoust01",
            "ref": "c",
            "stat": "1"
          }
        }
      ]
    },
    "vrs": [
      {
        "vl": "or",
        "va": "acous*ti*cal",
        "prs": [
          {
            "mw": "\u0259-\u02c8k\u00fc-sti-k\u0259l",
            "sound": {
              "audio": "acoust02",
              "ref": "c",
              "stat": "1"
            }
          }
        ]
      }
    ],
    "fl": "adjective",
    "def": [
      {
        "sseq": [
          [
            [
              "bs",
              {
                "sense": {
                  "sn": "1",
                  "dt": [
                    [
                      "text",
                      "{bc}of or relating to the sense or organs of hearing, to sound, or to the science of sounds "
                    ],
                    [
                      "vis",
                      [
                        {
                          "t": "{wi}acoustic{/wi} apparatus of the ear"
                        },
                        {
                          "t": "{wi}acoustic{/wi} energy"
                        }
                      ]
                    ],
                    [
                      "text",
                      ": such as"
                    ]
                  ]
                }
              }
            ],
            [
              "sense",
              {
                "sn": "a",
                "dt": [
                  [
                    "text",
                    "{bc}deadening or absorbing sound "
                  ],
                  [
                    "vis",
                    [
                      {
                        "t": "{wi}acoustic{/wi} tile"
                      }
                    ]
                  ]
                ]
              }
            ],
            [
              "sense",
              {
                "sn": "b",
                "dt": [
                  [
                    "text",
                    "{bc}operated by or utilizing sound waves"
                  ]
                ]
              }
            ]
          ],
          [
            [
              "sense",
              {
                "sn": "2",
                "dt": [
                  [
                    "text",
                    "{bc}of, relating to, or being a musical instrument whose sound is not electronically modified"
                  ]
                ]
              }
            ]
          ]
        ]
      }
    ],
    "uros": [
      {
        "ure": "acous*ti*cal*ly",
        "prs": [
          {
            "mw": "\u0259-\u02c8k\u00fc-sti-k(\u0259-)l\u0113",
            "sound": {
              "audio": "acoust03",
              "ref": "c",
              "stat": "1"
            }
          }
        ],
        "fl": "adverb"
      }
    ],
    "et": [
      [
        "text",
        "{it}acoustic{/it} borrowed from Medieval Latin {it}acousticus, ac\u016bsticus,{/it} borrowed from Greek {it}akoustik\u00f3s,{/it} from {it}akoust\u00f3s{/it} \"heard, audible\" (verbal adjective of {it}ako\u00faein{/it} \"to hear,\" going back to Indo-European {it}h{inf}2{/inf}kous-{/it}) + {it}-ikos{/it} {et_link|-ic:1|-ic:1}; {it}acoustical{/it} from {it}acoustic{/it} + {et_link|-al:1|-al:1} {ma}{mat|hear|}{/ma}"
      ]
    ],
    "date": "1635{ds||1||}",
    "shortdef": [
      "of or relating to the sense or organs of hearing, to sound, or to the science of sounds : such as",
      "deadening or absorbing sound",
      "operated by or utilizing sound waves"
    ]
  },
  {
    "meta": {
      "id": "acoustics",
      "uuid": "e4f788d4-97d3-4504-9710-4441969b41a6",
      "sort": "010604000",
      "src": "collegiate",
      "section": "alpha",
      "stems": [
        "acoustic",
        "acoustics"
      ],
      "offensive": false
    },
    "hwi": {
      "hw": "acous*tics",
      "prs": [
        {
          "mw": "\u0259-\u02c8k\u00fc-stiks",
          "sound": {
            "audio": "acoust05",
            "ref": "c",
            "stat": "1"
          }
        }
      ]
    },
    "fl": "plural noun",
    "def": [
      {
        "sseq": [
          [
            [
              "sense",
              {
                "sn": "1",
                "ins": [
                  {
                    "spl": "singular in construction"
                  }
                ],
                "dt": [
                  [
                    "text",
                    "{bc}a science that deals with the production, control, transmission, reception, and effects of sound"
                  ]
                ]
              }
            ]
          ],
          [
            [
              "sense",
              {
                "sn": "2",
                "ins": [
                  {
                    "il": "also",
                    "if": "acous*tic",
                    "prs": [
                      {
                        "mw": "\u0259-\u02c8k\u00fc-stik",
                        "sound": {
                          "audio": "acoust01",
                          "ref": "c",
                          "stat": "1"
                        }
                      }
                    ]
                  }
                ],
                "dt": [
                  [
                    "text",
                    "{bc}the qualities that determine the ability of an enclosure (such as an auditorium) to reflect sound waves in such a way as to produce distinct hearing"
                  ]
                ]
              }
            ]
          ]
        ]
      }
    ],
    "et": [
      [
        "text",
        "{et_link|acoust(ic)|acoustic} + {et_link|-ics|-ics}"
      ]
    ],
    "date": "1683{ds||1||}",
    "shortdef": [
      "a science that deals with the production, control, transmission, reception, and effects of sound",
      "the qualities that determine the ability of an enclosure (such as an auditorium) to reflect sound waves in such a way as to produce distinct hearing"
    ]
  },
  {
    "meta": {
      "id": "acoustic emission",
      "uuid": "8c49e31a-bc6d-4477-9bf9-27664a8fc23b",
      "sort": "010602500",
      "src": "collegiate",
      "section": "alpha",
      "stems": [
        "acoustic emission",
        "acoustic emissions"
      ],
      "offensive": false
    },
    "hwi": {
      "hw": "acoustic emission"
    },
    "fl": "noun",
    "def": [
      {
        "sls": [
          "physics"
        ],
        "sseq": [
          [
            [
              "sense",
              {
                "dt": [
                  [
                    "text",
                    "{bc}the production of sound waves by a material when it is subjected to stress"
                  ]
                ],
                "sdsense": {
                  "sd": "also",
                  "dt": [
                    [
                      "text",
                      "{bc}the sound waves produced in this manner "
                    ],
                    [
                      "vis",
                      [
                        {
                          "t": "The elastic energy released when microcracks form should produce a stress wave and associated high-frequency {wi}acoustic emission{/wi} \u2026",
                          "aq": {
                            "source": "{it}Smithsonian{/it}"
                          }
                        }
                      ]
                    ]
                  ]
                }
              }
            ]
          ]
        ]
      }
    ],
    "date": "1964",
    "shortdef": [
      "the production of sound waves by a material when it is subjected to stress; also : the sound waves produced in this manner"
    ]
  }
]