[
  {
    "meta": {
      "id": "afterimage",
      "uuid": "77e47bc1-258f-4ea2-b22d-098f22de0956",
      "sort": "011324000",
      "src": "collegiate",
      "section": "alpha",
      "stems": [
        "afterimage",
        "afterimages"
      ],
      "offensive": false
    },
    "hwi": {
      "hw": "af*ter*im*age",
      "prs": [
        {
          "mw": "\u02c8af-t\u0259r-\u02cci-mij",
          "sound": {
            "audio": "afteri01",
            "ref": "c",
            "stat": "1"
          }
        }
      ]
    },
    "fl": "noun",
    "ins": [
      {
        "il": "plural",
        "if": "af*ter*im*ag*es"
      }
    ],
    "def": [
      {
        "sseq": [
          [
            [
              "sense",
              {
                "sn": "1",
                "dt": [
                  [
                    "text",
                    "{bc}a usually visual sensation occurring {a_link|after} stimulation by its external cause has ceased"
                  ]
                ]
              }
            ]
          ],
          [
            [
              "sense",
              {
                "sn": "2",
                "dt": [
                  [
                    "text",
                    "{bc}a lasting memory or mental image of something "
                  ],
                  [
                    "vis",
                    [
                      {
                        "t": "The problem with the heros of myths is that, although they were once a reality or rooted in one, they rarely matched their lovely {wi}afterimage{/wi}.",
                        "aq": {
                          "auth": "Irvin Faust"
                        }
                      }
                    ]
                  ]
                ]
              }
            ]
          ]
        ]
      }
    ],
    "et": [
      [
        "text",
        "{et_link|after-|after-} + {et_link|image:1|image:1}"
      ]
    ],
    "date": "1840{ds||1||}",
    "shortdef": [
      "a usually visual sensation occurring after stimulation by its external cause has ceased",
      "a lasting memory or mental image of something"
    ]
  }
]