[
  {
    "meta": {
      "id": "air:1",
      "uuid": "0efe4d3b-805d-45f6-a334-bcf47ae61d54",
      "sort": "011564000",
      "src": "collegiate",
      "section": "alpha",
      "stems": [
        "air",
        "airless",
        "airlessness",
        "airlessnesses",
        "airs",
        "gave air to",
        "give air to",
        "given air to",
        "gives air to",
        "giving air to",
        "in the air",
        "up in the air"
      ],
      "offensive": false
    },
    "hom": 1,
    "hwi": {
      "hw": "air",
      "prs": [
        {
          "mw": "\u02c8er",
          "sound": {
            "audio": "air00001",
            "ref": "c",
            "stat": "1"
          }
        }
      ]
    },
    "fl": "noun",
    "lbs": [
      "often attributive"
    ],
    "def": [
      {
        "sseq": [
          [
            [
              "sense",
              {
                "sn": "1 a",
                "dt": [
                  [
                    "text",
                    "{bc}the mixture of invisible odorless tasteless gases (such as nitrogen and oxygen) that surrounds the earth"
                  ]
                ],
                "sdsense": {
                  "sd": "also",
                  "dt": [
                    [
                      "text",
                      "{bc}the equivalent mix of gases on another planet "
                    ],
                    [
                      "vis",
                      [
                        {
                          "t": "\u2026 the thin, frigid {wi}air{/wi} of Mars.",
                          "aq": {
                            "auth": "Stefano S. Coledan"
                          }
                        }
                      ]
                    ]
                  ]
                }
              }
            ],
            [
              "sense",
              {
                "sn": "b",
                "dt": [
                  [
                    "text",
                    "{bc}a light breeze"
                  ]
                ]
              }
            ],
            [
              "sense",
              {
                "sn": "c",
                "sls": [
                  "archaic"
                ],
                "dt": [
                  [
                    "text",
                    "{bc}{sx|breath||}"
                  ]
                ]
              }
            ]
          ],
          [
            [
              "pseq",
              [
                [
                  "sense",
                  {
                    "sn": "2 a (1)",
                    "dt": [
                      [
                        "text",
                        "{bc}{sx|aircraft||} "
                      ],
                      [
                        "vis",
                        [
                          {
                            "t": "traveling by {wi}air{/wi}"
                          }
                        ]
                      ]
                    ]
                  }
                ],
                [
                  "sense",
                  {
                    "sn": "(2)",
                    "dt": [
                      [
                        "text",
                        "{bc}{sx|aviation||} "
                      ],
                      [
                        "vis",
                        [
                          {
                            "t": "{wi}air{/wi} safety"
                          },
                          {
                            "t": "{wi}air{/wi} rights"
                          }
                        ]
                      ]
                    ]
                  }
                ],
                [
                  "sense",
                  {
                    "sn": "(3)",
                    "dt": [
                      [
                        "text",
                        "{bc}{sx|air force||} "
                      ],
                      [
                        "vis",
                        [
                          {
                            "t": "{wi}air{/wi} headquarters"
                          }
                        ]
                      ]
                    ]
                  }
                ]
              ]
            ],
            [
              "pseq",
              [
                [
                  "sense",
                  {
                    "sn": "b (1)",
                    "dt": [
                      [
                        "text",
                        "{bc}the medium of transmission of radio waves"
                      ]
                    ],
                    "sdsense": {
                      "sd": "also",
                      "dt": [
                        [
                          "text",
                          "{bc}{sx|radio||}, {sx|television||} "
                        ],
                        [
                          "vis",
                          [
                            {
                              "t": "went on the {wi}air{/wi}"
                            }
                          ]
                        ]
                      ]
                    }
                  }
                ],
                [
                  "sense",
                  {
                    "sn": "(2)",
                    "dt": [
                      [
                        "text",
                        "{bc}{sx|airtime||}"
                      ]
                    ]
                  }
                ]
              ]
            ]
          ],
          [
            [
              "sense",
              {
                "sn": "3 a",
                "dt": [
                  [
                    "text",
                    "{bc}outward appearance of a thing "
                  ],
                  [
                    "vis",
                    [
                      {
                        "t": "an {wi}air{/wi} of luxury"
                      }
                    ]
                  ]
                ]
              }
            ],
            [
              "sense",
              {
                "sn": "b",
                "dt": [
                  [
                    "text",
                    "{bc}a surrounding or pervading influence {bc}{sx|atmosphere||} "
                  ],
                  [
                    "vis",
                    [
                      {
                        "t": "an {wi}air{/wi} of mystery"
                      }
                    ]
                  ]
                ]
              }
            ],
            [
              "sense",
              {
                "sn": "c",
                "dt": [
                  [
                    "text",
                    "{bc}the look, appearance, or bearing of a person especially as expressive of some personal quality or emotion {bc}{sx|demeanor||} "
                  ],
                  [
                    "vis",
                    [
                      {
                        "t": "an {wi}air{/wi} of dignity"
                      }
                    ]
                  ]
                ]
              }
            ],
            [
              "sense",
              {
                "sn": "d",
                "dt": [
                  [
                    "text",
                    "{bc}an artificial or {d_link|affected|affected:2} manner "
                  ],
                  [
                    "vis",
                    [
                      {
                        "t": "put on {wi}airs{/wi}"
                      }
                    ]
                  ]
                ]
              }
            ]
          ],
          [
            [
              "sense",
              {
                "sn": "4 a",
                "dt": [
                  [
                    "text",
                    "{bc}{sx|nothingness||} "
                  ],
                  [
                    "uns",
                    [
                      [
                        [
                          "text",
                          "usually used in the phrases {it}into thin air{/it} and {it}out of thin air{/it} "
                        ],
                        [
                          "vis",
                          [
                            {
                              "t": "vanished/disappeared {wi}into thin air{/wi}"
                            },
                            {
                              "t": "\u2026 nor did any of them seem to have noticed that six people had just melted {wi}into thin air{/wi} in front of them.",
                              "aq": {
                                "auth": "J. K. Rowling"
                              }
                            },
                            {
                              "t": "\u2026 jobs can't just be created {wi}out of thin air{/wi}.",
                              "aq": {
                                "source": "{it}The Wall Street Journal{/it}"
                              }
                            }
                          ]
                        ]
                      ]
                    ]
                  ]
                ]
              }
            ],
            [
              "sense",
              {
                "sn": "b",
                "dt": [
                  [
                    "text",
                    "{bc}empty space"
                  ]
                ]
              }
            ],
            [
              "sense",
              {
                "sn": "c",
                "sls": [
                  "old-fashioned"
                ],
                "dt": [
                  [
                    "text",
                    "{bc}a sudden severance of relations "
                  ],
                  [
                    "vis",
                    [
                      {
                        "t": "She gave me the {wi}air{/wi}."
                      }
                    ]
                  ]
                ]
              }
            ]
          ],
          [
            [
              "sen",
              {
                "sn": "5",
                "et": [
                  [
                    "text",
                    "probably translation of Italian {it}aria{/it}"
                  ]
                ]
              }
            ],
            [
              "sense",
              {
                "sn": "a",
                "dt": [
                  [
                    "text",
                    "{bc}{sx|tune||}, {sx|melody||} "
                  ],
                  [
                    "vis",
                    [
                      {
                        "t": "a lilting {wi}air{/wi}"
                      }
                    ]
                  ]
                ]
              }
            ],
            [
              "sense",
              {
                "sn": "b",
                "dt": [
                  [
                    "text",
                    "{bc}the chief voice part or melody in choral music"
                  ]
                ]
              }
            ],
            [
              "sense",
              {
                "sn": "c",
                "sls": [
                  "Elizabethan and Jacobean music"
                ],
                "dt": [
                  [
                    "text",
                    "{bc}an accompanied song or melody in usually strophic form"
                  ]
                ]
              }
            ]
          ],
          [
            [
              "sense",
              {
                "sn": "6",
                "dt": [
                  [
                    "text",
                    "{bc}an air-conditioning system "
                  ],
                  [
                    "vis",
                    [
                      {
                        "t": "a house with central {wi}air{/wi}"
                      }
                    ]
                  ]
                ]
              }
            ]
          ],
          [
            [
              "sense",
              {
                "sn": "7",
                "dt": [
                  [
                    "text",
                    "{bc}public utterance "
                  ],
                  [
                    "vis",
                    [
                      {
                        "t": "He gave {wi}air{/wi} to his opinion."
                      }
                    ]
                  ]
                ]
              }
            ]
          ],
          [
            [
              "sense",
              {
                "sn": "8",
                "dt": [
                  [
                    "text",
                    "{bc}a football offense utilizing primarily the forward pass "
                  ],
                  [
                    "vis",
                    [
                      {
                        "t": "Trailing by 20 points, the team took to the {wi}air{/wi}."
                      }
                    ]
                  ]
                ]
              }
            ]
          ],
          [
            [
              "sense",
              {
                "sn": "9",
                "dt": [
                  [
                    "text",
                    "{bc}the height achieved in performing an aerial maneuver "
                  ],
                  [
                    "vis",
                    [
                      {
                        "t": "a snowboarder catching big {wi}air{/wi}"
                      }
                    ]
                  ]
                ],
                "sdsense": {
                  "sd": "also",
                  "dt": [
                    [
                      "text",
                      "{bc}the maneuver itself"
                    ]
                  ]
                }
              }
            ]
          ],
          [
            [
              "sense",
              {
                "sn": "10",
                "dt": [
                  [
                    "text",
                    "{bc}{sx|compressed air||}"
                  ]
                ]
              }
            ]
          ]
        ]
      }
    ],
    "uros": [
      {
        "ure": "air*less",
        "prs": [
          {
            "mw": "\u02c8er-l\u0259s",
            "sound": {
              "audio": "air00002",
              "ref": "c",
              "stat": "1"
            }
          }
        ],
        "fl": "adjective"
      },
      {
        "ure": "air*less*ness",
        "fl": "noun"
      }
    ],
    "dros": [
      {
        "drp": "in the air",
        "def": [
          {
            "sseq": [
              [
                [
                  "sense",
                  {
                    "dt": [
                      [
                        "text",
                        "{bc}being felt or expressed by many people {bc}in wide circulation "
                      ],
                      [
                        "vis",
                        [
                          {
                            "t": "There was a sense of anticipation {wi}in the air{/wi}."
                          }
                        ]
                      ]
                    ]
                  }
                ]
              ]
            ]
          }
        ]
      },
      {
        "drp": "up in the air",
        "def": [
          {
            "sseq": [
              [
                [
                  "sense",
                  {
                    "dt": [
                      [
                        "text",
                        "{bc}not yet settled "
                      ],
                      [
                        "vis",
                        [
                          {
                            "t": "a question that's still {wi}up in the air{/wi}"
                          }
                        ]
                      ]
                    ]
                  }
                ]
              ]
            ]
          }
        ]
      }
    ],
    "syns": [
      {
        "pl": "synonyms",
        "pt": [
          [
            "text",
            "{sc}pose{/sc} {sc}air{/sc} {sc}airs{/sc} {sc}affectation{/sc} {sc}mannerism{/sc} mean an adopted way of speaking or behaving. {sc}pose{/sc} implies an attitude deliberately assumed in order to impress others. "
          ],
          [
            "vis",
            [
              {
                "t": "her shyness was just a {it}pose{/it}"
              }
            ]
          ],
          [
            "text",
            " {sc}air{/sc} may suggest natural acquirement through environment or way of life. "
          ],
          [
            "vis",
            [
              {
                "t": "a traveler's sophisticated {it}air{/it}"
              }
            ]
          ],
          [
            "text",
            " {sc}airs{/sc} always implies artificiality and pretentiousness. "
          ],
          [
            "vis",
            [
              {
                "t": "snobbish {it}airs{/it}"
              }
            ]
          ],
          [
            "text",
            " {sc}affectation{/sc} applies to a trick of speech or behavior that strikes the observer as insincere. "
          ],
          [
            "vis",
            [
              {
                "t": "the posh accent is an {it}affectation{/it}"
              }
            ]
          ],
          [
            "text",
            " {sc}mannerism{/sc} applies to an acquired eccentricity that has become a habit. "
          ],
          [
            "vis",
            [
              {
                "t": "gesturing with a cigarette was her most noticeable {it}mannerism{/it}"
              }
            ]
          ]
        ]
      }
    ],
    "et": [
      [
        "text",
        "Middle English, from Anglo-French, from Latin {it}aer{/it}, from Greek {it}a\u0113r{/it} air"
      ]
    ],
    "date": "14th century{ds||1|a|}",
    "shortdef": [
      "the mixture of invisible odorless tasteless gases (such as nitrogen and oxygen) that surrounds the earth; also : the equivalent mix of gases on another planet",
      "a light breeze",
      "breath"
    ]
  },
  {
    "meta": {
      "id": "air:2",
      "uuid": "adbfba35-f477-464d-8332-f63820a7e2ca",
      "sort": "011565000",
      "src": "collegiate",
      "section": "alpha",
      "stems": [
        "air",
        "aired",
        "airing",
        "airs"
      ],
      "offensive": false
    },
    "hom": 2,
    "hwi": {
      "hw": "air"
    },
    "fl": "verb",
    "ins": [
      {
        "if": "aired"
      },
      {
        "if": "air*ing"
      },
      {
        "if": "airs"
      }
    ],
    "def": [
      {
        "vd": "transitive verb",
        "sseq": [
          [
            [
              "sense",
              {
                "sn": "1",
                "dt": [
                  [
                    "text",
                    "{bc}to expose to the air for drying, purifying, or refreshing {bc}{sx|ventilate||} "
                  ],
                  [
                    "uns",
                    [
                      [
                        [
                          "text",
                          "often used with {it}out{/it} "
                        ],
                        [
                          "vis",
                          [
                            {
                              "t": "He opened the windows to {wi}air{/wi} out the room."
                            }
                          ]
                        ]
                      ]
                    ]
                  ]
                ]
              }
            ]
          ],
          [
            [
              "sense",
              {
                "sn": "2",
                "dt": [
                  [
                    "text",
                    "{bc}to expose to public view or bring to public notice "
                  ],
                  [
                    "vis",
                    [
                      {
                        "t": "{wi}aired{/wi} their complaints"
                      }
                    ]
                  ]
                ]
              }
            ]
          ],
          [
            [
              "sense",
              {
                "sn": "3",
                "dt": [
                  [
                    "text",
                    "{bc}to transmit by radio or television "
                  ],
                  [
                    "vis",
                    [
                      {
                        "t": "{wi}air{/wi} a program"
                      }
                    ]
                  ]
                ]
              }
            ]
          ]
        ]
      },
      {
        "vd": "intransitive verb",
        "sseq": [
          [
            [
              "sense",
              {
                "sn": "1",
                "dt": [
                  [
                    "text",
                    "{bc}to become exposed to the open air "
                  ],
                  [
                    "vis",
                    [
                      {
                        "t": "The blankets were left outside to {wi}air{/wi}."
                      }
                    ]
                  ]
                ]
              }
            ]
          ],
          [
            [
              "sense",
              {
                "sn": "2",
                "dt": [
                  [
                    "text",
                    "{bc}to become broadcast "
                  ],
                  [
                    "vis",
                    [
                      {
                        "t": "a program that {wi}airs{/wi} daily"
                      }
                    ]
                  ]
                ]
              }
            ]
          ]
        ]
      }
    ],
    "syns": [
      {
        "pl": "synonyms",
        "pt": [
          [
            "text",
            "{sc}express{/sc} {sc}vent{/sc} {sc}utter{/sc} {sc}voice{/sc} {sc}broach{/sc} {sc}air{/sc} mean to make known what one thinks or feels. {sc}express{/sc} suggests an impulse to reveal in words, gestures, actions, or what one creates or produces. "
          ],
          [
            "vis",
            [
              {
                "t": "{it}expressed{/it} her feelings in music"
              }
            ]
          ],
          [
            "text",
            " {sc}vent{/sc} stresses a strong inner compulsion to express especially in words. "
          ],
          [
            "vis",
            [
              {
                "t": "a tirade {it}venting{/it} his frustration"
              }
            ]
          ],
          [
            "text",
            " {sc}utter{/sc} implies the use of the voice not necessarily in articulate speech. "
          ],
          [
            "vis",
            [
              {
                "t": "{it}utter{/it} a groan"
              }
            ]
          ],
          [
            "text",
            " {sc}voice{/sc} does not necessarily imply vocal utterance but does imply expression or formulation in words. "
          ],
          [
            "vis",
            [
              {
                "t": "an editorial {it}voicing{/it} their concerns"
              }
            ]
          ],
          [
            "text",
            " {sc}broach{/sc} adds the implication of disclosing for the first time something long thought over or reserved for a suitable occasion. "
          ],
          [
            "vis",
            [
              {
                "t": "{it}broached{/it} the subject of a divorce"
              }
            ]
          ],
          [
            "text",
            " {sc}air{/sc} implies an exposing or parading of one's views often in order to gain relief or sympathy or attention. "
          ],
          [
            "vis",
            [
              {
                "t": "publicly {it}airing{/it} their differences"
              }
            ]
          ]
        ]
      }
    ],
    "et": [
      [
        "text",
        "{dx_ety}see {dxt|air:1||}{/dx_ety}"
      ]
    ],
    "date": "1530{ds|t|1||}",
    "shortdef": [
      "to expose to the air for drying, purifying, or refreshing : ventilate \u2014often used with out",
      "to expose to public view or bring to public notice",
      "to transmit by radio or television"
    ]
  },
  {
    "meta": {
      "id": "air ball",
      "uuid": "0281fbca-894c-4387-a25a-0cb0994eff69",
      "sort": "011567000",
      "src": "collegiate",
      "section": "alpha",
      "stems": [
        "air ball",
        "air balls",
        "airball",
        "airballs"
      ],
      "offensive": false
    },
    "hwi": {
      "hw": "air ball"
    },
    "vrs": [
      {
        "vl": "or",
        "va": "air*ball",
        "prs": [
          {
            "mw": "\u02c8er-\u02ccb\u022fl",
            "sound": {
              "audio": "airbal01",
              "ref": "u",
              "stat": "1"
            }
          }
        ]
      }
    ],
    "fl": "noun",
    "ins": [
      {
        "il": "plural",
        "if": "air balls"
      },
      {
        "il": "or",
        "if": "air*balls"
      }
    ],
    "def": [
      {
        "sls": [
          "US",
          "basketball"
        ],
        "sseq": [
          [
            [
              "sense",
              {
                "dt": [
                  [
                    "text",
                    "{bc}a shot that completely misses the rim and backboard"
                  ]
                ]
              }
            ]
          ]
        ]
      }
    ],
    "date": "1967",
    "shortdef": [
      "a shot that completely misses the rim and backboard"
    ]
  },
  {
    "meta": {
      "id": "air base",
      "uuid": "f46c6a81-c339-482b-8562-30ffe2d8fa50",
      "sort": "011568000",
      "src": "collegiate",
      "section": "alpha",
      "stems": [
        "air base",
        "air bases"
      ],
      "offensive": false
    },
    "hwi": {
      "hw": "air base"
    },
    "fl": "noun",
    "def": [
      {
        "sseq": [
          [
            [
              "sense",
              {
                "dt": [
                  [
                    "text",
                    "{bc}a military base chiefly for the operation of aircraft"
                  ]
                ]
              }
            ]
          ]
        ]
      }
    ],
    "date": "1913",
    "shortdef": [
      "a military base chiefly for the operation of aircraft"
    ]
  },
  {
    "meta": {
      "id": "air bed",
      "uuid": "e56d6fc0-7502-43d9-9188-91cf6ac34ea7",
      "sort": "011568500",
      "src": "collegiate",
      "section": "alpha",
      "stems": [
        "air bed",
        "air beds"
      ],
      "offensive": false
    },
    "hwi": {
      "hw": "air bed"
    },
    "fl": "noun",
    "ins": [
      {
        "il": "plural",
        "if": "air beds"
      }
    ],
    "def": [
      {
        "sseq": [
          [
            [
              "sense",
              {
                "dt": [
                  [
                    "text",
                    "{bc}a soft, airtight plastic case that is designed to be inflated and used as a bed {bc}{sx|air mattress||} "
                  ],
                  [
                    "vis",
                    [
                      {
                        "t": "Modern {wi}air beds{/wi} which resemble a big mattress can be very good indeed. Buy an air pump.",
                        "aq": {
                          "auth": "Nigel Hunt"
                        }
                      }
                    ]
                  ]
                ]
              }
            ]
          ]
        ]
      }
    ],
    "date": "1809",
    "shortdef": [
      "a soft, airtight plastic case that is designed to be inflated and used as a bed : air mattress"
    ]
  },
  {
    "meta": {
      "id": "air bladder",
      "uuid": "f9a213e6-f156-4cfb-9547-e70cd3834e7c",
      "sort": "011569000",
      "src": "collegiate",
      "section": "alpha",
      "stems": [
        "air bladder",
        "air bladders"
      ],
      "offensive": false
    },
    "hwi": {
      "hw": "air bladder"
    },
    "fl": "noun",
    "def": [
      {
        "sseq": [
          [
            [
              "bs",
              {
                "sense": {
                  "dt": [
                    [
                      "text",
                      "{bc}a sac containing gas and especially air "
                    ],
                    [
                      "vis",
                      [
                        {
                          "t": "The float tube was an ingenious device built around an inner tube, featuring a seat and backrest created from an additional {wi}air bladder{/wi} in the nylon shell of the rig.",
                          "aq": {
                            "auth": "Peter Bodo"
                          }
                        }
                      ]
                    ],
                    [
                      "text",
                      ": such as"
                    ]
                  ]
                }
              }
            ],
            [
              "sense",
              {
                "sn": "a",
                "dt": [
                  [
                    "text",
                    "{bc}a saclike organ present in most bony fishes which contains gas and especially oxygen and nitrogen and that serves chiefly to control buoyancy and in some primitive fish (such as the {d_link|lungfish|lungfish}) functions as an accessory respiratory organ "
                  ],
                  [
                    "vis",
                    [
                      {
                        "t": "Elasmobranchs lack the {wi}air bladder{/wi} that gives other fishes buoyancy, and their skeletons are made of light cartilage instead of bone.",
                        "aq": {
                          "auth": "Steve Kemper"
                        }
                      },
                      {
                        "t": "Fish make sounds by clicking their teeth, blowing air, and drumming with special muscles against tuned inflated {wi}air bladders{/wi}.",
                        "aq": {
                          "auth": "Lewis Thomas"
                        }
                      }
                    ]
                  ],
                  [
                    "ca",
                    {
                      "intro": "called also",
                      "cats": [
                        {
                          "cat": "swim bladder"
                        }
                      ]
                    }
                  ]
                ]
              }
            ],
            [
              "sense",
              {
                "sn": "b",
                "dt": [
                  [
                    "text",
                    "{bc}a gas- or air-filled vesicle in certain algae and aquatic plants (such as rockweed) that helps keep photosynthetic blades and fronds buoyant "
                  ],
                  [
                    "vis",
                    [
                      {
                        "t": "At the base of each frond is a small {wi}air bladder{/wi} that buoys the blade up to the surface, where it continues to grow while forming a dense canopy approximately 4 feet deep.",
                        "aq": {
                          "auth": "Jennifer Winger"
                        }
                      }
                    ]
                  ],
                  [
                    "ca",
                    {
                      "intro": "called also",
                      "cats": [
                        {
                          "cat": "pneumatocyst"
                        }
                      ]
                    }
                  ]
                ]
              }
            ]
          ]
        ]
      }
    ],
    "art": {
      "artid": "air_bla",
      "capt": "{it}A{/it} air bladder"
    },
    "date": "1675",
    "shortdef": [
      "a sac containing gas and especially air : such as",
      "a saclike organ present in most bony fishes which contains gas and especially oxygen and nitrogen and that serves chiefly to control buoyancy and in some primitive fish (such as the lungfish) functions as an accessory respiratory organ \u2014called also swim bladder",
      "a gas- or air-filled vesicle in certain algae and aquatic plants (such as rockweed) that helps keep photosynthetic blades and fronds buoyant \u2014called also pneumatocyst"
    ]
  },
  {
    "meta": {
      "id": "air brake",
      "uuid": "cf504c09-151c-4284-b517-767d8293d395",
      "sort": "011572000",
      "src": "collegiate",
      "section": "alpha",
      "stems": [
        "air brake",
        "air brakes"
      ],
      "offensive": false
    },
    "hwi": {
      "hw": "air brake"
    },
    "fl": "noun",
    "def": [
      {
        "sseq": [
          [
            [
              "sense",
              {
                "sn": "1",
                "dt": [
                  [
                    "text",
                    "{bc}a brake operated by a piston driven by compressed air"
                  ]
                ]
              }
            ]
          ],
          [
            [
              "sense",
              {
                "sn": "2",
                "dt": [
                  [
                    "text",
                    "{bc}a surface that may be projected into the airstream for increasing drag and lowering the speed of an airplane"
                  ]
                ]
              }
            ]
          ]
        ]
      }
    ],
    "date": "1846{ds||1||}",
    "shortdef": [
      "a brake operated by a piston driven by compressed air",
      "a surface that may be projected into the airstream for increasing drag and lowering the speed of an airplane"
    ]
  },
  {
    "meta": {
      "id": "air-breathing",
      "uuid": "9b29c027-f44c-484f-8e6b-f51dfecb0c67",
      "sort": "011573000",
      "src": "collegiate",
      "section": "alpha",
      "stems": [
        "air-breathing"
      ],
      "offensive": false
    },
    "hwi": {
      "hw": "air-breath*ing",
      "prs": [
        {
          "mw": "\u02c8er-\u02ccbr\u0113-t\u035fhi\u014b",
          "sound": {
            "audio": "airbr01v",
            "ref": "c",
            "stat": "1"
          }
        }
      ]
    },
    "fl": "adjective",
    "def": [
      {
        "sseq": [
          [
            [
              "sense",
              {
                "dt": [
                  [
                    "text",
                    "{bc}of, employing, or being an engine that requires air for combustion"
                  ]
                ]
              }
            ]
          ]
        ]
      }
    ],
    "date": "1938",
    "shortdef": [
      "of, employing, or being an engine that requires air for combustion"
    ]
  },
  {
    "meta": {
      "id": "air chief marshal",
      "uuid": "b3a9d311-fcc2-4f7e-ab4d-9511daea81fd",
      "sort": "011578000",
      "src": "collegiate",
      "section": "alpha",
      "stems": [
        "air chief marshal",
        "air chief marshals"
      ],
      "offensive": false
    },
    "hwi": {
      "hw": "air chief marshal"
    },
    "fl": "noun",
    "def": [
      {
        "sseq": [
          [
            [
              "sense",
              {
                "dt": [
                  [
                    "text",
                    "{bc}a commissioned officer in the British air force who ranks with a general in the army"
                  ]
                ]
              }
            ]
          ]
        ]
      }
    ],
    "date": "1919",
    "shortdef": [
      "a commissioned officer in the British air force who ranks with a general in the army"
    ]
  },
  {
    "meta": {
      "id": "air commodore",
      "uuid": "39109031-9c32-4c3c-9b43-5c56ec6a3269",
      "sort": "011579000",
      "src": "collegiate",
      "section": "alpha",
      "stems": [
        "air commodore",
        "air commodores"
      ],
      "offensive": false
    },
    "hwi": {
      "hw": "air commodore"
    },
    "fl": "noun",
    "def": [
      {
        "sseq": [
          [
            [
              "sense",
              {
                "dt": [
                  [
                    "text",
                    "{bc}a commissioned officer in the British air force who ranks with a brigadier in the army"
                  ]
                ]
              }
            ]
          ]
        ]
      }
    ],
    "date": "1919",
    "shortdef": [
      "a commissioned officer in the British air force who ranks with a brigadier in the army"
    ]
  }
]