[
  {
    "meta": {
      "id": "amplification",
      "uuid": "fbc2d8f1-53c0-4bed-9731-115a51cf9918",
      "sort": "012473000",
      "src": "collegiate",
      "section": "alpha",
      "stems": [
        "amplification",
        "amplifications"
      ],
      "offensive": false
    },
    "hwi": {
      "hw": "am*pli*fi*ca*tion",
      "prs": [
        {
          "mw": "\u02ccam-pl\u0259-f\u0259-\u02c8k\u0101-sh\u0259n",
          "sound": {
            "audio": "amplif01",
            "ref": "c",
            "stat": "1"
          }
        }
      ]
    },
    "fl": "noun",
    "def": [
      {
        "sseq": [
          [
            [
              "sense",
              {
                "sn": "1 a",
                "dt": [
                  [
                    "text",
                    "{bc}an act, example, or product of {a_link|amplifying}"
                  ]
                ]
              }
            ],
            [
              "sense",
              {
                "sn": "b",
                "dt": [
                  [
                    "text",
                    "{bc}a usually massive replication of genetic material and especially of a gene or DNA sequence (as in a polymerase chain reaction)"
                  ]
                ]
              }
            ]
          ],
          [
            [
              "sense",
              {
                "sn": "2 a",
                "dt": [
                  [
                    "text",
                    "{bc}the particulars by which a statement is expanded"
                  ]
                ]
              }
            ],
            [
              "sense",
              {
                "sn": "b",
                "dt": [
                  [
                    "text",
                    "{bc}an expanded statement"
                  ]
                ]
              }
            ]
          ]
        ]
      }
    ],
    "et": [
      [
        "text",
        "borrowed from Latin {it}amplific\u0101ti\u014dn-, amplific\u0101ti\u014d{/it} \"act of making greater, enlarging upon (in rhetoric),\" from {it}amplific\u0101re{/it} \"to increase the size of, {et_link|amplify|amplify}\" + {it}-ti\u014dn-, -ti\u014d,{/it} suffix of verbal action"
      ]
    ],
    "date": "1546{ds||1|a|}",
    "shortdef": [
      "an act, example, or product of amplifying",
      "a usually massive replication of genetic material and especially of a gene or DNA sequence (as in a polymerase chain reaction)",
      "the particulars by which a statement is expanded"
    ]
  },
  {
    "meta": {
      "id": "amplify",
      "uuid": "665b7425-87ce-4fae-8b3f-f55f12e11b17",
      "sort": "012475000",
      "src": "collegiate",
      "section": "alpha",
      "stems": [
        "amplification",
        "amplified",
        "amplifies",
        "amplify",
        "amplifying"
      ],
      "offensive": false
    },
    "hwi": {
      "hw": "am*pli*fy",
      "prs": [
        {
          "mw": "\u02c8am-pl\u0259-\u02ccf\u012b",
          "sound": {
            "audio": "amplif03",
            "ref": "c",
            "stat": "1"
          }
        }
      ]
    },
    "fl": "verb",
    "ins": [
      {
        "ifc": "-fied",
        "if": "am*pli*fied"
      },
      {
        "ifc": "-fy*ing",
        "if": "am*pli*fy*ing"
      }
    ],
    "def": [
      {
        "vd": "transitive verb",
        "sseq": [
          [
            [
              "sense",
              {
                "sn": "1",
                "dt": [
                  [
                    "text",
                    "{bc}to expand (something, such as a statement) by the use of detail or illustration or by closer analysis"
                  ]
                ]
              }
            ]
          ],
          [
            [
              "sense",
              {
                "sn": "2 a",
                "dt": [
                  [
                    "text",
                    "{bc}to make larger or greater (as in amount, importance, or intensity) {bc}{sx|increase||}"
                  ]
                ]
              }
            ],
            [
              "sense",
              {
                "sn": "b",
                "dt": [
                  [
                    "text",
                    "{bc}to increase the strength or amount of"
                  ]
                ],
                "sdsense": {
                  "sd": "especially",
                  "dt": [
                    [
                      "text",
                      "{bc}to make louder"
                    ]
                  ]
                }
              }
            ],
            [
              "sense",
              {
                "sn": "c",
                "dt": [
                  [
                    "text",
                    "{bc}to cause (a gene or DNA sequence) to undergo {a_link|amplification}"
                  ]
                ]
              }
            ]
          ]
        ]
      },
      {
        "vd": "intransitive verb",
        "sseq": [
          [
            [
              "sense",
              {
                "dt": [
                  [
                    "text",
                    "{bc}to expand one's remarks or ideas"
                  ]
                ]
              }
            ]
          ]
        ]
      }
    ],
    "syns": [
      {
        "pl": "synonyms",
        "pt": [
          [
            "text",
            "{sc}expand{/sc} {sc}amplify{/sc} {sc}swell{/sc} {sc}distend{/sc} {sc}inflate{/sc} {sc}dilate{/sc} mean to increase in size or volume. {sc}expand{/sc} may apply regardless of the manner of increase (such as growth, unfolding, addition of parts). "
          ],
          [
            "vis",
            [
              {
                "t": "a business that {it}expands{/it} every year"
              }
            ]
          ],
          [
            "text",
            " {sc}amplify{/sc} implies the extension or enlargement of something inadequate. "
          ],
          [
            "vis",
            [
              {
                "t": "{it}amplify{/it} the statement with details"
              }
            ]
          ],
          [
            "text",
            " {sc}swell{/sc} implies gradual expansion beyond a thing's original or normal limits. "
          ],
          [
            "vis",
            [
              {
                "t": "the bureaucracy {it}swelled{/it} to unmanageable proportions"
              }
            ]
          ],
          [
            "text",
            " {sc}distend{/sc} implies outward extension caused by pressure from within. "
          ],
          [
            "vis",
            [
              {
                "t": "a {it}distended{/it} abdomen"
              }
            ]
          ],
          [
            "text",
            " {sc}inflate{/sc} implies expanding by introduction of air or something insubstantial and suggests a vulnerability to sudden collapse. "
          ],
          [
            "vis",
            [
              {
                "t": "an {it}inflated{/it} ego"
              }
            ]
          ],
          [
            "text",
            " {sc}dilate{/sc} applies especially to expansion of circumference. "
          ],
          [
            "vis",
            [
              {
                "t": "{it}dilated{/it} pupils"
              }
            ]
          ]
        ]
      }
    ],
    "et": [
      [
        "text",
        "Middle English {it}amplifien{/it} \"to enlarge, increase,\" borrowed from Middle French & Latin; Middle French {it}amplifier,{/it} borrowed from Latin {it}amplific\u0101re{/it} \"to increase the size of, augment,\" from {it}amplus{/it} \"more than adequate in size or extent, {et_link|ample|ample}\" + {it}-i-{/it} {et_link|-i-|-i-} + {it}-fic\u0101re{/it} {et_link|-fy|-fy}"
      ]
    ],
    "date": "14th century{ds|t|1||}",
    "shortdef": [
      "to expand (something, such as a statement) by the use of detail or illustration or by closer analysis",
      "to make larger or greater (as in amount, importance, or intensity) : increase",
      "to increase the strength or amount of; especially : to make louder"
    ]
  },
  {
    "meta": {
      "id": "amplifying host",
      "uuid": "b6e940ee-39d4-4e85-b6b7-a4e7b19b8524",
      "sort": "012475500",
      "src": "collegiate",
      "section": "alpha",
      "stems": [
        "amplification host",
        "amplification hosts",
        "amplifier host",
        "amplifier hosts",
        "amplifying host",
        "amplifying hosts"
      ],
      "offensive": false
    },
    "hwi": {
      "hw": "amplifying host"
    },
    "vrs": [
      {
        "vl": "or less commonly",
        "va": "amplifier host"
      },
      {
        "vl": "or",
        "va": "amplification host"
      }
    ],
    "fl": "noun",
    "ins": [
      {
        "il": "plural",
        "if": "amplifying hosts"
      },
      {
        "il": "also",
        "if": "amplifier hosts"
      },
      {
        "il": "or",
        "if": "amplification hosts"
      }
    ],
    "def": [
      {
        "sseq": [
          [
            [
              "sense",
              {
                "dt": [
                  [
                    "text",
                    "{bc}an organism in which an infectious agent (such as a virus or bacterium) that is pathogenic for some other species is able to replicate rapidly and to high concentrations "
                  ],
                  [
                    "snote",
                    [
                      [
                        "t",
                        "An amplifying host tends to increase the spread of infectious pathogens and may be intermediate to or also serve as the pathogen reservoir {dx_def}see {dxt|reservoir||3a}{/dx_def}"
                      ]
                    ]
                  ],
                  [
                    "vis",
                    [
                      {
                        "t": "These data suggest chipmunks might play a role in enzootic WNV [West Nile Virus] cycles and be an {wi}amplifying host{/wi} for mosquitoes that could infect humans.",
                        "aq": {
                          "auth": "Kenneth B. Platt et al."
                        }
                      },
                      {
                        "t": "Pigs are particularly important, as they act as {wi}amplifier hosts{/wi}, pumping out millions of virus particles.",
                        "aq": {
                          "auth": "Linda Searle"
                        }
                      }
                    ]
                  ]
                ]
              }
            ]
          ]
        ]
      }
    ],
    "date": "1963",
    "shortdef": [
      "an organism in which an infectious agent (such as a virus or bacterium) that is pathogenic for some other species is able to replicate rapidly and to high concentrations"
    ]
  }
]