[
  {
    "meta": {
      "id": "apparent",
      "uuid": "96e3f16f-9e33-4000-aa4a-497325ec276b",
      "sort": "013439000",
      "src": "collegiate",
      "section": "alpha",
      "stems": [
        "apparent",
        "apparentness",
        "apparentnesses"
      ],
      "offensive": false
    },
    "hwi": {
      "hw": "ap*par*ent",
      "prs": [
        {
          "mw": "\u0259-\u02c8per-\u0259nt",
          "sound": {
            "audio": "appare02",
            "ref": "c",
            "stat": "1"
          }
        },
        {
          "mw": "-\u02c8pa-r\u0259nt"
        }
      ]
    },
    "fl": "adjective",
    "def": [
      {
        "sseq": [
          [
            [
              "sense",
              {
                "sn": "1",
                "dt": [
                  [
                    "text",
                    "{bc}open to view {bc}{sx|visible||} "
                  ],
                  [
                    "vis",
                    [
                      {
                        "t": "The changes were readily {wi}apparent{/wi}."
                      }
                    ]
                  ]
                ]
              }
            ]
          ],
          [
            [
              "sense",
              {
                "sn": "2",
                "dt": [
                  [
                    "text",
                    "{bc}clear or {d_link|manifest|manifest:1} to the understanding "
                  ],
                  [
                    "vis",
                    [
                      {
                        "t": "for reasons that are {wi}apparent{/wi}"
                      }
                    ]
                  ]
                ]
              }
            ]
          ],
          [
            [
              "sense",
              {
                "sn": "3",
                "dt": [
                  [
                    "text",
                    "{bc}appearing as actual to the eye or mind "
                  ],
                  [
                    "vis",
                    [
                      {
                        "t": "was in {wi}apparent{/wi} danger"
                      }
                    ]
                  ]
                ]
              }
            ]
          ],
          [
            [
              "sense",
              {
                "sn": "4",
                "dt": [
                  [
                    "text",
                    "{bc}{d_link|manifest|manifest:1} to the senses or mind as real or true on the basis of evidence that may or may not be factually valid "
                  ],
                  [
                    "vis",
                    [
                      {
                        "t": "died of an {wi}apparent{/wi} heart attack"
                      },
                      {
                        "t": "The air of spontaneity is perhaps more {wi}apparent{/wi} than real.",
                        "aq": {
                          "auth": "J. R. Sutherland"
                        }
                      }
                    ]
                  ]
                ]
              }
            ]
          ],
          [
            [
              "sense",
              {
                "sn": "5",
                "sls": [
                  "law"
                ],
                "dt": [
                  [
                    "text",
                    "{bc}having an {d_link|indefeasible|indefeasible} right to succeed to a title or estate"
                  ]
                ]
              }
            ]
          ]
        ]
      }
    ],
    "uros": [
      {
        "ure": "ap*par*ent*ness",
        "prs": [
          {
            "mw": "\u0259-\u02c8per-\u0259nt-n\u0259s",
            "sound": {
              "audio": "appare03",
              "ref": "c",
              "stat": "1"
            }
          },
          {
            "mw": "-\u02c8pa-r\u0259nt"
          }
        ],
        "fl": "noun"
      }
    ],
    "syns": [
      {
        "pl": "synonyms",
        "pt": [
          [
            "text",
            "{sc}apparent{/sc} {sc}illusory{/sc} {sc}seeming{/sc} {sc}ostensible{/sc} mean not actually being what appearance indicates. {sc}apparent{/sc} suggests appearance to unaided senses that may or may not be borne out by more rigorous examination or greater knowledge. "
          ],
          [
            "vis",
            [
              {
                "t": "the {it}apparent{/it} cause of the accident"
              }
            ]
          ],
          [
            "text",
            " {sc}illusory{/sc} implies a false impression based on deceptive resemblance or faulty observation, or influenced by emotions that prevent a clear view. "
          ],
          [
            "vis",
            [
              {
                "t": "an {it}illusory{/it} sense of security"
              }
            ]
          ],
          [
            "text",
            " {sc}seeming{/sc} implies a character in the thing observed that gives it the appearance, sometimes through intent, of something else. "
          ],
          [
            "vis",
            [
              {
                "t": "the {it}seeming{/it} simplicity of the story"
              }
            ]
          ],
          [
            "text",
            " {sc}ostensible{/sc} suggests a discrepancy between an openly declared or naturally implied aim or reason and the true one. "
          ],
          [
            "vis",
            [
              {
                "t": "the {it}ostensible{/it} reason for their visit"
              }
            ]
          ]
        ],
        "sarefs": [
          "evident"
        ]
      }
    ],
    "quotes": [
      {
        "t": "\"Reborn\" is overwhelmingly a record of an inner landscape, and so there is little sense of the times\u2014no mention of civil-rights demonstrations, no arguments about Cuba. Sontag barely even let her journal know that she was at work on a novel, although the effects of that undertaking are perhaps {qword}apparent{/qword} in the increasingly aphoristic style of her pages.",
        "aq": {
          "auth": "Darryl Pinckney",
          "source": "{it}New Yorker{/it}",
          "aqdate": "22 & 29 Dec. 2008"
        }
      },
      {
        "t": "He believes that the key to memory, despite its {qword}apparent{/qword} complexities, will eventually prove to be simple: a single molecule. He may be right.",
        "aq": {
          "auth": "Michael Greenberg",
          "source": "{it}New York Review of Books{/it}",
          "aqdate": "4 Dec. 2008"
        }
      },
      {
        "t": "Since last fall, beekeepers in at least 35 states have reported colonies that shrank rapidly for no {qword}apparent{/qword} reason. Adult bees just go missing, leaving behind young bees in need of tending.",
        "aq": {
          "auth": "Susan Milius",
          "source": "{it}Science News{/it}",
          "aqdate": "28 July 2007"
        }
      },
      {
        "t": "The Internal Revenue Service last week suggested that between 1 million and 2 million Americans have overseas bank accounts that issued them credit or debit cards-the {qword}apparent{/qword} purpose being to evade U.S. taxes.",
        "aq": {
          "auth": "Robert J. Samuelson",
          "source": "{it}Newsweek{/it}",
          "aqdate": "8 Apr. 2002"
        }
      }
    ],
    "et": [
      [
        "text",
        "Middle English {it}apparaunt, apparent, apperaunt,{/it} borrowed from Anglo-French {it}apparaunt,{/it} from present participle of {it}aparer, apareir{/it} \"to be visible, {et_link|appear|appear}\""
      ]
    ],
    "date": "14th century{ds||1||}",
    "shortdef": [
      "open to view : visible",
      "clear or manifest to the understanding",
      "appearing as actual to the eye or mind"
    ]
  },
  {
    "meta": {
      "id": "apparent magnitude",
      "uuid": "25adc7f1-7b52-4794-bfa5-9c7629531c82",
      "sort": "013441000",
      "src": "collegiate",
      "section": "alpha",
      "stems": [
        "apparent magnitude",
        "apparent magnitudes"
      ],
      "offensive": false
    },
    "hwi": {
      "hw": "apparent magnitude"
    },
    "fl": "noun",
    "def": [
      {
        "sseq": [
          [
            [
              "sense",
              {
                "dt": [
                  [
                    "text",
                    "{bc}the luminosity of a celestial body (such as a star) as observed from the earth {dx}compare {dxt|absolute magnitude||}{/dx}"
                  ]
                ]
              }
            ]
          ]
        ]
      }
    ],
    "date": "1708",
    "shortdef": [
      "the luminosity of a celestial body (such as a star) as observed from the earth"
    ]
  },
  {
    "meta": {
      "id": "apparent time",
      "uuid": "fcaf4dad-e442-48ad-bcb3-05e6522469fa",
      "sort": "013442000",
      "src": "collegiate",
      "section": "alpha",
      "stems": [
        "apparent time",
        "apparent times"
      ],
      "offensive": false
    },
    "hwi": {
      "hw": "apparent time"
    },
    "fl": "noun",
    "def": [
      {
        "sseq": [
          [
            [
              "sense",
              {
                "dt": [
                  [
                    "text",
                    "{bc}the time of day indicated by the hour angle of the sun or by a sundial"
                  ]
                ]
              }
            ]
          ]
        ]
      }
    ],
    "date": "1694",
    "shortdef": [
      "the time of day indicated by the hour angle of the sun or by a sundial"
    ]
  },
  {
    "meta": {
      "id": "heir apparent",
      "uuid": "b903db98-c74c-4a12-898a-8806ba4db8b3",
      "sort": "080120400",
      "src": "collegiate",
      "section": "alpha",
      "stems": [
        "heir apparent",
        "heirs apparent"
      ],
      "offensive": false
    },
    "hwi": {
      "hw": "heir apparent"
    },
    "fl": "noun",
    "ins": [
      {
        "il": "plural",
        "if": "heirs apparent"
      }
    ],
    "def": [
      {
        "sseq": [
          [
            [
              "sense",
              {
                "sn": "1",
                "dt": [
                  [
                    "text",
                    "{bc}an heir whose right to an inheritance is indefeasible except by exclusion under a valid will if he or she survives the ancestor"
                  ]
                ]
              }
            ]
          ],
          [
            [
              "sense",
              {
                "sn": "2",
                "dt": [
                  [
                    "text",
                    "{bc}{sx|heir presumptive||}"
                  ]
                ]
              }
            ]
          ],
          [
            [
              "sense",
              {
                "sn": "3",
                "dt": [
                  [
                    "text",
                    "{bc}one whose succession especially to a position or role appears certain under existing circumstances"
                  ]
                ]
              }
            ]
          ]
        ]
      }
    ],
    "date": "14th century{ds||1||}",
    "shortdef": [
      "an heir whose right to an inheritance is indefeasible except by exclusion under a valid will if he or she survives the ancestor",
      "heir presumptive",
      "one whose succession especially to a position or role appears certain under existing circumstances"
    ]
  },
  {
    "meta": {
      "id": "for no apparent purpose",
      "uuid": "6a726fec-a398-4565-9499-932f46c3df9a",
      "sort": "3006415000",
      "src": "ld",
      "section": "idioms",
      "stems": [
        "for no apparent purpose"
      ],
      "offensive": false
    },
    "hwi": {
      "hw": "for no apparent purpose"
    },
    "fl": "idiom",
    "def": [
      {
        "sseq": [
          [
            [
              "sense",
              {
                "dt": [
                  [
                    "text",
                    "{bc}for no clear reason "
                  ],
                  [
                    "vis",
                    [
                      {
                        "t": "Changes had suddenly been made {it}for no apparent purpose{/it}."
                      }
                    ]
                  ]
                ]
              }
            ]
          ]
        ]
      }
    ],
    "shortdef": [
      "for no clear reason"
    ]
  }
]