[
  {
    "meta": {
      "id": "appearance",
      "uuid": "01f7a904-fbc0-4abc-822d-6511632f9437",
      "sort": "013449000",
      "src": "collegiate",
      "section": "alpha",
      "stems": [
        "appearance",
        "appearances"
      ],
      "offensive": false
    },
    "hwi": {
      "hw": "ap*pear*ance",
      "prs": [
        {
          "mw": "\u0259-\u02c8pir-\u0259n(t)s",
          "sound": {
            "audio": "appear02",
            "ref": "c",
            "stat": "1"
          }
        }
      ]
    },
    "fl": "noun",
    "def": [
      {
        "sseq": [
          [
            [
              "sense",
              {
                "sn": "1 a",
                "dt": [
                  [
                    "text",
                    "{bc}external show {bc}{sx|semblance||} "
                  ],
                  [
                    "vis",
                    [
                      {
                        "t": "Although hostile, he preserved an {wi}appearance{/wi} of neutrality."
                      }
                    ]
                  ]
                ]
              }
            ],
            [
              "sense",
              {
                "sn": "b",
                "dt": [
                  [
                    "text",
                    "{bc}outward aspect {bc}{sx|look||} "
                  ],
                  [
                    "vis",
                    [
                      {
                        "t": "had a fierce {wi}appearance{/wi}"
                      }
                    ]
                  ]
                ]
              }
            ],
            [
              "sense",
              {
                "sn": "c",
                "ins": [
                  {
                    "if": "ap*pear*anc*es",
                    "spl": "plural"
                  }
                ],
                "dt": [
                  [
                    "text",
                    "{bc}outward indication "
                  ],
                  [
                    "vis",
                    [
                      {
                        "t": "trying to keep up {wi}appearances{/wi}"
                      }
                    ]
                  ]
                ]
              }
            ]
          ],
          [
            [
              "sense",
              {
                "sn": "2 a",
                "dt": [
                  [
                    "text",
                    "{bc}a sense impression or aspect of a thing "
                  ],
                  [
                    "vis",
                    [
                      {
                        "t": "The blue of distant hills is only an {wi}appearance{/wi}."
                      }
                    ]
                  ]
                ]
              }
            ],
            [
              "sense",
              {
                "sn": "b",
                "dt": [
                  [
                    "text",
                    "{bc}the world of sensible phenomena"
                  ]
                ]
              }
            ]
          ],
          [
            [
              "sense",
              {
                "sn": "3 a",
                "dt": [
                  [
                    "text",
                    "{bc}the act, action, or process of {a_link|appearing} "
                  ],
                  [
                    "vis",
                    [
                      {
                        "t": "the first {wi}appearance{/wi} of that word in English"
                      }
                    ]
                  ]
                ]
              }
            ],
            [
              "sense",
              {
                "sn": "b",
                "sls": [
                  "law"
                ],
                "dt": [
                  [
                    "text",
                    "{bc}the presentation of oneself in court as a party to an action often through the representation of an attorney"
                  ]
                ]
              }
            ]
          ],
          [
            [
              "sense",
              {
                "sn": "4 a",
                "dt": [
                  [
                    "text",
                    "{bc}something that {a_link|appears} {bc}{sx|phenomenon||}"
                  ]
                ]
              }
            ],
            [
              "sense",
              {
                "sn": "b",
                "dt": [
                  [
                    "text",
                    "{bc}an instance of appearing {bc}{sx|occurrence||} "
                  ],
                  [
                    "vis",
                    [
                      {
                        "t": "her first public {wi}appearance{/wi} since winning the award"
                      }
                    ]
                  ]
                ]
              }
            ]
          ]
        ]
      }
    ],
    "et": [
      [
        "text",
        "re-formation (after {et_link|appear|appear}) of Middle English {it}apparence, aparaunce,{/it} borrowed from Anglo-French {it}apparaunce, apparence,{/it} borrowed from Late Latin {it}app\u0101rentia,{/it} noun derivative of Latin {it}app\u0101rent-, app\u0101rens,{/it} present participle of {it}app\u0101r\u0113re{/it} \"to be visible, {et_link|appear|appear}\""
      ]
    ],
    "date": "14th century{ds||1|a|}",
    "shortdef": [
      "external show : semblance",
      "outward aspect : look",
      "outward indication"
    ]
  },
  {
    "meta": {
      "id": "court appearance",
      "uuid": "71133311-120c-4079-9cb1-16c47969b413",
      "sort": "3004056000",
      "src": "ld",
      "section": "idioms",
      "stems": [
        "court appearance"
      ],
      "offensive": false
    },
    "hwi": {
      "hw": "court appearance"
    },
    "fl": "noun",
    "def": [
      {
        "sseq": [
          [
            [
              "sense",
              {
                "dt": [
                  [
                    "text",
                    "{bc}the formal act of going in front of judge to have one's case decided "
                  ],
                  [
                    "vis",
                    [
                      {
                        "t": "One man has been convicted of the crime, and two others are awaiting {it}court appearances{/it}."
                      }
                    ]
                  ]
                ]
              }
            ]
          ]
        ]
      }
    ],
    "shortdef": [
      "the formal act of going in front of judge to have one's case decided"
    ]
  },
  {
    "meta": {
      "id": "give every appearance of",
      "uuid": "fdc59b36-b6ab-4a6d-8f7f-d8f73eaed41c",
      "sort": "3007202000",
      "src": "ld",
      "section": "idioms",
      "stems": [
        "give every appearance of"
      ],
      "offensive": false
    },
    "hwi": {
      "hw": "give every appearance of"
    },
    "fl": "idiom",
    "def": [
      {
        "sseq": [
          [
            [
              "sense",
              {
                "dt": [
                  [
                    "text",
                    "{bc}to seem to have a quality or characteristic because of appearance {bc}seem to be "
                  ],
                  [
                    "vis",
                    [
                      {
                        "t": "The playground {it}gives every appearance of{/it} being a safe place for children, but a tragic accident occurred there recently."
                      }
                    ]
                  ]
                ]
              }
            ]
          ]
        ]
      }
    ],
    "shortdef": [
      "to seem to have a quality or characteristic because of appearance : seem to be"
    ]
  },
  {
    "meta": {
      "id": "give one the appearance of",
      "uuid": "fe7ff3be-ce8e-4077-b395-bfcc18ad0ca4",
      "sort": "3007227000",
      "src": "ld",
      "section": "idioms",
      "stems": [
        "give one the appearance of"
      ],
      "offensive": false
    },
    "hwi": {
      "hw": "give one the appearance of"
    },
    "fl": "idiom",
    "def": [
      {
        "sseq": [
          [
            [
              "sense",
              {
                "dt": [
                  [
                    "text",
                    "{bc}to make one look like "
                  ],
                  [
                    "vis",
                    [
                      {
                        "t": "His white beard {it}gave him the appearance of{/it} an old man."
                      }
                    ]
                  ]
                ]
              }
            ]
          ]
        ]
      }
    ],
    "shortdef": [
      "to make one look like"
    ]
  },
  {
    "meta": {
      "id": "guest appearance",
      "uuid": "59c8ab44-d6f3-43b0-9695-2261612ac69a",
      "sort": "3007885000",
      "src": "ld",
      "section": "idioms",
      "stems": [
        "guest appearance"
      ],
      "offensive": false
    },
    "hwi": {
      "hw": "guest appearance"
    },
    "fl": "noun",
    "def": [
      {
        "sseq": [
          [
            [
              "sense",
              {
                "dt": [
                  [
                    "text",
                    "{bc}appearing or performing as a guest "
                  ],
                  [
                    "vis",
                    [
                      {
                        "t": "He'll be making a special {it}guest appearance{/it} on the popular television show next fall."
                      }
                    ]
                  ]
                ]
              }
            ]
          ]
        ]
      }
    ],
    "shortdef": [
      "appearing or performing as a guest"
    ]
  },
  {
    "meta": {
      "id": "have the appearance",
      "uuid": "18ff7737-8384-4844-bebc-71c41a48e5fe",
      "sort": "3008359000",
      "src": "ld",
      "section": "idioms",
      "stems": [
        "have the appearance"
      ],
      "offensive": false
    },
    "hwi": {
      "hw": "have the appearance"
    },
    "fl": "idiom",
    "def": [
      {
        "sseq": [
          [
            [
              "sense",
              {
                "dt": [
                  [
                    "text",
                    "{bc}to seem to be (something) according to appearance yet not necessarily so in reality "
                  ],
                  [
                    "vis",
                    [
                      {
                        "t": "The furniture {it}has the appearance{/it} of being made by hand."
                      }
                    ]
                  ]
                ]
              }
            ]
          ]
        ]
      }
    ],
    "shortdef": [
      "to seem to be (something) according to appearance yet not necessarily so in reality"
    ]
  },
  {
    "meta": {
      "id": "in appearance",
      "uuid": "83774e29-8a8e-4d4e-b165-2d0cee3d40cd",
      "sort": "3009300000",
      "src": "ld",
      "section": "idioms",
      "stems": [
        "in appearance"
      ],
      "offensive": false
    },
    "hwi": {
      "hw": "in appearance"
    },
    "fl": "idiom",
    "def": [
      {
        "sseq": [
          [
            [
              "sense",
              {
                "dt": [
                  [
                    "text",
                    "{bc}in the way one looks "
                  ],
                  [
                    "vis",
                    [
                      {
                        "t": "He is still very youthful {it}in appearance{/it}."
                      }
                    ]
                  ]
                ]
              }
            ]
          ]
        ]
      }
    ],
    "shortdef": [
      "in the way one looks"
    ]
  },
  {
    "meta": {
      "id": "make an appearance",
      "uuid": "9b213775-10c2-4954-8dac-7cee404a429a",
      "sort": "3011735000",
      "src": "ld",
      "section": "idioms",
      "stems": [
        "make an appearance"
      ],
      "offensive": false
    },
    "hwi": {
      "hw": "make an appearance"
    },
    "fl": "idiom",
    "def": [
      {
        "sseq": [
          [
            [
              "sense",
              {
                "dt": [
                  [
                    "text",
                    "{bc}to go to an event, gathering, etc., usually for a short period of time "
                  ],
                  [
                    "vis",
                    [
                      {
                        "t": "The candidate {it}made an appearance{/it} at the rally."
                      }
                    ]
                  ]
                ]
              }
            ]
          ]
        ]
      }
    ],
    "shortdef": [
      "to go to an event, gathering, etc., usually for a short period of time"
    ]
  },
  {
    "meta": {
      "id": "physical appearance",
      "uuid": "234ab25a-7893-445c-8aa4-d5798c75493f",
      "sort": "3014648000",
      "src": "ld",
      "section": "idioms",
      "stems": [
        "physical appearance"
      ],
      "offensive": false
    },
    "hwi": {
      "hw": "physical appearance"
    },
    "fl": "noun",
    "def": [
      {
        "sseq": [
          [
            [
              "sense",
              {
                "dt": [
                  [
                    "text",
                    "{bc}the way one looks "
                  ],
                  [
                    "vis",
                    [
                      {
                        "t": "He's very proud of his {it}physical appearance{/it}."
                      }
                    ]
                  ]
                ]
              }
            ]
          ]
        ]
      }
    ],
    "shortdef": [
      "the way one looks"
    ]
  },
  {
    "meta": {
      "id": "put in an appearance",
      "uuid": "80f44402-d993-4262-99e9-f13398d4cc11",
      "sort": "3015618000",
      "src": "ld",
      "section": "idioms",
      "stems": [
        "put in an appearance"
      ],
      "offensive": false
    },
    "hwi": {
      "hw": "put in an appearance"
    },
    "fl": "idiom",
    "def": [
      {
        "sseq": [
          [
            [
              "sense",
              {
                "dt": [
                  [
                    "text",
                    "{bc}to go to an event, gathering, etc., usually for a short period of time "
                  ],
                  [
                    "vis",
                    [
                      {
                        "t": "I won't be able to stay at the party long, but I'll at least try to {it}put in an appearance{/it}."
                      }
                    ]
                  ]
                ]
              }
            ]
          ]
        ]
      }
    ],
    "shortdef": [
      "to go to an event, gathering, etc., usually for a short period of time"
    ]
  }
]