[
  {
    "meta": {
      "id": "arc:1",
      "uuid": "9b08c64e-8a94-423f-8152-cb1b827a3e95",
      "sort": "013684000",
      "src": "collegiate",
      "section": "alpha",
      "stems": [
        "arc",
        "arcs"
      ],
      "offensive": false
    },
    "hom": 1,
    "hwi": {
      "hw": "arc",
      "prs": [
        {
          "mw": "\u02c8\u00e4rk",
          "sound": {
            "audio": "arc00001",
            "ref": "c",
            "stat": "1"
          }
        }
      ]
    },
    "fl": "noun",
    "ins": [
      {
        "il": "plural",
        "if": "arcs"
      }
    ],
    "def": [
      {
        "sseq": [
          [
            [
              "sense",
              {
                "sn": "1",
                "dt": [
                  [
                    "text",
                    "{bc}the apparent path described above and below the {d_link|horizon|horizon} by a celestial body (such as the sun)"
                  ]
                ]
              }
            ]
          ],
          [
            [
              "sense",
              {
                "sn": "2 a",
                "dt": [
                  [
                    "text",
                    "{bc}something arched or curved"
                  ]
                ]
              }
            ],
            [
              "sense",
              {
                "sn": "b",
                "dt": [
                  [
                    "text",
                    "{bc}a curved path "
                  ],
                  [
                    "vis",
                    [
                      {
                        "t": "the {wi}arc{/wi} of a fly ball"
                      }
                    ]
                  ]
                ]
              }
            ],
            [
              "sense",
              {
                "sn": "c",
                "sls": [
                  "basketball"
                ],
                "dt": [
                  [
                    "text",
                    "{bc}{sx|three-point line||} "
                  ],
                  [
                    "vis",
                    [
                      {
                        "t": "At week's end he was shooting 40.0% from behind the {wi}arc{/wi} and averaging 19.6 points.",
                        "aq": {
                          "auth": "Phil Taylor"
                        }
                      }
                    ]
                  ]
                ]
              }
            ]
          ],
          [
            [
              "sense",
              {
                "sn": "3",
                "dt": [
                  [
                    "text",
                    "{bc}a sustained luminous discharge of electricity across a gap in a circuit or between electrodes"
                  ]
                ],
                "sdsense": {
                  "sd": "also",
                  "dt": [
                    [
                      "text",
                      "{bc}{sx|arc lamp||}"
                    ]
                  ]
                }
              }
            ]
          ],
          [
            [
              "sense",
              {
                "sn": "4",
                "dt": [
                  [
                    "text",
                    "{bc}a continuous portion (as of a circle or ellipse) of a curved line"
                  ]
                ]
              }
            ]
          ],
          [
            [
              "sense",
              {
                "sn": "5",
                "dt": [
                  [
                    "text",
                    "{bc}degree measurement on the circumference of a circle "
                  ],
                  [
                    "uns",
                    [
                      [
                        [
                          "text",
                          "used especially in the phrase {it}of arc{/it} "
                        ],
                        [
                          "vis",
                          [
                            {
                              "t": "11 minutes 3 seconds of {wi}arc{/wi}"
                            }
                          ]
                        ]
                      ]
                    ]
                  ]
                ]
              }
            ]
          ],
          [
            [
              "sense",
              {
                "sn": "6",
                "dt": [
                  [
                    "text",
                    "{bc}a continuous progression or line of development "
                  ],
                  [
                    "vis",
                    [
                      {
                        "t": "a story's dramatic {wi}arc{/wi}"
                      }
                    ]
                  ]
                ]
              }
            ]
          ]
        ]
      }
    ],
    "et": [
      [
        "text",
        "Middle English {it}ark{/it}, from Anglo-French {it}arc{/it} bow, from Latin {it}arcus{/it} bow, arch, arc {ma}{mat|arrow|}{/ma}"
      ]
    ],
    "date": "14th century{ds||1||}",
    "shortdef": [
      "the apparent path described above and below the horizon by a celestial body (such as the sun)",
      "something arched or curved",
      "a curved path"
    ]
  },
  {
    "meta": {
      "id": "arc:2",
      "uuid": "98c8627e-8198-4eea-9c3c-09393312473b",
      "sort": "013685000",
      "src": "collegiate",
      "section": "alpha",
      "stems": [
        "arc",
        "arced",
        "arcing",
        "arcs"
      ],
      "offensive": false
    },
    "hom": 2,
    "hwi": {
      "hw": "arc"
    },
    "fl": "verb",
    "ins": [
      {
        "if": "arced",
        "prs": [
          {
            "mw": "\u02c8\u00e4rkt",
            "sound": {
              "audio": "arc00002"
            }
          }
        ]
      },
      {
        "if": "arc*ing",
        "prs": [
          {
            "mw": "\u02c8\u00e4r-ki\u014b",
            "sound": {
              "audio": "arc00003",
              "ref": "c",
              "stat": "1"
            }
          }
        ]
      }
    ],
    "def": [
      {
        "vd": "intransitive verb",
        "sseq": [
          [
            [
              "sense",
              {
                "sn": "1",
                "dt": [
                  [
                    "text",
                    "{bc}to form an electric arc {dx_def}see {dxt|arc:1||3}{/dx_def}"
                  ]
                ]
              }
            ]
          ],
          [
            [
              "sense",
              {
                "sn": "2",
                "dt": [
                  [
                    "text",
                    "{bc}to follow an arc-shaped course "
                  ],
                  [
                    "vis",
                    [
                      {
                        "t": "The ball {wi}arced{/wi} across the sky."
                      }
                    ]
                  ]
                ]
              }
            ]
          ]
        ]
      },
      {
        "vd": "transitive verb",
        "sseq": [
          [
            [
              "sense",
              {
                "dt": [
                  [
                    "text",
                    "{bc}to throw, hit, or kick (something, such as a ball) on a high, arc-shaped course "
                  ],
                  [
                    "vis",
                    [
                      {
                        "t": "After driving into the long rough, he reached for a 4-wood and {wi}arced{/wi} the ball just wide of the green.",
                        "aq": {
                          "auth": "Jeff Shain"
                        }
                      }
                    ]
                  ]
                ]
              }
            ]
          ]
        ]
      }
    ],
    "et": [
      [
        "text",
        "{dx_ety}see {dxt|arc:1||}{/dx_ety}"
      ]
    ],
    "date": "1883{ds||1||}",
    "shortdef": [
      "to form an electric arc",
      "to follow an arc-shaped course",
      "to throw, hit, or kick (something, such as a ball) on a high, arc-shaped course"
    ]
  },
  {
    "meta": {
      "id": "arc:3",
      "uuid": "2314b223-4cee-4158-9249-4bd29f7cf464",
      "sort": "013686000",
      "src": "collegiate",
      "section": "alpha",
      "stems": [
        "arc"
      ],
      "offensive": false
    },
    "hom": 3,
    "hwi": {
      "hw": "arc"
    },
    "fl": "adjective",
    "def": [
      {
        "sls": [
          "mathematics"
        ],
        "sseq": [
          [
            [
              "sense",
              {
                "dt": [
                  [
                    "text",
                    "{bc}{sx|inverse||2} "
                  ],
                  [
                    "uns",
                    [
                      [
                        [
                          "text",
                          "used with the trigonometric functions and hyperbolic functions"
                        ]
                      ]
                    ]
                  ]
                ]
              }
            ]
          ]
        ]
      }
    ],
    "et": [
      [
        "text",
        "{it}arc sine{/it} arc or angle (corresponding to the) sine (of so many degrees)"
      ]
    ],
    "date": "circa 1949",
    "shortdef": [
      "inverse \u2014used with the trigonometric functions and hyperbolic functions"
    ]
  },
  {
    "meta": {
      "id": "ARC:1",
      "uuid": "6af9d9de-2e1f-4bfc-a2a7-35e627fcbd4f",
      "sort": "013687000",
      "src": "collegiate",
      "section": "alpha",
      "stems": [
        "ARC"
      ],
      "offensive": false
    },
    "hom": 1,
    "hwi": {
      "hw": "ARC"
    },
    "fl": "abbreviation",
    "def": [
      {
        "sseq": [
          [
            [
              "sense",
              {
                "sn": "1",
                "dt": [
                  [
                    "text",
                    "AIDS-related complex"
                  ]
                ]
              }
            ]
          ],
          [
            [
              "sense",
              {
                "sn": "2",
                "dt": [
                  [
                    "text",
                    "American Red Cross"
                  ]
                ]
              }
            ]
          ]
        ]
      }
    ],
    "shortdef": [
      "AIDS-related complex",
      "American Red Cross"
    ]
  },
  {
    "meta": {
      "id": "ARC:2",
      "uuid": "0f68e194-86c5-4ce7-9ec5-74f4f6597f88",
      "sort": "013687500",
      "src": "collegiate",
      "section": "alpha",
      "stems": [
        "ARC",
        "ARCs"
      ],
      "offensive": false
    },
    "hom": 2,
    "hwi": {
      "hw": "ARC",
      "prs": [
        {
          "mw": "\u02cc\u0101-\u02cc\u00e4r-\u02c8s\u0113",
          "sound": {
            "audio": "arc",
            "ref": "owl",
            "stat": "1"
          }
        }
      ]
    },
    "fl": "abbreviation or noun",
    "ins": [
      {
        "il": "plural",
        "if": "ARCs"
      }
    ],
    "def": [
      {
        "sseq": [
          [
            [
              "sense",
              {
                "dt": [
                  [
                    "text",
                    "{bc}a copy of a printed work (such as a novel or textbook) sent as a promotion prior to the official release "
                  ],
                  [
                    "vis",
                    [
                      {
                        "t": "First, I receive a box of paperback, smaller versions of my book called advance reader copies ({wi}ARCs{/wi}).",
                        "aq": {
                          "auth": "Susan Van Kirk"
                        }
                      },
                      {
                        "t": "While some houses like Chronicle Books continued to sell on the show floor, albeit at 50% discount, many publishers offered free {wi}ARCs{/wi} \u2026",
                        "aq": {
                          "auth": "Judith Rosen"
                        }
                      }
                    ]
                  ]
                ]
              }
            ]
          ]
        ]
      }
    ],
    "et": [
      [
        "text",
        "{it}a{/it}dvanced {it}r{/it}eader {it}c{/it}opy"
      ]
    ],
    "date": "2006",
    "shortdef": [
      "a copy of a printed work (such as a novel or textbook) sent as a promotion prior to the official release"
    ]
  },
  {
    "meta": {
      "id": "arccosine",
      "uuid": "82b7a17f-825e-4df8-b18d-2599b58c0e7c",
      "sort": "013698000",
      "src": "collegiate",
      "section": "alpha",
      "stems": [
        "arc cosine",
        "arc cosines",
        "arccosine",
        "arccosines"
      ],
      "offensive": false
    },
    "hwi": {
      "hw": "arc cosine",
      "prs": [
        {
          "mw": "(\u02cc)\u00e4r(k)-\u02c8k\u014d-\u02ccs\u012bn",
          "sound": {
            "audio": "arccos01",
            "ref": "c",
            "stat": "1"
          }
        }
      ]
    },
    "vrs": [
      {
        "vl": "or",
        "va": "arc*co*sine"
      }
    ],
    "fl": "noun",
    "ins": [
      {
        "il": "plural",
        "if": "arc cosines"
      },
      {
        "il": "or",
        "if": "arc*co*sines"
      }
    ],
    "def": [
      {
        "sseq": [
          [
            [
              "sense",
              {
                "dt": [
                  [
                    "text",
                    "{bc}the inverse function of the cosine "
                  ],
                  [
                    "vis",
                    [
                      {
                        "t": "if {it}y{/it} is the cosine of \u03b8, then \u03b8 is the {wi}arccosine{/wi} of {it}y{/it}"
                      }
                    ]
                  ],
                  [
                    "uns",
                    [
                      [
                        [
                          "text",
                          "abbreviation {it}arccos{/it}"
                        ]
                      ]
                    ]
                  ]
                ]
              }
            ]
          ]
        ]
      }
    ],
    "date": "circa 1884",
    "shortdef": [
      "the inverse function of the cosine \u2014abbreviation arccos"
    ]
  },
  {
    "meta": {
      "id": "arc lamp",
      "uuid": "e6832e47-34bb-40b1-87da-c85258d642f9",
      "sort": "013767000",
      "src": "collegiate",
      "section": "alpha",
      "stems": [
        "arc lamp",
        "arc lamps",
        "arc light",
        "arc lights"
      ],
      "offensive": false
    },
    "hwi": {
      "hw": "arc lamp"
    },
    "fl": "noun",
    "def": [
      {
        "sseq": [
          [
            [
              "sense",
              {
                "dt": [
                  [
                    "text",
                    "{bc}an electric lamp that produces light by an arc made when a current passes between two incandescent electrodes surrounded by gas "
                  ],
                  [
                    "ca",
                    {
                      "intro": "called also",
                      "cats": [
                        {
                          "cat": "arc light"
                        }
                      ]
                    }
                  ]
                ]
              }
            ]
          ]
        ]
      }
    ],
    "date": "1879",
    "shortdef": [
      "an electric lamp that produces light by an arc made when a current passes between two incandescent electrodes surrounded by gas \u2014called also arc light"
    ]
  },
  {
    "meta": {
      "id": "arc minute",
      "uuid": "744e8260-bb79-4261-a7f7-e0ad6fc60cb3",
      "sort": "013769000",
      "src": "collegiate",
      "section": "alpha",
      "stems": [
        "arc minute",
        "arc minutes"
      ],
      "offensive": false
    },
    "hwi": {
      "hw": "arc minute"
    },
    "fl": "noun",
    "def": [
      {
        "sseq": [
          [
            [
              "sense",
              {
                "dt": [
                  [
                    "text",
                    "{bc}{sx|minute||1b}"
                  ]
                ]
              }
            ]
          ]
        ]
      }
    ],
    "date": "1892",
    "shortdef": [
      "minute"
    ]
  },
  {
    "meta": {
      "id": "arc second",
      "uuid": "b0d75623-2d71-468d-acaf-428ff9c8e359",
      "sort": "013772000",
      "src": "collegiate",
      "section": "alpha",
      "stems": [
        "arc second",
        "arc seconds"
      ],
      "offensive": false
    },
    "hwi": {
      "hw": "arc second"
    },
    "fl": "noun",
    "def": [
      {
        "sseq": [
          [
            [
              "sense",
              {
                "dt": [
                  [
                    "text",
                    "{bc}{sx|second:4||1a}"
                  ]
                ]
              }
            ]
          ]
        ]
      }
    ],
    "date": "1885",
    "shortdef": [
      "second"
    ]
  },
  {
    "meta": {
      "id": "reflex arc",
      "uuid": "2d029fac-bae3-41f5-8c44-555ed59d296f",
      "sort": "181516000",
      "src": "collegiate",
      "section": "alpha",
      "stems": [
        "reflex arc",
        "reflex arcs"
      ],
      "offensive": false
    },
    "hwi": {
      "hw": "reflex arc"
    },
    "fl": "noun",
    "def": [
      {
        "sseq": [
          [
            [
              "sense",
              {
                "dt": [
                  [
                    "text",
                    "{bc}the complete nervous path involved in a reflex"
                  ]
                ]
              }
            ]
          ]
        ]
      }
    ],
    "date": "1882",
    "shortdef": [
      "the complete nervous path involved in a reflex"
    ]
  }
]