[
  {
    "meta": {
      "id": "attentive",
      "uuid": "76bba64e-1001-4d52-9253-8da8d10e9c27",
      "sort": "014619000",
      "src": "collegiate",
      "section": "alpha",
      "stems": [
        "attentive",
        "attentively",
        "attentiveness",
        "attentivenesses"
      ],
      "offensive": false
    },
    "hwi": {
      "hw": "at*ten*tive",
      "prs": [
        {
          "mw": "\u0259-\u02c8ten-tiv",
          "sound": {
            "audio": "attent03",
            "ref": "c",
            "stat": "1"
          }
        }
      ]
    },
    "fl": "adjective",
    "def": [
      {
        "sseq": [
          [
            [
              "sense",
              {
                "sn": "1",
                "dt": [
                  [
                    "text",
                    "{bc}{sx|mindful||}, {sx|observant||} "
                  ],
                  [
                    "vis",
                    [
                      {
                        "t": "{wi}attentive{/wi} to what he is doing"
                      }
                    ]
                  ]
                ]
              }
            ]
          ],
          [
            [
              "sense",
              {
                "sn": "2",
                "dt": [
                  [
                    "text",
                    "{bc}heedful of the comfort of others {bc}{sx|solicitous||} "
                  ],
                  [
                    "vis",
                    [
                      {
                        "t": "an {wi}attentive{/wi} waitress"
                      }
                    ]
                  ]
                ]
              }
            ]
          ],
          [
            [
              "sense",
              {
                "sn": "3",
                "dt": [
                  [
                    "text",
                    "{bc}offering {a_link|attentions} in or as if in the role of a suitor "
                  ],
                  [
                    "vis",
                    [
                      {
                        "t": "an {wi}attentive{/wi} boyfriend"
                      }
                    ]
                  ]
                ]
              }
            ]
          ]
        ]
      }
    ],
    "uros": [
      {
        "ure": "at*ten*tive*ly",
        "fl": "adverb"
      },
      {
        "ure": "at*ten*tive*ness",
        "fl": "noun"
      }
    ],
    "et": [
      [
        "text",
        "{dx_ety}see {dxt|attend||}{/dx_ety}"
      ]
    ],
    "date": "15th century{ds||1||}",
    "shortdef": [
      "mindful, observant",
      "heedful of the comfort of others : solicitous",
      "offering attentions in or as if in the role of a suitor"
    ]
  }
]