[
  {
    "meta": {
      "id": "awareness",
      "uuid": "caa4bbf4-b218-44b0-b3e7-fa55269a05cf",
      "sort": "015022500",
      "src": "collegiate",
      "section": "alpha",
      "stems": [
        "awareness",
        "awarenesses"
      ],
      "offensive": false
    },
    "hwi": {
      "hw": "aware*ness",
      "prs": [
        {
          "mw": "\u0259-\u02c8wer-n\u0259s",
          "sound": {
            "audio": "awareness_1",
            "ref": "owl",
            "stat": "1"
          }
        }
      ]
    },
    "fl": "noun",
    "def": [
      {
        "sseq": [
          [
            [
              "sense",
              {
                "dt": [
                  [
                    "text",
                    "{bc}the quality or state of being {d_link|aware|aware} {bc}knowledge and understanding that something is happening or exists "
                  ],
                  [
                    "vis",
                    [
                      {
                        "t": "promoting a heightened {wi}awareness{/wi} of the problem"
                      },
                      {
                        "t": "seemed to have only a slight {wi}awareness{/wi} of what was going on"
                      },
                      {
                        "t": "an acute {wi}awareness{/wi} of subtle differences"
                      },
                      {
                        "t": "They hope to raise {wi}awareness{/wi} of endangered species, encouraging donations and attracting tourists to the region to support conservation efforts.",
                        "aq": {
                          "source": "{it}New Scientist{/it}"
                        }
                      },
                      {
                        "t": "The alternative press played a particularly important role in raising political {wi}awareness{/wi} and facilitating mobilization against the regime in South Africa \u2026",
                        "aq": {
                          "auth": "Larry Diamond"
                        }
                      }
                    ]
                  ]
                ]
              }
            ]
          ]
        ]
      }
    ],
    "date": "1839",
    "shortdef": [
      "the quality or state of being aware : knowledge and understanding that something is happening or exists"
    ]
  },
  {
    "meta": {
      "id": "self-awareness",
      "uuid": "931c2d47-58d4-44bc-8dec-48a72f0a7d4d",
      "sort": "192102000",
      "src": "collegiate",
      "section": "alpha",
      "stems": [
        "self-awareness",
        "self-awarenesses"
      ],
      "offensive": false
    },
    "hwi": {
      "hw": "self-aware*ness",
      "prs": [
        {
          "mw": "\u02ccself-\u0259-\u02c8wer-n\u0259s",
          "sound": {
            "audio": "selfa1s3",
            "ref": "sd3",
            "stat": "1"
          }
        }
      ]
    },
    "fl": "noun",
    "def": [
      {
        "sseq": [
          [
            [
              "sense",
              {
                "dt": [
                  [
                    "text",
                    "{bc}an awareness of one's own personality or individuality"
                  ]
                ]
              }
            ]
          ]
        ]
      }
    ],
    "date": "1876",
    "shortdef": [
      "an awareness of one's own personality or individuality"
    ]
  },
  {
    "meta": {
      "id": "hyperawareness",
      "uuid": "77b7ad7a-4cf7-4718-bae9-67ca988c41ab",
      "sort": "080335780",
      "src": "collegiate",
      "section": "alpha",
      "stems": [
        "hyper-awareness",
        "hyperawareness"
      ],
      "offensive": false
    },
    "hwi": {
      "hw": "hy*per*aware*ness",
      "prs": [
        {
          "mw": "\u02cch\u012b-p\u0259r-\u0259-\u02c8wer-n\u0259s",
          "sound": {
            "audio": "hyperawareness_1",
            "ref": "owl",
            "stat": "1"
          }
        }
      ]
    },
    "vrs": [
      {
        "vl": "or",
        "va": "hyper-awareness"
      }
    ],
    "fl": "noun",
    "def": [
      {
        "sseq": [
          [
            [
              "sense",
              {
                "dt": [
                  [
                    "text",
                    "{bc}the quality or state of being extremely or excessively {d_link|aware|aware} "
                  ],
                  [
                    "vis",
                    [
                      {
                        "t": "Many have egos nourished by that terrain, which feeds a {wi}hyperawareness{/wi} of status, a persistent jockeying for position.",
                        "aq": {
                          "auth": "Frank Bruni"
                        }
                      }
                    ]
                  ]
                ]
              }
            ]
          ]
        ]
      }
    ],
    "date": "1951",
    "shortdef": [
      "the quality or state of being extremely or excessively aware"
    ]
  }
]