[
  {
    "meta": {
      "id": "balance:1",
      "uuid": "d67f25f2-db89-433d-a97c-2db80d16e6f7",
      "sort": "020031000",
      "src": "collegiate",
      "section": "alpha",
      "stems": [
        "balance",
        "balances",
        "in balance",
        "in the balance",
        "on balance"
      ],
      "offensive": false
    },
    "hom": 1,
    "hwi": {
      "hw": "bal*ance",
      "prs": [
        {
          "mw": "\u02c8ba-l\u0259n(t)s",
          "sound": {
            "audio": "balanc01",
            "ref": "c",
            "stat": "1"
          }
        }
      ]
    },
    "fl": "noun",
    "def": [
      {
        "sseq": [
          [
            [
              "sense",
              {
                "sn": "1 a",
                "dt": [
                  [
                    "text",
                    "{bc}physical equilibrium "
                  ],
                  [
                    "vis",
                    [
                      {
                        "t": "trouble keeping your {wi}balance{/wi} on a sailboat"
                      },
                      {
                        "t": "lost his {wi}balance{/wi} and fell"
                      },
                      {
                        "t": "a boxer kept off {wi}balance{/wi} for a whole round"
                      }
                    ]
                  ]
                ]
              }
            ],
            [
              "sense",
              {
                "sn": "b",
                "dt": [
                  [
                    "text",
                    "{bc}the ability to retain one's balance "
                  ],
                  [
                    "vis",
                    [
                      {
                        "t": "Gymnasts must have a good sense of {wi}balance{/wi}."
                      }
                    ]
                  ]
                ]
              }
            ]
          ],
          [
            [
              "sense",
              {
                "sn": "2 a",
                "dt": [
                  [
                    "text",
                    "{bc}{d_link|stability|stability} produced by even distribution of weight on each side of the vertical axis "
                  ],
                  [
                    "vis",
                    [
                      {
                        "t": "when the two sides of the scale are in {wi}balance{/wi}"
                      },
                      {
                        "t": "tipped the statue off {wi}balance{/wi}"
                      }
                    ]
                  ]
                ]
              }
            ],
            [
              "sense",
              {
                "sn": "b",
                "dt": [
                  [
                    "text",
                    "{bc}{d_link|equipoise|equipoise:1} between contrasting, opposing, or interacting elements "
                  ],
                  [
                    "vis",
                    [
                      {
                        "t": "\u2026 the {wi}balance{/wi} we strike between security and freedom.",
                        "aq": {
                          "auth": "Earl Warren"
                        }
                      },
                      {
                        "t": "Both parties were interviewed to provide {wi}balance{/wi} in the report."
                      },
                      {
                        "t": "the right {wi}balance{/wi} of diet and exercise"
                      }
                    ]
                  ]
                ]
              }
            ],
            [
              "sense",
              {
                "sn": "c",
                "sls": [
                  "accounting"
                ],
                "dt": [
                  [
                    "text",
                    "{bc}equality between the totals of the two sides of an account"
                  ]
                ]
              }
            ]
          ],
          [
            [
              "sense",
              {
                "sn": "3 a",
                "dt": [
                  [
                    "text",
                    "{bc}an aesthetically pleasing integration of elements "
                  ],
                  [
                    "vis",
                    [
                      {
                        "t": "achieving {wi}balance{/wi} in a work of art"
                      }
                    ]
                  ]
                ]
              }
            ],
            [
              "sense",
              {
                "sn": "b",
                "sls": [
                  "grammar"
                ],
                "dt": [
                  [
                    "text",
                    "{bc}the juxtaposition in writing of syntactically parallel {dx_def}see {dxt|parallel:1||3c}{/dx_def} constructions containing similar or contrasting ideas (such as \"to err is human; to forgive, divine\")"
                  ]
                ]
              }
            ]
          ],
          [
            [
              "sense",
              {
                "sn": "4 a",
                "sls": [
                  "accounting"
                ],
                "dt": [
                  [
                    "text",
                    "{bc}an amount in excess especially on the credit side of an account "
                  ],
                  [
                    "vis",
                    [
                      {
                        "t": "has a comfortable {wi}balance{/wi} in the bank"
                      },
                      {
                        "t": "You must maintain a minimum {wi}balance{/wi} of $1000 in your account to avoid fees."
                      }
                    ]
                  ]
                ]
              }
            ],
            [
              "sense",
              {
                "sn": "b",
                "dt": [
                  [
                    "text",
                    "{bc}weight or force of one side in excess of another "
                  ],
                  [
                    "vis",
                    [
                      {
                        "t": "The {wi}balance{/wi} of the evidence lay on the side of the defendant."
                      }
                    ]
                  ]
                ]
              }
            ],
            [
              "sense",
              {
                "sn": "c",
                "dt": [
                  [
                    "text",
                    "{bc}something left over {bc}{sx|remainder||} "
                  ],
                  [
                    "vis",
                    [
                      {
                        "t": "answers will be given in the {wi}balance{/wi} of this chapter",
                        "aq": {
                          "auth": "R. W. Murray"
                        }
                      }
                    ]
                  ]
                ]
              }
            ]
          ],
          [
            [
              "sense",
              {
                "sn": "5",
                "dt": [
                  [
                    "text",
                    "{bc}mental and emotional steadiness "
                  ],
                  [
                    "vis",
                    [
                      {
                        "t": "I doubt that Thoreau would be thrown off {wi}balance{/wi} by the fantastic sights and sounds of the 20th century.",
                        "aq": {
                          "auth": "E. B. White"
                        }
                      }
                    ]
                  ]
                ]
              }
            ]
          ],
          [
            [
              "bs",
              {
                "sense": {
                  "sn": "6",
                  "dt": [
                    [
                      "text",
                      "{bc}an instrument for weighing: such as"
                    ]
                  ]
                }
              }
            ],
            [
              "sense",
              {
                "sn": "a",
                "dt": [
                  [
                    "text",
                    "{bc}a beam that is supported freely in the center and has two pans of equal weight suspended from its ends"
                  ]
                ]
              }
            ],
            [
              "sense",
              {
                "sn": "b",
                "dt": [
                  [
                    "text",
                    "{bc}a device that uses the elasticity of a spiral spring for measuring weight or force"
                  ]
                ]
              }
            ]
          ],
          [
            [
              "sense",
              {
                "sn": "7",
                "dt": [
                  [
                    "text",
                    "{bc}a means of judging or deciding "
                  ],
                  [
                    "vis",
                    [
                      {
                        "t": "the {wi}balance{/wi} of a free election"
                      }
                    ]
                  ]
                ]
              }
            ]
          ],
          [
            [
              "sense",
              {
                "sn": "8",
                "dt": [
                  [
                    "text",
                    "{bc}a {d_link|counterbalancing|counterbalance:2} weight, force, or influence "
                  ],
                  [
                    "vis",
                    [
                      {
                        "t": "The comedic character serves as a {wi}balance{/wi} to the serious subject matter of the play."
                      }
                    ]
                  ]
                ]
              }
            ]
          ],
          [
            [
              "sense",
              {
                "sn": "9",
                "dt": [
                  [
                    "text",
                    "{bc}an oscillating wheel operating with a {d_link|hairspring|hairspring} to regulate the movement of a timepiece "
                  ],
                  [
                    "vis",
                    [
                      {
                        "t": "a watch's {wi}balance{/wi}"
                      }
                    ]
                  ]
                ]
              }
            ]
          ]
        ]
      }
    ],
    "dros": [
      {
        "drp": "in the balance",
        "vrs": [
          {
            "vl": "or",
            "va": "in balance"
          }
        ],
        "def": [
          {
            "sseq": [
              [
                [
                  "sense",
                  {
                    "dt": [
                      [
                        "text",
                        "{bc}with the fate or outcome about to be determined "
                      ],
                      [
                        "vis",
                        [
                          {
                            "t": "our future hangs {it}in the balance{/it} as we await his decision"
                          }
                        ]
                      ]
                    ]
                  }
                ]
              ]
            ]
          }
        ]
      },
      {
        "drp": "on balance",
        "def": [
          {
            "sseq": [
              [
                [
                  "sense",
                  {
                    "dt": [
                      [
                        "text",
                        "{bc}with all things considered "
                      ],
                      [
                        "vis",
                        [
                          {
                            "t": "the meeting went well {it}on balance{/it}"
                          }
                        ]
                      ]
                    ]
                  }
                ]
              ]
            ]
          }
        ]
      }
    ],
    "et": [
      [
        "text",
        "Middle English, from Anglo-French, from Vulgar Latin {it}*bilancia{/it}, from Late Latin {it}bilanc-, bilanx{/it} having two scalepans, from Latin {it}bi-{/it} + {it}lanc-, lanx{/it} plate"
      ]
    ],
    "date": "13th century{ds||6||}",
    "shortdef": [
      "physical equilibrium",
      "the ability to retain one's balance",
      "stability produced by even distribution of weight on each side of the vertical axis"
    ]
  },
  {
    "meta": {
      "id": "balance:2",
      "uuid": "00e173b2-c12c-4641-b38a-5cb88bf8554d",
      "sort": "020031100",
      "src": "collegiate",
      "section": "alpha",
      "stems": [
        "balance",
        "balanced",
        "balances",
        "balancing"
      ],
      "offensive": false
    },
    "hom": 2,
    "hwi": {
      "hw": "balance"
    },
    "fl": "verb",
    "ins": [
      {
        "if": "bal*anced"
      },
      {
        "if": "bal*anc*ing"
      }
    ],
    "def": [
      {
        "vd": "transitive verb",
        "sseq": [
          [
            [
              "sense",
              {
                "sn": "1 a",
                "dt": [
                  [
                    "text",
                    "{bc}to poise or arrange in or as if in {d_link|balance|balance:1} "
                  ],
                  [
                    "vis",
                    [
                      {
                        "t": "{it}balancing{/it} a book on her head"
                      },
                      {
                        "t": "The legislature hasn't {it}balanced{/it} the budget in years."
                      }
                    ]
                  ]
                ]
              }
            ],
            [
              "sense",
              {
                "sn": "b",
                "dt": [
                  [
                    "text",
                    "{bc}to bring into harmony or proportion "
                  ],
                  [
                    "vis",
                    [
                      {
                        "t": "I struggled to {wi}balance{/wi} my career and family life."
                      },
                      {
                        "t": "a {it}balanced{/it} diet"
                      }
                    ]
                  ]
                ]
              }
            ],
            [
              "sense",
              {
                "sn": "c",
                "dt": [
                  [
                    "text",
                    "{bc}to bring to a state or position of balance {dx_def}see {dxt|balance:1||2}{/dx_def} "
                  ],
                  [
                    "vis",
                    [
                      {
                        "t": "{it}balanced{/it} the scales by adding a little more on one side"
                      }
                    ]
                  ]
                ]
              }
            ]
          ],
          [
            [
              "pseq",
              [
                [
                  "sense",
                  {
                    "sn": "2 a (1)",
                    "sls": [
                      "accounting"
                    ],
                    "dt": [
                      [
                        "text",
                        "{bc}to compute the difference between the debits and credits of (an account) "
                      ],
                      [
                        "vis",
                        [
                          {
                            "t": "{it}balancing{/it} a company's books"
                          }
                        ]
                      ]
                    ]
                  }
                ],
                [
                  "sense",
                  {
                    "sn": "(2)",
                    "dt": [
                      [
                        "text",
                        "{bc}to pay the amount due on {bc}{sx|settle||} "
                      ],
                      [
                        "vis",
                        [
                          {
                            "t": "sent a check to {wi}balance{/wi} her account"
                          }
                        ]
                      ]
                    ]
                  }
                ]
              ]
            ],
            [
              "pseq",
              [
                [
                  "sense",
                  {
                    "sn": "b (1)",
                    "dt": [
                      [
                        "text",
                        "{bc}to arrange so that one set of elements exactly equals another "
                      ],
                      [
                        "vis",
                        [
                          {
                            "t": "{wi}balance{/wi} a mathematical equation"
                          }
                        ]
                      ]
                    ]
                  }
                ],
                [
                  "sense",
                  {
                    "sn": "(2)",
                    "sls": [
                      "chemistry"
                    ],
                    "dt": [
                      [
                        "text",
                        "{bc}to complete (a chemical equation) so that the same number of atoms and electric charges of each kind appears on each side"
                      ]
                    ]
                  }
                ]
              ]
            ]
          ],
          [
            [
              "sense",
              {
                "sn": "3 a",
                "dt": [
                  [
                    "text",
                    "{bc}{sx|counterbalance||}, {sx|offset||} "
                  ],
                  [
                    "vis",
                    [
                      {
                        "t": "He served black coffee to help {wi}balance{/wi} out the sweetness of the dessert."
                      },
                      {
                        "t": "{wi}balance{/wi} one consideration against another"
                      }
                    ]
                  ]
                ]
              }
            ],
            [
              "sense",
              {
                "sn": "b",
                "dt": [
                  [
                    "text",
                    "{bc}to equal or equalize in weight, number, or proportion "
                  ],
                  [
                    "vis",
                    [
                      {
                        "t": "The good times {it}balanced{/it} the bad times."
                      }
                    ]
                  ]
                ]
              }
            ]
          ],
          [
            [
              "sense",
              {
                "sn": "4",
                "dt": [
                  [
                    "text",
                    "{bc}to weigh in or as if in a balance {dx_def}see {dxt|balance:1||6}{/dx_def} "
                  ],
                  [
                    "vis",
                    [
                      {
                        "t": "{wi}balance{/wi} the profit and loss to see what had been gained"
                      }
                    ]
                  ]
                ]
              }
            ]
          ]
        ]
      },
      {
        "vd": "intransitive verb",
        "sseq": [
          [
            [
              "sense",
              {
                "sn": "1",
                "dt": [
                  [
                    "text",
                    "{bc}to become {a_link|balanced} or established in balance "
                  ],
                  [
                    "vis",
                    [
                      {
                        "t": "Try {it}balancing{/it} on one foot."
                      },
                      {
                        "t": "The good times and bad times {it}balanced{/it} out."
                      }
                    ]
                  ]
                ]
              }
            ]
          ],
          [
            [
              "sense",
              {
                "sn": "2",
                "dt": [
                  [
                    "text",
                    "{bc}to be an equal {d_link|counterbalance|counterbalance:1} "
                  ],
                  [
                    "uns",
                    [
                      [
                        [
                          "text",
                          "often used with {it}out{/it} "
                        ],
                        [
                          "vis",
                          [
                            {
                              "t": "His speed will likely {wi}balance{/wi} out his competitor's greater strength."
                            },
                            {
                              "t": "The discount and the shipping charge {wi}balance{/wi} each other out."
                            }
                          ]
                        ]
                      ]
                    ]
                  ]
                ]
              }
            ]
          ],
          [
            [
              "sense",
              {
                "sn": "3",
                "dt": [
                  [
                    "text",
                    "{bc}{sx|waver||1} "
                  ],
                  [
                    "vis",
                    [
                      {
                        "t": "{wi}balances{/wi} and temporizes on matters that demand action"
                      }
                    ]
                  ]
                ]
              }
            ]
          ]
        ]
      }
    ],
    "et": [
      [
        "text",
        "{dx_ety}see {dxt|balance:1||}{/dx_ety}"
      ]
    ],
    "date": "1588{ds|t|2|a|1}",
    "shortdef": [
      "to poise or arrange in or as if in balance",
      "to bring into harmony or proportion",
      "to bring to a state or position of balance"
    ]
  },
  {
    "meta": {
      "id": "balance beam",
      "uuid": "4ecbc8e6-7e0a-4a13-8088-44230fcb9e36",
      "sort": "020031200",
      "src": "collegiate",
      "section": "alpha",
      "stems": [
        "balance beam",
        "balance beams"
      ],
      "offensive": false
    },
    "hwi": {
      "hw": "balance beam"
    },
    "fl": "noun",
    "def": [
      {
        "sseq": [
          [
            [
              "sense",
              {
                "sn": "1",
                "dt": [
                  [
                    "text",
                    "{bc}a narrow wooden beam supported in a horizontal position approximately four feet above the floor and used for balancing feats in gymnastics"
                  ]
                ]
              }
            ]
          ],
          [
            [
              "sense",
              {
                "sn": "2",
                "dt": [
                  [
                    "text",
                    "{bc}an event in gymnastics competition in which the balance beam is used"
                  ]
                ]
              }
            ]
          ]
        ]
      }
    ],
    "date": "1894{ds||1||}",
    "shortdef": [
      "a narrow wooden beam supported in a horizontal position approximately four feet above the floor and used for balancing feats in gymnastics",
      "an event in gymnastics competition in which the balance beam is used"
    ]
  },
  {
    "meta": {
      "id": "balance of payments",
      "uuid": "ddf05902-4c4a-483f-80b5-1d46e0eff1ef",
      "sort": "020031300",
      "src": "collegiate",
      "section": "alpha",
      "stems": [
        "balance of payments",
        "balances of payments"
      ],
      "offensive": false
    },
    "hwi": {
      "hw": "balance of payments"
    },
    "fl": "noun phrase",
    "def": [
      {
        "sseq": [
          [
            [
              "sense",
              {
                "dt": [
                  [
                    "text",
                    "{bc}a summary of the international transactions of a country or region over a period of time including commodity and service transactions, capital transactions, and gold movements"
                  ]
                ]
              }
            ]
          ]
        ]
      }
    ],
    "date": "1770",
    "shortdef": [
      "a summary of the international transactions of a country or region over a period of time including commodity and service transactions, capital transactions, and gold movements"
    ]
  },
  {
    "meta": {
      "id": "balance of power",
      "uuid": "4c13af4d-53e1-41ef-8ebe-fbb0938af034",
      "sort": "020031400",
      "src": "collegiate",
      "section": "alpha",
      "stems": [
        "balance of power",
        "balances of power"
      ],
      "offensive": false
    },
    "hwi": {
      "hw": "balance of power"
    },
    "fl": "noun phrase",
    "def": [
      {
        "sseq": [
          [
            [
              "sense",
              {
                "dt": [
                  [
                    "text",
                    "{bc}an equilibrium of power sufficient to discourage or prevent one nation or party from imposing its will on or interfering with the interests of another"
                  ]
                ]
              }
            ]
          ]
        ]
      }
    ],
    "date": "1679",
    "shortdef": [
      "an equilibrium of power sufficient to discourage or prevent one nation or party from imposing its will on or interfering with the interests of another"
    ]
  },
  {
    "meta": {
      "id": "balance of trade",
      "uuid": "c4b1acec-f750-414f-a652-c662ecb70f39",
      "sort": "020031500",
      "src": "collegiate",
      "section": "alpha",
      "stems": [
        "balance of trade",
        "balances of trade"
      ],
      "offensive": false
    },
    "hwi": {
      "hw": "balance of trade"
    },
    "fl": "noun phrase",
    "def": [
      {
        "sseq": [
          [
            [
              "sense",
              {
                "dt": [
                  [
                    "text",
                    "{bc}the difference in value over a period of time between a country's imports and exports"
                  ]
                ]
              }
            ]
          ]
        ]
      }
    ],
    "date": "1668",
    "shortdef": [
      "the difference in value over a period of time between a country's imports and exports"
    ]
  },
  {
    "meta": {
      "id": "balance sheet",
      "uuid": "ac1e6550-876e-4d5d-9688-4759a025df26",
      "sort": "020031700",
      "src": "collegiate",
      "section": "alpha",
      "stems": [
        "balance sheet",
        "balance sheets"
      ],
      "offensive": false
    },
    "hwi": {
      "hw": "balance sheet"
    },
    "fl": "noun",
    "def": [
      {
        "sseq": [
          [
            [
              "sense",
              {
                "dt": [
                  [
                    "text",
                    "{bc}a statement of financial condition at a given date"
                  ]
                ]
              }
            ]
          ]
        ]
      }
    ],
    "date": "circa 1771",
    "shortdef": [
      "a statement of financial condition at a given date"
    ]
  },
  {
    "meta": {
      "id": "balance wheel",
      "uuid": "2c9fedb5-c648-4878-a527-518c234bdaaa",
      "sort": "020031800",
      "src": "collegiate",
      "section": "alpha",
      "stems": [
        "balance wheel",
        "balance wheels"
      ],
      "offensive": false
    },
    "hwi": {
      "hw": "balance wheel"
    },
    "fl": "noun",
    "def": [
      {
        "sseq": [
          [
            [
              "sense",
              {
                "sn": "1",
                "dt": [
                  [
                    "text",
                    "{bc}a wheel that regulates or stabilizes the motion of a mechanism"
                  ]
                ]
              }
            ]
          ],
          [
            [
              "sense",
              {
                "sn": "2",
                "dt": [
                  [
                    "text",
                    "{bc}a balancing or stabilizing force"
                  ]
                ]
              }
            ]
          ]
        ]
      }
    ],
    "date": "1669{ds||1||}",
    "shortdef": [
      "a wheel that regulates or stabilizes the motion of a mechanism",
      "a balancing or stabilizing force"
    ]
  },
  {
    "meta": {
      "id": "balance a/the budget",
      "uuid": "369d7eca-769b-47c3-ae44-63444859fd0f",
      "sort": "3001377000",
      "src": "ld",
      "section": "idioms",
      "stems": [
        "balance a budget",
        "balance a/the budget",
        "balance the budget"
      ],
      "offensive": false
    },
    "hwi": {
      "hw": "balance a/the budget"
    },
    "fl": "idiom",
    "def": [
      {
        "sseq": [
          [
            [
              "sense",
              {
                "dt": [
                  [
                    "text",
                    "{bc}to have enough money to provide the amount to be spent "
                  ],
                  [
                    "vis",
                    [
                      {
                        "t": "The government may have to raise taxes to {it}balance the budget{/it}."
                      }
                    ]
                  ]
                ]
              }
            ]
          ]
        ]
      }
    ],
    "shortdef": [
      "to have enough money to provide the amount to be spent"
    ]
  },
  {
    "meta": {
      "id": "balance out",
      "uuid": "d71e96a2-20cb-4ac8-a726-40f7dfda3831",
      "sort": "3001382000",
      "src": "ld",
      "section": "idioms",
      "stems": [
        "balance out",
        "balanced out",
        "balances out",
        "balancing out"
      ],
      "offensive": false
    },
    "hwi": {
      "hw": "balance out"
    },
    "fl": "phrasal verb",
    "ins": [
      {
        "if": "bal*anced out"
      },
      {
        "if": "bal*anc*ing out"
      },
      {
        "if": "bal*anc*es out"
      }
    ],
    "def": [
      {
        "sseq": [
          [
            [
              "sense",
              {
                "sn": "1",
                "dt": [
                  [
                    "text",
                    "{bc}to make (a different or opposite thing) less powerful, noticeable, etc. {bc}to compensate for "
                  ],
                  [
                    "vis",
                    [
                      {
                        "t": "Serve black coffee to help {it}balance out{/it} the sweetness of the dessert."
                      },
                      {
                        "t": "His quickness will {it}balance out{/it} the other fighter's greater strength."
                      }
                    ]
                  ]
                ]
              }
            ]
          ],
          [
            [
              "sense",
              {
                "sn": "2",
                "dt": [
                  [
                    "text",
                    "{bc}to be or become equal or even "
                  ],
                  [
                    "vis",
                    [
                      {
                        "t": "The good times and the bad times {it}balanced out{/it}"
                      }
                    ]
                  ]
                ]
              }
            ]
          ]
        ]
      }
    ],
    "shortdef": [
      "to make (a different or opposite thing) less powerful, noticeable, etc. : to compensate for",
      "to be or become equal or even"
    ]
  }
]