[
  {
    "meta": {
      "id": "behavior",
      "uuid": "d51b7e44-0206-4d3f-9d71-67e426b193a4",
      "sort": "020141600",
      "src": "collegiate",
      "section": "alpha",
      "stems": [
        "behavior",
        "behaviors",
        "behaviour",
        "behaviours"
      ],
      "offensive": false
    },
    "hwi": {
      "hw": "be*hav*ior",
      "prs": [
        {
          "mw": "bi-\u02c8h\u0101-vy\u0259r",
          "sound": {
            "audio": "behavi01",
            "ref": "c",
            "stat": "1"
          }
        },
        {
          "mw": "b\u0113-"
        }
      ]
    },
    "fl": "noun",
    "def": [
      {
        "sseq": [
          [
            [
              "sense",
              {
                "sn": "1",
                "dt": [
                  [
                    "text",
                    "{bc}the way in which someone conducts oneself or behaves {dx_def}see {dxt|behave||1}{/dx_def} "
                  ],
                  [
                    "vis",
                    [
                      {
                        "t": "We were grateful for the gracious {wi}behavior{/wi} of our hostess."
                      },
                      {
                        "t": "The children were rewarded for good {wi}behavior{/wi}."
                      },
                      {
                        "t": "Be on your best {wi}behavior{/wi}."
                      }
                    ]
                  ]
                ],
                "sdsense": {
                  "sd": "also",
                  "dt": [
                    [
                      "text",
                      "{bc}an instance of such behavior "
                    ],
                    [
                      "vis",
                      [
                        {
                          "t": "unacceptable social {wi}behaviors{/wi}"
                        }
                      ]
                    ]
                  ]
                }
              }
            ]
          ],
          [
            [
              "sense",
              {
                "sn": "2 a",
                "dt": [
                  [
                    "text",
                    "{bc}the manner of conducting {dx_def}see {dxt|conduct:1||2}{/dx_def} oneself "
                  ],
                  [
                    "vis",
                    [
                      {
                        "t": "criminal {wi}behavior{/wi}"
                      },
                      {
                        "t": "normal adolescent {wi}behavior{/wi}"
                      }
                    ]
                  ]
                ]
              }
            ],
            [
              "sense",
              {
                "sn": "b",
                "dt": [
                  [
                    "text",
                    "{bc}anything that an organism does involving action and response to stimulation"
                  ]
                ]
              }
            ],
            [
              "sense",
              {
                "sn": "c",
                "dt": [
                  [
                    "text",
                    "{bc}the response of an individual, group, or species to its environment "
                  ],
                  [
                    "vis",
                    [
                      {
                        "t": "They are studying the {wi}behavior{/wi} of elephants in the wild."
                      }
                    ]
                  ]
                ]
              }
            ]
          ],
          [
            [
              "sense",
              {
                "sn": "3",
                "dt": [
                  [
                    "text",
                    "{bc}the way in which something functions or operates "
                  ],
                  [
                    "vis",
                    [
                      {
                        "t": "They tested the {wi}behavior{/wi} of various metals under heat and pressure."
                      }
                    ]
                  ]
                ]
              }
            ]
          ]
        ]
      }
    ],
    "et": [
      [
        "text",
        "alteration of Middle English {it}behavour{/it}, from {it}behaven{/it} \"to {et_link|behave|behave}\" + {it}-our{/it} {et_link|-or:2|-or:2}"
      ]
    ],
    "date": "15th century{ds||2|a|}",
    "shortdef": [
      "the way in which someone conducts oneself or behaves; also : an instance of such behavior",
      "the manner of conducting oneself",
      "anything that an organism does involving action and response to stimulation"
    ]
  },
  {
    "meta": {
      "id": "behaviour",
      "uuid": "b9217f5c-44bb-4783-b9cb-f0c2b400efd3",
      "sort": "020142100",
      "src": "collegiate",
      "section": "alpha",
      "stems": [
        "behavior",
        "behaviorism",
        "behaviorist",
        "behaviour",
        "behaviourism",
        "behaviourisms",
        "behaviourist",
        "behaviourists",
        "behaviours"
      ],
      "offensive": false
    },
    "hwi": {
      "hw": "be*hav*iour"
    },
    "ahws": [
      {
        "hw": "be*hav*iour*ism"
      },
      {
        "hw": "be*hav*iour*ist"
      }
    ],
    "cxs": [
      {
        "cxl": "chiefly British spellings of",
        "cxtis": [
          {
            "cxt": "behavior"
          },
          {
            "cxt": "behaviorism"
          },
          {
            "cxt": "behaviorist"
          }
        ]
      }
    ],
    "shortdef": []
  },
  {
    "meta": {
      "id": "behavior therapy",
      "uuid": "7724e567-3fb2-41c1-b764-90ce6814339f",
      "sort": "020142000",
      "src": "collegiate",
      "section": "alpha",
      "stems": [
        "behavior modification",
        "behavior modifications",
        "behavior therapies",
        "behavior therapist",
        "behavior therapists",
        "behavior therapy",
        "behavioral modification",
        "behavioral modifications",
        "behavioral therapies",
        "behavioral therapist",
        "behavioral therapists",
        "behavioral therapy"
      ],
      "offensive": false
    },
    "hwi": {
      "hw": "behavior therapy"
    },
    "vrs": [
      {
        "vl": "or",
        "va": "behavioral therapy"
      },
      {
        "vl": "or",
        "va": "behavior modification"
      },
      {
        "vl": "or",
        "va": "behavioral modification"
      }
    ],
    "fl": "noun",
    "def": [
      {
        "sseq": [
          [
            [
              "sense",
              {
                "dt": [
                  [
                    "text",
                    "{bc}psychotherapy that is concerned with the treatment (as by desensitization or aversion therapy) of observable behaviors rather than underlying psychological processes and that applies principles of learning to substitute desirable responses and behavior patterns for undesirable ones (such as phobias or obsessions) {dx}compare {dxt|cognitive therapy|cognitive therapy|}{/dx}"
                  ]
                ]
              }
            ]
          ]
        ]
      }
    ],
    "uros": [
      {
        "ure": "behavior therapist",
        "vrs": [
          {
            "vl": "or",
            "va": "behavioral therapist"
          }
        ],
        "fl": "noun"
      }
    ],
    "date": "1937",
    "shortdef": [
      "psychotherapy that is concerned with the treatment (as by desensitization or aversion therapy) of observable behaviors rather than underlying psychological processes and that applies principles of learning to substitute desirable responses and behavior patterns for undesirable ones (such as phobias or obsessions)"
    ]
  },
  {
    "meta": {
      "id": "for good behavior",
      "uuid": "3dbb6e63-9b3c-4752-80e5-78a9842fc2e4",
      "sort": "3006393000",
      "src": "ld",
      "section": "idioms",
      "stems": [
        "for good behavior"
      ],
      "offensive": false
    },
    "hwi": {
      "hw": "for good behavior"
    },
    "fl": "idiom",
    "def": [
      {
        "sseq": [
          [
            [
              "sense",
              {
                "dt": [
                  [
                    "text",
                    "{bc}because of having not caused problems "
                  ],
                  [
                    "vis",
                    [
                      {
                        "t": "Inmates may be released from prison early {it}for good behavior{/it}."
                      }
                    ]
                  ]
                ]
              }
            ]
          ]
        ]
      }
    ],
    "shortdef": [
      "because of having not caused problems"
    ]
  },
  {
    "meta": {
      "id": "on one's best behavior",
      "uuid": "9f3bd387-1042-4642-9a21-c8870b115983",
      "sort": "3013591000",
      "src": "ld",
      "section": "idioms",
      "stems": [
        "on her best behavior",
        "on his best behavior",
        "on one's best behavior",
        "on their best behavior"
      ],
      "offensive": false
    },
    "hwi": {
      "hw": "on one's best behavior"
    },
    "fl": "idiom",
    "def": [
      {
        "sseq": [
          [
            [
              "sense",
              {
                "dt": [
                  [
                    "text",
                    "{bc}behaving very politely and well "
                  ],
                  [
                    "vis",
                    [
                      {
                        "t": "The children promised to be {it}on their best behavior{/it}."
                      }
                    ]
                  ]
                ]
              }
            ]
          ]
        ]
      }
    ],
    "shortdef": [
      "behaving very politely and well"
    ]
  },
  {
    "meta": {
      "id": "on their best behavior",
      "uuid": "f4c34e9a-b844-43c3-96d8-d0a80535c657",
      "sort": "3013752000",
      "src": "ld",
      "section": "idioms",
      "stems": [
        "on their best behavior"
      ],
      "offensive": false
    },
    "hwi": {
      "hw": "on their best behavior"
    },
    "fl": "idiom",
    "def": [
      {
        "sseq": [
          [
            [
              "sense",
              {
                "dt": [
                  [
                    "text",
                    "{bc}exhibiting proper behavior "
                  ],
                  [
                    "vis",
                    [
                      {
                        "t": "The children were all {it}on their best behavior{/it} at the museum."
                      }
                    ]
                  ]
                ]
              }
            ]
          ]
        ]
      }
    ],
    "shortdef": [
      "exhibiting proper behavior"
    ]
  },
  {
    "meta": {
      "id": "cognitive behavioral therapy",
      "uuid": "0c6df6db-21f6-4bd6-a7ba-c291869de37a",
      "sort": "035421150",
      "src": "collegiate",
      "section": "alpha",
      "stems": [
        "cognitive behavior therapy",
        "cognitive behavioral therapy"
      ],
      "offensive": false
    },
    "hwi": {
      "hw": "cognitive behavioral therapy"
    },
    "vrs": [
      {
        "vl": "or less commonly",
        "va": "cognitive behavior therapy"
      }
    ],
    "fl": "noun",
    "def": [
      {
        "sseq": [
          [
            [
              "sense",
              {
                "dt": [
                  [
                    "text",
                    "{bc}psychotherapy that combines {d_link|cognitive therapy|cognitive therapy} with {d_link|behavior therapy|behavior therapy} by identifying faulty or maladaptive patterns of thinking, emotional response, or behavior and substituting them with desirable patterns of thinking, emotional response, or behavior "
                  ],
                  [
                    "uns",
                    [
                      [
                        [
                          "text",
                          "abbreviation {it}CBT{/it}"
                        ]
                      ]
                    ]
                  ],
                  [
                    "snote",
                    [
                      [
                        "t",
                        "Cognitive behavioral therapy is used in the treatment of various mental and emotional disorders including depression, anxiety, anorexia, and substance abuse. {it}Cognitive therapy{/it} and {it}cognitive behavioral therapy{/it} are often used interchangeably."
                      ]
                    ]
                  ],
                  [
                    "vis",
                    [
                      {
                        "t": "{wi}Cognitive behavioral therapy{/wi} prods patients to do things that will make them feel a sense of accomplishment and connection, and to avoid interpreting situations as being worse than they are.",
                        "aq": {
                          "auth": "David H. Freedman"
                        }
                      },
                      {
                        "t": "The most scientifically studied technique, {wi}cognitive behavior therapy{/wi}, teaches people to identify and dispute self-degrading thoughts \u2026 that can feed on themselves and cause people to sink into despair.",
                        "aq": {
                          "auth": "Benedict Carey"
                        }
                      }
                    ]
                  ]
                ]
              }
            ]
          ]
        ]
      }
    ],
    "date": "1975",
    "shortdef": [
      "psychotherapy that combines cognitive therapy with behavior therapy by identifying faulty or maladaptive patterns of thinking, emotional response, or behavior and substituting them with desirable patterns of thinking, emotional response, or behavior \u2014abbreviation CBT"
    ]
  },
  {
    "meta": {
      "id": "displacement",
      "uuid": "66602460-3f0d-4337-9719-f92dc939e6aa",
      "sort": "042759000",
      "src": "collegiate",
      "section": "alpha",
      "stems": [
        "displacement",
        "displacement activity",
        "displacement behavior",
        "displacements"
      ],
      "offensive": false
    },
    "hwi": {
      "hw": "dis*place*ment",
      "prs": [
        {
          "mw": "(\u02cc)dis-\u02c8pl\u0101-sm\u0259nt",
          "sound": {
            "audio": "displa03",
            "ref": "c",
            "stat": "1"
          }
        },
        {
          "mw": "di-\u02c8spl\u0101-"
        }
      ]
    },
    "fl": "noun",
    "def": [
      {
        "sseq": [
          [
            [
              "sense",
              {
                "sn": "1",
                "dt": [
                  [
                    "text",
                    "{bc}the act or process of {d_link|displacing|displace} {bc}the state of being displaced "
                  ],
                  [
                    "vis",
                    [
                      {
                        "t": "a storm that caused the {wi}displacement{/wi} of thousands of people"
                      }
                    ]
                  ]
                ]
              }
            ]
          ],
          [
            [
              "sense",
              {
                "sn": "2 a",
                "sls": [
                  "physics"
                ],
                "dt": [
                  [
                    "text",
                    "{bc}the volume or weight of a fluid (such as water) displaced {dx_def}see {dxt|displace||2a}{/dx_def} by a floating body (such as a ship) of equal weight"
                  ]
                ]
              }
            ],
            [
              "sense",
              {
                "sn": "b",
                "dt": [
                  [
                    "text",
                    "{bc}the difference between the initial position of something (such as a body or geometric figure) and any later position"
                  ]
                ]
              }
            ],
            [
              "sense",
              {
                "sn": "c",
                "sls": [
                  "mechanical engineering"
                ],
                "dt": [
                  [
                    "text",
                    "{bc}the volume displaced by a {d_link|piston|piston} (as in a pump or an engine) in a single stroke"
                  ]
                ],
                "sdsense": {
                  "sd": "also",
                  "sls": [
                    "automotive vehicles"
                  ],
                  "dt": [
                    [
                      "text",
                      "{bc}the total volume so displaced by all the pistons in an {d_link|internal combustion engine|internal combustion engine}"
                    ]
                  ]
                }
              }
            ]
          ],
          [
            [
              "sen",
              {
                "sn": "3",
                "sls": [
                  "psychology"
                ]
              }
            ],
            [
              "sense",
              {
                "sn": "a",
                "dt": [
                  [
                    "text",
                    "{bc}the redirection of an emotion or impulse from its original object (such as an idea or person) to another "
                  ],
                  [
                    "vis",
                    [
                      {
                        "t": "the {wi}displacement{/wi} of his emotions"
                      }
                    ]
                  ]
                ]
              }
            ],
            [
              "sense",
              {
                "sn": "b",
                "dt": [
                  [
                    "text",
                    "{bc}the substitution of another form of behavior for what is usual or expected especially when the usual response is nonadaptive or socially inappropriate "
                  ],
                  [
                    "ca",
                    {
                      "intro": "called also",
                      "cats": [
                        {
                          "cat": "displacement activity"
                        },
                        {
                          "cat": "displacement behavior"
                        }
                      ]
                    }
                  ]
                ]
              }
            ]
          ]
        ]
      }
    ],
    "et": [
      [
        "text",
        "{dx_ety}see {dxt|displace||}{/dx_ety}"
      ]
    ],
    "date": "1611{ds||1||}",
    "shortdef": [
      "the act or process of displacing : the state of being displaced",
      "the volume or weight of a fluid (such as water) displaced by a floating body (such as a ship) of equal weight",
      "the difference between the initial position of something (such as a body or geometric figure) and any later position"
    ]
  }
]