[
  {
    "meta": {
      "id": "binocular:1",
      "uuid": "4a399d77-c892-457f-8fff-199405ec75cb",
      "sort": "020217700",
      "src": "collegiate",
      "section": "alpha",
      "stems": [
        "binocular",
        "binocularities",
        "binocularity",
        "binocularly"
      ],
      "offensive": false
    },
    "hom": 1,
    "hwi": {
      "hw": "bin*oc*u*lar",
      "prs": [
        {
          "mw": "b\u012b-\u02c8n\u00e4-ky\u0259-l\u0259r",
          "sound": {
            "audio": "binocu01",
            "ref": "c",
            "stat": "1"
          }
        },
        {
          "mw": "b\u0259-"
        }
      ]
    },
    "fl": "adjective",
    "def": [
      {
        "sseq": [
          [
            [
              "sense",
              {
                "dt": [
                  [
                    "text",
                    "{bc}of, relating to, using, or adapted to the use of both eyes"
                  ]
                ]
              }
            ]
          ]
        ]
      }
    ],
    "uros": [
      {
        "ure": "bin*oc*u*lar*i*ty",
        "prs": [
          {
            "mw": "(\u02cc)b\u012b-\u02ccn\u00e4-ky\u0259-\u02c8ler-\u0259-t\u0113",
            "sound": {
              "audio": "binocu02",
              "ref": "c",
              "stat": "1"
            }
          },
          {
            "mw": "-\u02c8la-r\u0259-"
          },
          {
            "mw": "b\u0259-"
          }
        ],
        "fl": "noun"
      },
      {
        "ure": "bin*oc*u*lar*ly",
        "prs": [
          {
            "mw": "b\u012b-\u02c8n\u00e4-ky\u0259-l\u0259r-l\u0113",
            "sound": {
              "audio": "binocu03",
              "ref": "c",
              "stat": "1"
            }
          },
          {
            "mw": "b\u0259-"
          }
        ],
        "fl": "adverb"
      }
    ],
    "date": "1679",
    "shortdef": [
      "of, relating to, using, or adapted to the use of both eyes"
    ]
  },
  {
    "meta": {
      "id": "binocular:2",
      "uuid": "be566e1b-31b8-4f43-bc6a-6ba3024b4923",
      "sort": "020217800",
      "src": "collegiate",
      "section": "alpha",
      "stems": [
        "binocular",
        "binoculars"
      ],
      "offensive": false
    },
    "hom": 2,
    "hwi": {
      "hw": "bin*oc*u*lar",
      "prs": [
        {
          "mw": "b\u0259-\u02c8n\u00e4-ky\u0259-l\u0259r",
          "sound": {
            "audio": "binocu04",
            "ref": "c",
            "stat": "1"
          }
        },
        {
          "mw": "b\u012b-"
        }
      ]
    },
    "fl": "noun",
    "def": [
      {
        "sseq": [
          [
            [
              "sense",
              {
                "sn": "1",
                "dt": [
                  [
                    "text",
                    "{bc}a binocular optical instrument"
                  ]
                ]
              }
            ]
          ],
          [
            [
              "sense",
              {
                "sn": "2",
                "dt": [
                  [
                    "text",
                    "{bc}a handheld optical instrument composed of two telescopes and a focusing device and usually having prisms to increase magnifying ability "
                  ],
                  [
                    "uns",
                    [
                      [
                        [
                          "text",
                          "usually used in plural"
                        ]
                      ]
                    ]
                  ]
                ]
              }
            ]
          ]
        ]
      }
    ],
    "date": "1861{ds||1||}",
    "shortdef": [
      "a binocular optical instrument",
      "a handheld optical instrument composed of two telescopes and a focusing device and usually having prisms to increase magnifying ability \u2014usually used in plural"
    ]
  }
]