[
  {
    "meta": {
      "id": "bubble:1",
      "uuid": "ae510234-75a4-4dd0-b053-a36703cdb109",
      "sort": "020457300",
      "src": "collegiate",
      "section": "alpha",
      "stems": [
        "bubble",
        "bubbles",
        "burst her bubble",
        "burst her bubbles",
        "burst his bubble",
        "burst his bubbles",
        "burst my bubble",
        "burst my bubbles",
        "burst one's bubble",
        "burst one's bubbles",
        "burst someone's bubble",
        "burst someone's bubbles",
        "burst their bubble",
        "burst their bubbles",
        "burst your bubble",
        "burst your bubbles",
        "bursting her bubble",
        "bursting her bubbles",
        "bursting his bubble",
        "bursting his bubbles",
        "bursting my bubble",
        "bursting my bubbles",
        "bursting one's bubble",
        "bursting one's bubbles",
        "bursting someone's bubble",
        "bursting someone's bubbles",
        "bursting their bubble",
        "bursting their bubbles",
        "bursting your bubble",
        "bursting your bubbles",
        "bursts her bubble",
        "bursts her bubbles",
        "bursts his bubble",
        "bursts his bubbles",
        "bursts my bubble",
        "bursts my bubbles",
        "bursts one's bubble",
        "bursts one's bubbles",
        "bursts someone's bubble",
        "bursts someone's bubbles",
        "bursts their bubble",
        "bursts their bubbles",
        "bursts your bubble",
        "bursts your bubbles",
        "on the bubble"
      ],
      "offensive": false
    },
    "hom": 1,
    "hwi": {
      "hw": "bub*ble",
      "prs": [
        {
          "mw": "\u02c8b\u0259-b\u0259l",
          "sound": {
            "audio": "bubble01",
            "ref": "c",
            "stat": "1"
          }
        }
      ]
    },
    "fl": "noun",
    "ins": [
      {
        "il": "plural",
        "if": "bub*bles"
      }
    ],
    "def": [
      {
        "sseq": [
          [
            [
              "bs",
              {
                "sense": {
                  "sn": "1",
                  "dt": [
                    [
                      "text",
                      "{bc}a small globule that is typically hollow and light: such as"
                    ]
                  ]
                }
              }
            ],
            [
              "sense",
              {
                "sn": "a",
                "dt": [
                  [
                    "text",
                    "{bc}a small body of gas within a liquid "
                  ],
                  [
                    "vis",
                    [
                      {
                        "t": "air {wi}bubbles{/wi} in the water"
                      },
                      {
                        "t": "{wi}bubbles{/wi} rising in champagne"
                      }
                    ]
                  ]
                ]
              }
            ],
            [
              "sense",
              {
                "sn": "b",
                "dt": [
                  [
                    "text",
                    "{bc}a thin film of liquid inflated with air or gas "
                  ],
                  [
                    "vis",
                    [
                      {
                        "t": "soap {wi}bubbles{/wi}"
                      }
                    ]
                  ]
                ]
              }
            ],
            [
              "sense",
              {
                "sn": "c",
                "dt": [
                  [
                    "text",
                    "{bc}a globule in a transparent solid "
                  ],
                  [
                    "vis",
                    [
                      {
                        "t": "\u2026 the {wi}bubbles{/wi} and blisters typical of 19th century glass.",
                        "aq": {
                          "source": "{it}Packaging Magazine{/it}"
                        }
                      }
                    ]
                  ]
                ]
              }
            ],
            [
              "sense",
              {
                "sn": "d",
                "dt": [
                  [
                    "text",
                    "{bc}something (such as a plastic or inflatable structure) that is {d_link|hemispherical|hemispheric} or {d_link|semicylindrical|semicylindrical} "
                  ],
                  [
                    "vis",
                    [
                      {
                        "t": "With the ground apt to warm up to 110 degrees or so, and a greenhouse effect inside the glass {wi}bubble{/wi} of the cockpit, \u2026 the pilot has to endure temperatures that may exceed 120 degrees.",
                        "aq": {
                          "auth": "Laurence Gonzales"
                        }
                      }
                    ]
                  ]
                ]
              }
            ]
          ],
          [
            [
              "sense",
              {
                "sn": "2 a",
                "dt": [
                  [
                    "text",
                    "{bc}something that lacks firmness, solidity, or reality "
                  ],
                  [
                    "vis",
                    [
                      {
                        "t": "A dream of what thou wast \u2026 a breath, a {wi}bubble{/wi} \u2026",
                        "aq": {
                          "auth": "William Shakespeare"
                        }
                      }
                    ]
                  ]
                ]
              }
            ],
            [
              "sense",
              {
                "sn": "b",
                "dt": [
                  [
                    "text",
                    "{bc}a delusive or fraudulent scheme or undertaking "
                  ],
                  [
                    "uns",
                    [
                      [
                        [
                          "text",
                          "often used in the capitalized names of specific bubbles "
                        ],
                        [
                          "vis",
                          [
                            {
                              "t": "At about the same time as the South Sea episode, France was going through a financial lunacy of its own, the so-called Mississippi {wi}Bubble{/wi}. Stocks in a fanciful scheme for developing the Louisiana wilderness rose so rapidly that, in 1719, an investment of a few thousand livres yielded millions in a matter of weeks.",
                              "aq": {
                                "auth": "Kevin Jackson"
                              }
                            }
                          ]
                        ]
                      ]
                    ]
                  ]
                ]
              }
            ]
          ],
          [
            [
              "sense",
              {
                "sn": "3",
                "dt": [
                  [
                    "text",
                    "{bc}a sound of or like that of bubbling or gurgling liquid "
                  ],
                  [
                    "vis",
                    [
                      {
                        "t": "{wi}bubbles{/wi} of laughter"
                      },
                      {
                        "t": "The pauses in the dull beating of the surf were filled up by \u2026 the cold faint {wi}bubble{/wi} of the brook over its stony bed.",
                        "aq": {
                          "auth": "Wilkie Collins"
                        }
                      }
                    ]
                  ]
                ]
              }
            ]
          ],
          [
            [
              "sense",
              {
                "sn": "4",
                "dt": [
                  [
                    "text",
                    "{bc}{sx|magnetic bubble||}"
                  ]
                ]
              }
            ]
          ],
          [
            [
              "sense",
              {
                "sn": "5",
                "dt": [
                  [
                    "text",
                    "{bc}a state of booming economic activity (as in a stock market) that often ends in a sudden collapse "
                  ],
                  [
                    "vis",
                    [
                      {
                        "t": "With Wall Street otherwise limping along, the health-care industry is making investment bankers feel better than they have since the tech {wi}bubble{/wi} burst.",
                        "aq": {
                          "auth": "Linda Stern"
                        }
                      },
                      {
                        "t": "\u2026 the housing {wi}bubble{/wi}, which allowed working-class and middle-class families to raise their standard of living despite income stagnation or downward job mobility.",
                        "aq": {
                          "auth": "Don Peck"
                        }
                      }
                    ]
                  ]
                ]
              }
            ]
          ],
          [
            [
              "sense",
              {
                "sn": "6",
                "dt": [
                  [
                    "text",
                    "{bc}the condition of being at risk of exclusion or replacement (as from a tournament) "
                  ],
                  [
                    "uns",
                    [
                      [
                        [
                          "text",
                          "usually used in the phrase {phrase}on the bubble{/phrase} "
                        ],
                        [
                          "vis",
                          [
                            {
                              "t": "teams still {wi}on the bubble{/wi} for the playoffs"
                            }
                          ]
                        ]
                      ]
                    ]
                  ]
                ]
              }
            ]
          ],
          [
            [
              "sense",
              {
                "sn": "7 a",
                "dt": [
                  [
                    "text",
                    "{bc}an enclosed or isolated sphere of experience or activity in which the like-minded members of a homogeneous community support and reinforce their shared opinions "
                  ],
                  [
                    "vis",
                    [
                      {
                        "t": "the liberal/conservative {wi}bubble{/wi}"
                      },
                      {
                        "t": "Countless people \u2026 complain that Facebook employees are increasingly living in a {wi}bubble{/wi}.",
                        "aq": {
                          "auth": "Nick Bilton"
                        }
                      }
                    ]
                  ]
                ]
              }
            ],
            [
              "sense",
              {
                "sn": "b",
                "dt": [
                  [
                    "text",
                    "{bc}a usually small group of people (such as family members, friends, coworkers, or classmates) who regularly interact closely with one another but with few or no others in order to minimize exposure and reduce the transmission of infection during an outbreak of a contagious disease {bc}{sx|pod:4||2} "
                  ],
                  [
                    "vis",
                    [
                      {
                        "t": "A quarantine {wi}bubble{/wi} is a group of individuals or families whose members have been safely quarantining and who can now start hanging out with other observant groups, so long as the families observe safety guidelines and agree to be exclusive.",
                        "aq": {
                          "auth": "Jennifer Weiner"
                        }
                      },
                      {
                        "t": "If students suspect that they have the virus or test positive, they will move into a separate isolation housing complex, and university officials will trace their contacts. After the second round of testing, students will be expected to remain in designated cohorts or social {wi}bubbles{/wi}, limiting contact with others.",
                        "aq": {
                          "auth": "Danielle Echeverria"
                        }
                      }
                    ]
                  ]
                ]
              }
            ],
            [
              "sense",
              {
                "sn": "c",
                "dt": [
                  [
                    "text",
                    "{bc}an area within which sports teams stay isolated from the general public during a series of scheduled games so as to prevent exposure to disease and that includes accommodations, amenities, and the location at which the games are held "
                  ],
                  [
                    "vis",
                    [
                      {
                        "t": "In the days leading up to the NBA's Florida reboot, New Orleans Pelicans guard JJ Redick contemplated what provisions to bring for a stay in the Orlando {wi}bubble{/wi} that would last at least five weeks. He initially focused only on the necessities and packed light. Then on July 8, once he arrived with the Pelicans at their appointed hotel, the Yacht Club, Redick gauged his room and hotel amenities.",
                        "aq": {
                          "auth": "Baxter Holmes"
                        }
                      },
                      {
                        "t": "The NHL {ldquo}{wi}bubble{/wi}{rdquo} consists of limited areas in two hub cities\u2014Edmonton and Toronto\u2014where team personnel will be required to remain as the league tries to prevent the spread of COVID-19. Each club is taking up one floor in a designated hotel. Other access areas include arenas, practice facilities, dining destinations (hotel restaurants and bars, and conference areas where food is brought in) and {ldquo}other demarcated areas (indoor and outdoor),{rdquo} according to the league's Phase 4 protocols.",
                        "aq": {
                          "auth": "Tom Gatto"
                        }
                      }
                    ]
                  ]
                ]
              }
            ],
            [
              "sense",
              {
                "sn": "d",
                "dt": [
                  [
                    "text",
                    "{bc}a series of scheduled games that is played between sports teams staying in a bubble "
                  ],
                  [
                    "vis",
                    [
                      {
                        "t": "Oklahoma City \u2026 has already clinched a playoff spot and is 3-3 in the {wi}bubble{/wi}.",
                        "aq": {
                          "source": "{it}Reuters{/it}"
                        }
                      }
                    ]
                  ]
                ]
              }
            ]
          ]
        ]
      }
    ],
    "dros": [
      {
        "drp": "burst someone's bubble",
        "def": [
          {
            "sseq": [
              [
                [
                  "sense",
                  {
                    "sls": [
                      "informal"
                    ],
                    "dt": [
                      [
                        "text",
                        "{bc}to cause someone to suddenly realize that something believed, trusted, or admired is not really true, good, etc. "
                      ],
                      [
                        "vis",
                        [
                          {
                            "t": "I hate to {wi}burst your bubble{/wi} high school seniors, but, for most of you, the dreaded cafeteria food isn't going to get any better.",
                            "aq": {
                              "auth": "Sarah Tarr"
                            }
                          }
                        ]
                      ]
                    ]
                  }
                ]
              ]
            ]
          }
        ]
      }
    ],
    "et": [
      [
        "text",
        "Middle English {it}bobel{/it}"
      ]
    ],
    "date": "14th century{ds||1||}",
    "shortdef": [
      "a small globule that is typically hollow and light: such as",
      "a small body of gas within a liquid",
      "a thin film of liquid inflated with air or gas"
    ]
  },
  {
    "meta": {
      "id": "bubble:2",
      "uuid": "f599ae92-30c0-41c2-a197-15ad49269ec2",
      "sort": "020457400",
      "src": "collegiate",
      "section": "alpha",
      "stems": [
        "bubble",
        "bubbled",
        "bubbles",
        "bubbling"
      ],
      "offensive": false
    },
    "hom": 2,
    "hwi": {
      "hw": "bubble"
    },
    "fl": "verb",
    "ins": [
      {
        "if": "bub*bled"
      },
      {
        "if": "bub*bling",
        "prs": [
          {
            "mw": "\u02c8b\u0259-b(\u0259-)li\u014b",
            "sound": {
              "audio": "bubble02",
              "ref": "c",
              "stat": "1"
            }
          }
        ]
      }
    ],
    "def": [
      {
        "vd": "intransitive verb",
        "sseq": [
          [
            [
              "sense",
              {
                "sn": "1 a",
                "dt": [
                  [
                    "text",
                    "{bc}to form or produce bubbles"
                  ]
                ]
              }
            ],
            [
              "sense",
              {
                "sn": "b",
                "dt": [
                  [
                    "text",
                    "{bc}to rise in or as if in bubbles "
                  ],
                  [
                    "uns",
                    [
                      [
                        [
                          "text",
                          "usually used with {it}up{/it}"
                        ]
                      ]
                    ]
                  ]
                ]
              }
            ]
          ],
          [
            [
              "sense",
              {
                "sn": "2",
                "dt": [
                  [
                    "text",
                    "{bc}to flow with a gurgling sound "
                  ],
                  [
                    "vis",
                    [
                      {
                        "t": "a brook {it}bubbling{/it} over rocks"
                      }
                    ]
                  ]
                ]
              }
            ]
          ],
          [
            [
              "sense",
              {
                "sn": "3 a",
                "dt": [
                  [
                    "text",
                    "{bc}to become lively or effervescent "
                  ],
                  [
                    "vis",
                    [
                      {
                        "t": "{it}bubbling{/it} with good humor"
                      }
                    ]
                  ]
                ]
              }
            ],
            [
              "sense",
              {
                "sn": "b",
                "dt": [
                  [
                    "text",
                    "{bc}to speak in a lively and fluent manner"
                  ]
                ]
              }
            ]
          ]
        ]
      },
      {
        "vd": "transitive verb",
        "sseq": [
          [
            [
              "sense",
              {
                "sn": "1",
                "dt": [
                  [
                    "text",
                    "{bc}to utter (something) effervescently"
                  ]
                ]
              }
            ]
          ],
          [
            [
              "sense",
              {
                "sn": "2",
                "dt": [
                  [
                    "text",
                    "{bc}to cause to bubble"
                  ]
                ]
              }
            ]
          ]
        ]
      }
    ],
    "date": "15th century{ds|i|1|a|}",
    "shortdef": [
      "to form or produce bubbles",
      "to rise in or as if in bubbles \u2014usually used with up",
      "to flow with a gurgling sound"
    ]
  },
  {
    "meta": {
      "id": "blow bubbles",
      "uuid": "28a43252-07f3-4a33-9e09-c0ca6a520e39",
      "sort": "3002038000",
      "src": "ld",
      "section": "idioms",
      "stems": [
        "blow bubbles"
      ],
      "offensive": false
    },
    "hwi": {
      "hw": "blow bubbles"
    },
    "fl": "idiom",
    "def": [
      {
        "sseq": [
          [
            [
              "sense",
              {
                "dt": [
                  [
                    "text",
                    "{bc}to make soap bubbles by blowing air through a thin layer of soap "
                  ],
                  [
                    "vis",
                    [
                      {
                        "t": "The children were {it}blowing bubbles{/it}."
                      }
                    ]
                  ]
                ]
              }
            ]
          ]
        ]
      }
    ],
    "shortdef": [
      "to make soap bubbles by blowing air through a thin layer of soap"
    ]
  },
  {
    "meta": {
      "id": "filter bubble",
      "uuid": "10888555-9588-4632-9916-3f242a60c7b7",
      "sort": "061268250",
      "src": "collegiate",
      "section": "alpha",
      "stems": [
        "filter bubble",
        "filter bubbles"
      ],
      "offensive": false
    },
    "hwi": {
      "hw": "filter bubble"
    },
    "fl": "noun",
    "def": [
      {
        "sseq": [
          [
            [
              "sense",
              {
                "dt": [
                  [
                    "text",
                    "{bc}an environment and especially an online environment in which people are exposed only to opinions and information that conform to their existing beliefs "
                  ],
                  [
                    "vis",
                    [
                      {
                        "t": "As Facebook users around the world are coming to understand, some of their favorite technologies can be used against them. \u2026 People's {wi}filter bubbles{/wi} are filled with carefully tailored information\u2014and misinformation\u2014altering their behavior and thinking, and even their votes.",
                        "aq": {
                          "auth": "Elissa Redmiles"
                        }
                      }
                    ]
                  ]
                ]
              }
            ]
          ]
        ]
      }
    ],
    "date": "2010",
    "shortdef": [
      "an environment and especially an online environment in which people are exposed only to opinions and information that conform to their existing beliefs"
    ]
  },
  {
    "meta": {
      "id": "hubble-bubble",
      "uuid": "cfe48aa1-89bf-4144-acfe-b79dc18b840c",
      "sort": "080295000",
      "src": "collegiate",
      "section": "alpha",
      "stems": [
        "hubble-bubble",
        "hubble-bubbles"
      ],
      "offensive": false
    },
    "hwi": {
      "hw": "hub*ble-bub*ble",
      "prs": [
        {
          "mw": "\u02c8h\u0259-b\u0259l-\u02ccb\u0259-b\u0259l",
          "sound": {
            "audio": "hubble01",
            "ref": "c",
            "stat": "1"
          }
        }
      ]
    },
    "fl": "noun",
    "def": [
      {
        "sseq": [
          [
            [
              "sense",
              {
                "sn": "1",
                "dt": [
                  [
                    "text",
                    "{bc}{sx|water pipe||2}"
                  ]
                ]
              }
            ]
          ],
          [
            [
              "sense",
              {
                "sn": "2",
                "dt": [
                  [
                    "text",
                    "{bc}a flurry of sound or activity {bc}{sx|commotion||}"
                  ]
                ]
              }
            ]
          ]
        ]
      }
    ],
    "et": [
      [
        "text",
        "reduplication of {it}bubble{/it}"
      ]
    ],
    "date": "1634{ds||1||}",
    "shortdef": [
      "water pipe",
      "a flurry of sound or activity : commotion"
    ]
  },
  {
    "meta": {
      "id": "magnetic bubble",
      "uuid": "bf2d6145-f6f2-4473-86c3-934e783da4a5",
      "sort": "130222000",
      "src": "collegiate",
      "section": "alpha",
      "stems": [
        "magnetic bubble",
        "magnetic bubbles"
      ],
      "offensive": false
    },
    "hwi": {
      "hw": "magnetic bubble"
    },
    "fl": "noun",
    "def": [
      {
        "sseq": [
          [
            [
              "sense",
              {
                "dt": [
                  [
                    "text",
                    "{bc}a tiny movable magnetized cylindrical volume in a thin magnetic material that along with other like volumes can be used to represent a bit of information (as in a computer)"
                  ]
                ]
              }
            ]
          ]
        ]
      }
    ],
    "date": "1969",
    "shortdef": [
      "a tiny movable magnetized cylindrical volume in a thin magnetic material that along with other like volumes can be used to represent a bit of information (as in a computer)"
    ]
  },
  {
    "meta": {
      "id": "soap bubble",
      "uuid": "6da17131-0faf-40ff-a659-9396a9b38775",
      "sort": "194545400",
      "src": "collegiate",
      "section": "alpha",
      "stems": [
        "soap bubble",
        "soap bubbles"
      ],
      "offensive": false
    },
    "hwi": {
      "hw": "soap bubble"
    },
    "fl": "noun",
    "def": [
      {
        "sseq": [
          [
            [
              "sense",
              {
                "dt": [
                  [
                    "text",
                    "{bc}a hollow iridescent globe formed by blowing a film of soapsuds (as from a pipe)"
                  ]
                ]
              }
            ]
          ]
        ]
      }
    ],
    "date": "1639",
    "shortdef": [
      "a hollow iridescent globe formed by blowing a film of soapsuds (as from a pipe)"
    ]
  }
]