[
  {
    "meta": {
      "id": "carbon dioxide",
      "uuid": "bb358e41-75fe-4d86-b21d-e78d8145639b",
      "sort": "030876000",
      "src": "collegiate",
      "section": "alpha",
      "stems": [
        "carbon dioxide",
        "carbon dioxides"
      ],
      "offensive": false
    },
    "hwi": {
      "hw": "carbon dioxide"
    },
    "fl": "noun",
    "def": [
      {
        "sseq": [
          [
            [
              "sense",
              {
                "dt": [
                  [
                    "text",
                    "{bc}a heavy colorless gas CO{inf}2{/inf} that does not support combustion, dissolves in water to form carbonic acid, is formed especially in animal respiration and in the decay or combustion of animal and vegetable matter, is absorbed from the air by plants in photosynthesis, and is used in the carbonation of beverages"
                  ]
                ]
              }
            ]
          ]
        ]
      }
    ],
    "date": "1867",
    "shortdef": [
      "a heavy colorless gas CO2 that does not support combustion, dissolves in water to form carbonic acid, is formed especially in animal respiration and in the decay or combustion of animal and vegetable matter, is absorbed from the air by plants in photosynthesis, and is used in the carbonation of beverages"
    ]
  }
]