[
  {
    "meta": {
      "id": "center of gravity",
      "uuid": "eaff1e42-04df-4462-afa0-7df7734efd41",
      "sort": "031763000",
      "src": "collegiate",
      "section": "alpha",
      "stems": [
        "center of gravity"
      ],
      "offensive": false
    },
    "hwi": {
      "hw": "center of gravity"
    },
    "fl": "noun phrase",
    "def": [
      {
        "sseq": [
          [
            [
              "sense",
              {
                "sn": "1",
                "dt": [
                  [
                    "text",
                    "{bc}{sx|center of mass||}"
                  ]
                ]
              }
            ]
          ],
          [
            [
              "sense",
              {
                "sn": "2",
                "dt": [
                  [
                    "text",
                    "{bc}the point at which the entire weight of a body may be considered as concentrated so that if supported at this point the body would remain in equilibrium in any position"
                  ]
                ]
              }
            ]
          ],
          [
            [
              "sense",
              {
                "sn": "3",
                "dt": [
                  [
                    "text",
                    "{bc}{sx|center||2a}"
                  ]
                ]
              }
            ]
          ]
        ]
      }
    ],
    "date": "1633{ds||1||}",
    "shortdef": [
      "center of mass",
      "the point at which the entire weight of a body may be considered as concentrated so that if supported at this point the body would remain in equilibrium in any position",
      "center"
    ]
  }
]