[
  {
    "meta": {
      "id": "center:1",
      "uuid": "fe4c2378-c463-43d6-9913-1ffff855d828",
      "sort": "031755000",
      "src": "collegiate",
      "section": "alpha",
      "stems": [
        "center",
        "center of symmetry",
        "centerless",
        "centers"
      ],
      "offensive": false
    },
    "hom": 1,
    "hwi": {
      "hw": "cen*ter",
      "prs": [
        {
          "mw": "\u02c8sen-t\u0259r",
          "sound": {
            "audio": "center01",
            "ref": "c",
            "stat": "1"
          }
        },
        {
          "mw": "\u02c8se-n\u0259r"
        }
      ]
    },
    "fl": "noun",
    "def": [
      {
        "sseq": [
          [
            [
              "sense",
              {
                "sn": "1 a",
                "dt": [
                  [
                    "text",
                    "{bc}the point around which a circle or sphere is described"
                  ]
                ],
                "sdsense": {
                  "sd": "broadly",
                  "dt": [
                    [
                      "text",
                      "{bc}a point that is related to a geometrical figure in such a way that for any point on the figure there is another point on the figure such that a straight line joining the two points is bisected by the original point "
                    ],
                    [
                      "ca",
                      {
                        "intro": "called also",
                        "cats": [
                          {
                            "cat": "center of symmetry"
                          }
                        ]
                      }
                    ]
                  ]
                }
              }
            ],
            [
              "sense",
              {
                "sn": "b",
                "dt": [
                  [
                    "text",
                    "{bc}the center of the circle inscribed in a regular {dx_def}see {dxt|regular:1||3b}{/dx_def} {d_link|polygon|polygon}"
                  ]
                ]
              }
            ]
          ],
          [
            [
              "sense",
              {
                "sn": "2 a",
                "dt": [
                  [
                    "text",
                    "{bc}a point, area, person, or thing that is most important or pivotal in relation to an indicated activity, interest, or condition "
                  ],
                  [
                    "vis",
                    [
                      {
                        "t": "a railroad {wi}center{/wi}"
                      },
                      {
                        "t": "the {wi}center{/wi} of the controversy"
                      }
                    ]
                  ]
                ]
              }
            ],
            [
              "sense",
              {
                "sn": "b",
                "dt": [
                  [
                    "text",
                    "{bc}a source from which something originates "
                  ],
                  [
                    "vis",
                    [
                      {
                        "t": "a propaganda {wi}center{/wi}"
                      }
                    ]
                  ]
                ]
              }
            ],
            [
              "sense",
              {
                "sn": "c",
                "dt": [
                  [
                    "text",
                    "{bc}a group of {d_link|neurons|neuron} having a common function "
                  ],
                  [
                    "vis",
                    [
                      {
                        "t": "respiratory {wi}center{/wi}"
                      }
                    ]
                  ]
                ]
              }
            ],
            [
              "sense",
              {
                "sn": "d",
                "dt": [
                  [
                    "text",
                    "{bc}a region of concentrated population "
                  ],
                  [
                    "vis",
                    [
                      {
                        "t": "an urban {wi}center{/wi}"
                      }
                    ]
                  ]
                ]
              }
            ],
            [
              "sense",
              {
                "sn": "e",
                "dt": [
                  [
                    "text",
                    "{bc}a facility providing a place for a particular activity or service "
                  ],
                  [
                    "vis",
                    [
                      {
                        "t": "a day-care {wi}center{/wi}"
                      },
                      {
                        "t": "a shopping {wi}center{/wi}"
                      },
                      {
                        "t": "a medical {wi}center{/wi}"
                      }
                    ]
                  ]
                ]
              }
            ]
          ],
          [
            [
              "sense",
              {
                "sn": "3 a",
                "dt": [
                  [
                    "text",
                    "{bc}the middle part (as of the forehead or a stage)"
                  ]
                ]
              }
            ],
            [
              "sen",
              {
                "sn": "b",
                "lbs": [
                  "often capitalized"
                ]
              }
            ],
            [
              "pseq",
              [
                [
                  "sense",
                  {
                    "sn": "(1)",
                    "dt": [
                      [
                        "text",
                        "{bc}a grouping of political figures holding moderate views especially between those of conservatives and liberals"
                      ]
                    ]
                  }
                ],
                [
                  "sense",
                  {
                    "sn": "(2)",
                    "dt": [
                      [
                        "text",
                        "{bc}the views of such politicians "
                      ],
                      [
                        "vis",
                        [
                          {
                            "t": "The party's new policies show a shift toward the {wi}center{/wi}."
                          }
                        ]
                      ]
                    ]
                  }
                ],
                [
                  "sense",
                  {
                    "sn": "(3)",
                    "dt": [
                      [
                        "text",
                        "{bc}the adherents of such views"
                      ]
                    ]
                  }
                ]
              ]
            ]
          ],
          [
            [
              "pseq",
              [
                [
                  "bs",
                  {
                    "sense": {
                      "sn": "4 a",
                      "dt": [
                        [
                          "text",
                          "{bc}a player occupying a middle position on a team: such as"
                        ]
                      ]
                    }
                  }
                ],
                [
                  "sense",
                  {
                    "sn": "(1)",
                    "dt": [
                      [
                        "text",
                        "{bc}the football player in the middle of a line who passes the ball between his legs to a back to start a down"
                      ]
                    ]
                  }
                ],
                [
                  "sense",
                  {
                    "sn": "(2)",
                    "dt": [
                      [
                        "text",
                        "{bc}the usually tallest player on a basketball team who usually plays near the basket"
                      ]
                    ]
                  }
                ]
              ]
            ],
            [
              "sense",
              {
                "sn": "b",
                "dt": [
                  [
                    "text",
                    "{bc}{sx|center field||}"
                  ]
                ]
              }
            ]
          ],
          [
            [
              "sense",
              {
                "sn": "5 a",
                "dt": [
                  [
                    "text",
                    "{bc}either of two tapered rods which support work in a {d_link|lathe|lathe:1} or grinding machine and about or with which the work revolves"
                  ]
                ]
              }
            ],
            [
              "sense",
              {
                "sn": "b",
                "dt": [
                  [
                    "text",
                    "{bc}a conical recess in the end of work (such as a shaft) for receiving such a center"
                  ]
                ]
              }
            ]
          ]
        ]
      }
    ],
    "uros": [
      {
        "ure": "cen*ter*less",
        "prs": [
          {
            "mw": "\u02c8sen-t\u0259r-l\u0259s",
            "sound": {
              "audio": "center02",
              "ref": "c",
              "stat": "1"
            }
          },
          {
            "mw": "\u02c8se-n\u0259r-"
          }
        ],
        "fl": "adjective"
      }
    ],
    "et": [
      [
        "text",
        "Middle English {it}centre{/it}, borrowed from Anglo-French, borrowed from Latin {it}centrum{/it} \"point of the stationary leg of a pair of compasses, midpoint of a circle or sphere,\" borrowed from Greek {it}k\u00e9ntron{/it} \"sting, goad, point, stationary point of a pair of compasses, midpoint of a circle or sphere,\" probably reshaping (after the base verb {it}kente\u00een{/it}) of {it}k\u00e9stron{/it} \"toothed implement, name for several nettle-like plants,\" from {it}kent\u00e9\u014d, kente\u00een{/it} \"to sting, goad, prick\" (going back to Indo-European {it}*k\u0301ent-, *k\u0301nt-{/it} \"sting, prick,\" whence Old High German {it}hantag{/it} \"pointed,\" Latvian {it}s\u012bts{/it} \"hunting spear\") + {it}-tron{/it}, suffix of instruments"
      ]
    ],
    "date": "14th century{ds||1|a|}",
    "shortdef": [
      "the point around which a circle or sphere is described; broadly : a point that is related to a geometrical figure in such a way that for any point on the figure there is another point on the figure such that a straight line joining the two points is bisected by the original point \u2014called also center of symmetry",
      "the center of the circle inscribed in a regular polygon",
      "a point, area, person, or thing that is most important or pivotal in relation to an indicated activity, interest, or condition"
    ]
  },
  {
    "meta": {
      "id": "center:2",
      "uuid": "447051c3-05ce-4a48-95c6-34915e767250",
      "sort": "031756000",
      "src": "collegiate",
      "section": "alpha",
      "stems": [
        "center",
        "centered",
        "centering",
        "centers"
      ],
      "offensive": false
    },
    "hom": 2,
    "hwi": {
      "hw": "center"
    },
    "fl": "verb",
    "ins": [
      {
        "if": "cen*tered"
      },
      {
        "if": "cen*ter*ing",
        "prs": [
          {
            "mw": "\u02c8sen-t(\u0259-)ri\u014b",
            "sound": {
              "audio": "center03",
              "ref": "c",
              "stat": "1"
            }
          },
          {
            "mw": "\u02c8se-n\u0259r-i\u014b"
          }
        ]
      }
    ],
    "def": [
      {
        "vd": "transitive verb",
        "sseq": [
          [
            [
              "sense",
              {
                "sn": "1",
                "dt": [
                  [
                    "text",
                    "{bc}to place or fix at or around a center or {a_link|central} area "
                  ],
                  [
                    "vis",
                    [
                      {
                        "t": "{wi}center{/wi} the picture on the wall"
                      }
                    ]
                  ]
                ]
              }
            ]
          ],
          [
            [
              "sense",
              {
                "sn": "2",
                "dt": [
                  [
                    "text",
                    "{bc}to give a central focus or basis "
                  ],
                  [
                    "vis",
                    [
                      {
                        "t": "{wi}centers{/wi} her hopes on her son"
                      },
                      {
                        "t": "the plot was {wi}centered{/wi} on espionage"
                      }
                    ]
                  ]
                ]
              }
            ]
          ],
          [
            [
              "sense",
              {
                "sn": "3",
                "dt": [
                  [
                    "text",
                    "{bc}to adjust (things, such as lenses) so that the axes coincide"
                  ]
                ]
              }
            ]
          ],
          [
            [
              "sense",
              {
                "sn": "4 a",
                "dt": [
                  [
                    "text",
                    "{bc}to pass (a ball or puck) from either side toward the middle of the playing area"
                  ]
                ]
              }
            ],
            [
              "sense",
              {
                "sn": "b",
                "dt": [
                  [
                    "text",
                    "{bc}to hand or pass (a football) backward between one's legs to a back {dx_def}see {dxt|back:1||3}{/dx_def} to start a down"
                  ]
                ]
              }
            ]
          ],
          [
            [
              "sense",
              {
                "sn": "5",
                "dt": [
                  [
                    "text",
                    "{bc}to play center {dx_def}see {dxt|center:1||4}{/dx_def} on "
                  ],
                  [
                    "vis",
                    [
                      {
                        "t": "{wi}center{/wi} a line in hockey"
                      }
                    ]
                  ]
                ]
              }
            ]
          ]
        ]
      },
      {
        "vd": "intransitive verb",
        "sseq": [
          [
            [
              "sense",
              {
                "dt": [
                  [
                    "text",
                    "{bc}to have a specified center {bc}{sx|focus||}"
                  ]
                ]
              }
            ]
          ]
        ]
      }
    ],
    "usages": [
      {
        "pl": "What prepositions are used with {parahw}center{/parahw}?",
        "pt": [
          [
            "text",
            "The intransitive verb {it}center{/it} is most commonly used with the prepositions {it}in, on, at{/it}, and {it}around. At{/it} appears to be favored in mathematical contexts; the others are found in a broad range of contexts. {it}Center around{/it}, a standard idiom, has often been objected to as illogical. The logic on which the objections are based is irrelevant, since {it}center around{/it} is an idiom and idioms have their own logic. {it}Center on{/it} is currently more common in edited prose, and {it}revolve around{/it} and similar verbs are available if you want to avoid {it}center around.{/it}"
          ]
        ]
      }
    ],
    "et": [
      [
        "text",
        "derivative of {et_link|center:1|center:1}"
      ]
    ],
    "date": "1555{ds|t|1||}",
    "shortdef": [
      "to place or fix at or around a center or central area",
      "to give a central focus or basis",
      "to adjust (things, such as lenses) so that the axes coincide"
    ]
  },
  {
    "meta": {
      "id": "centre",
      "uuid": "2c3d7fe4-ab9f-4f2c-8622-a038e35051d4",
      "sort": "031802000",
      "src": "collegiate",
      "section": "alpha",
      "stems": [
        "center",
        "centre",
        "centred",
        "centres",
        "centring"
      ],
      "offensive": false
    },
    "hwi": {
      "hw": "cen*tre"
    },
    "cxs": [
      {
        "cxl": "chiefly British spelling of",
        "cxtis": [
          {
            "cxt": "center"
          }
        ]
      }
    ],
    "shortdef": []
  },
  {
    "meta": {
      "id": "center field",
      "uuid": "72a9754d-2ae7-45e7-95a2-c6eceb9a6925",
      "sort": "031759000",
      "src": "collegiate",
      "section": "alpha",
      "stems": [
        "center field",
        "center fielder",
        "center fielders",
        "center fields"
      ],
      "offensive": false
    },
    "hwi": {
      "hw": "center field"
    },
    "fl": "noun",
    "def": [
      {
        "sseq": [
          [
            [
              "sense",
              {
                "sn": "1",
                "dt": [
                  [
                    "text",
                    "{bc}the position of the player for defending center field"
                  ]
                ]
              }
            ]
          ],
          [
            [
              "sense",
              {
                "sn": "2",
                "dt": [
                  [
                    "text",
                    "{bc}the part of the baseball outfield between right and left field"
                  ]
                ]
              }
            ]
          ]
        ]
      }
    ],
    "uros": [
      {
        "ure": "center fielder",
        "fl": "noun"
      }
    ],
    "date": "1835{ds||1||}",
    "shortdef": [
      "the position of the player for defending center field",
      "the part of the baseball outfield between right and left field"
    ]
  },
  {
    "meta": {
      "id": "center of curvature",
      "uuid": "d064dde2-1bd7-461b-8c1f-d18d4516a773",
      "sort": "031762000",
      "src": "collegiate",
      "section": "alpha",
      "stems": [
        "center of curvature"
      ],
      "offensive": false
    },
    "hwi": {
      "hw": "center of curvature"
    },
    "fl": "noun phrase",
    "def": [
      {
        "sseq": [
          [
            [
              "sense",
              {
                "dt": [
                  [
                    "text",
                    "{bc}the center of the circle whose center lies on the concave side of a curve on the normal to a given point of the curve and whose radius is equal to the radius of curvature at that point"
                  ]
                ]
              }
            ]
          ]
        ]
      }
    ],
    "date": "1850",
    "shortdef": [
      "the center of the circle whose center lies on the concave side of a curve on the normal to a given point of the curve and whose radius is equal to the radius of curvature at that point"
    ]
  },
  {
    "meta": {
      "id": "center of gravity",
      "uuid": "eaff1e42-04df-4462-afa0-7df7734efd41",
      "sort": "031763000",
      "src": "collegiate",
      "section": "alpha",
      "stems": [
        "center of gravity"
      ],
      "offensive": false
    },
    "hwi": {
      "hw": "center of gravity"
    },
    "fl": "noun phrase",
    "def": [
      {
        "sseq": [
          [
            [
              "sense",
              {
                "sn": "1",
                "dt": [
                  [
                    "text",
                    "{bc}{sx|center of mass||}"
                  ]
                ]
              }
            ]
          ],
          [
            [
              "sense",
              {
                "sn": "2",
                "dt": [
                  [
                    "text",
                    "{bc}the point at which the entire weight of a body may be considered as concentrated so that if supported at this point the body would remain in equilibrium in any position"
                  ]
                ]
              }
            ]
          ],
          [
            [
              "sense",
              {
                "sn": "3",
                "dt": [
                  [
                    "text",
                    "{bc}{sx|center||2a}"
                  ]
                ]
              }
            ]
          ]
        ]
      }
    ],
    "date": "1633{ds||1||}",
    "shortdef": [
      "center of mass",
      "the point at which the entire weight of a body may be considered as concentrated so that if supported at this point the body would remain in equilibrium in any position",
      "center"
    ]
  },
  {
    "meta": {
      "id": "center of mass",
      "uuid": "fc68dc53-5e22-4e41-a42b-8fc4f31e889f",
      "sort": "031764000",
      "src": "collegiate",
      "section": "alpha",
      "stems": [
        "center of mass"
      ],
      "offensive": false
    },
    "hwi": {
      "hw": "center of mass"
    },
    "fl": "noun phrase",
    "def": [
      {
        "sseq": [
          [
            [
              "sense",
              {
                "dt": [
                  [
                    "text",
                    "{bc}the point in a body or system of bodies at which the whole mass may be considered as concentrated"
                  ]
                ]
              }
            ]
          ]
        ]
      }
    ],
    "date": "1862",
    "shortdef": [
      "the point in a body or system of bodies at which the whole mass may be considered as concentrated"
    ]
  },
  {
    "meta": {
      "id": "center of symmetry",
      "uuid": "37fbe379-a267-4581-a15c-af16e203a9af",
      "sort": "031764500",
      "src": "collegiate",
      "section": "alpha",
      "stems": [
        "center of symmetry"
      ],
      "offensive": false
    },
    "hwi": {
      "hw": "center of symmetry"
    },
    "fl": "noun phrase",
    "def": [
      {
        "sseq": [
          [
            [
              "sense",
              {
                "dt": [
                  [
                    "text",
                    "{bc}{sx|center:1|center:1|1a}"
                  ]
                ]
              }
            ]
          ]
        ]
      }
    ],
    "date": "1891",
    "shortdef": [
      "center"
    ]
  },
  {
    "meta": {
      "id": "center punch",
      "uuid": "a1fc153f-3b81-4ba2-810b-1daa7f4e5880",
      "sort": "031766000",
      "src": "collegiate",
      "section": "alpha",
      "stems": [
        "center punch",
        "center punches"
      ],
      "offensive": false
    },
    "hwi": {
      "hw": "center punch"
    },
    "fl": "noun",
    "def": [
      {
        "sseq": [
          [
            [
              "sense",
              {
                "dt": [
                  [
                    "text",
                    "{bc}a hand punch consisting of a short steel bar with a hardened conical point at one end used for marking the centers of holes to be drilled"
                  ]
                ]
              }
            ]
          ]
        ]
      }
    ],
    "date": "1825",
    "shortdef": [
      "a hand punch consisting of a short steel bar with a hardened conical point at one end used for marking the centers of holes to be drilled"
    ]
  },
  {
    "meta": {
      "id": "center stage",
      "uuid": "f42df457-fb3e-4ead-bf37-5b3d7ac57452",
      "sort": "031767000",
      "src": "collegiate",
      "section": "alpha",
      "stems": [
        "center stage",
        "center stages"
      ],
      "offensive": false
    },
    "hwi": {
      "hw": "center stage"
    },
    "fl": "noun",
    "def": [
      {
        "sseq": [
          [
            [
              "sense",
              {
                "sn": "1",
                "dt": [
                  [
                    "text",
                    "{bc}the central part of a theatrical stage"
                  ]
                ]
              }
            ]
          ],
          [
            [
              "sense",
              {
                "sn": "2",
                "dt": [
                  [
                    "text",
                    "{bc}a central or highly prominent position "
                  ],
                  [
                    "vis",
                    [
                      {
                        "t": "an issue that has taken {it}center stage{/it} in the campaign"
                      }
                    ]
                  ]
                ]
              }
            ]
          ]
        ]
      }
    ],
    "uros": [
      {
        "ure": "center stage",
        "fl": "adjective or adverb"
      }
    ],
    "date": "1875{ds||1||}",
    "shortdef": [
      "the central part of a theatrical stage",
      "a central or highly prominent position"
    ]
  }
]