[
  {
    "meta": {
      "id": "change:1",
      "uuid": "3e71a21e-aaf9-46aa-8e75-105c8c511647",
      "sort": "032092000",
      "src": "collegiate",
      "section": "alpha",
      "stems": [
        "change",
        "change hands",
        "changed",
        "changed hands",
        "changer",
        "changers",
        "changes",
        "changes hands",
        "changing",
        "changing hands"
      ],
      "offensive": false
    },
    "hom": 1,
    "hwi": {
      "hw": "change",
      "prs": [
        {
          "mw": "\u02c8ch\u0101nj",
          "sound": {
            "audio": "change01",
            "ref": "c",
            "stat": "1"
          }
        }
      ]
    },
    "fl": "verb",
    "ins": [
      {
        "if": "changed"
      },
      {
        "if": "chang*ing"
      }
    ],
    "def": [
      {
        "vd": "transitive verb",
        "sseq": [
          [
            [
              "sense",
              {
                "sn": "1 a",
                "dt": [
                  [
                    "text",
                    "{bc}to make different in some particular {bc}{sx|alter||} "
                  ],
                  [
                    "vis",
                    [
                      {
                        "t": "never bothered to {wi}change{/wi} the will"
                      }
                    ]
                  ]
                ]
              }
            ],
            [
              "sense",
              {
                "sn": "b",
                "dt": [
                  [
                    "text",
                    "{bc}to make radically different {bc}{sx|transform||} "
                  ],
                  [
                    "vis",
                    [
                      {
                        "t": "can't {wi}change{/wi} human nature"
                      }
                    ]
                  ]
                ]
              }
            ],
            [
              "sense",
              {
                "sn": "c",
                "dt": [
                  [
                    "text",
                    "{bc}to give a different position, course, or direction to "
                  ],
                  [
                    "vis",
                    [
                      {
                        "t": "{it}changed{/it} his residence from Ohio to California"
                      }
                    ]
                  ]
                ]
              }
            ]
          ],
          [
            [
              "sense",
              {
                "sn": "2 a",
                "dt": [
                  [
                    "text",
                    "{bc}to replace with another "
                  ],
                  [
                    "vis",
                    [
                      {
                        "t": "let's {wi}change{/wi} the subject"
                      }
                    ]
                  ]
                ]
              }
            ],
            [
              "sense",
              {
                "sn": "b",
                "dt": [
                  [
                    "text",
                    "{bc}to make a shift from one to another {bc}{sx|switch||} "
                  ],
                  [
                    "vis",
                    [
                      {
                        "t": "always {wi}changes{/wi} sides in an argument"
                      }
                    ]
                  ]
                ]
              }
            ],
            [
              "sense",
              {
                "sn": "c",
                "dt": [
                  [
                    "text",
                    "{bc}to exchange for an equivalent sum of money (as in smaller denominations or in a foreign currency) "
                  ],
                  [
                    "vis",
                    [
                      {
                        "t": "{wi}change{/wi} a 20-dollar bill"
                      }
                    ]
                  ]
                ]
              }
            ],
            [
              "sense",
              {
                "sn": "d",
                "dt": [
                  [
                    "text",
                    "{bc}to undergo a modification of "
                  ],
                  [
                    "vis",
                    [
                      {
                        "t": "foliage {it}changing{/it} color"
                      }
                    ]
                  ]
                ]
              }
            ],
            [
              "sense",
              {
                "sn": "e",
                "dt": [
                  [
                    "text",
                    "{bc}to put fresh clothes or covering on "
                  ],
                  [
                    "vis",
                    [
                      {
                        "t": "{wi}change{/wi} a bed"
                      }
                    ]
                  ]
                ]
              }
            ]
          ]
        ]
      },
      {
        "vd": "intransitive verb",
        "sseq": [
          [
            [
              "sense",
              {
                "sn": "1",
                "dt": [
                  [
                    "text",
                    "{bc}to become different "
                  ],
                  [
                    "vis",
                    [
                      {
                        "t": "some things never {wi}change{/wi}"
                      }
                    ]
                  ]
                ]
              }
            ]
          ],
          [
            [
              "sense",
              {
                "sn": "2",
                "dt": [
                  [
                    "text",
                    "{bc}to undergo transformation, transition, or substitution "
                  ],
                  [
                    "vis",
                    [
                      {
                        "t": "winter {it}changed{/it} to spring"
                      }
                    ]
                  ]
                ]
              }
            ]
          ],
          [
            [
              "sense",
              {
                "sn": "3",
                "dt": [
                  [
                    "text",
                    "{bc}{sx|exchange||}, {sx|switch||} "
                  ],
                  [
                    "vis",
                    [
                      {
                        "t": "neither liked his seat so they {it}changed{/it} with each other"
                      }
                    ]
                  ]
                ]
              }
            ]
          ],
          [
            [
              "sense",
              {
                "sn": "4",
                "dt": [
                  [
                    "text",
                    "{bc}to put on different clothes "
                  ],
                  [
                    "vis",
                    [
                      {
                        "t": "need a few minutes to {wi}change{/wi} for dinner"
                      }
                    ]
                  ]
                ]
              }
            ]
          ],
          [
            [
              "sense",
              {
                "sn": "5",
                "dt": [
                  [
                    "text",
                    "{bc}to shift one's means of conveyance {bc}{sx|transfer||} "
                  ],
                  [
                    "vis",
                    [
                      {
                        "t": "on the bus trip he had to {wi}change{/wi} twice"
                      }
                    ]
                  ]
                ]
              }
            ]
          ],
          [
            [
              "sense",
              {
                "sn": "6",
                "sls": [
                  "of the voice"
                ],
                "dt": [
                  [
                    "text",
                    "{bc}to shift to lower register {bc}{sx|break||} "
                  ],
                  [
                    "vis",
                    [
                      {
                        "t": "His voice started to {wi}change{/wi} when he turned 13."
                      }
                    ]
                  ]
                ]
              }
            ]
          ],
          [
            [
              "sense",
              {
                "sn": "7",
                "sls": [
                  "of the moon"
                ],
                "dt": [
                  [
                    "text",
                    "{bc}to pass from one phase {dx_def}see {dxt|phase:1||1}{/dx_def} to another"
                  ]
                ]
              }
            ]
          ]
        ]
      }
    ],
    "uros": [
      {
        "ure": "chang*er",
        "fl": "noun"
      }
    ],
    "dros": [
      {
        "drp": "change hands",
        "def": [
          {
            "sseq": [
              [
                [
                  "sense",
                  {
                    "dt": [
                      [
                        "text",
                        "{bc}to pass from the possession of one owner to that of another "
                      ],
                      [
                        "vis",
                        [
                          {
                            "t": "money {it}changes hands{/it} many times"
                          }
                        ]
                      ]
                    ]
                  }
                ]
              ]
            ]
          }
        ]
      }
    ],
    "syns": [
      {
        "pl": "synonyms",
        "pt": [
          [
            "text",
            "{sc}change{/sc} {sc}alter{/sc} {sc}vary{/sc} {sc}modify{/sc} mean to make or become different. {sc}change{/sc} implies making either an essential difference often amounting to a loss of original identity or a substitution of one thing for another. "
          ],
          [
            "vis",
            [
              {
                "t": "{it}changed{/it} the shirt for a larger size"
              }
            ]
          ],
          [
            "text",
            " {sc}alter{/sc} implies a difference in some particular respect without suggesting loss of identity. "
          ],
          [
            "vis",
            [
              {
                "t": "slightly {it}altered{/it} the original design"
              }
            ]
          ],
          [
            "text",
            " {sc}vary{/sc} stresses a breaking away from sameness, duplication, or exact repetition. "
          ],
          [
            "vis",
            [
              {
                "t": "{it}vary{/it} your daily routine"
              }
            ]
          ],
          [
            "text",
            " {sc}modify{/sc} suggests a difference that limits, restricts, or adapts to a new purpose. "
          ],
          [
            "vis",
            [
              {
                "t": "{it}modified{/it} the building for use by the disabled"
              }
            ]
          ]
        ]
      }
    ],
    "et": [
      [
        "text",
        "Middle English, from Anglo-French {it}changer{/it}, from Latin {it}cambiare{/it} to exchange, probably of Celtic origin; akin to Old Irish {it}camm{/it} crooked"
      ]
    ],
    "date": "13th century{ds|t|2||}",
    "shortdef": [
      "to make different in some particular : alter",
      "to make radically different : transform",
      "to give a different position, course, or direction to"
    ]
  },
  {
    "meta": {
      "id": "change:2",
      "uuid": "85ad17bb-bf7f-4af7-963c-875f34b20692",
      "sort": "032093000",
      "src": "collegiate",
      "section": "alpha",
      "stems": [
        "change",
        "changes"
      ],
      "offensive": false
    },
    "hom": 2,
    "hwi": {
      "hw": "change"
    },
    "fl": "noun",
    "def": [
      {
        "sseq": [
          [
            [
              "bs",
              {
                "sense": {
                  "sn": "1",
                  "dt": [
                    [
                      "text",
                      "{bc}the act, process, or result of {a_link|changing}: such as"
                    ]
                  ]
                }
              }
            ],
            [
              "sense",
              {
                "sn": "a",
                "dt": [
                  [
                    "text",
                    "{bc}{sx|alteration||} "
                  ],
                  [
                    "vis",
                    [
                      {
                        "t": "a {wi}change{/wi} in the weather"
                      }
                    ]
                  ]
                ]
              }
            ],
            [
              "sense",
              {
                "sn": "b",
                "dt": [
                  [
                    "text",
                    "{bc}{sx|transformation||} "
                  ],
                  [
                    "vis",
                    [
                      {
                        "t": "a time of vast social {wi}change{/wi}"
                      },
                      {
                        "t": "going through {wi}changes{/wi}"
                      }
                    ]
                  ]
                ]
              }
            ],
            [
              "sense",
              {
                "sn": "c",
                "dt": [
                  [
                    "text",
                    "{bc}{sx|substitution||} "
                  ],
                  [
                    "vis",
                    [
                      {
                        "t": "a {wi}change{/wi} of scenery"
                      }
                    ]
                  ]
                ]
              }
            ],
            [
              "sense",
              {
                "sn": "d",
                "dt": [
                  [
                    "text",
                    "{bc}the passage of the moon from one monthly revolution {dx_def}see {dxt|revolution||1a}{/dx_def} to another"
                  ]
                ],
                "sdsense": {
                  "sd": "also",
                  "dt": [
                    [
                      "text",
                      "{bc}the passage of the moon from one phase {dx_def}see {dxt|phase:1||1}{/dx_def} to another"
                    ]
                  ]
                }
              }
            ],
            [
              "sense",
              {
                "sn": "e",
                "dt": [
                  [
                    "text",
                    "{bc}{sx|menopause||}"
                  ]
                ]
              }
            ]
          ],
          [
            [
              "sense",
              {
                "sn": "2 a",
                "dt": [
                  [
                    "text",
                    "{bc}money in small denominations received in exchange for an equivalent sum in larger denominations"
                  ]
                ]
              }
            ],
            [
              "sense",
              {
                "sn": "b",
                "dt": [
                  [
                    "text",
                    "{bc}money returned when a payment exceeds the amount due "
                  ],
                  [
                    "vis",
                    [
                      {
                        "t": "a cashier quick at making {wi}change{/wi}"
                      }
                    ]
                  ]
                ]
              }
            ],
            [
              "sense",
              {
                "sn": "c",
                "dt": [
                  [
                    "text",
                    "{bc}coins especially of low denominations "
                  ],
                  [
                    "vis",
                    [
                      {
                        "t": "a pocketful of {wi}change{/wi}"
                      }
                    ]
                  ]
                ]
              }
            ],
            [
              "sense",
              {
                "sn": "d",
                "dt": [
                  [
                    "text",
                    "{bc}a negligible additional amount "
                  ],
                  [
                    "vis",
                    [
                      {
                        "t": "only six minutes and {wi}change{/wi} left in the game"
                      }
                    ]
                  ]
                ]
              }
            ],
            [
              "sense",
              {
                "sn": "e",
                "dt": [
                  [
                    "text",
                    "{bc}{sx|money||1} "
                  ],
                  [
                    "vis",
                    [
                      {
                        "t": "cost a large chunk of {wi}change{/wi}"
                      }
                    ]
                  ]
                ]
              }
            ]
          ],
          [
            [
              "sense",
              {
                "sn": "3",
                "dt": [
                  [
                    "text",
                    "{bc}a fresh set of clothes"
                  ]
                ]
              }
            ]
          ],
          [
            [
              "sense",
              {
                "sn": "4",
                "sls": [
                  "British"
                ],
                "dt": [
                  [
                    "text",
                    "{bc}{sx|exchange||5a}"
                  ]
                ]
              }
            ]
          ],
          [
            [
              "sense",
              {
                "sn": "5",
                "dt": [
                  [
                    "text",
                    "{bc}{sx|changeup||}"
                  ]
                ]
              }
            ]
          ],
          [
            [
              "sense",
              {
                "sn": "6",
                "dt": [
                  [
                    "text",
                    "{bc}an order in which a set of bells is struck in change ringing"
                  ]
                ]
              }
            ]
          ]
        ]
      }
    ],
    "et": [
      [
        "text",
        "{dx_ety}see {dxt|change:1||}{/dx_ety}"
      ]
    ],
    "date": "13th century{ds||1||}",
    "shortdef": [
      "the act, process, or result of changing: such as",
      "alteration",
      "transformation"
    ]
  },
  {
    "meta": {
      "id": "change off",
      "uuid": "c9a97753-cd94-41ae-be02-94767630d132",
      "sort": "032098000",
      "src": "collegiate",
      "section": "alpha",
      "stems": [
        "change off",
        "changed off",
        "changes off",
        "changing off"
      ],
      "offensive": false
    },
    "hwi": {
      "hw": "change off"
    },
    "fl": "verb",
    "ins": [
      {
        "if": "changed off"
      },
      {
        "if": "chang*ing off"
      },
      {
        "if": "chang*es off"
      }
    ],
    "def": [
      {
        "vd": "intransitive verb",
        "sseq": [
          [
            [
              "sense",
              {
                "sn": "1",
                "dt": [
                  [
                    "text",
                    "{bc}to alternate with another at doing an act"
                  ]
                ]
              }
            ]
          ],
          [
            [
              "sense",
              {
                "sn": "2",
                "dt": [
                  [
                    "text",
                    "{bc}to alternate between two different acts or instruments or between an action and a rest period"
                  ]
                ]
              }
            ]
          ]
        ]
      }
    ],
    "date": "1864{ds||1||}",
    "shortdef": [
      "to alternate with another at doing an act",
      "to alternate between two different acts or instruments or between an action and a rest period"
    ]
  },
  {
    "meta": {
      "id": "change of heart",
      "uuid": "56531bc3-dbbf-4e56-b400-b1240a9f4e33",
      "sort": "032099000",
      "src": "collegiate",
      "section": "alpha",
      "stems": [
        "change of heart",
        "changes of heart"
      ],
      "offensive": false
    },
    "hwi": {
      "hw": "change of heart"
    },
    "fl": "noun phrase",
    "def": [
      {
        "sseq": [
          [
            [
              "sense",
              {
                "dt": [
                  [
                    "text",
                    "{bc}a reversal in position or attitude"
                  ]
                ]
              }
            ]
          ]
        ]
      }
    ],
    "date": "14th century",
    "shortdef": [
      "a reversal in position or attitude"
    ]
  },
  {
    "meta": {
      "id": "change of life",
      "uuid": "516fc431-16e3-4a34-a9d9-5774b4127ec6",
      "sort": "032100000",
      "src": "collegiate",
      "section": "alpha",
      "stems": [
        "change of life"
      ],
      "offensive": false
    },
    "hwi": {
      "hw": "change of life"
    },
    "fl": "noun phrase",
    "def": [
      {
        "sseq": [
          [
            [
              "sense",
              {
                "sn": "1",
                "dt": [
                  [
                    "text",
                    "{bc}{sx|menopause||1}"
                  ]
                ]
              }
            ]
          ],
          [
            [
              "sense",
              {
                "sn": "2",
                "dt": [
                  [
                    "text",
                    "{bc}{sx|andropause||}"
                  ]
                ]
              }
            ]
          ]
        ]
      }
    ],
    "date": "1761{ds||1||}",
    "shortdef": [
      "menopause",
      "andropause"
    ]
  },
  {
    "meta": {
      "id": "change of pace",
      "uuid": "664e3700-cb3b-4f74-a588-a92e498ac572",
      "sort": "032101000",
      "src": "collegiate",
      "section": "alpha",
      "stems": [
        "change of pace"
      ],
      "offensive": false
    },
    "hwi": {
      "hw": "change of pace"
    },
    "fl": "noun phrase",
    "def": [
      {
        "sseq": [
          [
            [
              "sense",
              {
                "sn": "1",
                "dt": [
                  [
                    "text",
                    "{bc}{sx|changeup||}"
                  ]
                ]
              }
            ]
          ],
          [
            [
              "sense",
              {
                "sn": "2",
                "dt": [
                  [
                    "text",
                    "{bc}an interruption of continuity by a shift to a different activity"
                  ]
                ]
              }
            ]
          ]
        ]
      }
    ],
    "date": "1883{ds||1||}",
    "shortdef": [
      "changeup",
      "an interruption of continuity by a shift to a different activity"
    ]
  },
  {
    "meta": {
      "id": "change order",
      "uuid": "6c7f25f2-eec8-4da0-987a-29dbb194c2d8",
      "sort": "032101500",
      "src": "collegiate",
      "section": "alpha",
      "stems": [
        "change order",
        "change orders"
      ],
      "offensive": false
    },
    "hwi": {
      "hw": "change order"
    },
    "fl": "noun",
    "ins": [
      {
        "il": "plural",
        "if": "change orders"
      }
    ],
    "def": [
      {
        "sseq": [
          [
            [
              "sense",
              {
                "dt": [
                  [
                    "text",
                    "{bc}a written alteration to a previously signed contract for work (as in construction) "
                  ],
                  [
                    "vis",
                    [
                      {
                        "t": "The Alpharetta City Council has approved a $2.9 million {wi}change order{/wi} for the Rucker Road Corridor improvement project, reflecting Roswell's share of the project cost.",
                        "aq": {
                          "source": "{it}The Atlanta Journal-Constitution{/it}"
                        }
                      }
                    ]
                  ]
                ],
                "sdsense": {
                  "sd": "also",
                  "dt": [
                    [
                      "text",
                      "{bc}the new work specified by the change order "
                    ],
                    [
                      "vis",
                      [
                        {
                          "t": "{wi}Change orders{/wi} on the first two phases of Red Line construction have exceeded $230 million.",
                          "aq": {
                            "auth": "Mike Davis"
                          }
                        }
                      ]
                    ]
                  ]
                }
              }
            ]
          ]
        ]
      }
    ],
    "date": "1906",
    "shortdef": [
      "a written alteration to a previously signed contract for work (as in construction); also : the new work specified by the change order"
    ]
  },
  {
    "meta": {
      "id": "change ringing",
      "uuid": "a71589ce-4d70-4f72-82e3-2b9d4f653e6f",
      "sort": "032103000",
      "src": "collegiate",
      "section": "alpha",
      "stems": [
        "change ringing",
        "change ringings"
      ],
      "offensive": false
    },
    "hwi": {
      "hw": "change ringing"
    },
    "fl": "noun",
    "def": [
      {
        "sseq": [
          [
            [
              "sense",
              {
                "dt": [
                  [
                    "text",
                    "{bc}the art or practice of ringing a set of tuned bells (as in the bell tower of a church) in continually varying order"
                  ]
                ]
              }
            ]
          ]
        ]
      }
    ],
    "date": "1756",
    "shortdef": [
      "the art or practice of ringing a set of tuned bells (as in the bell tower of a church) in continually varying order"
    ]
  },
  {
    "meta": {
      "id": "change a baby",
      "uuid": "f7e52e62-d74c-40ee-b85e-c36008524c48",
      "sort": "3003072000",
      "src": "ld",
      "section": "idioms",
      "stems": [
        "change a baby"
      ],
      "offensive": false
    },
    "hwi": {
      "hw": "change a baby"
    },
    "fl": "idiom",
    "def": [
      {
        "sseq": [
          [
            [
              "sense",
              {
                "dt": [
                  [
                    "text",
                    "{bc}to remove a baby's dirty diaper and replace it with a clean one "
                  ],
                  [
                    "vis",
                    [
                      {
                        "t": "I think the {it}baby{/it} needs {it}changing{/it}."
                      }
                    ]
                  ]
                ]
              }
            ]
          ]
        ]
      }
    ],
    "shortdef": [
      "to remove a baby's dirty diaper and replace it with a clean one"
    ]
  },
  {
    "meta": {
      "id": "change a bed",
      "uuid": "5e00b7e3-dbe0-4318-a383-940295b780d7",
      "sort": "3003073000",
      "src": "ld",
      "section": "idioms",
      "stems": [
        "change a bed"
      ],
      "offensive": false
    },
    "hwi": {
      "hw": "change a bed"
    },
    "fl": "idiom",
    "def": [
      {
        "sseq": [
          [
            [
              "sense",
              {
                "dt": [
                  [
                    "text",
                    "{bc}to remove dirty sheets from a bed and replace them with clean ones"
                  ]
                ]
              }
            ]
          ]
        ]
      }
    ],
    "shortdef": [
      "to remove dirty sheets from a bed and replace them with clean ones"
    ]
  }
]