[
  {
    "meta": {
      "id": "chaos",
      "uuid": "2e26537a-eef0-489a-96ed-deeb8b71db2f",
      "sort": "032127000",
      "src": "collegiate",
      "section": "alpha",
      "stems": [
        "chaos",
        "chaoses"
      ],
      "offensive": false
    },
    "hwi": {
      "hw": "cha*os",
      "prs": [
        {
          "mw": "\u02c8k\u0101-\u02cc\u00e4s",
          "sound": {
            "audio": "chaos001",
            "ref": "c",
            "stat": "1"
          }
        }
      ]
    },
    "fl": "noun",
    "def": [
      {
        "sseq": [
          [
            [
              "sense",
              {
                "sn": "1 a",
                "dt": [
                  [
                    "text",
                    "{bc}a state of utter confusion "
                  ],
                  [
                    "vis",
                    [
                      {
                        "t": "the blackout caused {wi}chaos{/wi} throughout the city"
                      }
                    ]
                  ]
                ]
              }
            ],
            [
              "sense",
              {
                "sn": "b",
                "dt": [
                  [
                    "text",
                    "{bc}a confused mass or mixture "
                  ],
                  [
                    "vis",
                    [
                      {
                        "t": "a {wi}chaos{/wi} of television antennas"
                      }
                    ]
                  ]
                ]
              }
            ]
          ],
          [
            [
              "sense",
              {
                "sn": "2 a",
                "lbs": [
                  "often capitalized"
                ],
                "dt": [
                  [
                    "text",
                    "{bc}a state of things in which chance is supreme"
                  ]
                ],
                "sdsense": {
                  "sd": "especially",
                  "dt": [
                    [
                      "text",
                      "{bc}the confused unorganized state of {d_link|primordial|primordial} matter before the creation of distinct forms {dx}compare {dxt|cosmos||}{/dx}"
                    ]
                  ]
                }
              }
            ],
            [
              "sense",
              {
                "sn": "b",
                "dt": [
                  [
                    "text",
                    "{bc}the inherent unpredictability in the behavior of a complex natural system (such as the atmosphere, boiling water, or the beating heart)"
                  ]
                ]
              }
            ]
          ],
          [
            [
              "sense",
              {
                "sn": "3",
                "sls": [
                  "obsolete"
                ],
                "dt": [
                  [
                    "text",
                    "{bc}{sx|chasm||}, {sx|abyss||}"
                  ]
                ]
              }
            ]
          ]
        ]
      }
    ],
    "et": [
      [
        "text",
        "Latin, from Greek {ma}{mat|gum|}{/ma}"
      ]
    ],
    "date": "15th century{ds||3||}",
    "shortdef": [
      "a state of utter confusion",
      "a confused mass or mixture",
      "a state of things in which chance is supreme; especially : the confused unorganized state of primordial matter before the creation of distinct forms"
    ]
  },
  {
    "meta": {
      "id": "chaos theory",
      "uuid": "2616b3e0-bcad-4787-90b2-a7ac92466fe1",
      "sort": "032128000",
      "src": "collegiate",
      "section": "alpha",
      "stems": [
        "chaos theories",
        "chaos theory"
      ],
      "offensive": false
    },
    "hwi": {
      "hw": "chaos theory"
    },
    "fl": "noun",
    "def": [
      {
        "sseq": [
          [
            [
              "sense",
              {
                "dt": [
                  [
                    "text",
                    "{bc}a branch of mathematical and physical theory that deals with the nature and consequences of chaos and chaotic systems"
                  ]
                ]
              }
            ]
          ]
        ]
      }
    ],
    "date": "1938",
    "shortdef": [
      "a branch of mathematical and physical theory that deals with the nature and consequences of chaos and chaotic systems"
    ]
  }
]