[
  {
    "meta": {
      "id": "chicken:1",
      "uuid": "d0d4e5c3-c20f-4c89-ae56-1211a5d00b2f",
      "sort": "032509000",
      "src": "collegiate",
      "section": "alpha",
      "stems": [
        "chicken",
        "chickens"
      ],
      "offensive": false
    },
    "hom": 1,
    "hwi": {
      "hw": "chick*en",
      "prs": [
        {
          "mw": "\u02c8chi-k\u1d4an",
          "sound": {
            "audio": "chicke01",
            "ref": "c",
            "stat": "1"
          }
        },
        {
          "l": "sometimes",
          "mw": "-k\u1d4a\u014b"
        }
      ]
    },
    "fl": "noun",
    "ins": [
      {
        "il": "plural",
        "if": "chick*ens"
      }
    ],
    "def": [
      {
        "sseq": [
          [
            [
              "sense",
              {
                "sn": "1 a",
                "dt": [
                  [
                    "text",
                    "{bc}the common domestic fowl ({it}Gallus gallus{/it}) especially when young"
                  ]
                ],
                "sdsense": {
                  "sd": "also",
                  "dt": [
                    [
                      "text",
                      "{bc}its flesh used as food {dx}compare {dxt|jungle fowl||}{/dx}"
                    ]
                  ]
                }
              }
            ],
            [
              "sense",
              {
                "sn": "b",
                "dt": [
                  [
                    "text",
                    "{bc}any of various birds or their young"
                  ]
                ]
              }
            ]
          ],
          [
            [
              "sense",
              {
                "sn": "2",
                "dt": [
                  [
                    "text",
                    "{bc}a young woman"
                  ]
                ]
              }
            ]
          ],
          [
            [
              "sense",
              {
                "sn": "3 a",
                "dt": [
                  [
                    "text",
                    "{bc}{sx|coward||}"
                  ]
                ]
              }
            ],
            [
              "sense",
              {
                "sn": "b",
                "dt": [
                  [
                    "text",
                    "{bc}any of various contests in which the participants risk personal safety in order to see which one will give up first"
                  ]
                ]
              }
            ]
          ],
          [
            [
              "sense",
              {
                "sn": "4",
                "et": [
                  [
                    "text",
                    "short for {it}chickenshit{/it}"
                  ]
                ],
                "sls": [
                  "slang"
                ],
                "dt": [
                  [
                    "text",
                    "{bc}petty details"
                  ]
                ]
              }
            ]
          ],
          [
            [
              "sense",
              {
                "sn": "5",
                "sls": [
                  "slang"
                ],
                "dt": [
                  [
                    "text",
                    "{bc}a young gay boy or man"
                  ]
                ]
              }
            ]
          ]
        ]
      }
    ],
    "et": [
      [
        "text",
        "Middle English {it}chiken{/it}, from Old English {it}cicen{/it} young chicken; akin to Old English {it}cocc{/it} cock"
      ]
    ],
    "date": "before 12th century{ds||1|a|}",
    "shortdef": [
      "the common domestic fowl (Gallus gallus) especially when young; also : its flesh used as food",
      "any of various birds or their young",
      "a young woman"
    ]
  },
  {
    "meta": {
      "id": "chicken:2",
      "uuid": "5dbe5913-7e3d-45aa-b6dd-e519a2120189",
      "sort": "032510000",
      "src": "collegiate",
      "section": "alpha",
      "stems": [
        "chicken"
      ],
      "offensive": false
    },
    "hom": 2,
    "hwi": {
      "hw": "chicken"
    },
    "fl": "adjective",
    "def": [
      {
        "sseq": [
          [
            [
              "sense",
              {
                "sn": "1 a",
                "dt": [
                  [
                    "text",
                    "{bc}{sx|scared||}"
                  ]
                ]
              }
            ],
            [
              "sense",
              {
                "sn": "b",
                "dt": [
                  [
                    "text",
                    "{bc}{sx|timid||}, {sx|cowardly||}"
                  ]
                ]
              }
            ]
          ],
          [
            [
              "sen",
              {
                "sn": "2",
                "sls": [
                  "slang"
                ]
              }
            ],
            [
              "sense",
              {
                "sn": "a",
                "dt": [
                  [
                    "text",
                    "{bc}insistent on petty details of duty or discipline"
                  ]
                ]
              }
            ],
            [
              "sense",
              {
                "sn": "b",
                "dt": [
                  [
                    "text",
                    "{bc}{sx|petty||}, {sx|unimportant||}"
                  ]
                ]
              }
            ]
          ]
        ]
      }
    ],
    "date": "1883{ds||1|a|}",
    "shortdef": [
      "scared",
      "timid, cowardly",
      "insistent on petty details of duty or discipline"
    ]
  },
  {
    "meta": {
      "id": "chicken:3",
      "uuid": "423da199-5d91-4c42-83e0-5d541842d44d",
      "sort": "032511000",
      "src": "collegiate",
      "section": "alpha",
      "stems": [
        "chicken",
        "chickened",
        "chickening",
        "chickens"
      ],
      "offensive": false
    },
    "hom": 3,
    "hwi": {
      "hw": "chicken"
    },
    "fl": "verb",
    "ins": [
      {
        "if": "chick*ened"
      },
      {
        "if": "chick*en*ing",
        "prs": [
          {
            "mw": "\u02c8chi-k\u1d4an-i\u014b",
            "sound": {
              "audio": "chicke02",
              "ref": "c",
              "stat": "1"
            }
          },
          {
            "mw": "\u02c8chik-ni\u014b"
          }
        ]
      }
    ],
    "def": [
      {
        "vd": "intransitive verb",
        "sseq": [
          [
            [
              "sense",
              {
                "dt": [
                  [
                    "text",
                    "{bc}to lose one's nerve "
                  ],
                  [
                    "uns",
                    [
                      [
                        [
                          "text",
                          "usually used with {it}out{/it} "
                        ],
                        [
                          "vis",
                          [
                            {
                              "t": "seemed to exhibit courage, manliness, and conviction when others {wi}chickened{/wi} out",
                              "aq": {
                                "auth": "J. R. Seeley"
                              }
                            }
                          ]
                        ]
                      ]
                    ]
                  ]
                ]
              }
            ]
          ]
        ]
      }
    ],
    "date": "1943",
    "shortdef": [
      "to lose one's nerve \u2014usually used with out"
    ]
  },
  {
    "meta": {
      "id": "chicken-and-egg",
      "uuid": "fd98a739-c9e2-4647-ab8e-c74385e14757",
      "sort": "032512000",
      "src": "collegiate",
      "section": "alpha",
      "stems": [
        "chicken-and-egg"
      ],
      "offensive": false
    },
    "hwi": {
      "hw": "chick*en-and-egg",
      "prs": [
        {
          "mw": "\u02c8chi-k\u1d4an-\u0259n(d)-\u02c8eg",
          "sound": {
            "audio": "chicken-and-egg",
            "ref": "owl",
            "stat": "1"
          }
        },
        {
          "mw": "-\u02c8\u0101g"
        }
      ]
    },
    "fl": "adjective",
    "def": [
      {
        "sseq": [
          [
            [
              "sense",
              {
                "dt": [
                  [
                    "text",
                    "{bc}of, relating to, or being a cause-and-effect dilemma"
                  ]
                ]
              }
            ]
          ]
        ]
      }
    ],
    "et": [
      [
        "text",
        "from the proverbial question \"which came first, the chicken or the egg?\""
      ]
    ],
    "date": "1857",
    "shortdef": [
      "of, relating to, or being a cause-and-effect dilemma"
    ]
  },
  {
    "meta": {
      "id": "chicken colonel",
      "uuid": "cfbd1c40-fabc-4604-8bbd-d8b0dfcf5b2f",
      "sort": "032513000",
      "src": "collegiate",
      "section": "alpha",
      "stems": [
        "chicken colonel",
        "chicken colonels"
      ],
      "offensive": false
    },
    "hwi": {
      "hw": "chicken colonel"
    },
    "fl": "noun",
    "def": [
      {
        "sls": [
          "slang"
        ],
        "sseq": [
          [
            [
              "sense",
              {
                "dt": [
                  [
                    "text",
                    "{bc}{sx|colonel||1a}"
                  ]
                ]
              }
            ]
          ]
        ]
      }
    ],
    "et": [
      [
        "text",
        "from the eagle serving as insignia of the rank"
      ]
    ],
    "date": "1918",
    "shortdef": [
      "colonel"
    ]
  },
  {
    "meta": {
      "id": "chicken feed",
      "uuid": "9b3e0fbf-8a79-49a2-9c8c-9b78d020cfc1",
      "sort": "032514000",
      "src": "collegiate",
      "section": "alpha",
      "stems": [
        "chicken feed",
        "chicken feeds"
      ],
      "offensive": false
    },
    "hwi": {
      "hw": "chicken feed"
    },
    "fl": "noun",
    "def": [
      {
        "sls": [
          "slang"
        ],
        "sseq": [
          [
            [
              "sense",
              {
                "dt": [
                  [
                    "text",
                    "{bc}a paltry sum (as in profits or wages)"
                  ]
                ]
              }
            ]
          ]
        ]
      }
    ],
    "date": "1834",
    "shortdef": [
      "a paltry sum (as in profits or wages)"
    ]
  },
  {
    "meta": {
      "id": "chicken-fried steak",
      "uuid": "9046ee07-3c73-48b6-84a9-ff0952578995",
      "sort": "032515000",
      "src": "collegiate",
      "section": "alpha",
      "stems": [
        "chicken-fried steak",
        "chicken-fried steaks"
      ],
      "offensive": false
    },
    "hwi": {
      "hw": "chick*en-fried steak",
      "prs": [
        {
          "mw": "\u02c8chi-k\u1d4an-\u02c8fr\u012bd-",
          "sound": {
            "audio": "chicke03",
            "ref": "c",
            "stat": "1"
          }
        }
      ]
    },
    "fl": "noun",
    "def": [
      {
        "sseq": [
          [
            [
              "sense",
              {
                "dt": [
                  [
                    "text",
                    "{bc}steak coated with batter, fried, and served with gravy"
                  ]
                ]
              }
            ]
          ]
        ]
      }
    ],
    "date": "1914",
    "shortdef": [
      "steak coated with batter, fried, and served with gravy"
    ]
  },
  {
    "meta": {
      "id": "chicken hawk",
      "uuid": "bec07ba6-330d-4fb0-8ae5-8c369b837576",
      "sort": "032516000",
      "src": "collegiate",
      "section": "alpha",
      "stems": [
        "chicken hawk",
        "chicken hawks"
      ],
      "offensive": true
    },
    "hwi": {
      "hw": "chicken hawk"
    },
    "fl": "noun",
    "def": [
      {
        "sseq": [
          [
            [
              "sense",
              {
                "sn": "1",
                "dt": [
                  [
                    "text",
                    "{bc}a hawk that preys or is believed to prey on chickens"
                  ]
                ]
              }
            ]
          ],
          [
            [
              "sense",
              {
                "sn": "2",
                "sls": [
                  "disparaging"
                ],
                "dt": [
                  [
                    "text",
                    "{bc}a person who strongly supports or promotes a war or warlike policies but who has never served in the military "
                  ],
                  [
                    "vis",
                    [
                      {
                        "t": "His strong ties to the military and his reluctance to use force \u2026 made him an ideal man for the job, and his battle wounds from Vietnam gave him the moral authority to answer the {wi}chicken hawks{/wi} who opposed the contraction of the military.",
                        "aq": {
                          "auth": "Dana Milbank"
                        }
                      }
                    ]
                  ]
                ]
              }
            ]
          ],
          [
            [
              "sense",
              {
                "sn": "3",
                "sls": [
                  "slang"
                ],
                "dt": [
                  [
                    "text",
                    "{bc}a man who pursues boys or young men for sexual purposes"
                  ]
                ]
              }
            ]
          ]
        ]
      }
    ],
    "date": "circa 1775{ds||1||}",
    "shortdef": [
      "a hawk that preys or is believed to prey on chickens",
      "a person who strongly supports or promotes a war or warlike policies but who has never served in the military",
      "a man who pursues boys or young men for sexual purposes"
    ]
  },
  {
    "meta": {
      "id": "Chicken Little",
      "uuid": "179a4f05-0204-481e-a30f-6e0ed7dd5c51",
      "sort": "032518000",
      "src": "collegiate",
      "section": "alpha",
      "stems": [
        "Chicken Little",
        "Chicken Littles"
      ],
      "offensive": false
    },
    "hwi": {
      "hw": "Chicken Little"
    },
    "fl": "noun",
    "def": [
      {
        "sseq": [
          [
            [
              "sense",
              {
                "dt": [
                  [
                    "text",
                    "{bc}one who warns of or predicts calamity especially without justification"
                  ]
                ]
              }
            ]
          ]
        ]
      }
    ],
    "et": [
      [
        "text",
        "from the fable in which a chick attempts to warn other barnyard animals that the sky is falling after she is struck on the head by a chance falling object"
      ]
    ],
    "date": "1895",
    "shortdef": [
      "one who warns of or predicts calamity especially without justification"
    ]
  },
  {
    "meta": {
      "id": "chicken-livered",
      "uuid": "27519f0f-3f4f-42b3-9d01-38b186ade9ed",
      "sort": "032519000",
      "src": "collegiate",
      "section": "alpha",
      "stems": [
        "chicken-livered"
      ],
      "offensive": false
    },
    "hwi": {
      "hw": "chick*en-liv*ered",
      "prs": [
        {
          "mw": "\u02c8chi-k\u0259n-\u02ccli-v\u0259rd",
          "sound": {
            "audio": "chicke05",
            "ref": "c",
            "stat": "1"
          }
        }
      ]
    },
    "fl": "adjective",
    "def": [
      {
        "sseq": [
          [
            [
              "sense",
              {
                "dt": [
                  [
                    "text",
                    "{bc}{sx|fainthearted||}, {sx|cowardly||}"
                  ]
                ]
              }
            ]
          ]
        ]
      }
    ],
    "date": "1804",
    "shortdef": [
      "fainthearted, cowardly"
    ]
  }
]