[
  {
    "meta": {
      "id": "comet",
      "uuid": "b2f1e071-6297-4a82-b5e9-15a5d31ab166",
      "sort": "035460900",
      "src": "collegiate",
      "section": "alpha",
      "stems": [
        "comet",
        "cometary",
        "cometic",
        "comets"
      ],
      "offensive": false
    },
    "hwi": {
      "hw": "com*et",
      "prs": [
        {
          "mw": "\u02c8k\u00e4-m\u0259t",
          "sound": {
            "audio": "comet001",
            "ref": "c",
            "stat": "1"
          }
        }
      ]
    },
    "fl": "noun",
    "def": [
      {
        "sseq": [
          [
            [
              "sense",
              {
                "dt": [
                  [
                    "text",
                    "{bc}a celestial body that appears as a fuzzy head usually surrounding a bright nucleus, that has a usually highly eccentric orbit, that consists primarily of ice and dust, and that often develops one or more long tails when near the sun"
                  ]
                ]
              }
            ]
          ]
        ]
      }
    ],
    "uros": [
      {
        "ure": "com*e*tary",
        "prs": [
          {
            "mw": "\u02c8k\u00e4-m\u0259-\u02ccter-\u0113",
            "sound": {
              "audio": "comet002",
              "ref": "c",
              "stat": "1"
            }
          }
        ],
        "fl": "adjective"
      },
      {
        "ure": "co*met*ic",
        "prs": [
          {
            "mw": "k\u0259-\u02c8me-tik",
            "sound": {
              "audio": "comet003",
              "ref": "c",
              "stat": "1"
            }
          },
          {
            "mw": "k\u00e4-"
          }
        ],
        "fl": "adjective"
      }
    ],
    "et": [
      [
        "text",
        "Middle English {it}comete{/it}, from Old English {it}cometa{/it}, from Latin, from Greek {it}kom\u0113t\u0113s{/it}, literally, long-haired, from {it}koman{/it} to wear long hair, from {it}kom\u0113{/it} hair"
      ]
    ],
    "date": "before 12th century",
    "shortdef": [
      "a celestial body that appears as a fuzzy head usually surrounding a bright nucleus, that has a usually highly eccentric orbit, that consists primarily of ice and dust, and that often develops one or more long tails when near the sun"
    ]
  }
]