[
  {
    "meta": {
      "id": "composition",
      "uuid": "b434c382-c1bc-4c07-af74-4dad13e01cf1",
      "sort": "035495200",
      "src": "collegiate",
      "section": "alpha",
      "stems": [
        "composition",
        "compositional",
        "compositionally",
        "compositions"
      ],
      "offensive": false
    },
    "hwi": {
      "hw": "com*po*si*tion",
      "prs": [
        {
          "mw": "\u02cck\u00e4m-p\u0259-\u02c8zi-sh\u0259n",
          "sound": {
            "audio": "compos08",
            "ref": "c",
            "stat": "1"
          }
        }
      ]
    },
    "fl": "noun",
    "def": [
      {
        "sseq": [
          [
            [
              "sense",
              {
                "sn": "1 a",
                "dt": [
                  [
                    "text",
                    "{bc}the act or process of {a_link|composing}"
                  ]
                ],
                "sdsense": {
                  "sd": "specifically",
                  "dt": [
                    [
                      "text",
                      "{bc}arrangement into specific proportion or relation and especially into artistic form "
                    ],
                    [
                      "vis",
                      [
                        {
                          "t": "the painting's unique {wi}composition{/wi}"
                        }
                      ]
                    ]
                  ]
                }
              }
            ],
            [
              "pseq",
              [
                [
                  "sense",
                  {
                    "sn": "b (1)",
                    "dt": [
                      [
                        "text",
                        "{bc}the arrangement of type for printing "
                      ],
                      [
                        "vis",
                        [
                          {
                            "t": "hand {wi}composition{/wi}"
                          }
                        ]
                      ]
                    ]
                  }
                ],
                [
                  "sense",
                  {
                    "sn": "(2)",
                    "dt": [
                      [
                        "text",
                        "{bc}the production of type or typographic characters (as in photocomposition) arranged for printing"
                      ]
                    ]
                  }
                ]
              ]
            ]
          ],
          [
            [
              "sense",
              {
                "sn": "2 a",
                "dt": [
                  [
                    "text",
                    "{bc}the manner in which something is {a_link|composed}"
                  ]
                ]
              }
            ],
            [
              "sense",
              {
                "sn": "b",
                "dt": [
                  [
                    "text",
                    "{bc}general makeup "
                  ],
                  [
                    "vis",
                    [
                      {
                        "t": "the changing ethnic {wi}composition{/wi} of the city's population"
                      }
                    ]
                  ]
                ]
              }
            ],
            [
              "sense",
              {
                "sn": "c",
                "dt": [
                  [
                    "text",
                    "{bc}the qualitative and quantitative makeup of a chemical {a_link|compound} "
                  ],
                  [
                    "vis",
                    [
                      {
                        "t": "the chemical {wi}composition{/wi} of a polymer"
                      }
                    ]
                  ]
                ]
              }
            ]
          ],
          [
            [
              "sense",
              {
                "sn": "3",
                "dt": [
                  [
                    "text",
                    "{bc}mutual settlement or agreement "
                  ],
                  [
                    "vis",
                    [
                      {
                        "t": "The two parties came to a {wi}composition{/wi}."
                      }
                    ]
                  ]
                ]
              }
            ]
          ],
          [
            [
              "sense",
              {
                "sn": "4",
                "dt": [
                  [
                    "text",
                    "{bc}a product of mixing or combining various elements or ingredients "
                  ],
                  [
                    "vis",
                    [
                      {
                        "t": "a {wi}composition{/wi} of rubber and cork"
                      }
                    ]
                  ]
                ]
              }
            ]
          ],
          [
            [
              "bs",
              {
                "sense": {
                  "sn": "5",
                  "dt": [
                    [
                      "text",
                      "{bc}an intellectual creation: such as"
                    ]
                  ]
                }
              }
            ],
            [
              "sense",
              {
                "sn": "a",
                "dt": [
                  [
                    "text",
                    "{bc}a piece of writing"
                  ]
                ],
                "sdsense": {
                  "sd": "especially",
                  "dt": [
                    [
                      "text",
                      "{bc}a school exercise in the form of a brief essay "
                    ],
                    [
                      "vis",
                      [
                        {
                          "t": "wrote a {wi}composition{/wi} on the role of the police in our society"
                        }
                      ]
                    ]
                  ]
                }
              }
            ],
            [
              "sense",
              {
                "sn": "b",
                "dt": [
                  [
                    "text",
                    "{bc}a written piece of music especially of considerable size and {a_link|complexity} "
                  ],
                  [
                    "vis",
                    [
                      {
                        "t": "Her {wi}composition{/wi} for piano and flute was played at the recital."
                      }
                    ]
                  ]
                ]
              }
            ]
          ],
          [
            [
              "sense",
              {
                "sn": "6",
                "dt": [
                  [
                    "text",
                    "{bc}the quality or state of being compound"
                  ]
                ]
              }
            ]
          ],
          [
            [
              "sense",
              {
                "sn": "7",
                "dt": [
                  [
                    "text",
                    "{bc}the operation of forming a {a_link|composite} function"
                  ]
                ],
                "sdsense": {
                  "sd": "also",
                  "dt": [
                    [
                      "text",
                      "{bc}{sx|composite function||}"
                    ]
                  ]
                }
              }
            ]
          ]
        ]
      }
    ],
    "uros": [
      {
        "ure": "com*po*si*tion*al",
        "prs": [
          {
            "mw": "\u02cck\u00e4m-p\u0259-\u02c8zish-n\u0259l",
            "sound": {
              "audio": "compos09",
              "ref": "c",
              "stat": "1"
            }
          },
          {
            "mw": "-\u02c8zi-sh\u0259-n\u1d4al"
          }
        ],
        "fl": "adjective"
      },
      {
        "ure": "com*po*si*tion*al*ly",
        "fl": "adverb"
      }
    ],
    "et": [
      [
        "text",
        "Middle English {it}composicioun{/it}, from Anglo-French {it}composicion{/it}, from Latin {it}composition-, compositio{/it}, from {it}componere{/it} {dx_ety}see {dxt|compose||}{/dx_ety}"
      ]
    ],
    "date": "14th century{ds||1|a|}",
    "shortdef": [
      "the act or process of composing; specifically : arrangement into specific proportion or relation and especially into artistic form",
      "the arrangement of type for printing",
      "the production of type or typographic characters (as in photocomposition) arranged for printing"
    ]
  }
]