[
  {
    "meta": {
      "id": "conservation of energy",
      "uuid": "c87fbbdf-1b70-4780-a5da-a11e0d075ffa",
      "sort": "035544300",
      "src": "collegiate",
      "section": "alpha",
      "stems": [
        "conservation of energy"
      ],
      "offensive": false
    },
    "hwi": {
      "hw": "conservation of energy"
    },
    "fl": "noun phrase",
    "def": [
      {
        "sseq": [
          [
            [
              "sense",
              {
                "dt": [
                  [
                    "text",
                    "{bc}a principle in physics: the total energy of an isolated system remains constant irrespective of whatever internal changes may take place with energy disappearing in one form reappearing in another"
                  ]
                ]
              }
            ]
          ]
        ]
      }
    ],
    "date": "1853",
    "shortdef": [
      "a principle in physics: the total energy of an isolated system remains constant irrespective of whatever internal changes may take place with energy disappearing in one form reappearing in another"
    ]
  }
]