[
  {
    "meta": {
      "id": "cooperation",
      "uuid": "143ec290-f889-4338-b78f-f48e9321b769",
      "sort": "035591300",
      "src": "collegiate",
      "section": "alpha",
      "stems": [
        "cooperation",
        "cooperationist",
        "cooperationists",
        "cooperations"
      ],
      "offensive": false
    },
    "hwi": {
      "hw": "co*op*er*a*tion",
      "prs": [
        {
          "mw": "(\u02cc)k\u014d-\u02cc\u00e4-p\u0259-\u02c8r\u0101-sh\u0259n",
          "sound": {
            "audio": "cooper07",
            "ref": "c",
            "stat": "1"
          }
        }
      ]
    },
    "fl": "noun",
    "def": [
      {
        "sseq": [
          [
            [
              "sense",
              {
                "sn": "1",
                "dt": [
                  [
                    "text",
                    "{bc}the actions of someone who is being helpful by doing what is wanted or asked for {bc}common effort "
                  ],
                  [
                    "vis",
                    [
                      {
                        "t": "We are asking for your full {wi}cooperation{/wi}."
                      }
                    ]
                  ]
                ]
              }
            ]
          ],
          [
            [
              "sense",
              {
                "sn": "2",
                "dt": [
                  [
                    "text",
                    "{bc}association of persons for common benefit "
                  ],
                  [
                    "vis",
                    [
                      {
                        "t": "established trade and economic {wi}cooperations{/wi}"
                      }
                    ]
                  ]
                ]
              }
            ]
          ]
        ]
      }
    ],
    "uros": [
      {
        "ure": "co*op*er*a*tion*ist",
        "prs": [
          {
            "mw": "(\u02cc)k\u014d-\u02cc\u00e4-p\u0259-\u02c8r\u0101-sh(\u0259-)nist",
            "sound": {
              "audio": "cooper08",
              "ref": "c",
              "stat": "1"
            }
          }
        ],
        "fl": "noun"
      }
    ],
    "et": [
      [
        "text",
        "{dx_ety}see {dxt|cooperate||}{/dx_ety}"
      ]
    ],
    "date": "14th century{ds||1||}",
    "shortdef": [
      "the actions of someone who is being helpful by doing what is wanted or asked for : common effort",
      "association of persons for common benefit"
    ]
  }
]