[
  {
    "meta": {
      "id": "crystallize",
      "uuid": "dc9aa0e0-11f2-4d54-8260-55c5dd576585",
      "sort": "035755900",
      "src": "collegiate",
      "section": "alpha",
      "stems": [
        "crystalize",
        "crystalized",
        "crystalizes",
        "crystalizing",
        "crystallizable",
        "crystallization",
        "crystallizations",
        "crystallize",
        "crystallized",
        "crystallizer",
        "crystallizers",
        "crystallizes",
        "crystallizing"
      ],
      "offensive": false
    },
    "hwi": {
      "hw": "crys*tal*lize",
      "prs": [
        {
          "mw": "\u02c8kri-st\u0259-\u02ccl\u012bz",
          "sound": {
            "audio": "crysta05",
            "ref": "c",
            "stat": "1"
          }
        }
      ]
    },
    "vrs": [
      {
        "vl": "or less commonly",
        "va": "crys*tal*ize"
      }
    ],
    "fl": "verb",
    "ins": [
      {
        "ifc": "-lized",
        "if": "crys*tal*lized"
      },
      {
        "ifc": "-liz*ing",
        "if": "crys*tal*liz*ing"
      }
    ],
    "def": [
      {
        "vd": "transitive verb",
        "sseq": [
          [
            [
              "sense",
              {
                "sn": "1",
                "dt": [
                  [
                    "text",
                    "{bc}to cause to form {a_link|crystals} or assume {a_link|crystalline} form"
                  ]
                ]
              }
            ]
          ],
          [
            [
              "sense",
              {
                "sn": "2",
                "dt": [
                  [
                    "text",
                    "{bc}to cause to take a definite form "
                  ],
                  [
                    "vis",
                    [
                      {
                        "t": "tried to {wi}crystallize{/wi} his thoughts"
                      }
                    ]
                  ]
                ]
              }
            ]
          ],
          [
            [
              "sense",
              {
                "sn": "3",
                "dt": [
                  [
                    "text",
                    "{bc}to coat with crystals especially of sugar "
                  ],
                  [
                    "vis",
                    [
                      {
                        "t": "{wi}crystallize{/wi} grapes"
                      }
                    ]
                  ]
                ]
              }
            ]
          ]
        ]
      },
      {
        "vd": "intransitive verb",
        "sseq": [
          [
            [
              "sense",
              {
                "dt": [
                  [
                    "text",
                    "{bc}to become {a_link|crystallized}"
                  ]
                ]
              }
            ]
          ]
        ]
      }
    ],
    "uros": [
      {
        "ure": "crys*tal*liz*able",
        "prs": [
          {
            "mw": "\u02c8kri-st\u0259-\u02ccl\u012b-z\u0259-b\u0259l",
            "sound": {
              "audio": "crysta06",
              "ref": "c",
              "stat": "1"
            }
          },
          {
            "mw": "\u02cckri-st\u0259-\u02c8l\u012b-"
          }
        ],
        "fl": "adjective"
      },
      {
        "ure": "crys*tal*li*za*tion",
        "prs": [
          {
            "mw": "\u02cckri-st\u0259-li-\u02c8z\u0101-sh\u0259n",
            "sound": {
              "audio": "crysta07",
              "ref": "c",
              "stat": "1"
            }
          }
        ],
        "fl": "noun"
      },
      {
        "ure": "crys*tal*liz*er",
        "fl": "noun"
      }
    ],
    "et": [
      [
        "text",
        "{et_link|crystal:1|crystal:1} + {et_link|-ize|-ize}"
      ]
    ],
    "date": "1600{ds|t|1||}",
    "shortdef": [
      "to cause to form crystals or assume crystalline form",
      "to cause to take a definite form",
      "to coat with crystals especially of sugar"
    ]
  },
  {
    "meta": {
      "id": "water of crystallization",
      "uuid": "ad0832e7-a27b-49c2-8dfb-a75c62e203fa",
      "sort": "230051000",
      "src": "collegiate",
      "section": "alpha",
      "stems": [
        "water of crystallization"
      ],
      "offensive": false
    },
    "hwi": {
      "hw": "water of crystallization"
    },
    "fl": "noun phrase",
    "def": [
      {
        "sseq": [
          [
            [
              "sense",
              {
                "dt": [
                  [
                    "text",
                    "{bc}water of hydration present in many crystallized substances that is usually essential for maintenance of a particular crystal structure"
                  ]
                ]
              }
            ]
          ]
        ]
      }
    ],
    "date": "1791",
    "shortdef": [
      "water of hydration present in many crystallized substances that is usually essential for maintenance of a particular crystal structure"
    ]
  }
]