[
  {
    "meta": {
      "id": "curve:3",
      "uuid": "352784b5-2049-4ae2-8df3-f722d0d460f1",
      "sort": "035786800",
      "src": "collegiate",
      "section": "alpha",
      "stems": [
        "curve",
        "curves"
      ],
      "offensive": false
    },
    "hom": 3,
    "hwi": {
      "hw": "curve"
    },
    "fl": "noun",
    "def": [
      {
        "sseq": [
          [
            [
              "pseq",
              [
                [
                  "bs",
                  {
                    "sense": {
                      "sn": "1 a",
                      "dt": [
                        [
                          "text",
                          "{bc}a line especially when {a_link|curved}: such as"
                        ]
                      ]
                    }
                  }
                ],
                [
                  "sense",
                  {
                    "sn": "(1)",
                    "dt": [
                      [
                        "text",
                        "{bc}the path of a moving point"
                      ]
                    ]
                  }
                ],
                [
                  "sense",
                  {
                    "sn": "(2)",
                    "dt": [
                      [
                        "text",
                        "{bc}a line defined by an equation so that the coordinates of its points are functions of a single independent variable or parameter"
                      ]
                    ]
                  }
                ]
              ]
            ],
            [
              "sense",
              {
                "sn": "b",
                "dt": [
                  [
                    "text",
                    "{bc}the graph of a variable {dx}see also {dxt|epidemic curve||}, {dxt|learning curve||}, {dxt|normal curve||}, {dxt|simple closed curve||}, {dxt|sine curve||}{/dx}"
                  ]
                ]
              }
            ]
          ],
          [
            [
              "bs",
              {
                "sense": {
                  "sn": "2",
                  "dt": [
                    [
                      "text",
                      "{bc}something curved: such as"
                    ]
                  ]
                }
              }
            ],
            [
              "sense",
              {
                "sn": "a",
                "dt": [
                  [
                    "text",
                    "{bc}a {a_link|curving} line of the human body"
                  ]
                ]
              }
            ],
            [
              "sense",
              {
                "sn": "b",
                "ins": [
                  {
                    "if": "curves",
                    "spl": "plural"
                  }
                ],
                "dt": [
                  [
                    "text",
                    "{bc}{sx|parenthesis||}"
                  ]
                ]
              }
            ]
          ],
          [
            [
              "sense",
              {
                "sn": "3 a",
                "dt": [
                  [
                    "text",
                    "{bc}{sx|curveball||}"
                  ]
                ]
              }
            ],
            [
              "sense",
              {
                "sn": "b",
                "dt": [
                  [
                    "text",
                    "{bc}{sx|trick||}, {sx|deception||}"
                  ]
                ]
              }
            ]
          ],
          [
            [
              "sense",
              {
                "sn": "4",
                "dt": [
                  [
                    "text",
                    "{bc}a distribution indicating the relative performance of individuals measured against each other that is used especially in assigning good, medium, or poor grades to usually predetermined proportions of students rather than in assigning grades based on predetermined standards of achievement"
                  ]
                ]
              }
            ]
          ],
          [
            [
              "sense",
              {
                "sn": "5",
                "dt": [
                  [
                    "text",
                    "{bc}{sx|trend||} "
                  ],
                  [
                    "vis",
                    [
                      {
                        "t": "a growth {wi}curve{/wi} in advertising revenues"
                      }
                    ]
                  ]
                ],
                "sdsense": {
                  "sd": "especially",
                  "dt": [
                    [
                      "text",
                      "{bc}a prevalent trend or rate of progress "
                    ],
                    [
                      "uns",
                      [
                        [
                          [
                            "text",
                            "often used in the phrases {it}ahead of the curve{/it} and {it}behind the curve{/it} "
                          ],
                          [
                            "vis",
                            [
                              {
                                "t": "companies that are behind the {wi}curve{/wi} in adopting new technologies"
                              }
                            ]
                          ]
                        ]
                      ]
                    ]
                  ]
                }
              }
            ]
          ]
        ]
      }
    ],
    "date": "1596{ds||1|a|}",
    "shortdef": [
      "a line especially when curved: such as",
      "the path of a moving point",
      "a line defined by an equation so that the coordinates of its points are functions of a single independent variable or parameter"
    ]
  },
  {
    "meta": {
      "id": "curve:2",
      "uuid": "2a2ee49a-782d-49a0-b7ec-da3b21db569c",
      "sort": "035786700",
      "src": "collegiate",
      "section": "alpha",
      "stems": [
        "curve",
        "curved",
        "curves",
        "curving"
      ],
      "offensive": false
    },
    "hom": 2,
    "hwi": {
      "hw": "curve"
    },
    "fl": "verb",
    "ins": [
      {
        "if": "curved"
      },
      {
        "if": "curv*ing"
      }
    ],
    "def": [
      {
        "vd": "intransitive verb",
        "sseq": [
          [
            [
              "sense",
              {
                "dt": [
                  [
                    "text",
                    "{bc}to have or take a turn, change, or deviation from a straight line or plane surface without sharp breaks or angularity"
                  ]
                ]
              }
            ]
          ]
        ]
      },
      {
        "vd": "transitive verb",
        "sseq": [
          [
            [
              "sense",
              {
                "sn": "1",
                "dt": [
                  [
                    "text",
                    "{bc}to cause to curve"
                  ]
                ]
              }
            ]
          ],
          [
            [
              "sense",
              {
                "sn": "2",
                "dt": [
                  [
                    "text",
                    "{bc}to throw a {a_link|curveball} to (a batter)"
                  ]
                ]
              }
            ]
          ],
          [
            [
              "sense",
              {
                "sn": "3",
                "dt": [
                  [
                    "text",
                    "{bc}to grade (something, such as an examination) on a curve"
                  ]
                ]
              }
            ]
          ]
        ]
      }
    ],
    "et": [
      [
        "text",
        "Latin {it}curvare{/it}, from {it}curvus{/it}"
      ]
    ],
    "date": "1594{ds|i|||}",
    "shortdef": [
      "to have or take a turn, change, or deviation from a straight line or plane surface without sharp breaks or angularity",
      "to cause to curve",
      "to throw a curveball to (a batter)"
    ]
  },
  {
    "meta": {
      "id": "bell curve",
      "uuid": "610a845f-c371-4153-b424-cc6bb334993b",
      "sort": "020148700",
      "src": "collegiate",
      "section": "alpha",
      "stems": [
        "bell curve",
        "bell curves"
      ],
      "offensive": false
    },
    "hwi": {
      "hw": "bell curve"
    },
    "fl": "noun",
    "ins": [
      {
        "il": "plural",
        "if": "bell curves"
      }
    ],
    "def": [
      {
        "sseq": [
          [
            [
              "sense",
              {
                "dt": [
                  [
                    "text",
                    "{bc}the symmetrical bell-shaped curve of a {d_link|normal distribution|normal distribution} {bc}{sx|normal curve||} "
                  ],
                  [
                    "vis",
                    [
                      {
                        "t": "Along the hilly slopes of the {wi}bell curve{/wi}, most values\u2014the data points that track whatever is being measured\u2014are clustered around the middle. The average value is also the most common value.",
                        "aq": {
                          "auth": "David A. Shaywitz"
                        }
                      }
                    ]
                  ]
                ]
              }
            ]
          ]
        ]
      }
    ],
    "et": [
      [
        "text",
        "from the shape"
      ]
    ],
    "date": "1919",
    "shortdef": [
      "the symmetrical bell-shaped curve of a normal distribution : normal curve"
    ]
  },
  {
    "meta": {
      "id": "epidemic curve",
      "uuid": "28b793dc-e683-44b5-9612-171e48f5e3fe",
      "sort": "050168750",
      "src": "collegiate",
      "section": "alpha",
      "stems": [
        "epi curve",
        "epi curves",
        "epidemic curve",
        "epidemic curves",
        "epidemiologic curve",
        "epidemiologic curves",
        "epidemiological curve",
        "epidemiological curves"
      ],
      "offensive": false
    },
    "hwi": {
      "hw": "epidemic curve"
    },
    "vrs": [
      {
        "vl": "or less commonly",
        "va": "epidemiological curve"
      },
      {
        "vl": "or",
        "va": "epidemiologic curve"
      },
      {
        "vl": "or",
        "va": "epi curve",
        "prs": [
          {
            "mw": "\u02c8e-p\u0113-",
            "sound": {
              "audio": "epi-curve",
              "ref": "owl",
              "stat": "1"
            }
          }
        ]
      }
    ],
    "fl": "noun",
    "def": [
      {
        "sseq": [
          [
            [
              "sense",
              {
                "dt": [
                  [
                    "text",
                    "{bc}a visual representation in the form of a graph or chart depicting the onset and progression of an outbreak of disease and especially infectious disease in a particular population "
                  ],
                  [
                    "snote",
                    [
                      [
                        "t",
                        "An epidemic curve plots the number of documented cases over a period of time (such as days, weeks, or months) and can provide valuable epidemiological information (such as the pattern of spread, mode of transmission, and incubation period)."
                      ]
                    ]
                  ],
                  [
                    "vis",
                    [
                      {
                        "t": "As there is no specific medication to treat COVID-19, nor any vaccine to protect us against this infection, public health authorities are stressing the importance of hygiene and self-isolation to slow the spread of the virus and flatten the {wi}epidemic curve{/wi}.",
                        "aq": {
                          "auth": "Joseph Q. Jarvis"
                        }
                      },
                      {
                        "t": "The E. coli outbreak, which by last official count had sickened 53 people in 16 states, dates to March 13, with no known fatalities. \u2026 The CDC publishes an \"{wi}epi curve{/wi}\" that shows that people began getting sick on March 13.",
                        "aq": {
                          "auth": "Lena H. Sun and Joel Achenbach"
                        }
                      },
                      {
                        "t": "Community spread is limited now, but officials expect it to accelerate. Now, he [Governor Jared Polis] said, testing must scale up to offer a more informed picture of community spread and \"where we are in the {wi}epidemiological curve{/wi}.\"",
                        "aq": {
                          "source": "{it}Fort Collins Coloradoan{/it}"
                        }
                      }
                    ]
                  ]
                ]
              }
            ]
          ]
        ]
      }
    ],
    "date": "1883",
    "shortdef": [
      "a visual representation in the form of a graph or chart depicting the onset and progression of an outbreak of disease and especially infectious disease in a particular population"
    ]
  },
  {
    "meta": {
      "id": "french curve",
      "uuid": "536772b5-e630-4ad3-93dc-d846d8e1e2d6",
      "sort": "063217000",
      "src": "collegiate",
      "section": "alpha",
      "stems": [
        "french curve",
        "french curves"
      ],
      "offensive": false
    },
    "hwi": {
      "hw": "french curve"
    },
    "fl": "noun",
    "lbs": [
      "often capitalized F"
    ],
    "def": [
      {
        "sseq": [
          [
            [
              "sense",
              {
                "dt": [
                  [
                    "text",
                    "{bc}a curved piece of flat often plastic material used as a guide in drawing curves"
                  ]
                ]
              }
            ]
          ]
        ]
      }
    ],
    "date": "1844",
    "shortdef": [
      "a curved piece of flat often plastic material used as a guide in drawing curves"
    ]
  },
  {
    "meta": {
      "id": "Gaussian curve",
      "uuid": "8982e293-c49d-4800-a75c-8bd15ed8df39",
      "sort": "070545000",
      "src": "collegiate",
      "section": "alpha",
      "stems": [
        "Gaussian curve",
        "Gaussian curves"
      ],
      "offensive": false
    },
    "hwi": {
      "hw": "Gaussian curve"
    },
    "fl": "noun",
    "def": [
      {
        "sseq": [
          [
            [
              "sense",
              {
                "dt": [
                  [
                    "text",
                    "{bc}{sx|normal curve||}"
                  ]
                ]
              }
            ]
          ]
        ]
      }
    ],
    "date": "1905",
    "shortdef": [
      "normal curve"
    ]
  },
  {
    "meta": {
      "id": "Jordan curve",
      "uuid": "d028f2ec-c927-4f6c-aebe-8d67e27529c6",
      "sort": "100053300",
      "src": "collegiate",
      "section": "alpha",
      "stems": [
        "Jordan curve",
        "Jordan curves"
      ],
      "offensive": false
    },
    "hwi": {
      "hw": "Jor*dan curve",
      "prs": [
        {
          "mw": "zh\u022fr-\u02c8d\u00e4\u207f-",
          "sound": {
            "audio": "jordan02",
            "ref": "c",
            "stat": "1"
          }
        },
        {
          "mw": "\u02c8j\u022fr-d\u1d4an-"
        }
      ]
    },
    "fl": "noun",
    "def": [
      {
        "sseq": [
          [
            [
              "sense",
              {
                "dt": [
                  [
                    "text",
                    "{bc}{sx|simple closed curve||}"
                  ]
                ]
              }
            ]
          ]
        ]
      }
    ],
    "et": [
      [
        "text",
        "Camille {it}Jordan{/it} \u20201922 French mathematician"
      ]
    ],
    "date": "1900",
    "shortdef": [
      "simple closed curve"
    ]
  },
  {
    "meta": {
      "id": "learning curve",
      "uuid": "7b3f1bb2-162e-400d-8220-199017111aea",
      "sort": "120089500",
      "src": "collegiate",
      "section": "alpha",
      "stems": [
        "learning curve",
        "learning curves"
      ],
      "offensive": false
    },
    "hwi": {
      "hw": "learning curve"
    },
    "fl": "noun",
    "def": [
      {
        "sseq": [
          [
            [
              "sense",
              {
                "sn": "1",
                "dt": [
                  [
                    "text",
                    "{bc}a curve plotting performance against practice"
                  ]
                ],
                "sdsense": {
                  "sd": "especially",
                  "dt": [
                    [
                      "text",
                      "{bc}one graphing decline in unit costs with cumulative output"
                    ]
                  ]
                }
              }
            ]
          ],
          [
            [
              "sense",
              {
                "sn": "2",
                "dt": [
                  [
                    "text",
                    "{bc}the course of progress made in learning something"
                  ]
                ]
              }
            ]
          ]
        ]
      }
    ],
    "date": "1922{ds||1||}",
    "shortdef": [
      "a curve plotting performance against practice; especially : one graphing decline in unit costs with cumulative output",
      "the course of progress made in learning something"
    ]
  },
  {
    "meta": {
      "id": "light curve",
      "uuid": "318c9694-ed9d-46d7-bbb1-58cc11fb7089",
      "sort": "120154100",
      "src": "collegiate",
      "section": "alpha",
      "stems": [
        "light curve",
        "light curves"
      ],
      "offensive": false
    },
    "hwi": {
      "hw": "light curve"
    },
    "fl": "noun",
    "def": [
      {
        "sseq": [
          [
            [
              "sense",
              {
                "dt": [
                  [
                    "text",
                    "{bc}a graph showing the variation in brightness of a celestial object (such as a variable star) over a period of time"
                  ]
                ]
              }
            ]
          ]
        ]
      }
    ],
    "date": "1857",
    "shortdef": [
      "a graph showing the variation in brightness of a celestial object (such as a variable star) over a period of time"
    ]
  },
  {
    "meta": {
      "id": "logistic curve",
      "uuid": "09ddaa48-ea9a-4880-b67a-387e4685e8f1",
      "sort": "120231900",
      "src": "collegiate",
      "section": "alpha",
      "stems": [
        "logistic curve",
        "logistic curves"
      ],
      "offensive": false
    },
    "hwi": {
      "hw": "logistic curve"
    },
    "fl": "noun",
    "def": [
      {
        "sseq": [
          [
            [
              "sense",
              {
                "dt": [
                  [
                    "text",
                    "{bc}an S-shaped curve that represents an exponential function and is used in mathematical models of growth processes"
                  ]
                ]
              }
            ]
          ]
        ]
      }
    ],
    "date": "1928",
    "shortdef": [
      "an S-shaped curve that represents an exponential function and is used in mathematical models of growth processes"
    ]
  }
]