[
  {
    "meta": {
      "id": "damp:2",
      "uuid": "327b524f-fb99-4e3b-9d35-f68c81b98aee",
      "sort": "040131000",
      "src": "collegiate",
      "section": "alpha",
      "stems": [
        "damp",
        "damped",
        "damping",
        "damps"
      ],
      "offensive": false
    },
    "hom": 2,
    "hwi": {
      "hw": "damp"
    },
    "fl": "verb",
    "ins": [
      {
        "if": "damped"
      },
      {
        "if": "damp*ing"
      },
      {
        "if": "damps"
      }
    ],
    "def": [
      {
        "vd": "transitive verb",
        "sseq": [
          [
            [
              "sense",
              {
                "sn": "1 a",
                "dt": [
                  [
                    "text",
                    "{bc}to affect with or as if with a noxious gas {bc}{sx|choke||}"
                  ]
                ]
              }
            ],
            [
              "sense",
              {
                "sn": "b",
                "dt": [
                  [
                    "text",
                    "{bc}to diminish the activity or intensity of "
                  ],
                  [
                    "vis",
                    [
                      {
                        "t": "{wi}damping{/wi} down the causes of inflation"
                      },
                      {
                        "t": "liquid {wi}damps{/wi} out compass oscillations"
                      }
                    ]
                  ]
                ]
              }
            ],
            [
              "sense",
              {
                "sn": "c",
                "dt": [
                  [
                    "text",
                    "{bc}to check the vibration or oscillation of (something, such as a string or a voltage)"
                  ]
                ]
              }
            ]
          ],
          [
            [
              "sense",
              {
                "sn": "2",
                "dt": [
                  [
                    "text",
                    "{bc}{sx|dampen||}"
                  ]
                ]
              }
            ]
          ]
        ]
      },
      {
        "vd": "intransitive verb",
        "sseq": [
          [
            [
              "sense",
              {
                "dt": [
                  [
                    "text",
                    "{bc}to diminish progressively in vibration or oscillation"
                  ]
                ]
              }
            ]
          ]
        ]
      }
    ],
    "date": "14th century{ds|t|1|a|}",
    "shortdef": [
      "to affect with or as if with a noxious gas : choke",
      "to diminish the activity or intensity of",
      "to check the vibration or oscillation of (something, such as a string or a voltage)"
    ]
  },
  {
    "meta": {
      "id": "damping-off",
      "uuid": "4d914bc5-1771-44ff-824e-d98b74d7d86c",
      "sort": "040135000",
      "src": "collegiate",
      "section": "alpha",
      "stems": [
        "damping-off",
        "damping-offs"
      ],
      "offensive": false
    },
    "hwi": {
      "hw": "damp*ing-off",
      "prs": [
        {
          "mw": "\u02ccdam-pi\u014b-\u02c8\u022ff",
          "sound": {
            "audio": "dampin01",
            "ref": "c",
            "stat": "1"
          }
        }
      ]
    },
    "fl": "noun",
    "def": [
      {
        "sseq": [
          [
            [
              "sense",
              {
                "dt": [
                  [
                    "text",
                    "{bc}a diseased condition of seedlings or cuttings caused by fungi and marked by wilting or rotting"
                  ]
                ]
              }
            ]
          ]
        ]
      }
    ],
    "date": "1890",
    "shortdef": [
      "a diseased condition of seedlings or cuttings caused by fungi and marked by wilting or rotting"
    ]
  }
]