[
  {
    "meta": {
      "id": "depth",
      "uuid": "5c595c9b-b566-4bb1-b496-e3a99268e2b2",
      "sort": "041335000",
      "src": "collegiate",
      "section": "alpha",
      "stems": [
        "beyond her depth",
        "beyond his depth",
        "beyond its depth",
        "beyond my depth",
        "beyond one's depth",
        "beyond our depth",
        "beyond our depths",
        "beyond their depth",
        "beyond their depths",
        "beyond your depth",
        "beyond your depths",
        "depth",
        "depthless",
        "depths",
        "out of her depth",
        "out of his depth",
        "out of its depth",
        "out of my depth",
        "out of one's depth",
        "out of our depth",
        "out of our depths",
        "out of their depth",
        "out of their depths",
        "out of your depth",
        "out of your depths"
      ],
      "offensive": false
    },
    "hwi": {
      "hw": "depth",
      "prs": [
        {
          "mw": "\u02c8depth",
          "sound": {
            "audio": "depth001",
            "ref": "c",
            "stat": "1"
          }
        }
      ]
    },
    "fl": "noun",
    "ins": [
      {
        "il": "plural",
        "if": "depths",
        "prs": [
          {
            "mw": "\u02c8depths",
            "sound": {
              "audio": "depth003",
              "ref": "c",
              "stat": "1"
            }
          },
          {
            "mw": "\u02c8dep(t)s",
            "sound": {
              "audio": "depth002",
              "ref": "c",
              "stat": "1"
            }
          }
        ]
      }
    ],
    "def": [
      {
        "sseq": [
          [
            [
              "pseq",
              [
                [
                  "sense",
                  {
                    "sn": "1 a (1)",
                    "dt": [
                      [
                        "text",
                        "{bc}a deep place in a body of water "
                      ],
                      [
                        "vis",
                        [
                          {
                            "t": "fish living at great {wi}depths{/wi}"
                          }
                        ]
                      ]
                    ]
                  }
                ],
                [
                  "sense",
                  {
                    "sn": "(2)",
                    "dt": [
                      [
                        "text",
                        "{bc}a part that is far from the outside or surface "
                      ],
                      [
                        "vis",
                        [
                          {
                            "t": "the {wi}depths{/wi} of the woods"
                          }
                        ]
                      ]
                    ]
                  }
                ],
                [
                  "sense",
                  {
                    "sn": "(3)",
                    "dt": [
                      [
                        "text",
                        "{bc}{sx|abyss||1}"
                      ]
                    ]
                  }
                ]
              ]
            ],
            [
              "pseq",
              [
                [
                  "sense",
                  {
                    "sn": "b (1)",
                    "dt": [
                      [
                        "text",
                        "{bc}a profound or intense state (as of thought or feeling) "
                      ],
                      [
                        "vis",
                        [
                          {
                            "t": "the {wi}depths{/wi} of sorrow"
                          }
                        ]
                      ]
                    ],
                    "sdsense": {
                      "sd": "also",
                      "dt": [
                        [
                          "text",
                          "{bc}a reprehensibly low condition "
                        ],
                        [
                          "vis",
                          [
                            {
                              "t": "hadn't realized that standards had fallen to such {wi}depths{/wi}"
                            }
                          ]
                        ]
                      ]
                    }
                  }
                ],
                [
                  "sense",
                  {
                    "sn": "(2)",
                    "dt": [
                      [
                        "text",
                        "{bc}the middle of a time (such as a season) "
                      ],
                      [
                        "vis",
                        [
                          {
                            "t": "the {wi}depths{/wi} of winter"
                          }
                        ]
                      ]
                    ]
                  }
                ],
                [
                  "sense",
                  {
                    "sn": "(3)",
                    "dt": [
                      [
                        "text",
                        "{bc}the worst part "
                      ],
                      [
                        "vis",
                        [
                          {
                            "t": "the {wi}depths{/wi} of the depression"
                          }
                        ]
                      ]
                    ]
                  }
                ]
              ]
            ]
          ],
          [
            [
              "sen",
              {
                "sn": "2",
                "sls": [
                  "mathematics"
                ]
              }
            ],
            [
              "sense",
              {
                "sn": "a",
                "dt": [
                  [
                    "text",
                    "{bc}the perpendicular {dx_def}see {dxt|perpendicular:1||1b}{/dx_def} measurement downward from a surface "
                  ],
                  [
                    "vis",
                    [
                      {
                        "t": "the {wi}depth{/wi} of a swimming pool"
                      }
                    ]
                  ]
                ]
              }
            ],
            [
              "sense",
              {
                "sn": "b",
                "dt": [
                  [
                    "text",
                    "{bc}the direct linear measurement from front to back "
                  ],
                  [
                    "vis",
                    [
                      {
                        "t": "the {wi}depth{/wi} of a bookshelf"
                      }
                    ]
                  ]
                ]
              }
            ]
          ],
          [
            [
              "sense",
              {
                "sn": "3",
                "dt": [
                  [
                    "text",
                    "{bc}the quality of being {d_link|deep|deep:1} "
                  ],
                  [
                    "vis",
                    [
                      {
                        "t": "the {wi}depth{/wi} of the pass"
                      }
                    ]
                  ]
                ]
              }
            ]
          ],
          [
            [
              "sense",
              {
                "sn": "4",
                "dt": [
                  [
                    "text",
                    "{bc}the degree of intensity "
                  ],
                  [
                    "vis",
                    [
                      {
                        "t": "{wi}depth{/wi} of a color"
                      }
                    ]
                  ]
                ],
                "sdsense": {
                  "sd": "also",
                  "dt": [
                    [
                      "text",
                      "{bc}the quality of being profound (as in insight) or full (as of knowledge) "
                    ],
                    [
                      "vis",
                      [
                        {
                          "t": "the {wi}depth{/wi} of her experience"
                        }
                      ]
                    ]
                  ]
                }
              }
            ]
          ],
          [
            [
              "sense",
              {
                "sn": "5",
                "dt": [
                  [
                    "text",
                    "{bc}the quality or state of being complete or thorough "
                  ],
                  [
                    "uns",
                    [
                      [
                        [
                          "text",
                          "used in the phrase {it}in depth{/it} "
                        ],
                        [
                          "vis",
                          [
                            {
                              "t": "a study will be made {it}in depth{/it}"
                            },
                            {
                              "t": "a subject being discussed {it}in depth{/it} {gloss}=thoroughly, comprehensively{/gloss}"
                            }
                          ]
                        ]
                      ]
                    ]
                  ],
                  [
                    "text",
                    "{dx}compare {dxt|in-depth||}{/dx}"
                  ]
                ]
              }
            ]
          ],
          [
            [
              "sense",
              {
                "sn": "6",
                "sls": [
                  "US",
                  "sports"
                ],
                "dt": [
                  [
                    "text",
                    "{bc}the quality of having many good players "
                  ],
                  [
                    "vis",
                    [
                      {
                        "t": "a team that lacks {wi}depth{/wi} in the outfield"
                      }
                    ]
                  ]
                ]
              }
            ]
          ]
        ]
      }
    ],
    "uros": [
      {
        "ure": "depth*less",
        "prs": [
          {
            "mw": "\u02c8depth-l\u0259s",
            "sound": {
              "audio": "depth004",
              "ref": "c",
              "stat": "1"
            }
          }
        ],
        "fl": "adjective"
      }
    ],
    "dros": [
      {
        "drp": "beyond one's depth",
        "vrs": [
          {
            "vl": "or",
            "va": "out of one's depth"
          }
        ],
        "def": [
          {
            "sseq": [
              [
                [
                  "sense",
                  {
                    "dt": [
                      [
                        "text",
                        "{bc}beyond the limits of one's capabilities "
                      ],
                      [
                        "vis",
                        [
                          {
                            "t": "an actor who is {it}out of his depth{/it} in serious drama"
                          }
                        ]
                      ]
                    ]
                  }
                ]
              ]
            ]
          }
        ]
      }
    ],
    "et": [
      [
        "text",
        "Middle English, from {it}dep{/it} deep"
      ]
    ],
    "date": "14th century{ds||1|a|1}",
    "shortdef": [
      "a deep place in a body of water",
      "a part that is far from the outside or surface",
      "abyss"
    ]
  },
  {
    "meta": {
      "id": "depth charge",
      "uuid": "a1083a9f-8879-4467-9dc8-801dafcc50c3",
      "sort": "041336000",
      "src": "collegiate",
      "section": "alpha",
      "stems": [
        "depth bomb",
        "depth charge",
        "depth charges"
      ],
      "offensive": false
    },
    "hwi": {
      "hw": "depth charge"
    },
    "fl": "noun",
    "def": [
      {
        "sseq": [
          [
            [
              "sense",
              {
                "dt": [
                  [
                    "text",
                    "{bc}an antisubmarine weapon that consists essentially of a drum filled with explosives which is dropped near a target and descends to a predetermined depth where it explodes "
                  ],
                  [
                    "ca",
                    {
                      "intro": "called also",
                      "cats": [
                        {
                          "cat": "depth bomb"
                        }
                      ]
                    }
                  ]
                ]
              }
            ]
          ]
        ]
      }
    ],
    "date": "1917",
    "shortdef": [
      "an antisubmarine weapon that consists essentially of a drum filled with explosives which is dropped near a target and descends to a predetermined depth where it explodes \u2014called also depth bomb"
    ]
  },
  {
    "meta": {
      "id": "depth of field",
      "uuid": "8de6dc5b-c673-4ffb-b63a-aa203f4caa6c",
      "sort": "041337000",
      "src": "collegiate",
      "section": "alpha",
      "stems": [
        "depth of field"
      ],
      "offensive": false
    },
    "hwi": {
      "hw": "depth of field"
    },
    "fl": "noun phrase",
    "def": [
      {
        "sseq": [
          [
            [
              "sense",
              {
                "dt": [
                  [
                    "text",
                    "{bc}the range of distances of the object in front of an image-forming device (such as a camera lens) measured along the axis of the device throughout which the image has acceptable sharpness"
                  ]
                ]
              }
            ]
          ]
        ]
      }
    ],
    "date": "1911",
    "shortdef": [
      "the range of distances of the object in front of an image-forming device (such as a camera lens) measured along the axis of the device throughout which the image has acceptable sharpness"
    ]
  },
  {
    "meta": {
      "id": "depth perception",
      "uuid": "4e48023f-38f5-4ca2-8e36-20d52d317761",
      "sort": "041338000",
      "src": "collegiate",
      "section": "alpha",
      "stems": [
        "depth perception",
        "depth perceptions"
      ],
      "offensive": false
    },
    "hwi": {
      "hw": "depth perception"
    },
    "fl": "noun",
    "def": [
      {
        "sseq": [
          [
            [
              "sense",
              {
                "dt": [
                  [
                    "text",
                    "{bc}the ability to judge the distance of objects and the spatial relationship of objects at different distances"
                  ]
                ]
              }
            ]
          ]
        ]
      }
    ],
    "date": "circa 1911",
    "shortdef": [
      "the ability to judge the distance of objects and the spatial relationship of objects at different distances"
    ]
  },
  {
    "meta": {
      "id": "depth psychology",
      "uuid": "f67ac7e3-0fe2-492b-b343-9ef40015eac8",
      "sort": "041339000",
      "src": "collegiate",
      "section": "alpha",
      "stems": [
        "depth psychologies",
        "depth psychology"
      ],
      "offensive": false
    },
    "hwi": {
      "hw": "depth psychology"
    },
    "fl": "noun",
    "def": [
      {
        "sseq": [
          [
            [
              "sense",
              {
                "dt": [
                  [
                    "text",
                    "{bc}{sx|psychoanalysis||}"
                  ]
                ],
                "sdsense": {
                  "sd": "also",
                  "dt": [
                    [
                      "text",
                      "{bc}psychology concerned especially with the unconscious mind"
                    ]
                  ]
                }
              }
            ]
          ]
        ]
      }
    ],
    "date": "1924",
    "shortdef": [
      "psychoanalysis; also : psychology concerned especially with the unconscious mind"
    ]
  },
  {
    "meta": {
      "id": "in-depth",
      "uuid": "193c6a3d-04a7-488c-b951-ed3bdc86445b",
      "sort": "091130000",
      "src": "collegiate",
      "section": "alpha",
      "stems": [
        "in-depth"
      ],
      "offensive": false
    },
    "hwi": {
      "hw": "in-depth",
      "prs": [
        {
          "mw": "(\u02c8)in-\u02c8depth",
          "sound": {
            "audio": "indept01",
            "ref": "c",
            "stat": "1"
          }
        }
      ]
    },
    "fl": "adjective",
    "def": [
      {
        "sseq": [
          [
            [
              "sense",
              {
                "dt": [
                  [
                    "text",
                    "{bc}covering many or all important points of a subject {bc}{sx|comprehensive||}, {sx|thorough||} "
                  ],
                  [
                    "vis",
                    [
                      {
                        "t": "an {wi}in-depth{/wi} study"
                      },
                      {
                        "t": "{wi}in-depth{/wi} news coverage"
                      },
                      {
                        "t": "\u2026 recently launched a podcast designed to take a more {wi}in-depth{/wi} look at certain topics on his show.",
                        "aq": {
                          "auth": "Jamie Friedlander"
                        }
                      }
                    ]
                  ],
                  [
                    "text",
                    " {dx}compare {dxt|depth||5}{/dx}"
                  ]
                ]
              }
            ]
          ]
        ]
      }
    ],
    "date": "1957",
    "shortdef": [
      "covering many or all important points of a subject : comprehensive, thorough"
    ]
  },
  {
    "meta": {
      "id": "the depth of winter",
      "uuid": "15d4d327-45bd-4888-8801-b7866a06b110",
      "sort": "3019938000",
      "src": "ld",
      "section": "idioms",
      "stems": [
        "the depth of winter",
        "the depths of winter"
      ],
      "offensive": false
    },
    "hwi": {
      "hw": "the depth of winter"
    },
    "fl": "noun",
    "def": [
      {
        "sseq": [
          [
            [
              "sense",
              {
                "dt": [
                  [
                    "text",
                    "{bc}the middle of winter {bc}the coldest part of winter"
                  ]
                ]
              }
            ]
          ]
        ]
      }
    ],
    "shortdef": [
      "the middle of winter : the coldest part of winter"
    ]
  }
]