[
  {
    "meta": {
      "id": "detection",
      "uuid": "686b4509-67a9-4f69-8b23-032f47e9d238",
      "sort": "041559000",
      "src": "collegiate",
      "section": "alpha",
      "stems": [
        "detection",
        "detections"
      ],
      "offensive": false
    },
    "hwi": {
      "hw": "de*tec*tion",
      "prs": [
        {
          "mw": "di-\u02c8tek-sh\u0259n",
          "sound": {
            "audio": "detect04",
            "ref": "c",
            "stat": "1"
          }
        }
      ]
    },
    "fl": "noun",
    "def": [
      {
        "sseq": [
          [
            [
              "sense",
              {
                "sn": "1",
                "dt": [
                  [
                    "text",
                    "{bc}the act of {a_link|detecting} {bc}the state or fact of being {a_link|detected}"
                  ]
                ]
              }
            ]
          ],
          [
            [
              "sense",
              {
                "sn": "2",
                "dt": [
                  [
                    "text",
                    "{bc}the process of demodulating"
                  ]
                ]
              }
            ]
          ]
        ]
      }
    ],
    "date": "15th century{ds||1||}",
    "shortdef": [
      "the act of detecting : the state or fact of being detected",
      "the process of demodulating"
    ]
  },
  {
    "meta": {
      "id": "escape detection",
      "uuid": "444aacc6-eef7-4667-9b97-4916d18b5316",
      "sort": "3005498000",
      "src": "ld",
      "section": "idioms",
      "stems": [
        "escape detection"
      ],
      "offensive": false
    },
    "hwi": {
      "hw": "escape detection"
    },
    "fl": "idiom",
    "def": [
      {
        "sseq": [
          [
            [
              "sense",
              {
                "dt": [
                  [
                    "text",
                    "{bc}to not be discovered, found, or noticed "
                  ],
                  [
                    "vis",
                    [
                      {
                        "t": "Many cases of fraud {it}escape detection{/it}."
                      }
                    ]
                  ]
                ]
              }
            ]
          ]
        ]
      }
    ],
    "shortdef": [
      "to not be discovered, found, or noticed"
    ]
  },
  {
    "meta": {
      "id": "evade detection",
      "uuid": "302f23ac-227f-43d8-8ef8-723f9634d1de",
      "sort": "3005524000",
      "src": "ld",
      "section": "idioms",
      "stems": [
        "evade detection"
      ],
      "offensive": false
    },
    "hwi": {
      "hw": "evade detection"
    },
    "fl": "idiom",
    "def": [
      {
        "sseq": [
          [
            [
              "sense",
              {
                "dt": [
                  [
                    "text",
                    "{bc}to avoid being found out or discovered "
                  ],
                  [
                    "vis",
                    [
                      {
                        "t": "His criminal activities somehow {it}evaded detection{/it}."
                      }
                    ]
                  ]
                ]
              }
            ]
          ]
        ]
      }
    ],
    "shortdef": [
      "to avoid being found out or discovered"
    ]
  }
]