[
  {
    "meta": {
      "id": "development",
      "uuid": "e6271c23-3bf3-4b19-bd4b-bc50a30bbed5",
      "sort": "041650000",
      "src": "collegiate",
      "section": "alpha",
      "stems": [
        "development",
        "developments"
      ],
      "offensive": false
    },
    "hwi": {
      "hw": "de*vel*op*ment",
      "prs": [
        {
          "mw": "di-\u02c8ve-l\u0259p-m\u0259nt",
          "sound": {
            "audio": "develo06",
            "ref": "c",
            "stat": "1"
          }
        },
        {
          "mw": "d\u0113-"
        }
      ]
    },
    "fl": "noun",
    "def": [
      {
        "sseq": [
          [
            [
              "sense",
              {
                "sn": "1",
                "dt": [
                  [
                    "text",
                    "{bc}the act, process, or result of {d_link|developing|develop} "
                  ],
                  [
                    "vis",
                    [
                      {
                        "t": "the {wi}development{/wi} of new ideas"
                      },
                      {
                        "t": "an interesting {wi}development{/wi} in the case"
                      }
                    ]
                  ]
                ]
              }
            ]
          ],
          [
            [
              "sense",
              {
                "sn": "2",
                "dt": [
                  [
                    "text",
                    "{bc}the state of being developed "
                  ],
                  [
                    "vis",
                    [
                      {
                        "t": "a project in {wi}development{/wi}"
                      }
                    ]
                  ]
                ]
              }
            ]
          ],
          [
            [
              "sense",
              {
                "sn": "3",
                "dt": [
                  [
                    "text",
                    "{bc}a tract of land that has been made available or usable {bc}a developed tract of land"
                  ]
                ],
                "sdsense": {
                  "sd": "especially",
                  "dt": [
                    [
                      "text",
                      "{bc}one with houses built on it"
                    ]
                  ]
                }
              }
            ]
          ]
        ]
      }
    ],
    "et": [
      [
        "text",
        "{dx_ety}see {dxt|develop||}{/dx_ety}"
      ]
    ],
    "date": "1756{ds||1||}",
    "shortdef": [
      "the act, process, or result of developing",
      "the state of being developed",
      "a tract of land that has been made available or usable : a developed tract of land; especially : one with houses built on it"
    ]
  },
  {
    "meta": {
      "id": "housing development",
      "uuid": "1364c9a4-131a-44da-b6e9-a8abe391a14e",
      "sort": "080288600",
      "src": "collegiate",
      "section": "alpha",
      "stems": [
        "housing development",
        "housing developments"
      ],
      "offensive": false
    },
    "hwi": {
      "hw": "housing development"
    },
    "fl": "noun",
    "def": [
      {
        "sseq": [
          [
            [
              "sense",
              {
                "dt": [
                  [
                    "text",
                    "{bc}a group of individual dwellings or apartment houses typically of similar design that are usually built and sold or leased by one management"
                  ]
                ]
              }
            ]
          ]
        ]
      }
    ],
    "date": "1939",
    "shortdef": [
      "a group of individual dwellings or apartment houses typically of similar design that are usually built and sold or leased by one management"
    ]
  },
  {
    "meta": {
      "id": "ribbon development",
      "uuid": "1bcb32ca-a0e0-4387-9f88-b52a3a69bd10",
      "sort": "183126000",
      "src": "collegiate",
      "section": "alpha",
      "stems": [
        "ribbon development",
        "ribbon developments"
      ],
      "offensive": false
    },
    "hwi": {
      "hw": "ribbon development"
    },
    "fl": "noun",
    "def": [
      {
        "sseq": [
          [
            [
              "sense",
              {
                "dt": [
                  [
                    "text",
                    "{bc}a system of buildings built side by side along a road"
                  ]
                ]
              }
            ]
          ]
        ]
      }
    ],
    "date": "1927",
    "shortdef": [
      "a system of buildings built side by side along a road"
    ]
  },
  {
    "meta": {
      "id": "self-development",
      "uuid": "b2ab2ce9-9e3f-447b-9661-3d7a0b153681",
      "sort": "192203000",
      "src": "collegiate",
      "section": "alpha",
      "stems": [
        "self-development",
        "self-developments"
      ],
      "offensive": false
    },
    "hwi": {
      "hw": "self-de*vel*op*ment",
      "prs": [
        {
          "mw": "\u02ccself-di-\u02c8ve-l\u0259p-m\u0259nt",
          "sound": {
            "audio": "self-developmen_1",
            "ref": "owl",
            "stat": "1"
          }
        },
        {
          "mw": "-d\u0113-"
        }
      ]
    },
    "fl": "noun",
    "ins": [
      {
        "il": "plural",
        "if": "self-de*vel*op*ments"
      }
    ],
    "def": [
      {
        "sseq": [
          [
            [
              "sense",
              {
                "dt": [
                  [
                    "text",
                    "{bc}{d_link|development|development} of one's own capabilities or possibilities "
                  ],
                  [
                    "vis",
                    [
                      {
                        "t": "Writing has been for a long time my major tool for self-instruction and {wi}self-development{/wi}.",
                        "aq": {
                          "auth": "Toni Cade Bambara"
                        }
                      },
                      {
                        "t": "a {wi}self-development{/wi} course/program"
                      }
                    ]
                  ]
                ]
              }
            ]
          ]
        ]
      }
    ],
    "date": "1817",
    "shortdef": [
      "development of one's own capabilities or possibilities"
    ]
  },
  {
    "meta": {
      "id": "in development",
      "uuid": "7f13f695-456d-43d0-a6de-2b938cebe23d",
      "sort": "3009437000",
      "src": "ld",
      "section": "idioms",
      "stems": [
        "in development"
      ],
      "offensive": false
    },
    "hwi": {
      "hw": "in development"
    },
    "fl": "idiom",
    "def": [
      {
        "sseq": [
          [
            [
              "sense",
              {
                "dt": [
                  [
                    "text",
                    "{bc}in the process of being prepared, developed, or completed"
                  ]
                ]
              }
            ]
          ]
        ]
      }
    ],
    "shortdef": [
      "in the process of being prepared, developed, or completed"
    ]
  },
  {
    "meta": {
      "id": "research and development",
      "uuid": "04bb2293-53b5-4750-84a9-a7ec0f9a579f",
      "sort": "3016103000",
      "src": "ld",
      "section": "idioms",
      "stems": [
        "research and development"
      ],
      "offensive": false
    },
    "hwi": {
      "hw": "research and development"
    },
    "fl": "noun",
    "def": [
      {
        "sseq": [
          [
            [
              "sense",
              {
                "dt": [
                  [
                    "text",
                    "{bc}studies and tests that are done in order to design new or improved products "
                  ],
                  [
                    "vis",
                    [
                      {
                        "t": "The company has a large budget for {it}research and development{/it}."
                      }
                    ]
                  ]
                ]
              }
            ]
          ]
        ]
      }
    ],
    "shortdef": [
      "studies and tests that are done in order to design new or improved products"
    ]
  },
  {
    "meta": {
      "id": "hyperdevelopment",
      "uuid": "a961b11e-0836-4700-bc33-4a270bb317ad",
      "sort": "080337750",
      "src": "collegiate",
      "section": "alpha",
      "stems": [
        "hyper-developed",
        "hyper-development",
        "hyperdeveloped",
        "hyperdevelopment"
      ],
      "offensive": false
    },
    "hwi": {
      "hw": "hy*per*de*vel*op*ment",
      "prs": [
        {
          "mw": "\u02cch\u012b-p\u0259r-di-\u02c8ve-l\u0259p-m\u0259nt",
          "sound": {
            "audio": "hyperdevelopmen_1",
            "ref": "owl",
            "stat": "1"
          }
        },
        {
          "mw": "-d\u0113-"
        }
      ]
    },
    "vrs": [
      {
        "vl": "or",
        "va": "hyper-development"
      }
    ],
    "fl": "noun",
    "def": [
      {
        "sseq": [
          [
            [
              "sense",
              {
                "dt": [
                  [
                    "text",
                    "{bc}intense or excessive {d_link|development|development} "
                  ],
                  [
                    "vis",
                    [
                      {
                        "t": "{wi}hyperdevelopment{/wi} of surrounding towns"
                      }
                    ]
                  ]
                ]
              }
            ]
          ]
        ]
      }
    ],
    "uros": [
      {
        "ure": "hy*per*de*vel*oped",
        "prs": [
          {
            "mw": "\u02cch\u012b-p\u0259r-di-\u02c8ve-l\u0259pt",
            "sound": {
              "audio": "hyperdeveloped_1",
              "ref": "owl",
              "stat": "1"
            }
          },
          {
            "mw": "-d\u0113-"
          }
        ],
        "vrs": [
          {
            "vl": "or",
            "va": "hyper-developed"
          }
        ],
        "fl": "adjective",
        "utxt": [
          [
            "vis",
            [
              {
                "t": "Blinded in a childhood accident, Daredevil upholds his passion for justice and rises to superhuman levels through {wi}hyper-developed{/wi} senses of hearing, smell and touch, and extraordinary acrobatic abilities.",
                "aq": {
                  "source": "{it}Business Wire{/it}"
                }
              }
            ]
          ]
        ]
      }
    ],
    "date": "1858",
    "shortdef": [
      "intense or excessive development"
    ]
  },
  {
    "meta": {
      "id": "predevelopment",
      "uuid": "96603dcb-f168-4403-9f67-122cb5c762f7",
      "sort": "166801000",
      "src": "collegiate",
      "section": "alpha",
      "stems": [
        "pre-development",
        "predevelopment"
      ],
      "offensive": false
    },
    "hwi": {
      "hw": "pre*de*vel*op*ment",
      "prs": [
        {
          "mw": "\u02ccpr\u0113-di-\u02c8ve-l\u0259p-m\u0259nt",
          "sound": {
            "audio": "predevelopment_1",
            "ref": "owl",
            "stat": "1"
          }
        },
        {
          "mw": "-d\u0113-"
        }
      ]
    },
    "vrs": [
      {
        "vl": "or",
        "va": "pre-development"
      }
    ],
    "fl": "adjective",
    "def": [
      {
        "sseq": [
          [
            [
              "sense",
              {
                "dt": [
                  [
                    "text",
                    "{bc}relating to, existing, or occurring before the start of {d_link|development|development} especially of a real estate project "
                  ],
                  [
                    "vis",
                    [
                      {
                        "t": "{wi}predevelopment{/wi} costs/loans"
                      },
                      {
                        "t": "{wi}predevelopment{/wi} meetings"
                      },
                      {
                        "t": "during the {wi}predevelopment{/wi} stage/phase"
                      },
                      {
                        "t": "signed a {wi}predevelopment{/wi} agreement"
                      },
                      {
                        "t": "comparing current levels of pollution against {wi}predevelopment{/wi} levels"
                      }
                    ]
                  ]
                ]
              }
            ]
          ]
        ]
      }
    ],
    "date": "1911",
    "shortdef": [
      "relating to, existing, or occurring before the start of development especially of a real estate project"
    ]
  },
  {
    "meta": {
      "id": "subdevelopment",
      "uuid": "fc2514e4-eff5-4fc8-8f3a-88e78d81473c",
      "sort": "194890617",
      "src": "collegiate",
      "section": "alpha",
      "stems": [
        "sub-development",
        "sub-developments",
        "subdevelopment",
        "subdevelopments"
      ],
      "offensive": false
    },
    "hwi": {
      "hw": "sub*de*vel*op*ment",
      "prs": [
        {
          "mw": "\u02ccs\u0259b-di-\u02c8ve-l\u0259p-m\u0259nt",
          "sound": {
            "audio": "subdevelopment_1",
            "ref": "owl",
            "stat": "1"
          }
        },
        {
          "mw": "-d\u0113-"
        }
      ]
    },
    "vrs": [
      {
        "vl": "or",
        "va": "sub-de*vel*op*ment"
      }
    ],
    "fl": "noun",
    "ins": [
      {
        "il": "plural",
        "if": "sub*de*vel*op*ments"
      },
      {
        "il": "or",
        "if": "sub-de*vel*op*ments"
      }
    ],
    "def": [
      {
        "sseq": [
          [
            [
              "sense",
              {
                "dt": [
                  [
                    "text",
                    "{bc}a {d_link|development|development} that is part of a larger development "
                  ],
                  [
                    "vis",
                    [
                      {
                        "t": "The land, in the northern portion of the Rice Hope development in Port Wentworth, is zoned for 1,500 single-family homes and townhomes. It will be the largest acreage {wi}subdevelopment{/wi} in the community.",
                        "aq": {
                          "auth": "Wayne Hodgin"
                        }
                      },
                      {
                        "t": "Dalton said the look of the development would be very modern, with lots of metal and glass. He plans to break the project up into five to seven {wi}sub-developments{/wi}, as the buildout is expected to take three to five years.",
                        "aq": {
                          "auth": "Anna Skinner"
                        }
                      }
                    ]
                  ]
                ]
              }
            ]
          ]
        ]
      }
    ],
    "date": "1867",
    "shortdef": [
      "a development that is part of a larger development"
    ]
  }
]