[
  {
    "meta": {
      "id": "dilemma",
      "uuid": "d54f285c-7566-446e-a592-8ac6f8e3b020",
      "sort": "042142000",
      "src": "collegiate",
      "section": "alpha",
      "stems": [
        "dilemma",
        "dilemmas",
        "dilemmatic"
      ],
      "offensive": false
    },
    "hwi": {
      "hw": "di*lem*ma",
      "prs": [
        {
          "mw": "d\u0259-\u02c8le-m\u0259",
          "sound": {
            "audio": "dilemm01",
            "ref": "c",
            "stat": "1"
          }
        },
        {
          "l": "also",
          "mw": "d\u012b-"
        }
      ]
    },
    "fl": "noun",
    "def": [
      {
        "sseq": [
          [
            [
              "sense",
              {
                "sn": "1 a",
                "dt": [
                  [
                    "text",
                    "{bc}a usually {d_link|undesirable|undesirable:1} or unpleasant choice "
                  ],
                  [
                    "vis",
                    [
                      {
                        "t": "faces this {wi}dilemma{/wi}: raise interest rates and slow the economy or lower them and risk serious inflation"
                      }
                    ]
                  ]
                ]
              }
            ],
            [
              "sense",
              {
                "sn": "b",
                "dt": [
                  [
                    "text",
                    "{bc}a situation involving such a choice "
                  ],
                  [
                    "vis",
                    [
                      {
                        "t": "here am I brought to a very pretty {wi}dilemma{/wi}; I must commit murder or commit matrimony",
                        "aq": {
                          "auth": "George Farquhar"
                        }
                      }
                    ]
                  ]
                ],
                "sdsense": {
                  "sd": "broadly",
                  "dt": [
                    [
                      "text",
                      "{bc}{sx|predicament||} "
                    ],
                    [
                      "vis",
                      [
                        {
                          "t": "lords and bailiffs were in a terrible {wi}dilemma{/wi}",
                          "aq": {
                            "auth": "G. M. Trevelyan"
                          }
                        }
                      ]
                    ]
                  ]
                }
              }
            ]
          ],
          [
            [
              "sense",
              {
                "sn": "2 a",
                "dt": [
                  [
                    "text",
                    "{bc}a problem involving a difficult choice "
                  ],
                  [
                    "vis",
                    [
                      {
                        "t": "the {wi}dilemma{/wi} of \"liberty versus order\"",
                        "aq": {
                          "auth": "J. M. Burns"
                        }
                      }
                    ]
                  ]
                ]
              }
            ],
            [
              "sense",
              {
                "sn": "b",
                "dt": [
                  [
                    "text",
                    "{bc}a difficult or {d_link|persistent|persistent} problem "
                  ],
                  [
                    "vis",
                    [
                      {
                        "t": "unemployment \u2026 the great central {wi}dilemma{/wi} of our advancing technology",
                        "aq": {
                          "auth": "August Heckscher"
                        }
                      }
                    ]
                  ]
                ]
              }
            ]
          ],
          [
            [
              "sense",
              {
                "sn": "3",
                "dt": [
                  [
                    "text",
                    "{bc}an argument presenting two or more equally {d_link|conclusive|conclusive} alternatives against an opponent"
                  ]
                ]
              }
            ]
          ]
        ]
      }
    ],
    "uros": [
      {
        "ure": "dil*em*mat*ic",
        "prs": [
          {
            "mw": "\u02ccdi-l\u0259-\u02c8ma-tik",
            "sound": {
              "audio": "dilemm02",
              "ref": "c",
              "stat": "1"
            }
          },
          {
            "l": "also",
            "mw": "\u02ccd\u012b-"
          }
        ],
        "fl": "adjective"
      }
    ],
    "usages": [
      {
        "pl": "Usage of {parahw}dilemma{/parahw}",
        "pt": [
          [
            "text",
            "Although some commentators insist that {it}dilemma{/it} be restricted to instances in which the alternatives to be chosen are equally unsatisfactory, their concern is misplaced; the unsatisfactoriness of the options is usually a matter of how the author presents them. What is distressing or painful about a dilemma is having to make a choice one does not want to make. The use of such adjectives as {it}terrible, painful{/it}, and {it}irreconcilable{/it} suggests that {it}dilemma{/it} is losing some of its unpleasant force."
          ]
        ]
      }
    ],
    "quotes": [
      {
        "t": "When it comes to the boss, there is a real {qword}dilemma{/qword}. You're caught between a career-limiting rejection of virtual friendship or a career-limiting access to photos of yourself glassy-eyed at a party.",
        "aq": {
          "auth": "Jared Sandberg",
          "source": "{it}Wall Street Journal{/it}",
          "aqdate": "10 July 2007"
        }
      },
      {
        "t": "What's a pampered 20-something to do when her rich fianc\u00e9 goes on a business trip and comes back married to someone else? That's the {qword}dilemma{/qword} facing Elle Medina in Nichols's delightfully silly, vivacious debut.",
        "aq": {
          "source": "{it}Publishers Weekly{/it}",
          "aqdate": "28 June 2004"
        }
      },
      {
        "t": "Both authors are prepared to dwell as long on the savor of a ripe melon as on the significance of a moral {qword}dilemma{/qword}.",
        "aq": {
          "auth": "Roger Shattuck",
          "source": "{it}New York Review of Books{/it}",
          "aqdate": "13 June 2002"
        }
      }
    ],
    "et": [
      [
        "text",
        "Late Latin, from Late Greek {it}dil\u0113mmat-, dil\u0113mma{/it}, probably back-formation from Greek {it}dil\u0113mmatos{/it} involving two assumptions, from {it}di-{/it} + {it}l\u0113mmat-, l\u0113mma{/it} assumption {ma}{mat|lemma|}{/ma}"
      ]
    ],
    "date": "1523{ds||3||}",
    "shortdef": [
      "a usually undesirable or unpleasant choice",
      "a situation involving such a choice; broadly : predicament",
      "a problem involving a difficult choice"
    ]
  },
  {
    "meta": {
      "id": "on the horns of a dilemma",
      "uuid": "12b811cd-c062-4806-a342-2aaa48beda79",
      "sort": "3013745000",
      "src": "ld",
      "section": "idioms",
      "stems": [
        "on the horns of a dilemma"
      ],
      "offensive": false
    },
    "hwi": {
      "hw": "on the horns of a dilemma"
    },
    "fl": "idiom",
    "def": [
      {
        "sseq": [
          [
            [
              "sense",
              {
                "dt": [
                  [
                    "text",
                    "{bc}in a situation in which one has to choose between things that are unpleasant or undesirable"
                  ]
                ]
              }
            ]
          ]
        ]
      }
    ],
    "shortdef": [
      "in a situation in which one has to choose between things that are unpleasant or undesirable"
    ]
  }
]