[
  {
    "meta": {
      "id": "dispersion",
      "uuid": "911dd73d-0168-408c-875b-69169e2738d3",
      "sort": "042753000",
      "src": "collegiate",
      "section": "alpha",
      "stems": [
        "dispersion",
        "dispersions"
      ],
      "offensive": false
    },
    "hwi": {
      "hw": "dis*per*sion",
      "prs": [
        {
          "mw": "di-\u02c8sp\u0259r-zh\u0259n",
          "sound": {
            "audio": "disper20",
            "ref": "c",
            "stat": "1"
          }
        },
        {
          "mw": "-sh\u0259n"
        }
      ]
    },
    "fl": "noun",
    "def": [
      {
        "sseq": [
          [
            [
              "sense",
              {
                "sn": "1",
                "lbs": [
                  "capitalized"
                ],
                "sls": [
                  "Judaism"
                ],
                "dt": [
                  [
                    "text",
                    "{bc}{sx|diaspora||1b}"
                  ]
                ]
              }
            ]
          ],
          [
            [
              "sense",
              {
                "sn": "2",
                "dt": [
                  [
                    "text",
                    "{bc}the act or process of {d_link|dispersing|disperse} {bc}the state of being dispersed "
                  ],
                  [
                    "vis",
                    [
                      {
                        "t": "crowd {wi}dispersion{/wi}"
                      }
                    ]
                  ]
                ]
              }
            ]
          ],
          [
            [
              "sense",
              {
                "sn": "3",
                "sls": [
                  "mathematics"
                ],
                "dt": [
                  [
                    "text",
                    "{bc}the scattering of the values of a {d_link|frequency distribution|frequency distribution} from an average"
                  ]
                ]
              }
            ]
          ],
          [
            [
              "sense",
              {
                "sn": "4",
                "sls": [
                  "physics"
                ],
                "dt": [
                  [
                    "text",
                    "{bc}the separation of light into colors by {d_link|refraction|refraction} or {d_link|diffraction|diffraction} with formation of a spectrum"
                  ]
                ],
                "sdsense": {
                  "sd": "also",
                  "dt": [
                    [
                      "text",
                      "{bc}the separation of radiation {dx_def}see {dxt|radiation||2}{/dx_def} into components in accordance with some varying characteristic (such as energy)"
                    ]
                  ]
                }
              }
            ]
          ],
          [
            [
              "sen",
              {
                "sn": "5",
                "sls": [
                  "chemistry"
                ]
              }
            ],
            [
              "sense",
              {
                "sn": "a",
                "dt": [
                  [
                    "text",
                    "{bc}a dispersed {dx_def}see {dxt|disperse||2c}{/dx_def} substance"
                  ]
                ]
              }
            ],
            [
              "sense",
              {
                "sn": "b",
                "dt": [
                  [
                    "text",
                    "{bc}a system {dx_def}see {dxt|system||1a(2)}{/dx_def} consisting of a dispersed substance and the medium in which it is dispersed {bc}{sx|colloid||2b}"
                  ]
                ]
              }
            ]
          ]
        ]
      }
    ],
    "et": [
      [
        "text",
        "{dx_ety}see {dxt|disperse||}{/dx_ety}"
      ]
    ],
    "date": "14th century{ds||1||}",
    "shortdef": [
      "diaspora",
      "the act or process of dispersing : the state of being dispersed",
      "the scattering of the values of a frequency distribution from an average"
    ]
  }
]