[
  {
    "meta": {
      "id": "distance:1",
      "uuid": "cf137a0e-5824-4384-b201-f38c266a4a52",
      "sort": "042884000",
      "src": "collegiate",
      "section": "alpha",
      "stems": [
        "distance",
        "distances",
        "go the distance",
        "goes the distance",
        "going the distance",
        "gone the distance",
        "last the distance",
        "lasted the distance",
        "lasting the distance",
        "lasts the distance",
        "went the distance"
      ],
      "offensive": false
    },
    "hom": 1,
    "hwi": {
      "hw": "dis*tance",
      "prs": [
        {
          "mw": "\u02c8di-st\u0259n(t)s",
          "sound": {
            "audio": "distan01",
            "ref": "c",
            "stat": "1"
          }
        }
      ]
    },
    "fl": "noun",
    "def": [
      {
        "sseq": [
          [
            [
              "bs",
              {
                "sense": {
                  "sn": "1",
                  "dt": [
                    [
                      "text",
                      "{bc}the quality or state of being {d_link|distant|distant}: such as"
                    ]
                  ]
                }
              }
            ],
            [
              "sense",
              {
                "sn": "a",
                "dt": [
                  [
                    "text",
                    "{bc}spatial remoteness "
                  ],
                  [
                    "vis",
                    [
                      {
                        "t": "quite a {wi}distance{/wi} between the two hospitals"
                      }
                    ]
                  ]
                ]
              }
            ],
            [
              "sense",
              {
                "sn": "b",
                "dt": [
                  [
                    "text",
                    "{bc}personal and especially emotional separation "
                  ],
                  [
                    "vis",
                    [
                      {
                        "t": "feels a {wi}distance{/wi} from her brother that wasn't there before"
                      }
                    ]
                  ]
                ],
                "sdsense": {
                  "sd": "also",
                  "dt": [
                    [
                      "text",
                      "{bc}{sx|reserve||}, {sx|coldness||}"
                    ]
                  ]
                }
              }
            ],
            [
              "sense",
              {
                "sn": "c",
                "dt": [
                  [
                    "text",
                    "{bc}{sx|difference||}, {sx|disparity||} "
                  ],
                  [
                    "vis",
                    [
                      {
                        "t": "the {wi}distance{/wi} between the two philosophies"
                      }
                    ]
                  ]
                ]
              }
            ]
          ],
          [
            [
              "pseq",
              [
                [
                  "sense",
                  {
                    "sn": "2 a (1)",
                    "sls": [
                      "mathematics"
                    ],
                    "dt": [
                      [
                        "text",
                        "{bc}an extent of area or an advance {dx_def}see {dxt|advance:2||1}{/dx_def} along a route measured in a straight line "
                      ],
                      [
                        "vis",
                        [
                          {
                            "t": "measure the {wi}distance{/wi} between point A and point B"
                          },
                          {
                            "t": "the {wi}distance{/wi} between the Earth and the Sun"
                          }
                        ]
                      ]
                    ]
                  }
                ],
                [
                  "sense",
                  {
                    "sn": "(2)",
                    "dt": [
                      [
                        "text",
                        "{bc}an extent of space measured other than linearly "
                      ],
                      [
                        "vis",
                        [
                          {
                            "t": "within walking {wi}distance{/wi}"
                          }
                        ]
                      ]
                    ]
                  }
                ]
              ]
            ],
            [
              "sense",
              {
                "sn": "b",
                "dt": [
                  [
                    "text",
                    "{bc}separation {dx_def}see {dxt|separation||2b}{/dx_def} in time "
                  ],
                  [
                    "vis",
                    [
                      {
                        "t": "spanning the {wi}distance{/wi} of several centuries"
                      }
                    ]
                  ]
                ]
              }
            ],
            [
              "pseq",
              [
                [
                  "sense",
                  {
                    "sn": "c (1)",
                    "dt": [
                      [
                        "text",
                        "{bc}length of a race or contest "
                      ],
                      [
                        "vis",
                        [
                          {
                            "t": "won both the 400 meter and the 800 meter {wi}distances{/wi}"
                          }
                        ]
                      ]
                    ]
                  }
                ],
                [
                  "sense",
                  {
                    "sn": "(2)",
                    "dt": [
                      [
                        "text",
                        "{bc}the full length (as of a prizefight or ball game)"
                      ]
                    ]
                  }
                ],
                [
                  "sense",
                  {
                    "sn": "(3)",
                    "dt": [
                      [
                        "text",
                        "{bc}a long race "
                      ],
                      [
                        "vis",
                        [
                          {
                            "t": "{wi}distance{/wi} training"
                          }
                        ]
                      ]
                    ]
                  }
                ]
              ]
            ],
            [
              "sense",
              {
                "sn": "d",
                "dt": [
                  [
                    "text",
                    "{bc}an extent of advance from a beginning "
                  ],
                  [
                    "vis",
                    [
                      {
                        "t": "they carried Puritan severity quite a {wi}distance{/wi}",
                        "aq": {
                          "auth": "John Gould"
                        }
                      }
                    ]
                  ]
                ]
              }
            ],
            [
              "sense",
              {
                "sn": "e",
                "dt": [
                  [
                    "text",
                    "{bc}{sx|expanse||} "
                  ],
                  [
                    "vis",
                    [
                      {
                        "t": "A {wi}distance{/wi} of field, woods, and diluted November sky \u2026",
                        "aq": {
                          "auth": "Elizabeth Bowen"
                        }
                      }
                    ]
                  ]
                ]
              }
            ],
            [
              "sense",
              {
                "sn": "f",
                "sls": [
                  "mathematics"
                ],
                "dt": [
                  [
                    "text",
                    "{bc}the degree or amount of separation between two points, lines, surfaces, or objects"
                  ]
                ]
              }
            ]
          ],
          [
            [
              "sense",
              {
                "sn": "3",
                "dt": [
                  [
                    "text",
                    "{bc}a distant point or region "
                  ],
                  [
                    "vis",
                    [
                      {
                        "t": "gazed out into the {wi}distance{/wi}"
                      }
                    ]
                  ]
                ]
              }
            ]
          ],
          [
            [
              "sense",
              {
                "sn": "4 a",
                "dt": [
                  [
                    "text",
                    "{bc}capacity to observe dispassionately"
                  ]
                ]
              }
            ],
            [
              "sense",
              {
                "sn": "b",
                "sls": [
                  "fine arts"
                ],
                "dt": [
                  [
                    "text",
                    "{bc}{sx|aesthetic distance||}"
                  ]
                ]
              }
            ]
          ],
          [
            [
              "sense",
              {
                "sn": "5",
                "sls": [
                  "obsolete"
                ],
                "dt": [
                  [
                    "text",
                    "{bc}{sx|discord||}"
                  ]
                ]
              }
            ]
          ]
        ]
      }
    ],
    "dros": [
      {
        "drp": "go the distance",
        "vrs": [
          {
            "vl": "or less commonly",
            "va": "last the distance"
          }
        ],
        "def": [
          {
            "sseq": [
              [
                [
                  "sense",
                  {
                    "dt": [
                      [
                        "text",
                        "{bc}to complete a course of action"
                      ]
                    ]
                  }
                ]
              ]
            ]
          }
        ]
      }
    ],
    "et": [
      [
        "text",
        "{dx_ety}see {dxt|distant||}{/dx_ety}"
      ]
    ],
    "date": "14th century{ds||5||}",
    "shortdef": [
      "the quality or state of being distant: such as",
      "spatial remoteness",
      "personal and especially emotional separation; also : reserve, coldness"
    ]
  },
  {
    "meta": {
      "id": "distance:2",
      "uuid": "fa027581-ae72-4e6e-9bd9-ec0793858499",
      "sort": "042885000",
      "src": "collegiate",
      "section": "alpha",
      "stems": [
        "distance",
        "distanced",
        "distances",
        "distancing"
      ],
      "offensive": false
    },
    "hom": 2,
    "hwi": {
      "hw": "distance"
    },
    "fl": "verb",
    "ins": [
      {
        "if": "dis*tanced"
      },
      {
        "if": "dis*tanc*ing"
      }
    ],
    "def": [
      {
        "vd": "transitive verb",
        "sseq": [
          [
            [
              "sense",
              {
                "sn": "1",
                "dt": [
                  [
                    "text",
                    "{bc}to make or maintain a personal or emotional separation from {bc}to place or keep at a distance "
                  ],
                  [
                    "vis",
                    [
                      {
                        "t": "able to {wi}distance{/wi} themselves from the tragedy"
                      },
                      {
                        "t": "{wi}distances{/wi} herself from her coworkers"
                      }
                    ]
                  ]
                ]
              }
            ]
          ],
          [
            [
              "sense",
              {
                "sn": "2",
                "dt": [
                  [
                    "text",
                    "{bc}to leave far behind {bc}{sx|outstrip||} "
                  ],
                  [
                    "vis",
                    [
                      {
                        "t": "easily {it}distanced{/it} the other candidates in the race"
                      }
                    ]
                  ]
                ]
              }
            ]
          ]
        ]
      }
    ],
    "et": [
      [
        "text",
        "{dx_ety}see {dxt|distant||}{/dx_ety}"
      ]
    ],
    "date": "1578{ds||1||}",
    "shortdef": [
      "to make or maintain a personal or emotional separation from : to place or keep at a distance",
      "to leave far behind : outstrip"
    ]
  },
  {
    "meta": {
      "id": "distance:3",
      "uuid": "9e0c6dfc-2406-418b-9437-08e62cda944d",
      "sort": "042886000",
      "src": "collegiate",
      "section": "alpha",
      "stems": [
        "distance"
      ],
      "offensive": false
    },
    "hom": 3,
    "hwi": {
      "hw": "distance"
    },
    "fl": "adjective",
    "def": [
      {
        "sseq": [
          [
            [
              "sense",
              {
                "dt": [
                  [
                    "text",
                    "{bc}taking place via electronic media linking instructors and students who are not together in a classroom "
                  ],
                  [
                    "vis",
                    [
                      {
                        "t": "{wi}distance{/wi} learning"
                      },
                      {
                        "t": "{wi}distance{/wi} education"
                      }
                    ]
                  ]
                ]
              }
            ]
          ]
        ]
      }
    ],
    "et": [
      [
        "text",
        "{dx_ety}see {dxt|distant||}{/dx_ety}"
      ]
    ],
    "date": "1970",
    "shortdef": [
      "taking place via electronic media linking instructors and students who are not together in a classroom"
    ]
  },
  {
    "meta": {
      "id": "distance learning",
      "uuid": "2f9e2f70-5c91-4877-bc97-a7c054f05aa6",
      "sort": "3004745000",
      "src": "ld",
      "section": "idioms",
      "stems": [
        "distance education",
        "distance learning"
      ],
      "offensive": false
    },
    "hwi": {
      "hw": "distance learning"
    },
    "vrs": [
      {
        "vl": "or less commonly",
        "va": "distance education"
      }
    ],
    "fl": "noun",
    "def": [
      {
        "sseq": [
          [
            [
              "sense",
              {
                "dt": [
                  [
                    "text",
                    "{bc}a method of study where teachers and students do not meet in a classroom but use the Internet, email, mail, etc., to have classes"
                  ]
                ]
              }
            ]
          ]
        ]
      }
    ],
    "shortdef": [
      "a method of study where teachers and students do not meet in a classroom but use the Internet, email, mail, etc., to have classes"
    ]
  },
  {
    "meta": {
      "id": "aesthetic distance",
      "uuid": "3eadba72-2c55-494f-a355-d59599c0d118",
      "sort": "011171000",
      "src": "collegiate",
      "section": "alpha",
      "stems": [
        "aesthetic distance",
        "aesthetic distances"
      ],
      "offensive": false
    },
    "hwi": {
      "hw": "aesthetic distance"
    },
    "fl": "noun",
    "def": [
      {
        "sseq": [
          [
            [
              "sense",
              {
                "dt": [
                  [
                    "text",
                    "{bc}the frame of reference that an artist creates by the use of technical devices in and around the work of art to differentiate it psychologically from reality"
                  ]
                ]
              }
            ]
          ]
        ]
      }
    ],
    "date": "1867",
    "shortdef": [
      "the frame of reference that an artist creates by the use of technical devices in and around the work of art to differentiate it psychologically from reality"
    ]
  },
  {
    "meta": {
      "id": "hyperfocal distance",
      "uuid": "699f7deb-c16a-418a-a6f3-27d3cfbba13d",
      "sort": "080338500",
      "src": "collegiate",
      "section": "alpha",
      "stems": [
        "hyperfocal distance",
        "hyperfocal distances"
      ],
      "offensive": false
    },
    "hwi": {
      "hw": "hy*per*fo*cal distance",
      "prs": [
        {
          "mw": "\u02cch\u012b-p\u0259r-\u02c8f\u014d-k\u0259l-",
          "sound": {
            "audio": "hyperf02",
            "ref": "c",
            "stat": "1"
          }
        }
      ]
    },
    "fl": "noun",
    "def": [
      {
        "sseq": [
          [
            [
              "sense",
              {
                "dt": [
                  [
                    "text",
                    "{bc}the nearest distance upon which a photographic lens may be focused to produce satisfactory definition at infinity"
                  ]
                ]
              }
            ]
          ]
        ]
      }
    ],
    "et": [
      [
        "text",
        "International Scientific Vocabulary"
      ]
    ],
    "date": "1905",
    "shortdef": [
      "the nearest distance upon which a photographic lens may be focused to produce satisfactory definition at infinity"
    ]
  },
  {
    "meta": {
      "id": "long-distance:1",
      "uuid": "20cc1bd1-0380-4aae-a31b-7ec8f1a0416b",
      "sort": "120239300",
      "src": "collegiate",
      "section": "alpha",
      "stems": [
        "long-distance"
      ],
      "offensive": false
    },
    "hom": 1,
    "hwi": {
      "hw": "long-dis*tance",
      "prs": [
        {
          "mw": "\u02c8l\u022f\u014b-\u02c8di-st\u0259n(t)s",
          "sound": {
            "audio": "longd01ld",
            "ref": "ld",
            "stat": "1"
          }
        }
      ]
    },
    "fl": "adjective",
    "def": [
      {
        "sseq": [
          [
            [
              "sense",
              {
                "sn": "1",
                "dt": [
                  [
                    "text",
                    "{bc}of or relating to telephone communication with a distant point especially outside a specified area"
                  ]
                ]
              }
            ]
          ],
          [
            [
              "sense",
              {
                "sn": "2 a",
                "dt": [
                  [
                    "text",
                    "{bc}situated a long distance away"
                  ]
                ]
              }
            ],
            [
              "sense",
              {
                "sn": "b",
                "dt": [
                  [
                    "text",
                    "{bc}going or covering a long distance "
                  ],
                  [
                    "vis",
                    [
                      {
                        "t": "{wi}long-distance{/wi} roads"
                      },
                      {
                        "t": "a {wi}long-distance{/wi} runner"
                      }
                    ]
                  ]
                ]
              }
            ],
            [
              "sense",
              {
                "sn": "c",
                "dt": [
                  [
                    "text",
                    "{bc}conducted or effective over long distance "
                  ],
                  [
                    "vis",
                    [
                      {
                        "t": "a {wi}long-distance{/wi} relationship"
                      },
                      {
                        "t": "{wi}long-distance{/wi} listening devices"
                      }
                    ]
                  ]
                ]
              }
            ]
          ]
        ]
      }
    ],
    "date": "1848{ds||2|b|}",
    "shortdef": [
      "of or relating to telephone communication with a distant point especially outside a specified area",
      "situated a long distance away",
      "going or covering a long distance"
    ]
  },
  {
    "meta": {
      "id": "long-distance:2",
      "uuid": "4e5824db-985a-4cd5-bcc9-10a58b2a97d0",
      "sort": "120239400",
      "src": "collegiate",
      "section": "alpha",
      "stems": [
        "long-distance"
      ],
      "offensive": false
    },
    "hom": 2,
    "hwi": {
      "hw": "long-distance"
    },
    "fl": "adverb",
    "def": [
      {
        "sseq": [
          [
            [
              "sense",
              {
                "sn": "1",
                "dt": [
                  [
                    "text",
                    "{bc}by long-distance telephone "
                  ],
                  [
                    "vis",
                    [
                      {
                        "t": "called her {wi}long-distance{/wi}"
                      }
                    ]
                  ]
                ]
              }
            ]
          ],
          [
            [
              "sense",
              {
                "sn": "2",
                "dt": [
                  [
                    "text",
                    "{bc}over or from a long distance"
                  ]
                ]
              }
            ]
          ]
        ]
      }
    ],
    "date": "1850{ds||2||}",
    "shortdef": [
      "by long-distance telephone",
      "over or from a long distance"
    ]
  },
  {
    "meta": {
      "id": "long distance",
      "uuid": "403008d8-8cb2-4b36-8c8d-70fbe5f89c3e",
      "sort": "120239500",
      "src": "collegiate",
      "section": "alpha",
      "stems": [
        "long distance",
        "long distances"
      ],
      "offensive": false
    },
    "hwi": {
      "hw": "long distance"
    },
    "fl": "noun",
    "def": [
      {
        "sseq": [
          [
            [
              "sense",
              {
                "sn": "1",
                "dt": [
                  [
                    "text",
                    "{bc}communication by long-distance telephone"
                  ]
                ]
              }
            ]
          ],
          [
            [
              "sense",
              {
                "sn": "2",
                "dt": [
                  [
                    "text",
                    "{bc}a telephone operator or exchange that gives long-distance connections"
                  ]
                ]
              }
            ]
          ]
        ]
      }
    ],
    "date": "1902{ds||1||}",
    "shortdef": [
      "communication by long-distance telephone",
      "a telephone operator or exchange that gives long-distance connections"
    ]
  },
  {
    "meta": {
      "id": "mean distance",
      "uuid": "edba7256-dd9c-4848-b7d8-49b6d6224ca9",
      "sort": "131466000",
      "src": "collegiate",
      "section": "alpha",
      "stems": [
        "mean distance",
        "mean distances"
      ],
      "offensive": false
    },
    "hwi": {
      "hw": "mean distance"
    },
    "fl": "noun",
    "def": [
      {
        "sseq": [
          [
            [
              "sense",
              {
                "dt": [
                  [
                    "text",
                    "{bc}the arithmetical mean of the maximum and minimum distances of an orbiting celestial object from its primary"
                  ]
                ]
              }
            ]
          ]
        ]
      }
    ],
    "date": "1788",
    "shortdef": [
      "the arithmetical mean of the maximum and minimum distances of an orbiting celestial object from its primary"
    ]
  }
]