[
  {
    "meta": {
      "id": "edge:1",
      "uuid": "d4cbfb55-d5e6-4ef9-8ebc-fe7edbab0f74",
      "sort": "050032600",
      "src": "collegiate",
      "section": "alpha",
      "stems": [
        "edge",
        "edgeless",
        "edges",
        "on edge"
      ],
      "offensive": false
    },
    "hom": 1,
    "hwi": {
      "hw": "edge",
      "prs": [
        {
          "mw": "\u02c8ej",
          "sound": {
            "audio": "edge0001",
            "ref": "c",
            "stat": "1"
          }
        }
      ]
    },
    "fl": "noun",
    "ins": [
      {
        "il": "plural",
        "if": "edg*es"
      }
    ],
    "def": [
      {
        "sseq": [
          [
            [
              "sense",
              {
                "sn": "1 a",
                "dt": [
                  [
                    "text",
                    "{bc}the cutting side of a blade "
                  ],
                  [
                    "vis",
                    [
                      {
                        "t": "a razor's {wi}edge{/wi}"
                      }
                    ]
                  ]
                ]
              }
            ],
            [
              "sense",
              {
                "sn": "b",
                "dt": [
                  [
                    "text",
                    "{bc}the sharpness of a blade "
                  ],
                  [
                    "vis",
                    [
                      {
                        "t": "a knife with no {wi}edge{/wi}"
                      }
                    ]
                  ]
                ]
              }
            ],
            [
              "pseq",
              [
                [
                  "sense",
                  {
                    "sn": "c (1)",
                    "dt": [
                      [
                        "text",
                        "{bc}{sx|force||}, {sx|effectiveness||} "
                      ],
                      [
                        "vis",
                        [
                          {
                            "t": "blunted the {wi}edge{/wi} of the legislation"
                          }
                        ]
                      ]
                    ]
                  }
                ],
                [
                  "sense",
                  {
                    "sn": "(2)",
                    "dt": [
                      [
                        "text",
                        "{bc}vigor or energy especially of body "
                      ],
                      [
                        "vis",
                        [
                          {
                            "t": "maintains his hard {wi}edge{/wi}"
                          }
                        ]
                      ]
                    ]
                  }
                ]
              ]
            ],
            [
              "pseq",
              [
                [
                  "sense",
                  {
                    "sn": "d (1)",
                    "dt": [
                      [
                        "text",
                        "{bc}incisive or penetrating quality "
                      ],
                      [
                        "vis",
                        [
                          {
                            "t": "writing with a satirical {wi}edge{/wi}"
                          }
                        ]
                      ]
                    ]
                  }
                ],
                [
                  "sense",
                  {
                    "sn": "(2)",
                    "dt": [
                      [
                        "text",
                        "{bc}a noticeably harsh or sharp quality "
                      ],
                      [
                        "vis",
                        [
                          {
                            "t": "her voice had an {wi}edge{/wi} to it"
                          }
                        ]
                      ]
                    ]
                  }
                ],
                [
                  "sense",
                  {
                    "sn": "(3)",
                    "dt": [
                      [
                        "text",
                        "{bc}a secondary but distinct quality "
                      ],
                      [
                        "vis",
                        [
                          {
                            "t": "rock music with a bluesy {wi}edge{/wi}"
                          }
                        ]
                      ]
                    ]
                  }
                ]
              ]
            ],
            [
              "sense",
              {
                "sn": "e",
                "dt": [
                  [
                    "text",
                    "{bc}keenness or intensity of desire or enjoyment "
                  ],
                  [
                    "vis",
                    [
                      {
                        "t": "lost my competitive {wi}edge{/wi}"
                      }
                    ]
                  ]
                ]
              }
            ]
          ],
          [
            [
              "sense",
              {
                "sn": "2 a",
                "dt": [
                  [
                    "text",
                    "{bc}the line where an object or area begins or ends {bc}{sx|border||} "
                  ],
                  [
                    "vis",
                    [
                      {
                        "t": "on the {wi}edge{/wi} of a plain"
                      }
                    ]
                  ]
                ]
              }
            ],
            [
              "sense",
              {
                "sn": "b",
                "dt": [
                  [
                    "text",
                    "{bc}the narrow part adjacent to a border "
                  ],
                  [
                    "vis",
                    [
                      {
                        "t": "the {wi}edge{/wi} of the deck"
                      }
                    ]
                  ]
                ]
              }
            ],
            [
              "pseq",
              [
                [
                  "sense",
                  {
                    "sn": "c (1)",
                    "dt": [
                      [
                        "text",
                        "{bc}a point near the beginning or the end"
                      ]
                    ],
                    "sdsense": {
                      "sd": "especially",
                      "dt": [
                        [
                          "text",
                          "{bc}{sx|brink||}, {sx|verge||} "
                        ],
                        [
                          "vis",
                          [
                            {
                              "t": "on the {wi}edge{/wi} of disaster"
                            }
                          ]
                        ]
                      ]
                    }
                  }
                ],
                [
                  "sense",
                  {
                    "sn": "(2)",
                    "dt": [
                      [
                        "text",
                        "{bc}the threshold of danger or ruin "
                      ],
                      [
                        "vis",
                        [
                          {
                            "t": "living on the {wi}edge{/wi}"
                          }
                        ]
                      ]
                    ]
                  }
                ]
              ]
            ],
            [
              "sense",
              {
                "sn": "d",
                "dt": [
                  [
                    "text",
                    "{bc}a favorable margin {bc}{sx|advantage||} "
                  ],
                  [
                    "vis",
                    [
                      {
                        "t": "has an {wi}edge{/wi} on the competition"
                      }
                    ]
                  ]
                ]
              }
            ]
          ],
          [
            [
              "sense",
              {
                "sn": "3",
                "dt": [
                  [
                    "text",
                    "{bc}a line or line segment that is the intersection of two plane faces (as of a pyramid) or of two planes"
                  ]
                ]
              }
            ]
          ],
          [
            [
              "sense",
              {
                "sn": "4",
                "vrs": [
                  {
                    "va": "edges",
                    "spl": "plural"
                  }
                ],
                "dt": [
                  [
                    "text",
                    "{bc}short fine hair that grows along a person's hairline {bc}{sx|baby hair||} "
                  ],
                  [
                    "vis",
                    [
                      {
                        "t": "With carefully finessed {wi}edges{/wi} in delicate swoop and wave designs, hairstyles as simple as a high ponytail or sleek bob can quickly be transformed into a work of art \u2026",
                        "aq": {
                          "auth": "Devon Abelman"
                        }
                      }
                    ]
                  ],
                  [
                    "uns",
                    [
                      [
                        [
                          "text",
                          "usually singular when used before another noun "
                        ],
                        [
                          "vis",
                          [
                            {
                              "t": "{wi}edge{/wi} styling"
                            }
                          ]
                        ]
                      ]
                    ]
                  ]
                ]
              }
            ]
          ]
        ]
      }
    ],
    "uros": [
      {
        "ure": "edge*less",
        "fl": "adjective"
      }
    ],
    "dros": [
      {
        "drp": "on edge",
        "def": [
          {
            "sseq": [
              [
                [
                  "sense",
                  {
                    "dt": [
                      [
                        "text",
                        "{bc}{sx|anxious||}, {sx|nervous||}"
                      ]
                    ]
                  }
                ]
              ]
            ]
          }
        ]
      }
    ],
    "et": [
      [
        "text",
        "Middle English {it}egge,{/it} going back to Old English {it}ecg{/it} \"cutting side of a blade, border,\" going back to Germanic {it}*agj\u014d{/it} \"cutting side of a blade\" (whence also Old Frisian {it}eg{/it} \"cutting side of a blade, sword,\" Old Saxon {it}eggia,{/it} Old High German {it}egga, ekka{/it} \"cutting side of a blade, border, point, corner,\" Old Norse {it}egg{/it} \"cutting side of a blade\"), feminine noun derivative from Indo-European {it}*h{inf}2{/inf}ek\u0301-{/it} \"sharp, pointed,\" whence also Latin {it}aci\u0113s{/it} \"sharp part of a weapon\""
      ],
      [
        "et_snote",
        [
          [
            "t",
            "The base {it}*h{inf}2{/inf}ek\u0301-{/it} \"sharp, pointed\" was productive of a large number of suffixed derivatives in the Indo-European daughter languages. Latin had a verbal base deriving from {it}h{inf}2{/inf}ek\u0301-eh{inf}1{/inf}-{/it} \"to be sharp\" (see {et_link|acetic acid|acetic acid}, {et_link|acid:2|acid:2}) and a presumed adjectival stem {it}*ac\u016b-{/it} \"sharp\" (see {et_link|acute|acute}). An apparently isolated derivative is Greek {it}akm\u0113{/it}\u0301 \"highest point\" (see {et_link|acme|acme}). For the derivative {it}*h{inf}2{/inf}ek\u0301-r-/h{inf}2{/inf}ok\u0301-r-,{/it} with outcomes in Greek, Latin, and other languages, see {et_link|acro-|acr-}, {et_link|mediocre|mediocre}. See also {et_link|awn|awn}, {et_link|ear:2|ear:2}."
          ]
        ]
      ]
    ],
    "date": "before 12th century{ds||1|a|}",
    "shortdef": [
      "the cutting side of a blade",
      "the sharpness of a blade",
      "force, effectiveness"
    ]
  },
  {
    "meta": {
      "id": "edge:2",
      "uuid": "33091ffb-fbb6-4d92-97c6-5517dc1bab17",
      "sort": "050032700",
      "src": "collegiate",
      "section": "alpha",
      "stems": [
        "edge",
        "edged",
        "edges",
        "edging"
      ],
      "offensive": false
    },
    "hom": 2,
    "hwi": {
      "hw": "edge"
    },
    "fl": "verb",
    "ins": [
      {
        "if": "edged"
      },
      {
        "if": "edg*ing"
      }
    ],
    "def": [
      {
        "vd": "transitive verb",
        "sseq": [
          [
            [
              "sense",
              {
                "sn": "1 a",
                "dt": [
                  [
                    "text",
                    "{bc}to give an edge to"
                  ]
                ]
              }
            ],
            [
              "sense",
              {
                "sn": "b",
                "dt": [
                  [
                    "text",
                    "{bc}to be on an edge of "
                  ],
                  [
                    "vis",
                    [
                      {
                        "t": "trees {it}edging{/it} the lake"
                      }
                    ]
                  ]
                ]
              }
            ]
          ],
          [
            [
              "sense",
              {
                "sn": "2",
                "dt": [
                  [
                    "text",
                    "{bc}to move or force gradually "
                  ],
                  [
                    "vis",
                    [
                      {
                        "t": "{it}edged{/it} him off the road"
                      }
                    ]
                  ]
                ]
              }
            ]
          ],
          [
            [
              "sense",
              {
                "sn": "3",
                "dt": [
                  [
                    "text",
                    "{bc}to incline (a ski) sideways so that one edge cuts into the snow"
                  ]
                ]
              }
            ]
          ],
          [
            [
              "sense",
              {
                "sn": "4",
                "dt": [
                  [
                    "text",
                    "{bc}to defeat by a small margin "
                  ],
                  [
                    "uns",
                    [
                      [
                        [
                          "text",
                          "often used with {it}out{/it} "
                        ],
                        [
                          "vis",
                          [
                            {
                              "t": "{it}edged{/it} out her opponent"
                            }
                          ]
                        ]
                      ]
                    ]
                  ]
                ]
              }
            ]
          ]
        ]
      },
      {
        "vd": "intransitive verb",
        "sseq": [
          [
            [
              "sense",
              {
                "dt": [
                  [
                    "text",
                    "{bc}to advance by short moves"
                  ]
                ]
              }
            ]
          ]
        ]
      }
    ],
    "et": [
      [
        "text",
        "Middle English {it}eggen{/it} \"to set (the teeth) on edge,\" derivative of {it}egge{/it} {et_link|edge:1|edge:1}"
      ]
    ],
    "date": "14th century{ds|t|1|a|}",
    "shortdef": [
      "to give an edge to",
      "to be on an edge of",
      "to move or force gradually"
    ]
  },
  {
    "meta": {
      "id": "edge city",
      "uuid": "2fa2afe9-61bb-46a7-8f84-14f3c14efa23",
      "sort": "050032800",
      "src": "collegiate",
      "section": "alpha",
      "stems": [
        "edge cities",
        "edge city"
      ],
      "offensive": false
    },
    "hwi": {
      "hw": "edge city"
    },
    "fl": "noun",
    "def": [
      {
        "sseq": [
          [
            [
              "sense",
              {
                "dt": [
                  [
                    "text",
                    "{bc}a suburb that has developed its own political, economic, and commercial base independent of the central city"
                  ]
                ]
              }
            ]
          ]
        ]
      }
    ],
    "date": "1988",
    "shortdef": [
      "a suburb that has developed its own political, economic, and commercial base independent of the central city"
    ]
  },
  {
    "meta": {
      "id": "edge effect",
      "uuid": "18d856eb-2eb8-41f7-8a46-b408ee54947a",
      "sort": "050033000",
      "src": "collegiate",
      "section": "alpha",
      "stems": [
        "edge effect",
        "edge effects"
      ],
      "offensive": false
    },
    "hwi": {
      "hw": "edge effect"
    },
    "fl": "noun",
    "def": [
      {
        "sseq": [
          [
            [
              "sense",
              {
                "dt": [
                  [
                    "text",
                    "{bc}the effect of an abrupt transition between two quite different adjoining ecological communities on the numbers and kinds of organisms in the marginal habitat"
                  ]
                ]
              }
            ]
          ]
        ]
      }
    ],
    "date": "1933",
    "shortdef": [
      "the effect of an abrupt transition between two quite different adjoining ecological communities on the numbers and kinds of organisms in the marginal habitat"
    ]
  },
  {
    "meta": {
      "id": "edge-grain",
      "uuid": "409373af-4782-4528-9d50-c3a3d54062c5",
      "sort": "050033100",
      "src": "collegiate",
      "section": "alpha",
      "stems": [
        "edge-grain",
        "edge-grained"
      ],
      "offensive": false
    },
    "hwi": {
      "hw": "edge-grain",
      "prs": [
        {
          "mw": "\u02c8ej-\u02ccgr\u0101n",
          "sound": {
            "audio": "edge_g01",
            "ref": "c",
            "stat": "1"
          }
        }
      ]
    },
    "vrs": [
      {
        "vl": "or",
        "va": "edge-grained",
        "prs": [
          {
            "mw": "\u02c8ej-\u02ccgr\u0101nd",
            "sound": {
              "audio": "edge_g02",
              "ref": "c",
              "stat": "1"
            }
          }
        ]
      }
    ],
    "fl": "adjective",
    "def": [
      {
        "sseq": [
          [
            [
              "sense",
              {
                "dt": [
                  [
                    "text",
                    "{bc}{sx|quartersawn||}"
                  ]
                ]
              }
            ]
          ]
        ]
      }
    ],
    "date": "1906",
    "shortdef": [
      "quartersawn"
    ]
  },
  {
    "meta": {
      "id": "edge in",
      "uuid": "58942ed7-bb4d-4e68-899a-15f8638eb005",
      "sort": "050033200",
      "src": "collegiate",
      "section": "alpha",
      "stems": [
        "edge in",
        "edged in",
        "edges in",
        "edging in"
      ],
      "offensive": false
    },
    "hwi": {
      "hw": "edge in"
    },
    "fl": "verb",
    "ins": [
      {
        "if": "edged in"
      },
      {
        "if": "edg*ing in"
      },
      {
        "if": "edg*es in"
      }
    ],
    "def": [
      {
        "vd": "transitive verb",
        "sseq": [
          [
            [
              "sense",
              {
                "dt": [
                  [
                    "text",
                    "{bc}to work in {bc}{sx|interpolate||} "
                  ],
                  [
                    "vis",
                    [
                      {
                        "t": "{it}edged in{/it} a few remarks"
                      }
                    ]
                  ]
                ]
              }
            ]
          ]
        ]
      }
    ],
    "date": "1683",
    "shortdef": [
      "to work in : interpolate"
    ]
  },
  {
    "meta": {
      "id": "edge tool",
      "uuid": "ee928978-0e3f-4a83-b6e6-11f94e85fca9",
      "sort": "050033400",
      "src": "collegiate",
      "section": "alpha",
      "stems": [
        "edge tool",
        "edge tools"
      ],
      "offensive": false
    },
    "hwi": {
      "hw": "edge tool"
    },
    "fl": "noun",
    "def": [
      {
        "sseq": [
          [
            [
              "sense",
              {
                "dt": [
                  [
                    "text",
                    "{bc}a tool with a sharp cutting edge"
                  ]
                ]
              }
            ]
          ]
        ]
      }
    ],
    "date": "14th century",
    "shortdef": [
      "a tool with a sharp cutting edge"
    ]
  },
  {
    "meta": {
      "id": "edge out",
      "uuid": "4e5c1b10-1c17-45e3-a922-e842a75a13cc",
      "sort": "3005363000",
      "src": "ld",
      "section": "idioms",
      "stems": [
        "edge out",
        "edged out",
        "edges out",
        "edging out"
      ],
      "offensive": false
    },
    "hwi": {
      "hw": "edge out"
    },
    "fl": "phrasal verb",
    "ins": [
      {
        "if": "edged out"
      },
      {
        "if": "edg*ing out"
      },
      {
        "if": "edg*es out"
      }
    ],
    "def": [
      {
        "sseq": [
          [
            [
              "sense",
              {
                "dt": [
                  [
                    "text",
                    "{bc}to slowly become more successful, popular, etc., than (someone or something) "
                  ],
                  [
                    "vis",
                    [
                      {
                        "t": "The company is gradually {it}edging out{/it} the competition."
                      },
                      {
                        "t": "Efficiency has {it}edged out{/it} price as the top reason people give for buying the car."
                      }
                    ]
                  ]
                ]
              }
            ]
          ]
        ]
      }
    ],
    "shortdef": [
      "to slowly become more successful, popular, etc., than (someone or something)"
    ]
  },
  {
    "meta": {
      "id": "bleeding edge",
      "uuid": "4dece8cf-0bd0-42fb-966d-f10fd37d6f30",
      "sort": "020274950",
      "src": "collegiate",
      "section": "alpha",
      "stems": [
        "bleeding edge",
        "bleeding edges",
        "bleeding-edge"
      ],
      "offensive": false
    },
    "hwi": {
      "hw": "bleeding edge"
    },
    "fl": "noun",
    "def": [
      {
        "sseq": [
          [
            [
              "sense",
              {
                "dt": [
                  [
                    "text",
                    "{bc}the newest and most advanced part or position especially in technology {bc}the extreme cutting edge "
                  ],
                  [
                    "vis",
                    [
                      {
                        "t": "So the first thing you learn about the Internet from studying America's Most Admired Companies is that you don't have to be on the {wi}bleeding edge{/wi} of the Web to be admired.",
                        "aq": {
                          "auth": "Geoffrey Colvin"
                        }
                      }
                    ]
                  ]
                ]
              }
            ]
          ]
        ]
      }
    ],
    "uros": [
      {
        "ure": "bleed*ing-edge",
        "prs": [
          {
            "mw": "\u02c8bl\u0113-di\u014b-\u02c8ej",
            "sound": {
              "audio": "bleeding-edge_1",
              "ref": "owl",
              "stat": "1"
            }
          }
        ],
        "fl": "adjective",
        "utxt": [
          [
            "vis",
            [
              {
                "t": "{wi}bleeding-edge{/wi} ideas/technology"
              }
            ]
          ]
        ]
      }
    ],
    "date": "1983",
    "shortdef": [
      "the newest and most advanced part or position especially in technology : the extreme cutting edge"
    ]
  },
  {
    "meta": {
      "id": "cutting edge",
      "uuid": "23023477-3770-4897-9ae6-7c94b09cf6c7",
      "sort": "035795900",
      "src": "collegiate",
      "section": "alpha",
      "stems": [
        "cutting edge",
        "cutting edges",
        "cutting-edge"
      ],
      "offensive": false
    },
    "hwi": {
      "hw": "cutting edge"
    },
    "fl": "noun",
    "def": [
      {
        "sseq": [
          [
            [
              "sense",
              {
                "sn": "1",
                "dt": [
                  [
                    "text",
                    "{bc}a sharp effect or quality"
                  ]
                ]
              }
            ]
          ],
          [
            [
              "sense",
              {
                "sn": "2",
                "dt": [
                  [
                    "text",
                    "{bc}the foremost part or place {bc}{sx|vanguard||}"
                  ]
                ]
              }
            ]
          ]
        ]
      }
    ],
    "uros": [
      {
        "ure": "cut*ting-edge",
        "prs": [
          {
            "mw": "\u02c8k\u0259-ti\u014b-\u02ccej",
            "sound": {
              "audio": "cutting-edge_1",
              "ref": "u",
              "stat": "1"
            }
          }
        ],
        "fl": "adjective"
      }
    ],
    "date": "1804{ds||1||}",
    "shortdef": [
      "a sharp effect or quality",
      "the foremost part or place : vanguard"
    ]
  }
]