[
  {
    "meta": {
      "id": "egg:1",
      "uuid": "14ff695e-8422-4d10-9cac-7349554cf435",
      "sort": "050045800",
      "src": "collegiate",
      "section": "alpha",
      "stems": [
        "egg",
        "egg on one's face",
        "eggier",
        "eggiest",
        "eggless",
        "eggs",
        "eggy"
      ],
      "offensive": false
    },
    "hom": 1,
    "hwi": {
      "hw": "egg",
      "prs": [
        {
          "mw": "\u02c8eg",
          "sound": {
            "audio": "egg00001",
            "ref": "c",
            "stat": "1"
          }
        },
        {
          "mw": "\u02c8\u0101g"
        }
      ]
    },
    "fl": "noun",
    "lbs": [
      "often attributive"
    ],
    "def": [
      {
        "sseq": [
          [
            [
              "sense",
              {
                "sn": "1 a",
                "dt": [
                  [
                    "text",
                    "{bc}the hard-shelled reproductive body produced by a bird and especially by the common domestic chicken"
                  ]
                ],
                "sdsense": {
                  "sd": "also",
                  "dt": [
                    [
                      "text",
                      "{bc}its contents used as food"
                    ]
                  ]
                }
              }
            ],
            [
              "sense",
              {
                "sn": "b",
                "dt": [
                  [
                    "text",
                    "{bc}an animal reproductive body consisting of an ovum together with its nutritive and protective envelopes and having the capacity to develop into a new individual capable of independent existence"
                  ]
                ]
              }
            ],
            [
              "sense",
              {
                "sn": "c",
                "dt": [
                  [
                    "text",
                    "{bc}{sx|ovum||}"
                  ]
                ]
              }
            ]
          ],
          [
            [
              "sense",
              {
                "sn": "2",
                "dt": [
                  [
                    "text",
                    "{bc}something resembling an egg"
                  ]
                ]
              }
            ]
          ],
          [
            [
              "sense",
              {
                "sn": "3",
                "dt": [
                  [
                    "text",
                    "{bc}{sx|person||}, {sx|sort||} "
                  ],
                  [
                    "vis",
                    [
                      {
                        "t": "a good {wi}egg{/wi}"
                      }
                    ]
                  ]
                ]
              }
            ]
          ]
        ]
      }
    ],
    "uros": [
      {
        "ure": "egg*less",
        "fl": "adjective"
      },
      {
        "ure": "eggy",
        "prs": [
          {
            "mw": "\u02c8e-g\u0113",
            "sound": {
              "audio": "egg00002",
              "ref": "c",
              "stat": "1"
            }
          },
          {
            "mw": "\u02c8\u0101-"
          }
        ],
        "fl": "adjective"
      }
    ],
    "dros": [
      {
        "drp": "egg on one's face",
        "def": [
          {
            "sseq": [
              [
                [
                  "sense",
                  {
                    "dt": [
                      [
                        "text",
                        "{bc}a state of embarrassment or humiliation"
                      ]
                    ]
                  }
                ]
              ]
            ]
          }
        ]
      }
    ],
    "art": {
      "artid": "egg",
      "capt": "egg 1a: {it}1{/it} shell, {it}2{/it} outer shell membrane, {it}3{/it} inner shell membrane, {it}4{/it} air space, {it}5{/it} chalaza, {it}6{/it} albumen or white layers, {it}7{/it} yolk layers, {it}8{/it} blastodisc, {it}9{/it} vitelline membrane"
    },
    "et": [
      [
        "text",
        "Middle English {it}egge{/it}, from Old Norse {it}egg{/it}; akin to Old English {it}\u01e3g{/it} egg, Latin {it}ovum{/it}, Greek {it}\u014dion{/it}"
      ]
    ],
    "date": "14th century{ds||1|a|}",
    "shortdef": [
      "the hard-shelled reproductive body produced by a bird and especially by the common domestic chicken; also : its contents used as food",
      "an animal reproductive body consisting of an ovum together with its nutritive and protective envelopes and having the capacity to develop into a new individual capable of independent existence",
      "ovum"
    ]
  },
  {
    "meta": {
      "id": "egg:2",
      "uuid": "5e8c8107-dfc7-4463-8594-3468498578a0",
      "sort": "050045900",
      "src": "collegiate",
      "section": "alpha",
      "stems": [
        "egg",
        "egg on her face",
        "egg on his face",
        "egg on its face",
        "egg on my face",
        "egg on our faces",
        "egg on their face",
        "egg on their faces",
        "egg on your face",
        "egg on your faces",
        "egged",
        "egging",
        "eggs"
      ],
      "offensive": false
    },
    "hom": 2,
    "hwi": {
      "hw": "egg"
    },
    "fl": "verb",
    "ins": [
      {
        "if": "egged"
      },
      {
        "if": "egg*ing"
      },
      {
        "if": "eggs"
      }
    ],
    "def": [
      {
        "vd": "transitive verb",
        "sseq": [
          [
            [
              "sense",
              {
                "dt": [
                  [
                    "text",
                    "{bc}to incite to action "
                  ],
                  [
                    "uns",
                    [
                      [
                        [
                          "text",
                          "usually used with {it}on{/it}"
                        ]
                      ]
                    ]
                  ]
                ]
              }
            ]
          ]
        ]
      }
    ],
    "et": [
      [
        "text",
        "Middle English, from Old Norse {it}eggja{/it}; akin to Old English {it}ecg{/it} edge {ma}{mat|edge|}{/ma}"
      ]
    ],
    "date": "13th century",
    "shortdef": [
      "to incite to action \u2014usually used with on"
    ]
  },
  {
    "meta": {
      "id": "egg:3",
      "uuid": "702fe325-482a-46ba-80d5-44576efb3109",
      "sort": "050046000",
      "src": "collegiate",
      "section": "alpha",
      "stems": [
        "egg",
        "egged",
        "egging",
        "eggs"
      ],
      "offensive": false
    },
    "hom": 3,
    "hwi": {
      "hw": "egg"
    },
    "fl": "verb",
    "ins": [
      {
        "if": "egged"
      },
      {
        "if": "egg*ing"
      },
      {
        "if": "eggs"
      }
    ],
    "def": [
      {
        "vd": "transitive verb",
        "sseq": [
          [
            [
              "sense",
              {
                "sn": "1",
                "dt": [
                  [
                    "text",
                    "{bc}to cover with egg"
                  ]
                ]
              }
            ]
          ],
          [
            [
              "sense",
              {
                "sn": "2",
                "dt": [
                  [
                    "text",
                    "{bc}to pelt with eggs"
                  ]
                ]
              }
            ]
          ]
        ]
      }
    ],
    "date": "1833{ds||1||}",
    "shortdef": [
      "to cover with egg",
      "to pelt with eggs"
    ]
  },
  {
    "meta": {
      "id": "egg and dart",
      "uuid": "ff433010-953c-4d19-9f54-47c305679cc9",
      "sort": "050046100",
      "src": "collegiate",
      "section": "alpha",
      "stems": [
        "egg and dart",
        "egg and darts",
        "eggs and darts"
      ],
      "offensive": false
    },
    "hwi": {
      "hw": "egg and dart"
    },
    "fl": "noun",
    "def": [
      {
        "sseq": [
          [
            [
              "sense",
              {
                "dt": [
                  [
                    "text",
                    "{bc}a carved ornamental design in relief consisting of an egg-shaped figure alternating with a figure somewhat like an elongated javelin or arrowhead"
                  ]
                ]
              }
            ]
          ]
        ]
      }
    ],
    "date": "circa 1864",
    "shortdef": [
      "a carved ornamental design in relief consisting of an egg-shaped figure alternating with a figure somewhat like an elongated javelin or arrowhead"
    ]
  },
  {
    "meta": {
      "id": "egg case",
      "uuid": "05b022cb-c1b3-4a5a-bf3f-b69b6e175507",
      "sort": "050046300",
      "src": "collegiate",
      "section": "alpha",
      "stems": [
        "egg capsule",
        "egg case",
        "egg cases"
      ],
      "offensive": false
    },
    "hwi": {
      "hw": "egg case"
    },
    "fl": "noun",
    "def": [
      {
        "sseq": [
          [
            [
              "sense",
              {
                "dt": [
                  [
                    "text",
                    "{bc}a protective case enclosing eggs {bc}{sx|ootheca||} "
                  ],
                  [
                    "ca",
                    {
                      "intro": "called also",
                      "cats": [
                        {
                          "cat": "egg capsule"
                        }
                      ]
                    }
                  ]
                ]
              }
            ]
          ]
        ]
      }
    ],
    "date": "1847",
    "shortdef": [
      "a protective case enclosing eggs : ootheca \u2014called also egg capsule"
    ]
  },
  {
    "meta": {
      "id": "egg cell",
      "uuid": "bafc66dc-3c75-4b00-a0df-2626d8d8113b",
      "sort": "050046400",
      "src": "collegiate",
      "section": "alpha",
      "stems": [
        "egg cell",
        "egg cells"
      ],
      "offensive": false
    },
    "hwi": {
      "hw": "egg cell"
    },
    "fl": "noun",
    "def": [
      {
        "sseq": [
          [
            [
              "sense",
              {
                "dt": [
                  [
                    "text",
                    "{bc}{sx|ovum||}"
                  ]
                ]
              }
            ]
          ]
        ]
      }
    ],
    "date": "1880",
    "shortdef": [
      "ovum"
    ]
  },
  {
    "meta": {
      "id": "egg cream",
      "uuid": "1bb9c61c-5910-461a-9b18-bd3aee3dda44",
      "sort": "050046500",
      "src": "collegiate",
      "section": "alpha",
      "stems": [
        "egg cream",
        "egg creams"
      ],
      "offensive": false
    },
    "hwi": {
      "hw": "egg cream"
    },
    "fl": "noun",
    "def": [
      {
        "sseq": [
          [
            [
              "sense",
              {
                "dt": [
                  [
                    "text",
                    "{bc}a sweetened drink made with milk or cream and other ingredients"
                  ]
                ],
                "sdsense": {
                  "sd": "especially",
                  "dt": [
                    [
                      "text",
                      "{bc}a drink consisting of milk, a flavoring syrup, and soda water"
                    ]
                  ]
                }
              }
            ]
          ]
        ]
      }
    ],
    "date": "1906",
    "shortdef": [
      "a sweetened drink made with milk or cream and other ingredients; especially : a drink consisting of milk, a flavoring syrup, and soda water"
    ]
  },
  {
    "meta": {
      "id": "egg foo yong",
      "uuid": "13f5b59d-7646-46f7-9901-2e4a94603a94",
      "sort": "050046700",
      "src": "collegiate",
      "section": "alpha",
      "stems": [
        "egg foo yong",
        "egg foo yongs",
        "egg foo young",
        "egg foo youngs",
        "egg foo yung",
        "egg foo yungs"
      ],
      "offensive": false
    },
    "hwi": {
      "hw": "egg foo yong",
      "prs": [
        {
          "mw": "\u02c8eg-\u02c8f\u00fc-\u02c8y\u0259\u014b",
          "sound": {
            "audio": "eggfo01v",
            "ref": "c",
            "stat": "1"
          }
        },
        {
          "mw": "\u02c8\u0101g-"
        }
      ]
    },
    "vrs": [
      {
        "vl": "or",
        "va": "egg foo young"
      },
      {
        "vl": "or",
        "va": "egg foo yung"
      }
    ],
    "fl": "noun",
    "def": [
      {
        "sseq": [
          [
            [
              "sense",
              {
                "dt": [
                  [
                    "text",
                    "{bc}a fried egg patty containing vegetables (such as bean sprouts) and sometimes meat"
                  ]
                ]
              }
            ]
          ]
        ]
      }
    ],
    "et": [
      [
        "text",
        "Chinese (Guangdong) {it}f\u00f9h y\u00f9hng{/it} egg white, egg-coated ingredients, literally, a kind of hibiscus"
      ]
    ],
    "date": "1917",
    "shortdef": [
      "a fried egg patty containing vegetables (such as bean sprouts) and sometimes meat"
    ]
  },
  {
    "meta": {
      "id": "egg roll",
      "uuid": "709b14f2-8337-49e1-b9e4-f8fe9ed7cb0d",
      "sort": "050047200",
      "src": "collegiate",
      "section": "alpha",
      "stems": [
        "egg roll",
        "egg rolls"
      ],
      "offensive": false
    },
    "hwi": {
      "hw": "egg roll"
    },
    "fl": "noun",
    "def": [
      {
        "sseq": [
          [
            [
              "sense",
              {
                "dt": [
                  [
                    "text",
                    "{bc}a thin egg-dough casing filled with minced vegetables and often bits of meat (such as shrimp or chicken) and usually deep-fried"
                  ]
                ]
              }
            ]
          ]
        ]
      }
    ],
    "date": "1934",
    "shortdef": [
      "a thin egg-dough casing filled with minced vegetables and often bits of meat (such as shrimp or chicken) and usually deep-fried"
    ]
  },
  {
    "meta": {
      "id": "egg timer",
      "uuid": "8e493e93-139d-4935-b026-6f2aa8390efc",
      "sort": "050047600",
      "src": "collegiate",
      "section": "alpha",
      "stems": [
        "egg timer",
        "egg timers"
      ],
      "offensive": false
    },
    "hwi": {
      "hw": "egg timer"
    },
    "fl": "noun",
    "def": [
      {
        "sseq": [
          [
            [
              "sense",
              {
                "dt": [
                  [
                    "text",
                    "{bc}a small sandglass for timing the boiling of eggs"
                  ]
                ]
              }
            ]
          ]
        ]
      }
    ],
    "date": "1884",
    "shortdef": [
      "a small sandglass for timing the boiling of eggs"
    ]
  }
]