[
  {
    "meta": {
      "id": "electric:1",
      "uuid": "90785961-805f-4720-b3b5-e3a8db742b3c",
      "sort": "050063000",
      "src": "collegiate",
      "section": "alpha",
      "stems": [
        "electric",
        "electrical",
        "electrically"
      ],
      "offensive": false
    },
    "hom": 1,
    "hwi": {
      "hw": "elec*tric",
      "prs": [
        {
          "mw": "i-\u02c8lek-trik",
          "sound": {
            "audio": "electr04",
            "ref": "c",
            "stat": "1"
          }
        },
        {
          "mw": "\u0113-"
        }
      ]
    },
    "fl": "adjective",
    "def": [
      {
        "sseq": [
          [
            [
              "sense",
              {
                "sn": "1",
                "vrs": [
                  {
                    "vl": "or",
                    "va": "elec*tri*cal",
                    "prs": [
                      {
                        "mw": "i-\u02c8lek-tri-k\u0259l",
                        "sound": {
                          "audio": "electr05",
                          "ref": "c",
                          "stat": "1"
                        }
                      },
                      {
                        "mw": "\u0113-"
                      }
                    ]
                  }
                ],
                "dt": [
                  [
                    "text",
                    "{bc}of, relating to, or operated by {a_link|electricity} "
                  ],
                  [
                    "vis",
                    [
                      {
                        "t": "an {wi}electric{/wi} current"
                      },
                      {
                        "t": "an {wi}electric{/wi} heater"
                      }
                    ]
                  ]
                ]
              }
            ]
          ],
          [
            [
              "sense",
              {
                "sn": "2",
                "dt": [
                  [
                    "text",
                    "{bc}exciting as if by electric shock "
                  ],
                  [
                    "vis",
                    [
                      {
                        "t": "an {wi}electric{/wi} performance"
                      },
                      {
                        "t": "an {wi}electric{/wi} personality"
                      }
                    ]
                  ]
                ],
                "sdsense": {
                  "sd": "also",
                  "dt": [
                    [
                      "text",
                      "{bc}charged with strong emotion "
                    ],
                    [
                      "vis",
                      [
                        {
                          "t": "the room was {wi}electric{/wi} with tension"
                        }
                      ]
                    ]
                  ]
                }
              }
            ]
          ],
          [
            [
              "sense",
              {
                "sn": "3 a",
                "dt": [
                  [
                    "text",
                    "{bc}{sx|electronic||3a}"
                  ]
                ]
              }
            ],
            [
              "sense",
              {
                "sn": "b",
                "dt": [
                  [
                    "text",
                    "{bc}amplifying sound by {a_link|electronic} means "
                  ],
                  [
                    "uns",
                    [
                      [
                        [
                          "text",
                          "used of a musical instrument "
                        ],
                        [
                          "vis",
                          [
                            {
                              "t": "an {wi}electric{/wi} guitar"
                            }
                          ]
                        ]
                      ]
                    ]
                  ]
                ]
              }
            ]
          ],
          [
            [
              "sense",
              {
                "sn": "4",
                "dt": [
                  [
                    "text",
                    "{bc}very bright "
                  ],
                  [
                    "vis",
                    [
                      {
                        "t": "{wi}electric{/wi} blue"
                      },
                      {
                        "t": "{wi}electric{/wi} orange"
                      }
                    ]
                  ]
                ]
              }
            ]
          ]
        ]
      }
    ],
    "uros": [
      {
        "ure": "elec*tri*cal*ly",
        "prs": [
          {
            "mw": "i-\u02c8lek-tri-k(\u0259-)l\u0113",
            "sound": {
              "audio": "electr06",
              "ref": "c",
              "stat": "1"
            }
          },
          {
            "mw": "\u0113-"
          }
        ],
        "fl": "adverb"
      }
    ],
    "et": [
      [
        "text",
        "New Latin {it}electricus{/it} produced from amber by friction, electric, from Medieval Latin, of amber, from Latin {it}electrum{/it} amber, electrum, from Greek {it}\u0113lektron{/it}; akin to Greek {it}\u0113lekt\u014dr{/it} beaming sun"
      ]
    ],
    "date": "1722{ds||1||}",
    "shortdef": [
      "of, relating to, or operated by electricity",
      "exciting as if by electric shock; also : charged with strong emotion",
      "electronic"
    ]
  },
  {
    "meta": {
      "id": "electric:2",
      "uuid": "e9c51118-1abf-4e2a-99f8-e1f823f1aa8b",
      "sort": "050063100",
      "src": "collegiate",
      "section": "alpha",
      "stems": [
        "electric",
        "electrics"
      ],
      "offensive": false
    },
    "hom": 2,
    "hwi": {
      "hw": "electric"
    },
    "fl": "noun",
    "def": [
      {
        "sseq": [
          [
            [
              "sense",
              {
                "sn": "1",
                "sls": [
                  "archaic"
                ],
                "dt": [
                  [
                    "text",
                    "{bc}a nonconductor of {a_link|electricity} used to excite or accumulate electricity"
                  ]
                ]
              }
            ]
          ],
          [
            [
              "sense",
              {
                "sn": "2",
                "dt": [
                  [
                    "text",
                    "{bc}something (such as a light, automobile, or train) operated by electricity"
                  ]
                ]
              }
            ]
          ]
        ]
      }
    ],
    "date": "1646{ds||1||}",
    "shortdef": [
      "a nonconductor of electricity used to excite or accumulate electricity",
      "something (such as a light, automobile, or train) operated by electricity"
    ]
  },
  {
    "meta": {
      "id": "electric bike",
      "uuid": "b99b0c5f-0bb5-48f0-b492-89932646af19",
      "sort": "050063250",
      "src": "collegiate",
      "section": "alpha",
      "stems": [
        "e-bike",
        "e-bikes",
        "electric bicycle",
        "electric bicycles",
        "electric bike",
        "electric bikes"
      ],
      "offensive": false
    },
    "hwi": {
      "hw": "electric bike"
    },
    "vrs": [
      {
        "vl": "or",
        "va": "e-bike",
        "prs": [
          {
            "mw": "\u02c8\u0113-\u02ccb\u012bk",
            "sound": {
              "audio": "e-bike",
              "ref": "owl",
              "stat": "1"
            }
          }
        ]
      },
      {
        "vl": "or",
        "va": "electric bicycle"
      }
    ],
    "fl": "noun",
    "ins": [
      {
        "il": "plural",
        "if": "electric bikes"
      },
      {
        "il": "or",
        "if": "e-bikes"
      },
      {
        "il": "or",
        "if": "electric bicycles"
      }
    ],
    "def": [
      {
        "sseq": [
          [
            [
              "sense",
              {
                "dt": [
                  [
                    "text",
                    "{bc}a bicycle equipped with an electric motor that may be activated in order to assist with or replace pedaling "
                  ],
                  [
                    "vis",
                    [
                      {
                        "t": "Just like any bike, {wi}electric bikes{/wi} come with a ton of different technical specs that you may or may not care about.",
                        "aq": {
                          "auth": "Adrienne So"
                        }
                      },
                      {
                        "t": "For many years, {wi}e-bikes{/wi} carried the stigma of being vehicles for lazy pedalers and seniors. The bikes draw power from a battery and motor to make pedaling significantly easier. You can also accelerate with the press of a button, transforming cycling from a strenuous exercise into a joy ride.",
                        "aq": {
                          "auth": "Brian X. Chen"
                        }
                      }
                    ]
                  ]
                ]
              }
            ]
          ]
        ]
      }
    ],
    "date": "1881",
    "shortdef": [
      "a bicycle equipped with an electric motor that may be activated in order to assist with or replace pedaling"
    ]
  },
  {
    "meta": {
      "id": "electric chair",
      "uuid": "e7a55ea6-dc39-4b34-96c4-e761713e4420",
      "sort": "050063300",
      "src": "collegiate",
      "section": "alpha",
      "stems": [
        "electric chair",
        "electric chairs"
      ],
      "offensive": false
    },
    "hwi": {
      "hw": "electric chair"
    },
    "fl": "noun",
    "def": [
      {
        "sseq": [
          [
            [
              "sense",
              {
                "sn": "1",
                "dt": [
                  [
                    "text",
                    "{bc}a chair used in legal electrocution"
                  ]
                ]
              }
            ]
          ],
          [
            [
              "sense",
              {
                "sn": "2",
                "dt": [
                  [
                    "text",
                    "{bc}the penalty of death by electrocution"
                  ]
                ]
              }
            ]
          ]
        ]
      }
    ],
    "date": "1883{ds||1||}",
    "shortdef": [
      "a chair used in legal electrocution",
      "the penalty of death by electrocution"
    ]
  },
  {
    "meta": {
      "id": "electric eel",
      "uuid": "f88c8cad-ffa3-42fc-824d-16ed8ff56506",
      "sort": "050063400",
      "src": "collegiate",
      "section": "alpha",
      "stems": [
        "electric eel",
        "electric eels"
      ],
      "offensive": false
    },
    "hwi": {
      "hw": "electric eel"
    },
    "fl": "noun",
    "def": [
      {
        "sseq": [
          [
            [
              "sense",
              {
                "dt": [
                  [
                    "text",
                    "{bc}a large eel-shaped fish ({it}Electrophorus electricus{/it}) of the Orinoco and Amazon basins that is capable of giving a severe shock with its electric organs"
                  ]
                ]
              }
            ]
          ]
        ]
      }
    ],
    "date": "1774",
    "shortdef": [
      "a large eel-shaped fish (Electrophorus electricus) of the Orinoco and Amazon basins that is capable of giving a severe shock with its electric organs"
    ]
  },
  {
    "meta": {
      "id": "electric eye",
      "uuid": "39325587-e74a-4924-ae3b-b13ce6c6e31d",
      "sort": "050063500",
      "src": "collegiate",
      "section": "alpha",
      "stems": [
        "electric eye",
        "electric eyes"
      ],
      "offensive": false
    },
    "hwi": {
      "hw": "electric eye"
    },
    "fl": "noun",
    "def": [
      {
        "sseq": [
          [
            [
              "sense",
              {
                "dt": [
                  [
                    "text",
                    "{bc}{sx|photoelectric cell||}"
                  ]
                ]
              }
            ]
          ]
        ]
      }
    ],
    "date": "1930",
    "shortdef": [
      "photoelectric cell"
    ]
  },
  {
    "meta": {
      "id": "electric field",
      "uuid": "3f085a81-6f41-4bc2-92f6-ae5c91ca4ebe",
      "sort": "050063600",
      "src": "collegiate",
      "section": "alpha",
      "stems": [
        "electric field",
        "electric fields"
      ],
      "offensive": false
    },
    "hwi": {
      "hw": "electric field"
    },
    "fl": "noun",
    "def": [
      {
        "sseq": [
          [
            [
              "sense",
              {
                "dt": [
                  [
                    "text",
                    "{bc}a region associated with a distribution of electric charge or a varying magnetic field in which forces due to that charge or field act upon other electric charges"
                  ]
                ]
              }
            ]
          ]
        ]
      }
    ],
    "date": "1879",
    "shortdef": [
      "a region associated with a distribution of electric charge or a varying magnetic field in which forces due to that charge or field act upon other electric charges"
    ]
  },
  {
    "meta": {
      "id": "electric organ",
      "uuid": "69448142-4aac-4132-91ca-476d98438db8",
      "sort": "050063900",
      "src": "collegiate",
      "section": "alpha",
      "stems": [
        "electric organ",
        "electric organs"
      ],
      "offensive": false
    },
    "hwi": {
      "hw": "electric organ"
    },
    "fl": "noun",
    "def": [
      {
        "sseq": [
          [
            [
              "sense",
              {
                "dt": [
                  [
                    "text",
                    "{bc}a specialized tract of tissue (as in the electric eel) in which electricity is generated"
                  ]
                ]
              }
            ]
          ]
        ]
      }
    ],
    "date": "1773",
    "shortdef": [
      "a specialized tract of tissue (as in the electric eel) in which electricity is generated"
    ]
  },
  {
    "meta": {
      "id": "electric ray",
      "uuid": "a2d808e8-4f34-4dc0-b269-99cf949e6940",
      "sort": "050064000",
      "src": "collegiate",
      "section": "alpha",
      "stems": [
        "electric ray",
        "electric rays"
      ],
      "offensive": false
    },
    "hwi": {
      "hw": "electric ray"
    },
    "fl": "noun",
    "def": [
      {
        "sseq": [
          [
            [
              "sense",
              {
                "dt": [
                  [
                    "text",
                    "{bc}any of various round-bodied short-tailed rays (family Torpedinidae) of warm seas with a pair of electric organs"
                  ]
                ]
              }
            ]
          ]
        ]
      }
    ],
    "date": "1774",
    "shortdef": [
      "any of various round-bodied short-tailed rays (family Torpedinidae) of warm seas with a pair of electric organs"
    ]
  },
  {
    "meta": {
      "id": "Electric Peak:g",
      "uuid": "82a8675f-0445-43f2-860c-9fed0da231c4",
      "sort": "272473000",
      "src": "collegiate",
      "section": "geog",
      "stems": [
        "Electric Peak"
      ],
      "offensive": false
    },
    "hwi": {
      "hw": "Electric Peak"
    },
    "fl": "geographical name",
    "def": [
      {
        "sseq": [
          [
            [
              "sense",
              {
                "dt": [
                  [
                    "text",
                    "mountain 10,992 feet (3350 meters) high in Yellowstone National Park, southern Montana; highest in the Gallatin Range"
                  ]
                ]
              }
            ]
          ]
        ]
      }
    ],
    "shortdef": [
      "mountain 10,992 feet (3350 meters) high in Yellowstone National Park, southern Montana; highest in the Gallatin Range"
    ]
  }
]