[
  {
    "meta": {
      "id": "electromagnetic spectrum",
      "uuid": "85405023-6529-4afc-8393-de9b7e0791a6",
      "sort": "050068100",
      "src": "collegiate",
      "section": "alpha",
      "stems": [
        "electromagnetic spectra",
        "electromagnetic spectrum",
        "electromagnetic spectrums"
      ],
      "offensive": false
    },
    "hwi": {
      "hw": "electromagnetic spectrum"
    },
    "fl": "noun",
    "def": [
      {
        "sseq": [
          [
            [
              "sense",
              {
                "dt": [
                  [
                    "text",
                    "{bc}the entire range of wavelengths or frequencies of electromagnetic radiation extending from gamma rays to the longest radio waves and including visible light"
                  ]
                ]
              }
            ]
          ]
        ]
      }
    ],
    "date": "1924",
    "shortdef": [
      "the entire range of wavelengths or frequencies of electromagnetic radiation extending from gamma rays to the longest radio waves and including visible light"
    ]
  }
]