[
  {
    "meta": {
      "id": "encode",
      "uuid": "4621f4bf-b528-49e8-90c1-c65e320feae2",
      "sort": "050115700",
      "src": "collegiate",
      "section": "alpha",
      "stems": [
        "encode",
        "encoded",
        "encoder",
        "encoders",
        "encodes",
        "encoding"
      ],
      "offensive": false
    },
    "hwi": {
      "hw": "en*code",
      "prs": [
        {
          "mw": "in-\u02c8k\u014dd",
          "sound": {
            "audio": "encode01",
            "ref": "c",
            "stat": "1"
          }
        },
        {
          "mw": "en-"
        }
      ]
    },
    "fl": "verb",
    "ins": [
      {
        "if": "en*cod*ed"
      },
      {
        "if": "en*cod*ing"
      },
      {
        "if": "en*codes"
      }
    ],
    "def": [
      {
        "vd": "transitive verb",
        "sseq": [
          [
            [
              "sense",
              {
                "sn": "1 a",
                "dt": [
                  [
                    "text",
                    "{bc}to convert (something, such as a body of information) from one system of communication into another"
                  ]
                ],
                "sdsense": {
                  "sd": "especially",
                  "dt": [
                    [
                      "text",
                      "{bc}to convert (a message) into code"
                    ]
                  ]
                }
              }
            ],
            [
              "sense",
              {
                "sn": "b",
                "dt": [
                  [
                    "text",
                    "{bc}to convey symbolically "
                  ],
                  [
                    "vis",
                    [
                      {
                        "t": "the capacity of poetry to {wi}encode{/wi} ideology",
                        "aq": {
                          "auth": "J. D. Niles"
                        }
                      }
                    ]
                  ]
                ]
              }
            ]
          ],
          [
            [
              "sense",
              {
                "sn": "2",
                "dt": [
                  [
                    "text",
                    "{bc}to specify the genetic code for"
                  ]
                ]
              }
            ]
          ]
        ]
      }
    ],
    "uros": [
      {
        "ure": "en*cod*er",
        "fl": "noun"
      }
    ],
    "date": "circa 1919{ds||1|a|}",
    "shortdef": [
      "to convert (something, such as a body of information) from one system of communication into another; especially : to convert (a message) into code",
      "to convey symbolically",
      "to specify the genetic code for"
    ]
  }
]