[
  {
    "meta": {
      "id": "energy",
      "uuid": "67c9e638-d8cc-4271-a9dc-a0ac295233aa",
      "sort": "050131800",
      "src": "collegiate",
      "section": "alpha",
      "stems": [
        "energies",
        "energy"
      ],
      "offensive": false
    },
    "hwi": {
      "hw": "en*er*gy",
      "prs": [
        {
          "mw": "\u02c8e-n\u0259r-j\u0113",
          "sound": {
            "audio": "energy01",
            "ref": "c",
            "stat": "1"
          }
        }
      ]
    },
    "fl": "noun",
    "ins": [
      {
        "il": "plural",
        "ifc": "-gies",
        "if": "en*er*gies"
      }
    ],
    "def": [
      {
        "sseq": [
          [
            [
              "sense",
              {
                "sn": "1 a",
                "dt": [
                  [
                    "text",
                    "{bc}dynamic quality "
                  ],
                  [
                    "vis",
                    [
                      {
                        "t": "narrative {wi}energy{/wi}"
                      }
                    ]
                  ]
                ]
              }
            ],
            [
              "sense",
              {
                "sn": "b",
                "dt": [
                  [
                    "text",
                    "{bc}the capacity of acting or being active "
                  ],
                  [
                    "vis",
                    [
                      {
                        "t": "intellectual {wi}energy{/wi}"
                      }
                    ]
                  ]
                ]
              }
            ],
            [
              "sense",
              {
                "sn": "c",
                "dt": [
                  [
                    "text",
                    "{bc}a usually positive spiritual force "
                  ],
                  [
                    "vis",
                    [
                      {
                        "t": "the {wi}energy{/wi} flowing through all people"
                      }
                    ]
                  ]
                ]
              }
            ]
          ],
          [
            [
              "sense",
              {
                "sn": "2",
                "dt": [
                  [
                    "text",
                    "{bc}vigorous exertion of power {bc}{sx|effort||} "
                  ],
                  [
                    "vis",
                    [
                      {
                        "t": "investing time and {wi}energy{/wi}"
                      }
                    ]
                  ]
                ]
              }
            ]
          ],
          [
            [
              "sense",
              {
                "sn": "3",
                "dt": [
                  [
                    "text",
                    "{bc}a fundamental entity of nature that is transferred between parts of a system in the production of physical change within the system and usually regarded as the capacity for doing work"
                  ]
                ]
              }
            ]
          ],
          [
            [
              "sense",
              {
                "sn": "4",
                "dt": [
                  [
                    "text",
                    "{bc}usable power (such as heat or electricity)"
                  ]
                ],
                "sdsense": {
                  "sd": "also",
                  "dt": [
                    [
                      "text",
                      "{bc}the resources for producing such power"
                    ]
                  ]
                }
              }
            ]
          ]
        ]
      }
    ],
    "syns": [
      {
        "pl": "synonyms",
        "pt": [
          [
            "text",
            "{sc}power{/sc} {sc}force{/sc} {sc}energy{/sc} {sc}strength{/sc} {sc}might{/sc} mean the ability to exert effort. {sc}power{/sc} may imply latent or exerted physical, mental, or spiritual ability to act or be acted upon. "
          ],
          [
            "vis",
            [
              {
                "t": "the awesome {it}power{/it} of flowing water"
              }
            ]
          ],
          [
            "text",
            " {sc}force{/sc} implies the actual effective exercise of power. "
          ],
          [
            "vis",
            [
              {
                "t": "used enough {it}force{/it} to push the door open"
              }
            ]
          ],
          [
            "text",
            " {sc}energy{/sc} applies to power expended or capable of being transformed into work. "
          ],
          [
            "vis",
            [
              {
                "t": "a worker with boundless {it}energy{/it}"
              }
            ]
          ],
          [
            "text",
            " {sc}strength{/sc} applies to the quality or property of a person or thing that makes possible the exertion of force or the withstanding of strain, pressure, or attack. "
          ],
          [
            "vis",
            [
              {
                "t": "use weight training to build your {it}strength{/it}"
              }
            ]
          ],
          [
            "text",
            " {sc}might{/sc} implies great or overwhelming power or strength. "
          ],
          [
            "vis",
            [
              {
                "t": "the belief that {it}might{/it} makes right"
              }
            ]
          ]
        ]
      }
    ],
    "et": [
      [
        "text",
        "Late Latin {it}energia{/it}, from Greek {it}energeia{/it} activity, from {it}energos{/it} active, from {it}en{/it} in + {it}ergon{/it} work {ma}{mat|work|}{/ma}"
      ]
    ],
    "date": "1783{ds||1|a|}",
    "shortdef": [
      "dynamic quality",
      "the capacity of acting or being active",
      "a usually positive spiritual force"
    ]
  },
  {
    "meta": {
      "id": "energy drink",
      "uuid": "9113380c-16f6-4720-ab1c-59fd22072cdd",
      "sort": "050131900",
      "src": "collegiate",
      "section": "alpha",
      "stems": [
        "energy drink"
      ],
      "offensive": false
    },
    "hwi": {
      "hw": "energy drink"
    },
    "fl": "noun",
    "def": [
      {
        "sseq": [
          [
            [
              "sense",
              {
                "dt": [
                  [
                    "text",
                    "{bc}a usually carbonated beverage that typically contains caffeine and other ingredients (such as taurine and ginseng) intended to increase the drinker's energy"
                  ]
                ]
              }
            ]
          ]
        ]
      }
    ],
    "date": "1904",
    "shortdef": [
      "a usually carbonated beverage that typically contains caffeine and other ingredients (such as taurine and ginseng) intended to increase the drinker's energy"
    ]
  },
  {
    "meta": {
      "id": "energy level",
      "uuid": "e1cdf0ee-7c7f-4222-bdd8-59643b555d45",
      "sort": "050132000",
      "src": "collegiate",
      "section": "alpha",
      "stems": [
        "energy level",
        "energy levels",
        "energy state"
      ],
      "offensive": false
    },
    "hwi": {
      "hw": "energy level"
    },
    "fl": "noun",
    "def": [
      {
        "sseq": [
          [
            [
              "sense",
              {
                "dt": [
                  [
                    "text",
                    "{bc}one of the stable states of constant energy that may be assumed by a physical system "
                  ],
                  [
                    "uns",
                    [
                      [
                        [
                          "text",
                          "used especially of the quantum states of electrons in atoms and of nuclei"
                        ]
                      ]
                    ]
                  ],
                  [
                    "ca",
                    {
                      "intro": "called also",
                      "cats": [
                        {
                          "cat": "energy state"
                        }
                      ]
                    }
                  ]
                ]
              }
            ]
          ]
        ]
      }
    ],
    "date": "1902",
    "shortdef": [
      "one of the stable states of constant energy that may be assumed by a physical system \u2014used especially of the quantum states of electrons in atoms and of nuclei\u2014called also energy state"
    ]
  },
  {
    "meta": {
      "id": "activation energy",
      "uuid": "ac1daf75-091f-49e2-9df3-172788de1dd1",
      "sort": "010702000",
      "src": "collegiate",
      "section": "alpha",
      "stems": [
        "activation energies",
        "activation energy"
      ],
      "offensive": false
    },
    "hwi": {
      "hw": "activation energy"
    },
    "fl": "noun",
    "def": [
      {
        "sseq": [
          [
            [
              "sense",
              {
                "dt": [
                  [
                    "text",
                    "{bc}the minimum amount of energy required to convert a normal stable molecule into a reactive molecule"
                  ]
                ]
              }
            ]
          ]
        ]
      }
    ],
    "date": "1924",
    "shortdef": [
      "the minimum amount of energy required to convert a normal stable molecule into a reactive molecule"
    ]
  },
  {
    "meta": {
      "id": "alternative energy",
      "uuid": "441a0f44-2987-4e71-bc0b-00b9ae0e4740",
      "sort": "012151330",
      "src": "collegiate",
      "section": "alpha",
      "stems": [
        "alternative energies",
        "alternative energy",
        "alternative power",
        "alternative powers"
      ],
      "offensive": false
    },
    "hwi": {
      "hw": "alternative energy"
    },
    "vrs": [
      {
        "vl": "or less commonly",
        "va": "alternative power"
      }
    ],
    "fl": "noun",
    "def": [
      {
        "sseq": [
          [
            [
              "sense",
              {
                "dt": [
                  [
                    "text",
                    "{bc}usable power (such as heat or electricity) that comes from a renewable or green resource "
                  ],
                  [
                    "vis",
                    [
                      {
                        "t": "{wi}alternative energy{/wi} sources/technology"
                      }
                    ]
                  ]
                ]
              }
            ]
          ]
        ]
      }
    ],
    "date": "1959",
    "shortdef": [
      "usable power (such as heat or electricity) that comes from a renewable or green resource"
    ]
  },
  {
    "meta": {
      "id": "binding energy",
      "uuid": "9ccda601-31d9-4d84-9e4f-c7932d2799c2",
      "sort": "020216000",
      "src": "collegiate",
      "section": "alpha",
      "stems": [
        "binding energies",
        "binding energy"
      ],
      "offensive": false
    },
    "hwi": {
      "hw": "binding energy"
    },
    "fl": "noun",
    "def": [
      {
        "sseq": [
          [
            [
              "sense",
              {
                "dt": [
                  [
                    "text",
                    "{bc}the energy required to break up a molecule, atom, or atomic nucleus completely into its constituent particles"
                  ]
                ]
              }
            ]
          ]
        ]
      }
    ],
    "date": "1907",
    "shortdef": [
      "the energy required to break up a molecule, atom, or atomic nucleus completely into its constituent particles"
    ]
  },
  {
    "meta": {
      "id": "conservation of energy",
      "uuid": "c87fbbdf-1b70-4780-a5da-a11e0d075ffa",
      "sort": "035544300",
      "src": "collegiate",
      "section": "alpha",
      "stems": [
        "conservation of energy"
      ],
      "offensive": false
    },
    "hwi": {
      "hw": "conservation of energy"
    },
    "fl": "noun phrase",
    "def": [
      {
        "sseq": [
          [
            [
              "sense",
              {
                "dt": [
                  [
                    "text",
                    "{bc}a principle in physics: the total energy of an isolated system remains constant irrespective of whatever internal changes may take place with energy disappearing in one form reappearing in another"
                  ]
                ]
              }
            ]
          ]
        ]
      }
    ],
    "date": "1853",
    "shortdef": [
      "a principle in physics: the total energy of an isolated system remains constant irrespective of whatever internal changes may take place with energy disappearing in one form reappearing in another"
    ]
  },
  {
    "meta": {
      "id": "dark energy",
      "uuid": "8c770673-36ed-4caf-9397-829bcf6580c8",
      "sort": "040212000",
      "src": "collegiate",
      "section": "alpha",
      "stems": [
        "dark energy"
      ],
      "offensive": false
    },
    "hwi": {
      "hw": "dark energy"
    },
    "fl": "noun",
    "def": [
      {
        "sseq": [
          [
            [
              "sense",
              {
                "dt": [
                  [
                    "text",
                    "{bc}a hypothetical form of energy that produces a force that opposes gravity and is thought to be the cause of the accelerating expansion of the universe"
                  ]
                ]
              }
            ]
          ]
        ]
      }
    ],
    "date": "1998",
    "shortdef": [
      "a hypothetical form of energy that produces a force that opposes gravity and is thought to be the cause of the accelerating expansion of the universe"
    ]
  },
  {
    "meta": {
      "id": "dual-energy X-ray absorptiometry",
      "uuid": "d7c1c786-1e32-4542-ad1a-340f736f6a19",
      "sort": "044197000",
      "src": "collegiate",
      "section": "alpha",
      "stems": [
        "dual energy X-ray absorptiometry",
        "dual-energy X-ray absorptiometry"
      ],
      "offensive": false
    },
    "hwi": {
      "hw": "du*al-en*er*gy X-ray absorptiometry",
      "prs": [
        {
          "mw": "\u02c8d\u00fc(-\u0259)l-\u02c8e-n\u0259r-j\u0113-",
          "sound": {
            "audio": "duale01m",
            "ref": "m",
            "stat": "1"
          }
        },
        {
          "l": "also",
          "mw": "\u02c8dy\u00fc-\u0259l-"
        }
      ]
    },
    "vrs": [
      {
        "vl": "or",
        "va": "dual energy X-ray absorptiometry"
      }
    ],
    "fl": "noun",
    "def": [
      {
        "sseq": [
          [
            [
              "sense",
              {
                "dt": [
                  [
                    "text",
                    "{bc}{d_link|absorptiometry|absorptiometry} in which the density or mass of a material (such as bone) is measured by comparing the material's absorption of {d_link|X-rays|X-ray} of two different energies and which is used especially for determining the mineral content of bone "
                  ],
                  [
                    "uns",
                    [
                      [
                        [
                          "text",
                          "abbreviation {it}DEXA{/it}, {it}DXA{/it}"
                        ]
                      ]
                    ]
                  ]
                ]
              }
            ]
          ]
        ]
      }
    ],
    "date": "1988",
    "shortdef": [
      "absorptiometry in which the density or mass of a material (such as bone) is measured by comparing the material's absorption of X-rays of two different energies and which is used especially for determining the mineral content of bone \u2014abbreviation DEXA, DXA"
    ]
  },
  {
    "meta": {
      "id": "high-energy",
      "uuid": "729a9f91-18ad-47d7-9758-60dd3053b538",
      "sort": "080180300",
      "src": "collegiate",
      "section": "alpha",
      "stems": [
        "high-energy"
      ],
      "offensive": false
    },
    "hwi": {
      "hw": "high-en*er*gy",
      "prs": [
        {
          "mw": "\u02c8h\u012b-\u02c8e-n\u0259r-j\u0113",
          "sound": {
            "audio": "high-energy_1",
            "ref": "owl",
            "stat": "1"
          }
        }
      ]
    },
    "fl": "adjective",
    "def": [
      {
        "sseq": [
          [
            [
              "sense",
              {
                "sn": "1 a",
                "dt": [
                  [
                    "text",
                    "{bc}having such speed and kinetic energy as to exhibit relativistic departure from classical laws of motion "
                  ],
                  [
                    "uns",
                    [
                      [
                        [
                          "text",
                          "used especially of elementary particles whose velocity has been imparted by an accelerator"
                        ]
                      ]
                    ]
                  ]
                ]
              }
            ],
            [
              "sense",
              {
                "sn": "b",
                "dt": [
                  [
                    "text",
                    "{bc}of or relating to high-energy particles"
                  ]
                ]
              }
            ]
          ],
          [
            [
              "sense",
              {
                "sn": "2",
                "dt": [
                  [
                    "text",
                    "{bc}yielding a relatively large amount of energy when undergoing hydrolysis"
                  ]
                ]
              }
            ]
          ]
        ]
      }
    ],
    "date": "1934{ds||1|a|}",
    "shortdef": [
      "having such speed and kinetic energy as to exhibit relativistic departure from classical laws of motion \u2014used especially of elementary particles whose velocity has been imparted by an accelerator",
      "of or relating to high-energy particles",
      "yielding a relatively large amount of energy when undergoing hydrolysis"
    ]
  }
]