[
  {
    "meta": {
      "id": "equilibrium",
      "uuid": "a02b9f5a-5090-472d-9257-e229b33a22d4",
      "sort": "050184600",
      "src": "collegiate",
      "section": "alpha",
      "stems": [
        "equilibria",
        "equilibrium",
        "equilibriums"
      ],
      "offensive": false
    },
    "hwi": {
      "hw": "equi*lib*ri*um",
      "prs": [
        {
          "mw": "\u02cc\u0113-kw\u0259-\u02c8li-br\u0113-\u0259m",
          "sound": {
            "audio": "equili09",
            "ref": "c",
            "stat": "1"
          }
        },
        {
          "mw": "\u02cce-"
        }
      ]
    },
    "fl": "noun",
    "ins": [
      {
        "il": "plural",
        "ifc": "-ri*ums",
        "if": "equi*lib*ri*ums"
      },
      {
        "il": "or",
        "ifc": "-ria",
        "if": "equi*lib*ria",
        "prs": [
          {
            "mw": "\u02cc\u0113-kw\u0259-\u02c8li-br\u0113-\u0259",
            "sound": {
              "audio": "equili10",
              "ref": "c",
              "stat": "1"
            }
          },
          {
            "mw": "\u02cce-"
          }
        ]
      }
    ],
    "def": [
      {
        "sseq": [
          [
            [
              "sense",
              {
                "sn": "1 a",
                "dt": [
                  [
                    "text",
                    "{bc}a state of intellectual or emotional balance {bc}{sx|poise||} "
                  ],
                  [
                    "vis",
                    [
                      {
                        "t": "trying to recover his {wi}equilibrium{/wi}"
                      }
                    ]
                  ]
                ]
              }
            ],
            [
              "sense",
              {
                "sn": "b",
                "dt": [
                  [
                    "text",
                    "{bc}a state of adjustment between opposing or divergent influences or elements"
                  ]
                ]
              }
            ]
          ],
          [
            [
              "sense",
              {
                "sn": "2",
                "dt": [
                  [
                    "text",
                    "{bc}a state of balance between opposing forces or actions that is either static (as in a body acted on by forces whose resultant is zero) or dynamic (as in a reversible chemical reaction when the rates of reaction in both directions are equal)"
                  ]
                ]
              }
            ]
          ],
          [
            [
              "sense",
              {
                "sn": "3",
                "dt": [
                  [
                    "text",
                    "{bc}{sx|balance||3a}"
                  ]
                ]
              }
            ]
          ]
        ]
      }
    ],
    "et": [
      [
        "text",
        "Latin {it}aequilibrium{/it}, from {it}aequilibris{/it} being in equilibrium, from {it}aequi-{/it} + {it}libra{/it} weight, balance"
      ]
    ],
    "date": "1608{ds||1|a|}",
    "shortdef": [
      "a state of intellectual or emotional balance : poise",
      "a state of adjustment between opposing or divergent influences or elements",
      "a state of balance between opposing forces or actions that is either static (as in a body acted on by forces whose resultant is zero) or dynamic (as in a reversible chemical reaction when the rates of reaction in both directions are equal)"
    ]
  },
  {
    "meta": {
      "id": "equilibrium constant",
      "uuid": "e306fea7-f0a6-4936-97b9-9131d79ad518",
      "sort": "050184700",
      "src": "collegiate",
      "section": "alpha",
      "stems": [
        "equilibrium constant",
        "equilibrium constants"
      ],
      "offensive": false
    },
    "hwi": {
      "hw": "equilibrium constant"
    },
    "fl": "noun",
    "def": [
      {
        "sseq": [
          [
            [
              "sense",
              {
                "dt": [
                  [
                    "text",
                    "{bc}a number that expresses the relationship between the amounts of products and reactants present at equilibrium in a reversible chemical reaction at a given temperature"
                  ]
                ]
              }
            ]
          ]
        ]
      }
    ],
    "date": "1929",
    "shortdef": [
      "a number that expresses the relationship between the amounts of products and reactants present at equilibrium in a reversible chemical reaction at a given temperature"
    ]
  },
  {
    "meta": {
      "id": "punctuated equilibrium",
      "uuid": "0dbe80a6-29eb-4665-bb71-eb2c4b66f417",
      "sort": "168718000",
      "src": "collegiate",
      "section": "alpha",
      "stems": [
        "punctuated equilibrium",
        "punctuated equilibriums"
      ],
      "offensive": false
    },
    "hwi": {
      "hw": "punctuated equilibrium"
    },
    "fl": "noun",
    "def": [
      {
        "sseq": [
          [
            [
              "sense",
              {
                "dt": [
                  [
                    "text",
                    "{bc}evolution that is characterized by long periods of stability in the characteristics of an organism and short periods of rapid change during which new forms appear especially from small subpopulations of the ancestral form in restricted parts of its geographic range"
                  ]
                ],
                "sdsense": {
                  "sd": "also",
                  "dt": [
                    [
                      "text",
                      "{bc}a theory or model of evolution emphasizing this {dx}compare {dxt|gradualism||2}{/dx}"
                    ]
                  ]
                }
              }
            ]
          ]
        ]
      }
    ],
    "date": "1972",
    "shortdef": [
      "evolution that is characterized by long periods of stability in the characteristics of an organism and short periods of rapid change during which new forms appear especially from small subpopulations of the ancestral form in restricted parts of its geographic range; also : a theory or model of evolution emphasizing this"
    ]
  }
]