[
  {
    "meta": {
      "id": "excitation",
      "uuid": "8e957bf9-753b-4ec6-bcd1-00b6fc96d0d1",
      "sort": "050260100",
      "src": "collegiate",
      "section": "alpha",
      "stems": [
        "excitation",
        "excitations"
      ],
      "offensive": false
    },
    "hwi": {
      "hw": "ex*ci*ta*tion",
      "prs": [
        {
          "mw": "\u02ccek-\u02ccs\u012b-\u02c8t\u0101-sh\u0259n",
          "sound": {
            "audio": "excita06",
            "ref": "c",
            "stat": "1"
          }
        },
        {
          "mw": "\u02ccek-s\u0259-"
        }
      ]
    },
    "fl": "noun",
    "def": [
      {
        "sseq": [
          [
            [
              "sense",
              {
                "dt": [
                  [
                    "text",
                    "{bc}{sx|excitement||}"
                  ]
                ],
                "sdsense": {
                  "sd": "especially",
                  "dt": [
                    [
                      "text",
                      "{bc}the disturbed or altered condition resulting from stimulation of an individual, organ, tissue, or cell"
                    ]
                  ]
                }
              }
            ]
          ]
        ]
      }
    ],
    "date": "14th century",
    "shortdef": [
      "excitement; especially : the disturbed or altered condition resulting from stimulation of an individual, organ, tissue, or cell"
    ]
  }
]