[
  {
    "meta": {
      "id": "exponential",
      "uuid": "a3152c3b-5d58-4bfb-9513-eb48609672b7",
      "sort": "050290500",
      "src": "collegiate",
      "section": "alpha",
      "stems": [
        "exponential",
        "exponentially"
      ],
      "offensive": false
    },
    "hwi": {
      "hw": "ex*po*nen*tial",
      "prs": [
        {
          "mw": "\u02ccek-sp\u0259-\u02c8nen(t)-sh\u0259l",
          "sound": {
            "audio": "expone03",
            "ref": "c",
            "stat": "1"
          }
        }
      ]
    },
    "fl": "adjective",
    "def": [
      {
        "sseq": [
          [
            [
              "sense",
              {
                "sn": "1",
                "dt": [
                  [
                    "text",
                    "{bc}of or relating to an {a_link|exponent}"
                  ]
                ]
              }
            ]
          ],
          [
            [
              "sense",
              {
                "sn": "2",
                "dt": [
                  [
                    "text",
                    "{bc}involving a variable in an exponent "
                  ],
                  [
                    "vis",
                    [
                      {
                        "t": "10{sup}x{/sup} is an {wi}exponential{/wi} expression"
                      }
                    ]
                  ]
                ]
              }
            ]
          ],
          [
            [
              "sense",
              {
                "sn": "3",
                "dt": [
                  [
                    "text",
                    "{bc}expressible or approximately expressible by an exponential function"
                  ]
                ],
                "sdsense": {
                  "sd": "especially",
                  "dt": [
                    [
                      "text",
                      "{bc}characterized by or being an extremely rapid increase (as in size or extent) "
                    ],
                    [
                      "vis",
                      [
                        {
                          "t": "an {wi}exponential{/wi} growth rate"
                        }
                      ]
                    ]
                  ]
                }
              }
            ]
          ]
        ]
      }
    ],
    "uros": [
      {
        "ure": "ex*po*nen*tial*ly",
        "prs": [
          {
            "mw": "\u02ccek-sp\u0259-\u02c8nen(t)-sh(\u0259-)l\u0113",
            "sound": {
              "audio": "expone04",
              "ref": "c",
              "stat": "1"
            }
          }
        ],
        "fl": "adverb"
      }
    ],
    "date": "1704{ds||1||}",
    "shortdef": [
      "of or relating to an exponent",
      "involving a variable in an exponent",
      "expressible or approximately expressible by an exponential function; especially : characterized by or being an extremely rapid increase (as in size or extent)"
    ]
  },
  {
    "meta": {
      "id": "exponential function",
      "uuid": "2333810c-9e3a-4cbd-8c0a-998bf2c915bb",
      "sort": "050290600",
      "src": "collegiate",
      "section": "alpha",
      "stems": [
        "exponential",
        "exponential function",
        "exponential functions"
      ],
      "offensive": false
    },
    "hwi": {
      "hw": "exponential function"
    },
    "fl": "noun",
    "def": [
      {
        "sseq": [
          [
            [
              "sense",
              {
                "dt": [
                  [
                    "text",
                    "{bc}a mathematical function in which an independent variable appears in one of the exponents "
                  ],
                  [
                    "ca",
                    {
                      "intro": "called also",
                      "cats": [
                        {
                          "cat": "exponential"
                        }
                      ]
                    }
                  ]
                ]
              }
            ]
          ]
        ]
      }
    ],
    "date": "1879",
    "shortdef": [
      "a mathematical function in which an independent variable appears in one of the exponents \u2014called also exponential"
    ]
  }
]