[
  {
    "meta": {
      "id": "eye:1",
      "uuid": "a5a63cf5-9cf7-4b45-aa1e-330dd7e7cf65",
      "sort": "050313100",
      "src": "collegiate",
      "section": "alpha",
      "stems": [
        "an eye for an eye",
        "eye",
        "eye for an eye",
        "eyeless",
        "eyelike",
        "eyes",
        "my eye",
        "with an eye to",
        "with an eye toward"
      ],
      "offensive": false
    },
    "hom": 1,
    "hwi": {
      "hw": "eye",
      "prs": [
        {
          "mw": "\u02c8\u012b",
          "sound": {
            "audio": "eye00001",
            "ref": "c",
            "stat": "1"
          }
        }
      ]
    },
    "fl": "noun",
    "def": [
      {
        "sseq": [
          [
            [
              "sense",
              {
                "sn": "1 a",
                "dt": [
                  [
                    "text",
                    "{bc}a specialized light-sensitive sensory structure of animals that in nearly all vertebrates, most arthropods, and some mollusks is the image-forming organ of sight"
                  ]
                ],
                "sdsense": {
                  "sd": "especially",
                  "dt": [
                    [
                      "text",
                      "{bc}the nearly spherical usually paired hollow organ of sight in vertebrates that is filled with a jellylike material, is lined with a photosensitive retina, and is lodged in a bony orbit in the skull"
                    ]
                  ]
                }
              }
            ],
            [
              "sense",
              {
                "sn": "b",
                "dt": [
                  [
                    "text",
                    "{bc}all the visible structures within and surrounding the orbit and including eyelids, eyelashes, and eyebrows"
                  ]
                ]
              }
            ],
            [
              "pseq",
              [
                [
                  "sense",
                  {
                    "sn": "c (1)",
                    "dt": [
                      [
                        "text",
                        "{bc}the faculty of seeing with eyes"
                      ]
                    ]
                  }
                ],
                [
                  "sense",
                  {
                    "sn": "(2)",
                    "dt": [
                      [
                        "text",
                        "{bc}the faculty of intellectual or aesthetic perception or appreciation "
                      ],
                      [
                        "vis",
                        [
                          {
                            "t": "an {wi}eye{/wi} for beauty"
                          }
                        ]
                      ]
                    ]
                  }
                ],
                [
                  "sense",
                  {
                    "sn": "(3)",
                    "dt": [
                      [
                        "text",
                        "{bc}skill or ability dependent upon eyesight "
                      ],
                      [
                        "vis",
                        [
                          {
                            "t": "a batter with a good {wi}eye{/wi}"
                          }
                        ]
                      ]
                    ]
                  }
                ]
              ]
            ],
            [
              "sense",
              {
                "sn": "d",
                "dt": [
                  [
                    "text",
                    "{bc}{sx|look||}, {sx|glance||} "
                  ],
                  [
                    "vis",
                    [
                      {
                        "t": "cast an eager {wi}eye{/wi}"
                      }
                    ]
                  ]
                ]
              }
            ],
            [
              "pseq",
              [
                [
                  "sense",
                  {
                    "sn": "e (1)",
                    "dt": [
                      [
                        "text",
                        "{bc}an attentive look "
                      ],
                      [
                        "vis",
                        [
                          {
                            "t": "kept an {wi}eye{/wi} on his valuables"
                          }
                        ]
                      ]
                    ]
                  }
                ],
                [
                  "sense",
                  {
                    "sn": "(2)",
                    "dt": [
                      [
                        "text",
                        "{bc}{sx|attention||}, {sx|notice||} "
                      ],
                      [
                        "vis",
                        [
                          {
                            "t": "caught his {wi}eye{/wi}"
                          }
                        ]
                      ]
                    ]
                  }
                ],
                [
                  "sense",
                  {
                    "sn": "(3)",
                    "dt": [
                      [
                        "text",
                        "{bc}close observation {bc}{sx|scrutiny||} "
                      ],
                      [
                        "vis",
                        [
                          {
                            "t": "works under the {wi}eye{/wi} of her boss"
                          },
                          {
                            "t": "in the public {wi}eye{/wi}"
                          }
                        ]
                      ]
                    ]
                  }
                ]
              ]
            ],
            [
              "sense",
              {
                "sn": "f",
                "dt": [
                  [
                    "text",
                    "{bc}{sx|point of view||}, {sx|judgment||} "
                  ],
                  [
                    "vis",
                    [
                      {
                        "t": "beauty is in the {wi}eye{/wi} of the beholder"
                      }
                    ]
                  ],
                  [
                    "uns",
                    [
                      [
                        [
                          "text",
                          "often used in plural "
                        ],
                        [
                          "vis",
                          [
                            {
                              "t": "an offender in the {wi}eyes{/wi} of the law"
                            }
                          ]
                        ]
                      ]
                    ]
                  ]
                ]
              }
            ]
          ],
          [
            [
              "bs",
              {
                "sense": {
                  "sn": "2",
                  "dt": [
                    [
                      "text",
                      "{bc}something having an appearance suggestive of an eye: such as"
                    ]
                  ]
                }
              }
            ],
            [
              "sense",
              {
                "sn": "a",
                "dt": [
                  [
                    "text",
                    "{bc}the hole through the head of a needle"
                  ]
                ]
              }
            ],
            [
              "sense",
              {
                "sn": "b",
                "dt": [
                  [
                    "text",
                    "{bc}a usually circular marking (as on a peacock's tail)"
                  ]
                ]
              }
            ],
            [
              "sense",
              {
                "sn": "c",
                "dt": [
                  [
                    "text",
                    "{bc}{sx|loop||}"
                  ]
                ],
                "sdsense": {
                  "sd": "especially",
                  "dt": [
                    [
                      "text",
                      "{bc}a loop or catch to receive a hook"
                    ]
                  ]
                }
              }
            ],
            [
              "sense",
              {
                "sn": "d",
                "dt": [
                  [
                    "text",
                    "{bc}an undeveloped bud (as on a potato)"
                  ]
                ]
              }
            ],
            [
              "sense",
              {
                "sn": "e",
                "dt": [
                  [
                    "text",
                    "{bc}an area like a hole in the center of a tropical cyclone marked by only light winds or complete calm with no precipitation"
                  ]
                ]
              }
            ],
            [
              "sense",
              {
                "sn": "f",
                "dt": [
                  [
                    "text",
                    "{bc}the center of a flower especially when differently colored or marked"
                  ]
                ],
                "sdsense": {
                  "sd": "specifically",
                  "dt": [
                    [
                      "text",
                      "{bc}the disk of a composite"
                    ]
                  ]
                }
              }
            ],
            [
              "pseq",
              [
                [
                  "sense",
                  {
                    "sn": "g (1)",
                    "dt": [
                      [
                        "text",
                        "{bc}a triangular piece of beef cut from between the top and bottom of a round"
                      ]
                    ]
                  }
                ],
                [
                  "sense",
                  {
                    "sn": "(2)",
                    "dt": [
                      [
                        "text",
                        "{bc}the chief muscle of a chop"
                      ]
                    ]
                  }
                ],
                [
                  "sense",
                  {
                    "sn": "(3)",
                    "dt": [
                      [
                        "text",
                        "{bc}a compact mass of muscular tissue usually embedded in fat in a rib or loin cut of meat"
                      ]
                    ]
                  }
                ]
              ]
            ],
            [
              "sense",
              {
                "sn": "h",
                "dt": [
                  [
                    "text",
                    "{bc}a device (such as a photoelectric cell) that functions in a manner analogous to human vision"
                  ]
                ]
              }
            ]
          ],
          [
            [
              "sense",
              {
                "sn": "3",
                "dt": [
                  [
                    "text",
                    "{bc}something central {bc}{sx|center||} "
                  ],
                  [
                    "vis",
                    [
                      {
                        "t": "the {wi}eye{/wi} of the problem",
                        "aq": {
                          "auth": "Norman Mailer"
                        }
                      }
                    ]
                  ]
                ]
              }
            ]
          ],
          [
            [
              "sense",
              {
                "sn": "4",
                "dt": [
                  [
                    "text",
                    "{bc}the direction from which the wind is blowing"
                  ]
                ]
              }
            ]
          ]
        ]
      }
    ],
    "uros": [
      {
        "ure": "eye*less",
        "prs": [
          {
            "mw": "\u02c8\u012b-l\u0259s",
            "sound": {
              "audio": "eye00002",
              "ref": "c",
              "stat": "1"
            }
          }
        ],
        "fl": "adjective"
      },
      {
        "ure": "eye*like",
        "prs": [
          {
            "mw": "\u02c8\u012b-\u02ccl\u012bk",
            "sound": {
              "audio": "eye00003",
              "ref": "c",
              "stat": "1"
            }
          }
        ],
        "fl": "adjective"
      }
    ],
    "dros": [
      {
        "drp": "an eye for an eye",
        "def": [
          {
            "sseq": [
              [
                [
                  "sense",
                  {
                    "dt": [
                      [
                        "text",
                        "{bc}retribution in kind"
                      ]
                    ]
                  }
                ]
              ]
            ]
          }
        ]
      },
      {
        "drp": "my eye",
        "def": [
          {
            "sseq": [
              [
                [
                  "sense",
                  {
                    "dt": [
                      [
                        "uns",
                        [
                          [
                            [
                              "text",
                              "used to express mild disagreement or sometimes surprise "
                            ],
                            [
                              "vis",
                              [
                                {
                                  "t": "a diamond, {it}my eye!{/it} That's glass"
                                }
                              ]
                            ]
                          ]
                        ]
                      ]
                    ]
                  }
                ]
              ]
            ]
          }
        ]
      },
      {
        "drp": "with an eye to",
        "vrs": [
          {
            "vl": "or less commonly",
            "va": "with an eye toward"
          }
        ],
        "def": [
          {
            "sseq": [
              [
                [
                  "sense",
                  {
                    "sn": "1",
                    "dt": [
                      [
                        "text",
                        "{bc}with awareness or contemplation of "
                      ],
                      [
                        "vis",
                        [
                          {
                            "t": "{it}with an eye to{/it} the future"
                          }
                        ]
                      ]
                    ]
                  }
                ]
              ],
              [
                [
                  "sense",
                  {
                    "sn": "2",
                    "dt": [
                      [
                        "text",
                        "{bc}with the object of "
                      ],
                      [
                        "vis",
                        [
                          {
                            "t": "built the house {it}with an eye to{/it} adding on later"
                          }
                        ]
                      ]
                    ]
                  }
                ]
              ]
            ]
          }
        ]
      }
    ],
    "art": {
      "artid": "eye",
      "capt": "eye 1a: {it}1{/it} optic nerve, {it}2{/it} blind spot, {it}3{/it} fovea, {it}4{/it} sclera, {it}5{/it} choroid, {it}6{/it} retina, {it}7{/it} ciliary body, {it}8{/it} posterior chamber, {it}9{/it} anterior chamber, {it}10{/it} cornea, {it}11{/it} lens, {it}12{/it} iris, {it}13{/it} suspensory ligament, {it}14{/it} conjunctiva, {it}15{/it} vitreous humor"
    },
    "et": [
      [
        "text",
        "Middle English, from Old English {it}\u0113age{/it}; akin to Old High German {it}ouga{/it} eye, Latin {it}oculus{/it}, Greek {it}\u014dps{/it} eye, face, Sanskrit {it}ak\u1e63i{/it} eye"
      ]
    ],
    "date": "before 12th century{ds||1|a|}",
    "shortdef": [
      "a specialized light-sensitive sensory structure of animals that in nearly all vertebrates, most arthropods, and some mollusks is the image-forming organ of sight; especially : the nearly spherical usually paired hollow organ of sight in vertebrates that is filled with a jellylike material, is lined with a photosensitive retina, and is lodged in a bony orbit in the skull",
      "all the visible structures within and surrounding the orbit and including eyelids, eyelashes, and eyebrows",
      "the faculty of seeing with eyes"
    ]
  },
  {
    "meta": {
      "id": "eye:2",
      "uuid": "4eeb8cdc-7dd5-4adb-b9e2-64bdd147ce55",
      "sort": "050313200",
      "src": "collegiate",
      "section": "alpha",
      "stems": [
        "eye",
        "eyed",
        "eyeing",
        "eyer",
        "eyers",
        "eyes",
        "eying"
      ],
      "offensive": false
    },
    "hom": 2,
    "hwi": {
      "hw": "eye"
    },
    "fl": "verb",
    "ins": [
      {
        "if": "eyed"
      },
      {
        "if": "eye*ing"
      },
      {
        "il": "or",
        "if": "ey*ing"
      }
    ],
    "def": [
      {
        "vd": "transitive verb",
        "sseq": [
          [
            [
              "pseq",
              [
                [
                  "sense",
                  {
                    "sn": "1 a (1)",
                    "dt": [
                      [
                        "text",
                        "{bc}to fix the eyes on {bc}look at "
                      ],
                      [
                        "vis",
                        [
                          {
                            "t": "they {it}eyed{/it} him suspiciously"
                          }
                        ]
                      ]
                    ]
                  }
                ],
                [
                  "sense",
                  {
                    "sn": "(2)",
                    "dt": [
                      [
                        "text",
                        "{bc}{sx|contemplate||}, {sx|consider||} "
                      ],
                      [
                        "vis",
                        [
                          {
                            "t": "{wi}eyeing{/wi} the choices"
                          }
                        ]
                      ]
                    ]
                  }
                ]
              ]
            ],
            [
              "sense",
              {
                "sn": "b",
                "dt": [
                  [
                    "text",
                    "{bc}to watch or study closely "
                  ],
                  [
                    "vis",
                    [
                      {
                        "t": "{wi}eyeing{/wi} changes in the stock market"
                      }
                    ]
                  ]
                ]
              }
            ]
          ],
          [
            [
              "sense",
              {
                "sn": "2",
                "dt": [
                  [
                    "text",
                    "{bc}to furnish with an eye"
                  ]
                ]
              }
            ]
          ]
        ]
      },
      {
        "vd": "intransitive verb",
        "sseq": [
          [
            [
              "sense",
              {
                "sls": [
                  "obsolete"
                ],
                "dt": [
                  [
                    "text",
                    "{bc}{sx|seem||}, {sx|look||}"
                  ]
                ]
              }
            ]
          ]
        ]
      }
    ],
    "uros": [
      {
        "ure": "ey*er",
        "prs": [
          {
            "mw": "\u02c8\u012b(-\u0259)r",
            "sound": {
              "audio": "eye00004",
              "ref": "c",
              "stat": "1"
            }
          }
        ],
        "fl": "noun"
      }
    ],
    "date": "15th century{ds|t|1|a|1}",
    "shortdef": [
      "to fix the eyes on : look at",
      "contemplate, consider",
      "to watch or study closely"
    ]
  },
  {
    "meta": {
      "id": "eyen",
      "uuid": "29be6553-7b60-4edb-894a-a88f7a14383d",
      "sort": "050316200",
      "src": "collegiate",
      "section": "alpha",
      "stems": [
        "eye",
        "eyen"
      ],
      "offensive": false
    },
    "hwi": {
      "hw": "ey*en",
      "prs": [
        {
          "mw": "\u02c8\u012b(-\u0259)n",
          "sound": {
            "audio": "eyen0001",
            "ref": "c",
            "stat": "1"
          }
        }
      ]
    },
    "cxs": [
      {
        "cxl": "archaic plural of",
        "cxtis": [
          {
            "cxt": "eye"
          }
        ]
      }
    ],
    "shortdef": []
  },
  {
    "meta": {
      "id": "eye bank",
      "uuid": "11dd9761-0349-4781-b2e7-30f0fb1cca16",
      "sort": "050313700",
      "src": "collegiate",
      "section": "alpha",
      "stems": [
        "eye bank",
        "eye banks"
      ],
      "offensive": false
    },
    "hwi": {
      "hw": "eye bank"
    },
    "fl": "noun",
    "def": [
      {
        "sseq": [
          [
            [
              "sense",
              {
                "dt": [
                  [
                    "text",
                    "{bc}a storage place for human corneas from the newly dead for transplant to the eyes of those blind from corneal defects"
                  ]
                ]
              }
            ]
          ]
        ]
      }
    ],
    "date": "1938",
    "shortdef": [
      "a storage place for human corneas from the newly dead for transplant to the eyes of those blind from corneal defects"
    ]
  },
  {
    "meta": {
      "id": "eye candy",
      "uuid": "5faee828-0312-4f4b-9cee-d686e71d1dfd",
      "sort": "050314400",
      "src": "collegiate",
      "section": "alpha",
      "stems": [
        "eye candies",
        "eye candy"
      ],
      "offensive": false
    },
    "hwi": {
      "hw": "eye candy"
    },
    "fl": "noun",
    "def": [
      {
        "sseq": [
          [
            [
              "sense",
              {
                "dt": [
                  [
                    "text",
                    "{bc}something superficially attractive to look at"
                  ]
                ]
              }
            ]
          ]
        ]
      }
    ],
    "date": "1978",
    "shortdef": [
      "something superficially attractive to look at"
    ]
  },
  {
    "meta": {
      "id": "eye-catcher",
      "uuid": "8c0600d1-a385-4af6-94c8-03e6df28d8dd",
      "sort": "050314500",
      "src": "collegiate",
      "section": "alpha",
      "stems": [
        "eye-catcher",
        "eye-catchers",
        "eye-catching",
        "eye-catchingly"
      ],
      "offensive": false
    },
    "hwi": {
      "hw": "eye-catch*er",
      "prs": [
        {
          "mw": "\u02c8\u012b-\u02ccka-ch\u0259r",
          "sound": {
            "audio": "eye_ca01",
            "ref": "c",
            "stat": "1"
          }
        },
        {
          "mw": "-\u02ccke-"
        }
      ]
    },
    "fl": "noun",
    "def": [
      {
        "sseq": [
          [
            [
              "sense",
              {
                "dt": [
                  [
                    "text",
                    "{bc}something that arrests the eye"
                  ]
                ]
              }
            ]
          ]
        ]
      }
    ],
    "uros": [
      {
        "ure": "eye-catch*ing",
        "prs": [
          {
            "mw": "\u02c8\u012b-\u02ccka-chi\u014b",
            "sound": {
              "audio": "eye_ca02",
              "ref": "c",
              "stat": "1"
            }
          },
          {
            "mw": "-\u02ccke-"
          }
        ],
        "fl": "adjective"
      },
      {
        "ure": "eye-catch*ing*ly",
        "prs": [
          {
            "mw": "\u02c8\u012b-\u02ccka-chi\u014b-l\u0113",
            "sound": {
              "audio": "eye_ca03",
              "ref": "c",
              "stat": "1"
            }
          },
          {
            "mw": "-\u02ccke-"
          }
        ],
        "fl": "adverb"
      }
    ],
    "date": "1787",
    "shortdef": [
      "something that arrests the eye"
    ]
  },
  {
    "meta": {
      "id": "eye chart",
      "uuid": "884af642-96cc-4113-a46e-897bd8599967",
      "sort": "050314600",
      "src": "collegiate",
      "section": "alpha",
      "stems": [
        "eye chart",
        "eye charts"
      ],
      "offensive": false
    },
    "hwi": {
      "hw": "eye chart"
    },
    "fl": "noun",
    "def": [
      {
        "sseq": [
          [
            [
              "sense",
              {
                "dt": [
                  [
                    "text",
                    "{bc}a chart read at a fixed distance for purposes of testing sight"
                  ]
                ],
                "sdsense": {
                  "sd": "especially",
                  "dt": [
                    [
                      "text",
                      "{bc}one with rows of letters or objects of decreasing size"
                    ]
                  ]
                }
              }
            ]
          ]
        ]
      }
    ],
    "date": "1885",
    "shortdef": [
      "a chart read at a fixed distance for purposes of testing sight; especially : one with rows of letters or objects of decreasing size"
    ]
  },
  {
    "meta": {
      "id": "eye contact",
      "uuid": "6c6832e2-4a58-4c79-abab-72b864665916",
      "sort": "050314700",
      "src": "collegiate",
      "section": "alpha",
      "stems": [
        "eye contact",
        "eye contacts"
      ],
      "offensive": false
    },
    "hwi": {
      "hw": "eye contact"
    },
    "fl": "noun",
    "def": [
      {
        "sseq": [
          [
            [
              "sense",
              {
                "dt": [
                  [
                    "text",
                    "{bc}visual contact with another person's eyes"
                  ]
                ]
              }
            ]
          ]
        ]
      }
    ],
    "date": "1942",
    "shortdef": [
      "visual contact with another person's eyes"
    ]
  },
  {
    "meta": {
      "id": "eye drops",
      "uuid": "52aefffa-34b0-48c0-837d-d75ebdafa4a8",
      "sort": "050315200",
      "src": "collegiate",
      "section": "alpha",
      "stems": [
        "eye drops",
        "eyedrops"
      ],
      "offensive": false
    },
    "hwi": {
      "hw": "eye drops",
      "prs": [
        {
          "mw": "\u02c8\u012b-\u02ccdr\u00e4ps",
          "sound": {
            "audio": "eyedro02",
            "ref": "c",
            "stat": "1"
          }
        }
      ]
    },
    "vrs": [
      {
        "vl": "or less commonly",
        "va": "eye*drops"
      }
    ],
    "fl": "plural noun",
    "def": [
      {
        "sseq": [
          [
            [
              "sense",
              {
                "dt": [
                  [
                    "text",
                    "{bc}a medicated solution for the eyes that is applied in drops "
                  ],
                  [
                    "uns",
                    [
                      [
                        [
                          "text",
                          "usually singular and hyphenated when used before another noun "
                        ],
                        [
                          "vis",
                          [
                            {
                              "t": "Most cases of chronic glaucoma are treated with {wi}eye-drop{/wi} medications that reduce pressure in the eye.",
                              "aq": {
                                "auth": "Oz Hopkins Koglin"
                              }
                            }
                          ]
                        ]
                      ]
                    ]
                  ]
                ]
              }
            ]
          ]
        ]
      }
    ],
    "date": "1762",
    "shortdef": [
      "a medicated solution for the eyes that is applied in drops \u2014usually singular and hyphenated when used before another noun"
    ]
  },
  {
    "meta": {
      "id": "eye lens",
      "uuid": "05dc0d1e-a7af-4cf0-8eb3-9303e8d02b85",
      "sort": "050315700",
      "src": "collegiate",
      "section": "alpha",
      "stems": [
        "eye lens",
        "eye lenses"
      ],
      "offensive": false
    },
    "hwi": {
      "hw": "eye lens"
    },
    "fl": "noun",
    "def": [
      {
        "sseq": [
          [
            [
              "sense",
              {
                "dt": [
                  [
                    "text",
                    "{bc}the lens nearest the eye in an eyepiece"
                  ]
                ]
              }
            ]
          ]
        ]
      }
    ],
    "date": "1713",
    "shortdef": [
      "the lens nearest the eye in an eyepiece"
    ]
  }
]