[
  {
    "meta": {
      "id": "eye:1",
      "uuid": "a5a63cf5-9cf7-4b45-aa1e-330dd7e7cf65",
      "sort": "050313100",
      "src": "collegiate",
      "section": "alpha",
      "stems": [
        "an eye for an eye",
        "eye",
        "eye for an eye",
        "eyeless",
        "eyelike",
        "eyes",
        "my eye",
        "with an eye to",
        "with an eye toward"
      ],
      "offensive": false
    },
    "hom": 1,
    "hwi": {
      "hw": "eye",
      "prs": [
        {
          "mw": "\u02c8\u012b",
          "sound": {
            "audio": "eye00001",
            "ref": "c",
            "stat": "1"
          }
        }
      ]
    },
    "fl": "noun",
    "def": [
      {
        "sseq": [
          [
            [
              "sense",
              {
                "sn": "1 a",
                "dt": [
                  [
                    "text",
                    "{bc}a specialized light-sensitive sensory structure of animals that in nearly all vertebrates, most arthropods, and some mollusks is the image-forming organ of sight"
                  ]
                ],
                "sdsense": {
                  "sd": "especially",
                  "dt": [
                    [
                      "text",
                      "{bc}the nearly spherical usually paired hollow organ of sight in vertebrates that is filled with a jellylike material, is lined with a photosensitive retina, and is lodged in a bony orbit in the skull"
                    ]
                  ]
                }
              }
            ],
            [
              "sense",
              {
                "sn": "b",
                "dt": [
                  [
                    "text",
                    "{bc}all the visible structures within and surrounding the orbit and including eyelids, eyelashes, and eyebrows"
                  ]
                ]
              }
            ],
            [
              "pseq",
              [
                [
                  "sense",
                  {
                    "sn": "c (1)",
                    "dt": [
                      [
                        "text",
                        "{bc}the faculty of seeing with eyes"
                      ]
                    ]
                  }
                ],
                [
                  "sense",
                  {
                    "sn": "(2)",
                    "dt": [
                      [
                        "text",
                        "{bc}the faculty of intellectual or aesthetic perception or appreciation "
                      ],
                      [
                        "vis",
                        [
                          {
                            "t": "an {wi}eye{/wi} for beauty"
                          }
                        ]
                      ]
                    ]
                  }
                ],
                [
                  "sense",
                  {
                    "sn": "(3)",
                    "dt": [
                      [
                        "text",
                        "{bc}skill or ability dependent upon eyesight "
                      ],
                      [
                        "vis",
                        [
                          {
                            "t": "a batter with a good {wi}eye{/wi}"
                          }
                        ]
                      ]
                    ]
                  }
                ]
              ]
            ],
            [
              "sense",
              {
                "sn": "d",
                "dt": [
                  [
                    "text",
                    "{bc}{sx|look||}, {sx|glance||} "
                  ],
                  [
                    "vis",
                    [
                      {
                        "t": "cast an eager {wi}eye{/wi}"
                      }
                    ]
                  ]
                ]
              }
            ],
            [
              "pseq",
              [
                [
                  "sense",
                  {
                    "sn": "e (1)",
                    "dt": [
                      [
                        "text",
                        "{bc}an attentive look "
                      ],
                      [
                        "vis",
                        [
                          {
                            "t": "kept an {wi}eye{/wi} on his valuables"
                          }
                        ]
                      ]
                    ]
                  }
                ],
                [
                  "sense",
                  {
                    "sn": "(2)",
                    "dt": [
                      [
                        "text",
                        "{bc}{sx|attention||}, {sx|notice||} "
                      ],
                      [
                        "vis",
                        [
                          {
                            "t": "caught his {wi}eye{/wi}"
                          }
                        ]
                      ]
                    ]
                  }
                ],
                [
                  "sense",
                  {
                    "sn": "(3)",
                    "dt": [
                      [
                        "text",
                        "{bc}close observation {bc}{sx|scrutiny||} "
                      ],
                      [
                        "vis",
                        [
                          {
                            "t": "works under the {wi}eye{/wi} of her boss"
                          },
                          {
                            "t": "in the public {wi}eye{/wi}"
                          }
                        ]
                      ]
                    ]
                  }
                ]
              ]
            ],
            [
              "sense",
              {
                "sn": "f",
                "dt": [
                  [
                    "text",
                    "{bc}{sx|point of view||}, {sx|judgment||} "
                  ],
                  [
                    "vis",
                    [
                      {
                        "t": "beauty is in the {wi}eye{/wi} of the beholder"
                      }
                    ]
                  ],
                  [
                    "uns",
                    [
                      [
                        [
                          "text",
                          "often used in plural "
                        ],
                        [
                          "vis",
                          [
                            {
                              "t": "an offender in the {wi}eyes{/wi} of the law"
                            }
                          ]
                        ]
                      ]
                    ]
                  ]
                ]
              }
            ]
          ],
          [
            [
              "bs",
              {
                "sense": {
                  "sn": "2",
                  "dt": [
                    [
                      "text",
                      "{bc}something having an appearance suggestive of an eye: such as"
                    ]
                  ]
                }
              }
            ],
            [
              "sense",
              {
                "sn": "a",
                "dt": [
                  [
                    "text",
                    "{bc}the hole through the head of a needle"
                  ]
                ]
              }
            ],
            [
              "sense",
              {
                "sn": "b",
                "dt": [
                  [
                    "text",
                    "{bc}a usually circular marking (as on a peacock's tail)"
                  ]
                ]
              }
            ],
            [
              "sense",
              {
                "sn": "c",
                "dt": [
                  [
                    "text",
                    "{bc}{sx|loop||}"
                  ]
                ],
                "sdsense": {
                  "sd": "especially",
                  "dt": [
                    [
                      "text",
                      "{bc}a loop or catch to receive a hook"
                    ]
                  ]
                }
              }
            ],
            [
              "sense",
              {
                "sn": "d",
                "dt": [
                  [
                    "text",
                    "{bc}an undeveloped bud (as on a potato)"
                  ]
                ]
              }
            ],
            [
              "sense",
              {
                "sn": "e",
                "dt": [
                  [
                    "text",
                    "{bc}an area like a hole in the center of a tropical cyclone marked by only light winds or complete calm with no precipitation"
                  ]
                ]
              }
            ],
            [
              "sense",
              {
                "sn": "f",
                "dt": [
                  [
                    "text",
                    "{bc}the center of a flower especially when differently colored or marked"
                  ]
                ],
                "sdsense": {
                  "sd": "specifically",
                  "dt": [
                    [
                      "text",
                      "{bc}the disk of a composite"
                    ]
                  ]
                }
              }
            ],
            [
              "pseq",
              [
                [
                  "sense",
                  {
                    "sn": "g (1)",
                    "dt": [
                      [
                        "text",
                        "{bc}a triangular piece of beef cut from between the top and bottom of a round"
                      ]
                    ]
                  }
                ],
                [
                  "sense",
                  {
                    "sn": "(2)",
                    "dt": [
                      [
                        "text",
                        "{bc}the chief muscle of a chop"
                      ]
                    ]
                  }
                ],
                [
                  "sense",
                  {
                    "sn": "(3)",
                    "dt": [
                      [
                        "text",
                        "{bc}a compact mass of muscular tissue usually embedded in fat in a rib or loin cut of meat"
                      ]
                    ]
                  }
                ]
              ]
            ],
            [
              "sense",
              {
                "sn": "h",
                "dt": [
                  [
                    "text",
                    "{bc}a device (such as a photoelectric cell) that functions in a manner analogous to human vision"
                  ]
                ]
              }
            ]
          ],
          [
            [
              "sense",
              {
                "sn": "3",
                "dt": [
                  [
                    "text",
                    "{bc}something central {bc}{sx|center||} "
                  ],
                  [
                    "vis",
                    [
                      {
                        "t": "the {wi}eye{/wi} of the problem",
                        "aq": {
                          "auth": "Norman Mailer"
                        }
                      }
                    ]
                  ]
                ]
              }
            ]
          ],
          [
            [
              "sense",
              {
                "sn": "4",
                "dt": [
                  [
                    "text",
                    "{bc}the direction from which the wind is blowing"
                  ]
                ]
              }
            ]
          ]
        ]
      }
    ],
    "uros": [
      {
        "ure": "eye*less",
        "prs": [
          {
            "mw": "\u02c8\u012b-l\u0259s",
            "sound": {
              "audio": "eye00002",
              "ref": "c",
              "stat": "1"
            }
          }
        ],
        "fl": "adjective"
      },
      {
        "ure": "eye*like",
        "prs": [
          {
            "mw": "\u02c8\u012b-\u02ccl\u012bk",
            "sound": {
              "audio": "eye00003",
              "ref": "c",
              "stat": "1"
            }
          }
        ],
        "fl": "adjective"
      }
    ],
    "dros": [
      {
        "drp": "an eye for an eye",
        "def": [
          {
            "sseq": [
              [
                [
                  "sense",
                  {
                    "dt": [
                      [
                        "text",
                        "{bc}retribution in kind"
                      ]
                    ]
                  }
                ]
              ]
            ]
          }
        ]
      },
      {
        "drp": "my eye",
        "def": [
          {
            "sseq": [
              [
                [
                  "sense",
                  {
                    "dt": [
                      [
                        "uns",
                        [
                          [
                            [
                              "text",
                              "used to express mild disagreement or sometimes surprise "
                            ],
                            [
                              "vis",
                              [
                                {
                                  "t": "a diamond, {it}my eye!{/it} That's glass"
                                }
                              ]
                            ]
                          ]
                        ]
                      ]
                    ]
                  }
                ]
              ]
            ]
          }
        ]
      },
      {
        "drp": "with an eye to",
        "vrs": [
          {
            "vl": "or less commonly",
            "va": "with an eye toward"
          }
        ],
        "def": [
          {
            "sseq": [
              [
                [
                  "sense",
                  {
                    "sn": "1",
                    "dt": [
                      [
                        "text",
                        "{bc}with awareness or contemplation of "
                      ],
                      [
                        "vis",
                        [
                          {
                            "t": "{it}with an eye to{/it} the future"
                          }
                        ]
                      ]
                    ]
                  }
                ]
              ],
              [
                [
                  "sense",
                  {
                    "sn": "2",
                    "dt": [
                      [
                        "text",
                        "{bc}with the object of "
                      ],
                      [
                        "vis",
                        [
                          {
                            "t": "built the house {it}with an eye to{/it} adding on later"
                          }
                        ]
                      ]
                    ]
                  }
                ]
              ]
            ]
          }
        ]
      }
    ],
    "art": {
      "artid": "eye",
      "capt": "eye 1a: {it}1{/it} optic nerve, {it}2{/it} blind spot, {it}3{/it} fovea, {it}4{/it} sclera, {it}5{/it} choroid, {it}6{/it} retina, {it}7{/it} ciliary body, {it}8{/it} posterior chamber, {it}9{/it} anterior chamber, {it}10{/it} cornea, {it}11{/it} lens, {it}12{/it} iris, {it}13{/it} suspensory ligament, {it}14{/it} conjunctiva, {it}15{/it} vitreous humor"
    },
    "et": [
      [
        "text",
        "Middle English, from Old English {it}\u0113age{/it}; akin to Old High German {it}ouga{/it} eye, Latin {it}oculus{/it}, Greek {it}\u014dps{/it} eye, face, Sanskrit {it}ak\u1e63i{/it} eye"
      ]
    ],
    "date": "before 12th century{ds||1|a|}",
    "shortdef": [
      "a specialized light-sensitive sensory structure of animals that in nearly all vertebrates, most arthropods, and some mollusks is the image-forming organ of sight; especially : the nearly spherical usually paired hollow organ of sight in vertebrates that is filled with a jellylike material, is lined with a photosensitive retina, and is lodged in a bony orbit in the skull",
      "all the visible structures within and surrounding the orbit and including eyelids, eyelashes, and eyebrows",
      "the faculty of seeing with eyes"
    ]
  },
  {
    "meta": {
      "id": "eye:2",
      "uuid": "4eeb8cdc-7dd5-4adb-b9e2-64bdd147ce55",
      "sort": "050313200",
      "src": "collegiate",
      "section": "alpha",
      "stems": [
        "eye",
        "eyed",
        "eyeing",
        "eyer",
        "eyers",
        "eyes",
        "eying"
      ],
      "offensive": false
    },
    "hom": 2,
    "hwi": {
      "hw": "eye"
    },
    "fl": "verb",
    "ins": [
      {
        "if": "eyed"
      },
      {
        "if": "eye*ing"
      },
      {
        "il": "or",
        "if": "ey*ing"
      }
    ],
    "def": [
      {
        "vd": "transitive verb",
        "sseq": [
          [
            [
              "pseq",
              [
                [
                  "sense",
                  {
                    "sn": "1 a (1)",
                    "dt": [
                      [
                        "text",
                        "{bc}to fix the eyes on {bc}look at "
                      ],
                      [
                        "vis",
                        [
                          {
                            "t": "they {it}eyed{/it} him suspiciously"
                          }
                        ]
                      ]
                    ]
                  }
                ],
                [
                  "sense",
                  {
                    "sn": "(2)",
                    "dt": [
                      [
                        "text",
                        "{bc}{sx|contemplate||}, {sx|consider||} "
                      ],
                      [
                        "vis",
                        [
                          {
                            "t": "{wi}eyeing{/wi} the choices"
                          }
                        ]
                      ]
                    ]
                  }
                ]
              ]
            ],
            [
              "sense",
              {
                "sn": "b",
                "dt": [
                  [
                    "text",
                    "{bc}to watch or study closely "
                  ],
                  [
                    "vis",
                    [
                      {
                        "t": "{wi}eyeing{/wi} changes in the stock market"
                      }
                    ]
                  ]
                ]
              }
            ]
          ],
          [
            [
              "sense",
              {
                "sn": "2",
                "dt": [
                  [
                    "text",
                    "{bc}to furnish with an eye"
                  ]
                ]
              }
            ]
          ]
        ]
      },
      {
        "vd": "intransitive verb",
        "sseq": [
          [
            [
              "sense",
              {
                "sls": [
                  "obsolete"
                ],
                "dt": [
                  [
                    "text",
                    "{bc}{sx|seem||}, {sx|look||}"
                  ]
                ]
              }
            ]
          ]
        ]
      }
    ],
    "uros": [
      {
        "ure": "ey*er",
        "prs": [
          {
            "mw": "\u02c8\u012b(-\u0259)r",
            "sound": {
              "audio": "eye00004",
              "ref": "c",
              "stat": "1"
            }
          }
        ],
        "fl": "noun"
      }
    ],
    "date": "15th century{ds|t|1|a|1}",
    "shortdef": [
      "to fix the eyes on : look at",
      "contemplate, consider",
      "to watch or study closely"
    ]
  },
  {
    "meta": {
      "id": "eyes only",
      "uuid": "91fef26b-2b01-4877-bad0-6fec4536a875",
      "sort": "050317200",
      "src": "collegiate",
      "section": "alpha",
      "stems": [
        "eyes only"
      ],
      "offensive": false
    },
    "hwi": {
      "hw": "eyes only"
    },
    "fl": "adjective",
    "def": [
      {
        "sseq": [
          [
            [
              "sense",
              {
                "dt": [
                  [
                    "text",
                    "{bc}to be read only by the person addressed"
                  ]
                ]
              }
            ]
          ]
        ]
      }
    ],
    "date": "1968",
    "shortdef": [
      "to be read only by the person addressed"
    ]
  },
  {
    "meta": {
      "id": "eyes are bigger than one's stomach",
      "uuid": "aa0e71ab-d5ea-4edd-8579-b9a2d001fc0a",
      "sort": "3005639000",
      "src": "ld",
      "section": "idioms",
      "stems": [
        "eyes are bigger than her stomach",
        "eyes are bigger than his stomach",
        "eyes are bigger than one's stomach",
        "eyes are bigger than their stomach"
      ],
      "offensive": false
    },
    "hwi": {
      "hw": "eyes are bigger than one's stomach"
    },
    "fl": "idiom",
    "def": [
      {
        "sseq": [
          [
            [
              "sense",
              {
                "dt": [
                  [
                    "uns",
                    [
                      [
                        [
                          "text",
                          "used to say that someone has taken more food than he or she can possibly eat "
                        ],
                        [
                          "vis",
                          [
                            {
                              "t": "I can't finish my meal\u2014I guess {it}my eyes were bigger than my stomach{/it}!"
                            }
                          ]
                        ]
                      ]
                    ]
                  ]
                ]
              }
            ]
          ]
        ]
      }
    ],
    "shortdef": [
      "\u2014used to say that someone has taken more food than he or she can possibly eat"
    ]
  },
  {
    "meta": {
      "id": "eyes are locked on",
      "uuid": "9d091aad-2895-4c6b-af8a-b8c0ba407b10",
      "sort": "3005640000",
      "src": "ld",
      "section": "idioms",
      "stems": [
        "eyes are locked on"
      ],
      "offensive": false
    },
    "hwi": {
      "hw": "eyes are locked on"
    },
    "fl": "idiom",
    "def": [
      {
        "sseq": [
          [
            [
              "sense",
              {
                "dt": [
                  [
                    "uns",
                    [
                      [
                        [
                          "text",
                          "used to say that someone is looking at someone or something and not looking at anything else "
                        ],
                        [
                          "vis",
                          [
                            {
                              "t": "His {it}eyes were locked on{/it} her as she walked across the room."
                            }
                          ]
                        ]
                      ]
                    ]
                  ]
                ]
              }
            ]
          ]
        ]
      }
    ],
    "shortdef": [
      "\u2014used to say that someone is looking at someone or something and not looking at anything else"
    ]
  },
  {
    "meta": {
      "id": "eyes light up",
      "uuid": "70494254-2344-461b-afca-aca258700fd4",
      "sort": "3005642000",
      "src": "ld",
      "section": "idioms",
      "stems": [
        "eyes light up"
      ],
      "offensive": false
    },
    "hwi": {
      "hw": "eyes light up"
    },
    "fl": "idiom",
    "def": [
      {
        "sseq": [
          [
            [
              "sense",
              {
                "dt": [
                  [
                    "uns",
                    [
                      [
                        [
                          "text",
                          "used to say that someone looks excited and happy "
                        ],
                        [
                          "vis",
                          [
                            {
                              "t": "Her {it}eyes lit up{/it} when he showed her the ring."
                            }
                          ]
                        ]
                      ]
                    ]
                  ]
                ]
              }
            ]
          ]
        ]
      }
    ],
    "shortdef": [
      "\u2014used to say that someone looks excited and happy"
    ]
  },
  {
    "meta": {
      "id": "eyes pop out of one's head",
      "uuid": "7d28304a-d839-465a-a487-6db03405c403",
      "sort": "3005644000",
      "src": "ld",
      "section": "idioms",
      "stems": [
        "eyes pop out of her head",
        "eyes pop out of his head",
        "eyes pop out of one's head",
        "eyes pop out of their head"
      ],
      "offensive": false
    },
    "hwi": {
      "hw": "eyes pop out of one's head"
    },
    "fl": "idiom",
    "def": [
      {
        "sseq": [
          [
            [
              "sense",
              {
                "dt": [
                  [
                    "uns",
                    [
                      [
                        [
                          "text",
                          "used to say that someone looks very surprised, amazed, shocked, etc. "
                        ],
                        [
                          "vis",
                          [
                            {
                              "t": "His {it}eyes were popping out of his head{/it} with astonishment when he saw how big it was!"
                            }
                          ]
                        ]
                      ]
                    ]
                  ]
                ]
              }
            ]
          ]
        ]
      }
    ],
    "shortdef": [
      "\u2014used to say that someone looks very surprised, amazed, shocked, etc."
    ]
  },
  {
    "meta": {
      "id": "eyes rove",
      "uuid": "7d8f53f4-60b0-4b36-b2b6-ff0b8987c29a",
      "sort": "3005645000",
      "src": "ld",
      "section": "idioms",
      "stems": [
        "eyes rove"
      ],
      "offensive": false
    },
    "hwi": {
      "hw": "eyes rove"
    },
    "fl": "idiom",
    "def": [
      {
        "sls": [
          "literary"
        ],
        "sseq": [
          [
            [
              "sense",
              {
                "dt": [
                  [
                    "uns",
                    [
                      [
                        [
                          "text",
                          "used to say that a person is looking all around a place for something "
                        ],
                        [
                          "vis",
                          [
                            {
                              "t": "His {it}eyes roved{/it} the room in search of her."
                            }
                          ]
                        ]
                      ]
                    ]
                  ]
                ]
              }
            ]
          ]
        ]
      }
    ],
    "shortdef": [
      "\u2014used to say that a person is looking all around a place for something"
    ]
  },
  {
    "meta": {
      "id": "baby blue eyes",
      "uuid": "daed2f0d-12fa-4cd0-be91-707c2e92dfd6",
      "sort": "020003200",
      "src": "collegiate",
      "section": "alpha",
      "stems": [
        "baby blue eyes"
      ],
      "offensive": false
    },
    "hwi": {
      "hw": "baby blue eyes"
    },
    "fl": "noun",
    "ins": [
      {
        "il": "plural in form but singular or plural in construction"
      }
    ],
    "def": [
      {
        "sseq": [
          [
            [
              "sense",
              {
                "dt": [
                  [
                    "text",
                    "{bc}a delicate blue-flowered California herb ({it}Nemophila menziesii{/it}) of the waterleaf family"
                  ]
                ]
              }
            ]
          ]
        ]
      }
    ],
    "date": "1887",
    "shortdef": [
      "a delicate blue-flowered California herb (Nemophila menziesii) of the waterleaf family"
    ]
  },
  {
    "meta": {
      "id": "a feast for the eyes",
      "uuid": "dd4408f8-9555-4011-8f64-4461fa262dd7",
      "sort": "3000188000",
      "src": "ld",
      "section": "idioms",
      "stems": [
        "a feast for the eyes"
      ],
      "offensive": false
    },
    "hwi": {
      "hw": "a feast for the eyes"
    },
    "fl": "idiom",
    "def": [
      {
        "sseq": [
          [
            [
              "sense",
              {
                "dt": [
                  [
                    "text",
                    "{bc}very beautiful "
                  ],
                  [
                    "vis",
                    [
                      {
                        "t": "The garden is {it}a feast for the eyes{/it}."
                      }
                    ]
                  ]
                ]
              }
            ]
          ]
        ]
      }
    ],
    "shortdef": [
      "very beautiful"
    ]
  }
]