[
  {
    "meta": {
      "id": "feedback",
      "uuid": "72577b23-afdb-41df-b63a-bf9ff268d7c7",
      "sort": "060712000",
      "src": "collegiate",
      "section": "alpha",
      "stems": [
        "feedback",
        "feedbacks"
      ],
      "offensive": false
    },
    "hwi": {
      "hw": "feed*back",
      "prs": [
        {
          "mw": "\u02c8f\u0113d-\u02ccbak",
          "sound": {
            "audio": "feedba01",
            "ref": "c",
            "stat": "1"
          }
        }
      ]
    },
    "fl": "noun",
    "def": [
      {
        "sseq": [
          [
            [
              "sense",
              {
                "sn": "1 a",
                "dt": [
                  [
                    "text",
                    "{bc}the transmission of evaluative or corrective information about an action, event, or process to the original or controlling source"
                  ]
                ],
                "sdsense": {
                  "sd": "also",
                  "dt": [
                    [
                      "text",
                      "{bc}the information so transmitted"
                    ]
                  ]
                }
              }
            ],
            [
              "sense",
              {
                "sn": "b",
                "dt": [
                  [
                    "text",
                    "{bc}the partial reversion {dx_def}see {dxt|reversion||3a}{/dx_def} of the effects of a process to its source or to a preceding stage"
                  ]
                ]
              }
            ]
          ],
          [
            [
              "sense",
              {
                "sn": "2",
                "dt": [
                  [
                    "text",
                    "{bc}the return to the input of a part of the output of a machine, system, or process (as for producing changes in an electronic circuit that improve performance or in an automatic control device that provide self-corrective action)"
                  ]
                ]
              }
            ]
          ],
          [
            [
              "sense",
              {
                "sn": "3",
                "dt": [
                  [
                    "text",
                    "{bc}a rumbling, whining, or whistling sound resulting from an amplified or broadcast signal (such as music or speech) that has been returned as input and retransmitted"
                  ]
                ]
              }
            ]
          ]
        ]
      }
    ],
    "date": "1919{ds||2||}",
    "shortdef": [
      "the transmission of evaluative or corrective information about an action, event, or process to the original or controlling source; also : the information so transmitted",
      "the partial reversion of the effects of a process to its source or to a preceding stage",
      "the return to the input of a part of the output of a machine, system, or process (as for producing changes in an electronic circuit that improve performance or in an automatic control device that provide self-corrective action)"
    ]
  },
  {
    "meta": {
      "id": "feedback inhibition",
      "uuid": "e882ecff-2e66-4033-a934-f6e000b5fddd",
      "sort": "060713000",
      "src": "collegiate",
      "section": "alpha",
      "stems": [
        "feedback inhibition",
        "feedback inhibitions"
      ],
      "offensive": false
    },
    "hwi": {
      "hw": "feedback inhibition"
    },
    "fl": "noun",
    "def": [
      {
        "sseq": [
          [
            [
              "sense",
              {
                "dt": [
                  [
                    "text",
                    "{bc}inhibition of an enzyme controlling an early stage of a series of biochemical reactions by the end product when it reaches a critical concentration"
                  ]
                ]
              }
            ]
          ]
        ]
      }
    ],
    "date": "1960",
    "shortdef": [
      "inhibition of an enzyme controlling an early stage of a series of biochemical reactions by the end product when it reaches a critical concentration"
    ]
  },
  {
    "meta": {
      "id": "negative feedback",
      "uuid": "f218fc10-39e7-4216-a605-4da51a62e776",
      "sort": "140435000",
      "src": "collegiate",
      "section": "alpha",
      "stems": [
        "negative feedback",
        "negative feedbacks"
      ],
      "offensive": false
    },
    "hwi": {
      "hw": "negative feedback"
    },
    "fl": "noun",
    "def": [
      {
        "sseq": [
          [
            [
              "sense",
              {
                "dt": [
                  [
                    "text",
                    "{bc}feedback that tends to dampen a process by applying the output against the initial conditions"
                  ]
                ]
              }
            ]
          ]
        ]
      }
    ],
    "date": "1934",
    "shortdef": [
      "feedback that tends to dampen a process by applying the output against the initial conditions"
    ]
  },
  {
    "meta": {
      "id": "positive feedback",
      "uuid": "69b6b5fc-6194-46ad-9781-29d45788e2c6",
      "sort": "166044000",
      "src": "collegiate",
      "section": "alpha",
      "stems": [
        "positive feedback",
        "positive feedbacks"
      ],
      "offensive": false
    },
    "hwi": {
      "hw": "positive feedback"
    },
    "fl": "noun",
    "def": [
      {
        "sseq": [
          [
            [
              "sense",
              {
                "dt": [
                  [
                    "text",
                    "{bc}feedback that tends to magnify a process or increase its output"
                  ]
                ]
              }
            ]
          ]
        ]
      }
    ],
    "date": "1934",
    "shortdef": [
      "feedback that tends to magnify a process or increase its output"
    ]
  }
]