[
  {
    "meta": {
      "id": "fish:1",
      "uuid": "6f477dec-99b8-46c0-9429-0a9f2ebe7245",
      "sort": "061520000",
      "src": "collegiate",
      "section": "alpha",
      "stems": [
        "Fish",
        "Fishes",
        "a fish out of water",
        "bigger fish to fry",
        "fish",
        "fish out of water",
        "fish to fry",
        "fishes",
        "fishes out of water",
        "fishes to fry",
        "fishless",
        "fishlike",
        "neither fish nor fowl",
        "other fish to fry"
      ],
      "offensive": false
    },
    "hom": 1,
    "hwi": {
      "hw": "fish",
      "prs": [
        {
          "mw": "\u02c8fish",
          "sound": {
            "audio": "fish0001",
            "ref": "c",
            "stat": "1"
          }
        }
      ]
    },
    "fl": "noun",
    "ins": [
      {
        "il": "plural",
        "if": "fish"
      },
      {
        "il": "or",
        "if": "fish*es"
      }
    ],
    "lbs": [
      "often attributive"
    ],
    "def": [
      {
        "sseq": [
          [
            [
              "sense",
              {
                "sn": "1 a",
                "dt": [
                  [
                    "text",
                    "{bc}an aquatic animal "
                  ],
                  [
                    "uns",
                    [
                      [
                        [
                          "text",
                          "usually used in combination "
                        ],
                        [
                          "vis",
                          [
                            {
                              "t": "star{it}fish{/it}"
                            },
                            {
                              "t": "cuttle{it}fish{/it}"
                            }
                          ]
                        ]
                      ]
                    ]
                  ]
                ]
              }
            ],
            [
              "sense",
              {
                "sn": "b",
                "dt": [
                  [
                    "text",
                    "{bc}any of numerous cold-blooded strictly aquatic {d_link|craniate|craniate} vertebrates that include the bony fishes and usually the {d_link|cartilaginous|cartilaginous fish} and jawless fishes and that have typically an elongated somewhat spindle-shaped body terminating in a broad caudal {dx_def}see {dxt|caudal||2}{/dx_def} fin, limbs in the form of fins when present at all, and a 2-chambered heart by which blood is sent through {d_link|thoracic|thoracic} gills to be oxygenated "
                  ],
                  [
                    "vis",
                    [
                      {
                        "t": "freshwater {wi}fish{/wi}"
                      },
                      {
                        "t": "tropical {wi}fish{/wi}"
                      }
                    ]
                  ]
                ]
              }
            ]
          ],
          [
            [
              "sense",
              {
                "sn": "2",
                "dt": [
                  [
                    "text",
                    "{bc}the flesh of fish used as food "
                  ],
                  [
                    "vis",
                    [
                      {
                        "t": "We're having {wi}fish{/wi} for dinner."
                      }
                    ]
                  ]
                ]
              }
            ]
          ],
          [
            [
              "sense",
              {
                "sn": "3 a",
                "dt": [
                  [
                    "text",
                    "{bc}a person who is caught or is wanted (as in a criminal investigation)"
                  ]
                ]
              }
            ],
            [
              "sense",
              {
                "sn": "b",
                "dt": [
                  [
                    "text",
                    "{bc}{sx|fellow||}, {sx|person||} "
                  ],
                  [
                    "vis",
                    [
                      {
                        "t": "an odd {wi}fish{/wi}"
                      }
                    ]
                  ]
                ]
              }
            ],
            [
              "sense",
              {
                "sn": "c",
                "dt": [
                  [
                    "text",
                    "{bc}{sx|sucker||5a} "
                  ],
                  [
                    "vis",
                    [
                      {
                        "t": "felt sorry for the poor {wi}fish{/wi}"
                      }
                    ]
                  ]
                ]
              }
            ]
          ],
          [
            [
              "bs",
              {
                "sense": {
                  "sn": "4",
                  "dt": [
                    [
                      "text",
                      "{bc}something that resembles a fish: such as"
                    ]
                  ]
                }
              }
            ],
            [
              "sense",
              {
                "sn": "a",
                "ins": [
                  {
                    "if": "Fish"
                  },
                  {
                    "il": "or",
                    "if": "Fishes",
                    "spl": "plural"
                  }
                ],
                "dt": [
                  [
                    "text",
                    "{bc}{sx|pisces||1}"
                  ]
                ],
                "sdsense": {
                  "sd": "also",
                  "dt": [
                    [
                      "text",
                      "{bc}{sx|pisces||2a}"
                    ]
                  ]
                }
              }
            ],
            [
              "sense",
              {
                "sn": "b",
                "dt": [
                  [
                    "text",
                    "{bc}{sx|torpedo||1b} "
                  ],
                  [
                    "vis",
                    [
                      {
                        "t": "The submarine's {wi}fish{/wi} hit the freighter."
                      }
                    ]
                  ]
                ]
              }
            ]
          ]
        ]
      }
    ],
    "uros": [
      {
        "ure": "fish*less",
        "prs": [
          {
            "mw": "\u02c8fish-l\u0259s",
            "sound": {
              "audio": "fish0002",
              "ref": "c",
              "stat": "1"
            }
          }
        ],
        "fl": "adjective"
      },
      {
        "ure": "fish*like",
        "prs": [
          {
            "mw": "\u02c8fish-\u02ccl\u012bk",
            "sound": {
              "audio": "fish0003",
              "ref": "c",
              "stat": "1"
            }
          }
        ],
        "fl": "adjective"
      }
    ],
    "dros": [
      {
        "drp": "fish out of water",
        "def": [
          {
            "sseq": [
              [
                [
                  "sense",
                  {
                    "dt": [
                      [
                        "text",
                        "{bc}a person who is in an unnatural or uncomfortable sphere or situation "
                      ],
                      [
                        "vis",
                        [
                          {
                            "t": "The country boy felt like a {it}fish out of water{/it} in the big city."
                          }
                        ]
                      ]
                    ]
                  }
                ]
              ]
            ]
          }
        ]
      },
      {
        "drp": "fish to fry",
        "def": [
          {
            "sseq": [
              [
                [
                  "sense",
                  {
                    "dt": [
                      [
                        "text",
                        "{bc}concerns or interests to pursue "
                      ],
                      [
                        "uns",
                        [
                          [
                            [
                              "text",
                              "usually used with {it}other{/it} "
                            ],
                            [
                              "vis",
                              [
                                {
                                  "t": "can't deal with that problem now; we've got other {it}fish to fry{/it} right now"
                                }
                              ]
                            ]
                          ]
                        ]
                      ]
                    ]
                  }
                ]
              ]
            ]
          }
        ]
      },
      {
        "drp": "neither fish nor fowl",
        "def": [
          {
            "sseq": [
              [
                [
                  "sense",
                  {
                    "dt": [
                      [
                        "text",
                        "{bc}one that does not belong to a particular class or category "
                      ],
                      [
                        "vis",
                        [
                          {
                            "t": "The movie is {it}neither fish nor fowl{/it}\u2014it's not really a comedy, but it's too light-hearted to be called a drama."
                          }
                        ]
                      ]
                    ]
                  }
                ]
              ]
            ]
          }
        ]
      }
    ],
    "art": {
      "artid": "fish",
      "capt": "fish 1b: {it}1{/it} mandible, {it}2{/it} nasal opening, {it}3{/it} eye, {it}4{/it} cheek, {it}5{/it} operculum, {it}6{/it} dorsal fins, {it}7{/it} lateral line, {it}8{/it} caudal fin, {it}9{/it} scales, {it}10{/it} anal fin, {it}11{/it} anus, {it}12{/it} pectoral fin, {it}13{/it} pelvic fin, {it}14{/it} maxilla, {it}15{/it} premaxilla, {it}16{/it} upper jaw"
    },
    "et": [
      [
        "text",
        "Middle English, from Old English {it}fisc{/it}; akin to Old High German {it}fisc{/it} fish, Latin {it}piscis{/it}"
      ]
    ],
    "date": "before 12th century{ds||1|a|}",
    "shortdef": [
      "an aquatic animal \u2014usually used in combination",
      "any of numerous cold-blooded strictly aquatic craniate vertebrates that include the bony fishes and usually the cartilaginous and jawless fishes and that have typically an elongated somewhat spindle-shaped body terminating in a broad caudal fin, limbs in the form of fins when present at all, and a 2-chambered heart by which blood is sent through thoracic gills to be oxygenated",
      "the flesh of fish used as food"
    ]
  },
  {
    "meta": {
      "id": "fish:2",
      "uuid": "0ea926b0-f12e-4182-9c87-1f145a73f4b3",
      "sort": "061521000",
      "src": "collegiate",
      "section": "alpha",
      "stems": [
        "fish",
        "fish or cut bait",
        "fishabilities",
        "fishability",
        "fishable",
        "fished",
        "fishes",
        "fishing"
      ],
      "offensive": false
    },
    "hom": 2,
    "hwi": {
      "hw": "fish"
    },
    "fl": "verb",
    "ins": [
      {
        "if": "fished"
      },
      {
        "if": "fish*ing"
      },
      {
        "if": "fish*es"
      }
    ],
    "def": [
      {
        "vd": "intransitive verb",
        "sseq": [
          [
            [
              "sense",
              {
                "sn": "1",
                "dt": [
                  [
                    "text",
                    "{bc}to attempt to catch fish"
                  ]
                ]
              }
            ]
          ],
          [
            [
              "sense",
              {
                "sn": "2",
                "dt": [
                  [
                    "text",
                    "{bc}to seek something by roundabout means "
                  ],
                  [
                    "vis",
                    [
                      {
                        "t": "{wi}fishing{/wi} for a compliment"
                      }
                    ]
                  ]
                ]
              }
            ]
          ],
          [
            [
              "sense",
              {
                "sn": "3 a",
                "dt": [
                  [
                    "text",
                    "{bc}to search for something underwater "
                  ],
                  [
                    "vis",
                    [
                      {
                        "t": "{wi}fish{/wi} for pearls"
                      }
                    ]
                  ]
                ]
              }
            ],
            [
              "sense",
              {
                "sn": "b",
                "dt": [
                  [
                    "text",
                    "{bc}to engage in a search by groping or feeling "
                  ],
                  [
                    "vis",
                    [
                      {
                        "t": "{wi}fishing{/wi} around in her purse for her keys"
                      }
                    ]
                  ]
                ]
              }
            ]
          ]
        ]
      },
      {
        "vd": "transitive verb",
        "sseq": [
          [
            [
              "sense",
              {
                "sn": "1 a",
                "dt": [
                  [
                    "text",
                    "{bc}to try to catch fish in"
                  ]
                ]
              }
            ],
            [
              "sense",
              {
                "sn": "b",
                "dt": [
                  [
                    "text",
                    "{bc}to fish with {bc}use (something, such as a boat, a net, or bait) in {a_link|fishing}"
                  ]
                ]
              }
            ]
          ],
          [
            [
              "sense",
              {
                "sn": "2 a",
                "dt": [
                  [
                    "text",
                    "{bc}to go fishing for "
                  ],
                  [
                    "vis",
                    [
                      {
                        "t": "{wi}fish{/wi} salmon"
                      }
                    ]
                  ]
                ]
              }
            ],
            [
              "sense",
              {
                "sn": "b",
                "dt": [
                  [
                    "text",
                    "{bc}to pull or draw as if fishing "
                  ],
                  [
                    "vis",
                    [
                      {
                        "t": "{wi}fished{/wi} the ball from under the car"
                      },
                      {
                        "t": "{wi}fish{/wi} wires through a conduit"
                      }
                    ]
                  ]
                ]
              }
            ]
          ]
        ]
      }
    ],
    "uros": [
      {
        "ure": "fish*abil*i*ty",
        "prs": [
          {
            "mw": "\u02ccfi-sh\u0259-\u02c8bi-l\u0259-t\u0113",
            "sound": {
              "audio": "fish0004",
              "ref": "c",
              "stat": "1"
            }
          }
        ],
        "fl": "noun"
      },
      {
        "ure": "fish*able",
        "prs": [
          {
            "mw": "\u02c8fi-sh\u0259-b\u0259l",
            "sound": {
              "audio": "fish0005",
              "ref": "c",
              "stat": "1"
            }
          }
        ],
        "fl": "adjective"
      }
    ],
    "dros": [
      {
        "drp": "fish or cut bait",
        "def": [
          {
            "sseq": [
              [
                [
                  "sense",
                  {
                    "dt": [
                      [
                        "text",
                        "{bc}to make a choice between alternatives"
                      ]
                    ]
                  }
                ]
              ]
            ]
          }
        ]
      }
    ],
    "et": [
      [
        "text",
        "{dx_ety}see {dxt|fish:1||}{/dx_ety}"
      ]
    ],
    "date": "before 12th century{ds|i|1||}",
    "shortdef": [
      "to attempt to catch fish",
      "to seek something by roundabout means",
      "to search for something underwater"
    ]
  },
  {
    "meta": {
      "id": "Fish:b",
      "uuid": "d9f2494b-e677-4b32-9bd4-271b308bee41",
      "sort": "301974000",
      "src": "collegiate",
      "section": "biog",
      "stems": [
        "Fish",
        "Hamilton Fish"
      ],
      "offensive": false
    },
    "hwi": {
      "hw": "Fish",
      "prs": [
        {
          "mw": "\u02c8fish",
          "sound": {
            "audio": "bixfis03",
            "ref": "c",
            "stat": "1"
          }
        }
      ]
    },
    "fl": "biographical name",
    "def": [
      {
        "sseq": [
          [
            [
              "sense",
              {
                "dt": [
                  [
                    "text",
                    "Hamilton 1808\u20131893 American statesman"
                  ]
                ]
              }
            ]
          ]
        ]
      }
    ],
    "shortdef": [
      "Hamilton 1808\u20141893 American statesman"
    ]
  },
  {
    "meta": {
      "id": "fish-and-chips",
      "uuid": "e3b1d03b-c381-46d9-9efb-b50508355f2f",
      "sort": "061522000",
      "src": "collegiate",
      "section": "alpha",
      "stems": [
        "fish-and-chips"
      ],
      "offensive": false
    },
    "hwi": {
      "hw": "fish-and-chips",
      "prs": [
        {
          "mw": "\u02ccfi-sh\u1d4an-\u02c8chips",
          "sound": {
            "audio": "fish_a01",
            "ref": "c",
            "stat": "1"
          }
        }
      ]
    },
    "fl": "plural noun",
    "def": [
      {
        "sseq": [
          [
            [
              "sense",
              {
                "dt": [
                  [
                    "text",
                    "{bc}fried fish and french fried potatoes"
                  ]
                ]
              }
            ]
          ]
        ]
      }
    ],
    "date": "1876",
    "shortdef": [
      "fried fish and french fried potatoes"
    ]
  },
  {
    "meta": {
      "id": "fish cake",
      "uuid": "26fb72fc-4f6c-4c03-b4c2-fef2ff12411f",
      "sort": "061524000",
      "src": "collegiate",
      "section": "alpha",
      "stems": [
        "fish cake",
        "fish cakes"
      ],
      "offensive": false
    },
    "hwi": {
      "hw": "fish cake"
    },
    "fl": "noun",
    "def": [
      {
        "sseq": [
          [
            [
              "sense",
              {
                "dt": [
                  [
                    "text",
                    "{bc}a round fried cake made of shredded fish and mashed potato"
                  ]
                ]
              }
            ]
          ]
        ]
      }
    ],
    "date": "1854",
    "shortdef": [
      "a round fried cake made of shredded fish and mashed potato"
    ]
  },
  {
    "meta": {
      "id": "fish duck",
      "uuid": "42053477-edbb-4def-a555-a795d97bbc52",
      "sort": "061525000",
      "src": "collegiate",
      "section": "alpha",
      "stems": [
        "fish duck",
        "fish ducks"
      ],
      "offensive": false
    },
    "hwi": {
      "hw": "fish duck"
    },
    "fl": "noun",
    "def": [
      {
        "sseq": [
          [
            [
              "sense",
              {
                "dt": [
                  [
                    "text",
                    "{bc}{sx|merganser||}"
                  ]
                ]
              }
            ]
          ]
        ]
      }
    ],
    "date": "1858",
    "shortdef": [
      "merganser"
    ]
  },
  {
    "meta": {
      "id": "fish-eye",
      "uuid": "770a1a7b-ae7f-4110-9957-19eeb8269c3e",
      "sort": "061532000",
      "src": "collegiate",
      "section": "alpha",
      "stems": [
        "fish-eye"
      ],
      "offensive": false
    },
    "hwi": {
      "hw": "fish-eye",
      "prs": [
        {
          "mw": "\u02c8fish-\u02cc\u012b",
          "sound": {
            "audio": "fish_e01",
            "ref": "c",
            "stat": "1"
          }
        }
      ]
    },
    "fl": "adjective",
    "def": [
      {
        "sseq": [
          [
            [
              "sense",
              {
                "dt": [
                  [
                    "text",
                    "{bc}being, having, or produced by a wide-angle photographic lens that has a highly curved protruding front, that covers an angle of about 180 degrees, and that gives a circular image"
                  ]
                ]
              }
            ]
          ]
        ]
      }
    ],
    "date": "1943",
    "shortdef": [
      "being, having, or produced by a wide-angle photographic lens that has a highly curved protruding front, that covers an angle of about 180 degrees, and that gives a circular image"
    ]
  },
  {
    "meta": {
      "id": "fish farm",
      "uuid": "f32be4c2-5877-48f8-8777-165aec2c15d7",
      "sort": "061533000",
      "src": "collegiate",
      "section": "alpha",
      "stems": [
        "fish farm",
        "fish farms",
        "fish-farm",
        "fish-farmed",
        "fish-farming",
        "fish-farms"
      ],
      "offensive": false
    },
    "hwi": {
      "hw": "fish farm"
    },
    "fl": "noun",
    "def": [
      {
        "sseq": [
          [
            [
              "sense",
              {
                "dt": [
                  [
                    "text",
                    "{bc}a commercial facility for raising aquatic animals for human food"
                  ]
                ]
              }
            ]
          ]
        ]
      }
    ],
    "uros": [
      {
        "ure": "fish-farm",
        "prs": [
          {
            "mw": "\u02c8fish-\u02ccf\u00e4rm",
            "sound": {
              "audio": "fish_e02",
              "ref": "c",
              "stat": "1"
            }
          }
        ],
        "fl": "transitive verb"
      }
    ],
    "date": "1865",
    "shortdef": [
      "a commercial facility for raising aquatic animals for human food"
    ]
  },
  {
    "meta": {
      "id": "fish finger",
      "uuid": "4645ea85-66c0-48d8-8ca0-e15c41516b5e",
      "sort": "061534000",
      "src": "collegiate",
      "section": "alpha",
      "stems": [
        "fish finger"
      ],
      "offensive": false
    },
    "hwi": {
      "hw": "fish finger"
    },
    "fl": "noun",
    "def": [
      {
        "sls": [
          "British"
        ],
        "sseq": [
          [
            [
              "sense",
              {
                "dt": [
                  [
                    "text",
                    "{bc}{sx|fish stick||}"
                  ]
                ]
              }
            ]
          ]
        ]
      }
    ],
    "date": "1962",
    "shortdef": [
      "fish stick"
    ]
  },
  {
    "meta": {
      "id": "fish fry",
      "uuid": "9e666e0e-15c2-424d-b84e-20594092de61",
      "sort": "061535000",
      "src": "collegiate",
      "section": "alpha",
      "stems": [
        "fish fries",
        "fish fry"
      ],
      "offensive": false
    },
    "hwi": {
      "hw": "fish fry"
    },
    "fl": "noun",
    "def": [
      {
        "sseq": [
          [
            [
              "sense",
              {
                "sn": "1",
                "dt": [
                  [
                    "text",
                    "{bc}a picnic or supper featuring fried fish"
                  ]
                ]
              }
            ]
          ],
          [
            [
              "sense",
              {
                "sn": "2",
                "dt": [
                  [
                    "text",
                    "{bc}fried fish"
                  ]
                ]
              }
            ]
          ]
        ]
      }
    ],
    "date": "1824{ds||1||}",
    "shortdef": [
      "a picnic or supper featuring fried fish",
      "fried fish"
    ]
  }
]