[
  {
    "meta": {
      "id": "fluid:1",
      "uuid": "0d70cb50-8fca-4f72-a2ee-18c631e473b2",
      "sort": "062102000",
      "src": "collegiate",
      "section": "alpha",
      "stems": [
        "fluid",
        "fluidly",
        "fluidness",
        "fluidnesses"
      ],
      "offensive": false
    },
    "hom": 1,
    "hwi": {
      "hw": "flu*id",
      "prs": [
        {
          "mw": "\u02c8fl\u00fc-\u0259d",
          "sound": {
            "audio": "fluid001",
            "ref": "c",
            "stat": "1"
          }
        }
      ]
    },
    "fl": "adjective",
    "def": [
      {
        "sseq": [
          [
            [
              "sense",
              {
                "sn": "1 a",
                "dt": [
                  [
                    "text",
                    "{bc}having particles that easily move and change their relative position without a separation of the mass and that easily yield to pressure {bc}capable of flowing "
                  ],
                  [
                    "vis",
                    [
                      {
                        "t": "a long screw that forces the {wi}fluid{/wi} chocolate through fine openings",
                        "aq": {
                          "source": "{it}Technical Survey{/it}"
                        }
                      }
                    ]
                  ]
                ]
              }
            ],
            [
              "sense",
              {
                "sn": "b",
                "dt": [
                  [
                    "text",
                    "{bc}subject to change or movement "
                  ],
                  [
                    "vis",
                    [
                      {
                        "t": "boundaries became {wi}fluid{/wi}"
                      }
                    ]
                  ]
                ]
              }
            ]
          ],
          [
            [
              "sense",
              {
                "sn": "2",
                "dt": [
                  [
                    "text",
                    "{bc}characterized by or employing a smooth easy style "
                  ],
                  [
                    "vis",
                    [
                      {
                        "t": "the ballerina's {wi}fluid{/wi} movements"
                      },
                      {
                        "t": "{wi}fluid{/wi} recitation of his lines"
                      }
                    ]
                  ]
                ]
              }
            ]
          ],
          [
            [
              "sense",
              {
                "sn": "3 a",
                "dt": [
                  [
                    "text",
                    "{bc}available for various uses "
                  ],
                  [
                    "vis",
                    [
                      {
                        "t": "a {wi}fluid{/wi} computer program"
                      }
                    ]
                  ]
                ]
              }
            ],
            [
              "sense",
              {
                "sn": "b",
                "dt": [
                  [
                    "text",
                    "{bc}{sx|liquid||4} "
                  ],
                  [
                    "vis",
                    [
                      {
                        "t": "{wi}fluid{/wi} assets"
                      }
                    ]
                  ]
                ]
              }
            ]
          ]
        ]
      }
    ],
    "uros": [
      {
        "ure": "flu*id*ly",
        "fl": "adverb"
      },
      {
        "ure": "flu*id*ness",
        "fl": "noun"
      }
    ],
    "et": [
      [
        "text",
        "French or Latin; French {it}fluide{/it}, from Latin {it}fluidus{/it}, from {it}fluere{/it} to flow; akin to Greek {it}phlyzein{/it} to boil over"
      ]
    ],
    "date": "1603{ds||1|a|}",
    "shortdef": [
      "having particles that easily move and change their relative position without a separation of the mass and that easily yield to pressure : capable of flowing",
      "subject to change or movement",
      "characterized by or employing a smooth easy style"
    ]
  },
  {
    "meta": {
      "id": "fluid:2",
      "uuid": "ca6fd98a-3a94-4442-b853-4624c0f10120",
      "sort": "062103000",
      "src": "collegiate",
      "section": "alpha",
      "stems": [
        "fluid",
        "fluidal",
        "fluidally",
        "fluidlike",
        "fluids"
      ],
      "offensive": false
    },
    "hom": 2,
    "hwi": {
      "hw": "fluid"
    },
    "fl": "noun",
    "def": [
      {
        "sseq": [
          [
            [
              "sense",
              {
                "dt": [
                  [
                    "text",
                    "{bc}a substance (such as a liquid or gas) tending to flow or conform to the outline of its container"
                  ]
                ]
              }
            ]
          ]
        ]
      }
    ],
    "uros": [
      {
        "ure": "flu*id*al",
        "prs": [
          {
            "mw": "\u02c8fl\u00fc-\u0259-d\u1d4al",
            "sound": {
              "audio": "fluid002",
              "ref": "c",
              "stat": "1"
            }
          }
        ],
        "fl": "adjective"
      },
      {
        "ure": "flu*id*al*ly",
        "prs": [
          {
            "mw": "\u02c8fl\u00fc-\u0259-d\u1d4al-\u0113",
            "sound": {
              "audio": "fluid003",
              "ref": "c",
              "stat": "1"
            }
          }
        ],
        "fl": "adverb"
      },
      {
        "ure": "flu*id*like",
        "prs": [
          {
            "mw": "\u02c8fl\u00fc-\u0259-d\u1d4al-\u02ccl\u012bk",
            "sound": {
              "audio": "fluid01v",
              "ref": "c",
              "stat": "1"
            }
          }
        ],
        "fl": "adjective"
      }
    ],
    "et": [
      [
        "text",
        "{dx_ety}see {dxt|fluid:1||}{/dx_ety}"
      ]
    ],
    "date": "1661",
    "shortdef": [
      "a substance (such as a liquid or gas) tending to flow or conform to the outline of its container"
    ]
  },
  {
    "meta": {
      "id": "fluid dram",
      "uuid": "a2bfc040-0dab-4925-8838-9b69f9012862",
      "sort": "062104000",
      "src": "collegiate",
      "section": "alpha",
      "stems": [
        "fluid dram",
        "fluid drams",
        "fluidram",
        "fluidrams"
      ],
      "offensive": false
    },
    "hwi": {
      "hw": "fluid dram",
      "prs": [
        {
          "mw": "\u02ccfl\u00fc-\u0259(d)-\u02c8dram",
          "sound": {
            "audio": "fluid_01",
            "ref": "c",
            "stat": "1"
          }
        }
      ]
    },
    "vrs": [
      {
        "vl": "or",
        "va": "flu*i*dram",
        "prs": [
          {
            "mw": "\u02c8fl\u00fc-\u0259(-)\u02ccdram",
            "sound": {
              "audio": "fluid02m",
              "ref": "c",
              "stat": "1"
            }
          }
        ]
      }
    ],
    "fl": "noun",
    "def": [
      {
        "sseq": [
          [
            [
              "sense",
              {
                "dt": [
                  [
                    "text",
                    "{bc}a unit of liquid capacity equal to \u00b9/\u2088 fluid ounce {dx}see {dxt|Weights and Measures Table|weight|table}{/dx}"
                  ]
                ]
              }
            ]
          ]
        ]
      }
    ],
    "date": "circa 1860",
    "shortdef": [
      "a unit of liquid capacity equal to 1/8 fluid ounce"
    ]
  },
  {
    "meta": {
      "id": "fluid mechanics",
      "uuid": "09e92915-6130-46fc-a367-d04353c912d5",
      "sort": "062110000",
      "src": "collegiate",
      "section": "alpha",
      "stems": [
        "fluid mechanics"
      ],
      "offensive": false
    },
    "hwi": {
      "hw": "fluid mechanics"
    },
    "fl": "noun",
    "ins": [
      {
        "il": "plural in form but singular or plural in construction"
      }
    ],
    "def": [
      {
        "sseq": [
          [
            [
              "sense",
              {
                "dt": [
                  [
                    "text",
                    "{bc}a branch of mechanics dealing with the properties of liquids and gases"
                  ]
                ]
              }
            ]
          ]
        ]
      }
    ],
    "date": "1937",
    "shortdef": [
      "a branch of mechanics dealing with the properties of liquids and gases"
    ]
  },
  {
    "meta": {
      "id": "fluid ounce",
      "uuid": "22b66974-9516-4cec-b26a-c51e59943d8e",
      "sort": "062111000",
      "src": "collegiate",
      "section": "alpha",
      "stems": [
        "fluid ounce"
      ],
      "offensive": false
    },
    "hwi": {
      "hw": "fluid ounce"
    },
    "fl": "noun",
    "def": [
      {
        "sseq": [
          [
            [
              "sense",
              {
                "sn": "1",
                "dt": [
                  [
                    "text",
                    "{bc}a U.S. unit of liquid capacity equal to \u00b9/\u2081\u2086 pint {dx}see {dxt|Weights and Measures Table|weight|table}{/dx}"
                  ]
                ]
              }
            ]
          ],
          [
            [
              "sense",
              {
                "sn": "2",
                "dt": [
                  [
                    "text",
                    "{bc}a British unit of liquid capacity equal to \u00b9/\u2082\u2080 pint {dx}see {dxt|Weights and Measures Table|weight|table}{/dx}"
                  ]
                ]
              }
            ]
          ]
        ]
      }
    ],
    "date": "1811{ds||1||}",
    "shortdef": [
      "a U.S. unit of liquid capacity equal to 1/16 pint",
      "a British unit of liquid capacity equal to 1/2\u2080 pint"
    ]
  },
  {
    "meta": {
      "id": "amniotic fluid",
      "uuid": "490b9e17-3772-46c8-b840-ac084f062e9f",
      "sort": "012402000",
      "src": "collegiate",
      "section": "alpha",
      "stems": [
        "amniotic fluid",
        "amniotic fluids"
      ],
      "offensive": false
    },
    "hwi": {
      "hw": "amniotic fluid"
    },
    "fl": "noun",
    "def": [
      {
        "sseq": [
          [
            [
              "sense",
              {
                "dt": [
                  [
                    "text",
                    "{bc}the {d_link|serous fluid|serous fluid} in which the embryo or fetus is suspended within the amnion"
                  ]
                ]
              }
            ]
          ]
        ]
      }
    ],
    "date": "1809",
    "shortdef": [
      "the serous fluid in which the embryo or fetus is suspended within the amnion"
    ]
  },
  {
    "meta": {
      "id": "cerebrospinal fluid",
      "uuid": "e3443318-56ac-4cf0-818e-54f32b8de488",
      "sort": "031867000",
      "src": "collegiate",
      "section": "alpha",
      "stems": [
        "cerebrospinal fluid",
        "cerebrospinal fluids"
      ],
      "offensive": false
    },
    "hwi": {
      "hw": "cerebrospinal fluid"
    },
    "fl": "noun",
    "def": [
      {
        "sseq": [
          [
            [
              "sense",
              {
                "dt": [
                  [
                    "text",
                    "{bc}a colorless liquid that is comparable to serum, is secreted from the blood into the lateral ventricles of the brain, and serves chiefly to maintain uniform pressure within the brain and spinal cord"
                  ]
                ]
              }
            ]
          ]
        ]
      }
    ],
    "date": "1828",
    "shortdef": [
      "a colorless liquid that is comparable to serum, is secreted from the blood into the lateral ventricles of the brain, and serves chiefly to maintain uniform pressure within the brain and spinal cord"
    ]
  },
  {
    "meta": {
      "id": "correction fluid",
      "uuid": "1817cf4c-3415-4117-b4c2-31c64d706b7d",
      "sort": "035624900",
      "src": "collegiate",
      "section": "alpha",
      "stems": [
        "correction fluid",
        "correction fluids"
      ],
      "offensive": false
    },
    "hwi": {
      "hw": "correction fluid"
    },
    "fl": "noun",
    "def": [
      {
        "sseq": [
          [
            [
              "sense",
              {
                "dt": [
                  [
                    "text",
                    "{bc}a liquid used to paint over typing or writing errors"
                  ]
                ]
              }
            ]
          ]
        ]
      }
    ],
    "date": "1968",
    "shortdef": [
      "a liquid used to paint over typing or writing errors"
    ]
  },
  {
    "meta": {
      "id": "drilling fluid",
      "uuid": "cd277974-6431-4ab7-a999-8df5216c7839",
      "sort": "043977500",
      "src": "collegiate",
      "section": "alpha",
      "stems": [
        "drilling fluid",
        "drilling mud"
      ],
      "offensive": false
    },
    "hwi": {
      "hw": "drilling fluid"
    },
    "vrs": [
      {
        "vl": "or",
        "va": "drilling mud"
      }
    ],
    "fl": "noun",
    "def": [
      {
        "sseq": [
          [
            [
              "sense",
              {
                "dt": [
                  [
                    "text",
                    "{bc}a mixture of clay and other chemicals with oil or water that is circulated around the drill bit in oil-well drilling in order to lubricate and cool the bit, flush rock cuttings to the surface, and plaster the side of the well to prevent cave-ins"
                  ]
                ]
              }
            ]
          ]
        ]
      }
    ],
    "date": "1913",
    "shortdef": [
      "a mixture of clay and other chemicals with oil or water that is circulated around the drill bit in oil-well drilling in order to lubricate and cool the bit, flush rock cuttings to the surface, and plaster the side of the well to prevent cave-ins"
    ]
  },
  {
    "meta": {
      "id": "gender-fluid",
      "uuid": "fde677fd-20e8-4045-b529-5c561c103740",
      "sort": "070684280",
      "src": "collegiate",
      "section": "alpha",
      "stems": [
        "gender fluid",
        "gender fluidities",
        "gender fluidity",
        "gender-fluid",
        "genderfluid"
      ],
      "offensive": false
    },
    "hwi": {
      "hw": "gen*der-flu*id",
      "prs": [
        {
          "mw": "\u02c8jen-d\u0259r-\u02c8fl\u00fc-\u0259d",
          "sound": {
            "audio": "gender-fluid",
            "ref": "owl",
            "stat": "1"
          }
        }
      ]
    },
    "vrs": [
      {
        "vl": "or",
        "va": "gender fluid"
      },
      {
        "vl": "or less commonly",
        "va": "gen*der*flu*id"
      }
    ],
    "fl": "adjective",
    "def": [
      {
        "sseq": [
          [
            [
              "sense",
              {
                "dt": [
                  [
                    "text",
                    "{bc}of, relating to, or being a person whose {d_link|gender identity|gender identity} is not fixed "
                  ],
                  [
                    "vis",
                    [
                      {
                        "t": "{wi}Gender-fluid{/wi} individuals prefer to remain flexible about their gender(s). Some dress in ways that reflect both genders at the same time, while others may express one gender one day and another gender another day.",
                        "aq": {
                          "auth": "Kristin Cronn-Mills"
                        }
                      },
                      {
                        "t": "The scene also reveals Stella as {wi}gender fluid{/wi}\u2014someone who identifies as both boy and girl, sometimes skewing more heavily toward one gender than the other.",
                        "aq": {
                          "auth": "Mackenzie Dawson"
                        }
                      },
                      {
                        "t": "Some {wi}genderfluid{/wi} folks and drag artists use \u2026 \"he,\" \"she,\" or \"they\" based on how they're presenting.",
                        "aq": {
                          "auth": "Delilah Friedler"
                        }
                      }
                    ]
                  ]
                ]
              }
            ]
          ]
        ]
      }
    ],
    "uros": [
      {
        "ure": "gender fluidity",
        "fl": "noun",
        "utxt": [
          [
            "vis",
            [
              {
                "t": "{wi}Gender fluidity{/wi} is the ability to freely and knowingly become one or many of a limitless number of genders, for any length of time, at any rate of change. {wi}Gender fluidity{/wi} recognizes no borders or rules of gender.",
                "aq": {
                  "auth": "Kate Bornstein"
                }
              }
            ]
          ]
        ]
      }
    ],
    "date": "1993",
    "shortdef": [
      "of, relating to, or being a person whose gender identity is not fixed"
    ]
  }
]