[
  {
    "meta": {
      "id": "force:1",
      "uuid": "d20d216a-fe6e-4a14-b08f-4772fd22c5cc",
      "sort": "062518000",
      "src": "collegiate",
      "section": "alpha",
      "stems": [
        "force",
        "forceless",
        "forces",
        "in force"
      ],
      "offensive": false
    },
    "hom": 1,
    "hwi": {
      "hw": "force",
      "prs": [
        {
          "mw": "\u02c8f\u022frs",
          "sound": {
            "audio": "force001",
            "ref": "c",
            "stat": "1"
          }
        }
      ]
    },
    "fl": "noun",
    "def": [
      {
        "sseq": [
          [
            [
              "pseq",
              [
                [
                  "sense",
                  {
                    "sn": "1 a (1)",
                    "dt": [
                      [
                        "text",
                        "{bc}strength or energy exerted or brought to bear {bc}cause of motion or change {bc}active power "
                      ],
                      [
                        "vis",
                        [
                          {
                            "t": "the {wi}forces{/wi} of nature"
                          },
                          {
                            "t": "the motivating {wi}force{/wi} in her life"
                          }
                        ]
                      ]
                    ]
                  }
                ],
                [
                  "sense",
                  {
                    "sn": "(2)",
                    "lbs": [
                      "capitalized"
                    ],
                    "dt": [
                      [
                        "uns",
                        [
                          [
                            [
                              "text",
                              "used with a number to indicate the strength of the wind according to the Beaufort scale "
                            ],
                            [
                              "vis",
                              [
                                {
                                  "t": "a {it}Force{/it} 10 hurricane"
                                }
                              ]
                            ]
                          ]
                        ]
                      ]
                    ]
                  }
                ]
              ]
            ],
            [
              "sense",
              {
                "sn": "b",
                "dt": [
                  [
                    "text",
                    "{bc}moral or mental strength "
                  ],
                  [
                    "vis",
                    [
                      {
                        "t": "I was impressed by the {wi}force{/wi} of his character."
                      }
                    ]
                  ]
                ]
              }
            ],
            [
              "sense",
              {
                "sn": "c",
                "dt": [
                  [
                    "text",
                    "{bc}capacity to persuade or convince "
                  ],
                  [
                    "vis",
                    [
                      {
                        "t": "the {wi}force{/wi} of the argument"
                      }
                    ]
                  ]
                ]
              }
            ]
          ],
          [
            [
              "sense",
              {
                "sn": "2 a",
                "dt": [
                  [
                    "text",
                    "{bc}military strength"
                  ]
                ]
              }
            ],
            [
              "pseq",
              [
                [
                  "sense",
                  {
                    "sn": "b (1)",
                    "dt": [
                      [
                        "text",
                        "{bc}a body (as of troops or ships) assigned to a military purpose "
                      ],
                      [
                        "vis",
                        [
                          {
                            "t": "a {wi}force{/wi} of 20,000 soldiers"
                          }
                        ]
                      ]
                    ]
                  }
                ],
                [
                  "sense",
                  {
                    "sn": "(2)",
                    "ins": [
                      {
                        "if": "forc*es",
                        "spl": "plural"
                      }
                    ],
                    "dt": [
                      [
                        "text",
                        "{bc}the whole military strength (as of a nation)"
                      ]
                    ]
                  }
                ]
              ]
            ],
            [
              "sense",
              {
                "sn": "c",
                "dt": [
                  [
                    "text",
                    "{bc}a body of persons or things available for a particular end "
                  ],
                  [
                    "vis",
                    [
                      {
                        "t": "a labor {wi}force{/wi}"
                      },
                      {
                        "t": "the missile {wi}force{/wi}"
                      }
                    ]
                  ]
                ]
              }
            ],
            [
              "sense",
              {
                "sn": "d",
                "dt": [
                  [
                    "text",
                    "{bc}an individual or group having the power of effective action "
                  ],
                  [
                    "vis",
                    [
                      {
                        "t": "join {wi}forces{/wi} to prevent violence"
                      },
                      {
                        "t": "a {wi}force{/wi} in politics"
                      }
                    ]
                  ]
                ]
              }
            ],
            [
              "sense",
              {
                "sn": "e",
                "lbs": [
                  "often capitalized"
                ],
                "dt": [
                  [
                    "text",
                    "{bc}{sx|police force||} "
                  ],
                  [
                    "uns",
                    [
                      [
                        [
                          "text",
                          "usually used with {it}the{/it} "
                        ],
                        [
                          "vis",
                          [
                            {
                              "t": "After his military service, he joined the {wi}force{/wi}."
                            }
                          ]
                        ]
                      ]
                    ]
                  ]
                ]
              }
            ]
          ],
          [
            [
              "sense",
              {
                "sn": "3",
                "dt": [
                  [
                    "text",
                    "{bc}violence, compulsion, or constraint exerted upon or against a person or thing "
                  ],
                  [
                    "vis",
                    [
                      {
                        "t": "Those who do not respond to kindness must yield to {wi}force{/wi}."
                      }
                    ]
                  ]
                ]
              }
            ]
          ],
          [
            [
              "sense",
              {
                "sn": "4 a",
                "dt": [
                  [
                    "text",
                    "{bc}an agency or influence that if applied to a free body results chiefly in an acceleration of the body and sometimes in elastic deformation and other effects"
                  ]
                ]
              }
            ],
            [
              "sense",
              {
                "sn": "b",
                "dt": [
                  [
                    "text",
                    "{bc}any of the natural influences (such as electromagnetism {dx_def}see {dxt|electromagnetism||2a}{/dx_def}, gravity, the strong force, and the weak force) that exist especially between particles and determine the structure of the universe"
                  ]
                ]
              }
            ]
          ],
          [
            [
              "sense",
              {
                "sn": "5",
                "dt": [
                  [
                    "text",
                    "{bc}the quality of conveying impressions intensely in writing or speech "
                  ],
                  [
                    "vis",
                    [
                      {
                        "t": "stated the objectives with {wi}force{/wi}"
                      }
                    ]
                  ]
                ]
              }
            ]
          ],
          [
            [
              "sense",
              {
                "sn": "6",
                "sls": [
                  "baseball"
                ],
                "dt": [
                  [
                    "text",
                    "{bc}{sx|force-out||}"
                  ]
                ]
              }
            ]
          ]
        ]
      }
    ],
    "uros": [
      {
        "ure": "force*less",
        "prs": [
          {
            "mw": "\u02c8f\u022frs-l\u0259s",
            "sound": {
              "audio": "force002",
              "ref": "c",
              "stat": "1"
            }
          }
        ],
        "fl": "adjective"
      }
    ],
    "dros": [
      {
        "drp": "in force",
        "def": [
          {
            "sseq": [
              [
                [
                  "sense",
                  {
                    "sn": "1",
                    "dt": [
                      [
                        "text",
                        "{bc}in great numbers "
                      ],
                      [
                        "vis",
                        [
                          {
                            "t": "picnickers were out {it}in force{/it}"
                          }
                        ]
                      ]
                    ]
                  }
                ]
              ],
              [
                [
                  "sense",
                  {
                    "sn": "2",
                    "dt": [
                      [
                        "text",
                        "{bc}{sx|valid||}, {sx|operative||} "
                      ],
                      [
                        "vis",
                        [
                          {
                            "t": "the ban remains {it}in force{/it}"
                          }
                        ]
                      ]
                    ]
                  }
                ]
              ]
            ]
          }
        ]
      }
    ],
    "syns": [
      {
        "pl": "synonyms",
        "pt": [
          [
            "text",
            "{sc}power{/sc} {sc}force{/sc} {sc}energy{/sc} {sc}strength{/sc} {sc}might{/sc} mean the ability to exert effort. {sc}power{/sc} may imply latent or exerted physical, mental, or spiritual ability to act or be acted upon. "
          ],
          [
            "vis",
            [
              {
                "t": "the awesome {it}power{/it} of flowing water"
              }
            ]
          ],
          [
            "text",
            " {sc}force{/sc} implies the actual effective exercise of power. "
          ],
          [
            "vis",
            [
              {
                "t": "used enough {it}force{/it} to push the door open"
              }
            ]
          ],
          [
            "text",
            " {sc}energy{/sc} applies to power expended or capable of being transformed into work. "
          ],
          [
            "vis",
            [
              {
                "t": "a worker with boundless {it}energy{/it}"
              }
            ]
          ],
          [
            "text",
            " {sc}strength{/sc} applies to the quality or property of a person or thing that makes possible the exertion of force or the withstanding of strain, pressure, or attack. "
          ],
          [
            "vis",
            [
              {
                "t": "use weight training to build your {it}strength{/it}"
              }
            ]
          ],
          [
            "text",
            " {sc}might{/sc} implies great or overwhelming power or strength. "
          ],
          [
            "vis",
            [
              {
                "t": "the belief that {it}might{/it} makes right"
              }
            ]
          ]
        ]
      }
    ],
    "et": [
      [
        "text",
        "Middle English, from Anglo-French, from Vulgar Latin {it}*fortia{/it}, from Latin {it}fortis{/it} strong"
      ]
    ],
    "date": "14th century{ds||1|a|1}",
    "shortdef": [
      "strength or energy exerted or brought to bear : cause of motion or change : active power",
      "\u2014used with a number to indicate the strength of the wind according to the Beaufort scale",
      "moral or mental strength"
    ]
  },
  {
    "meta": {
      "id": "force:2",
      "uuid": "c02ea169-e445-4c7d-aa72-b5fc62f22b98",
      "sort": "062519000",
      "src": "collegiate",
      "section": "alpha",
      "stems": [
        "force",
        "force her hand",
        "force his hand",
        "force its hand",
        "force my hand",
        "force one's hand",
        "force our hand",
        "force our hands",
        "force their hand",
        "force their hands",
        "force your hand",
        "force your hands",
        "forced",
        "forced her hand",
        "forced his hand",
        "forced its hand",
        "forced my hand",
        "forced our hand",
        "forced our hands",
        "forced their hand",
        "forced their hands",
        "forced your hand",
        "forced your hands",
        "forcer",
        "forcers",
        "forces",
        "forces her hand",
        "forces his hand",
        "forces its hand",
        "forces my hand",
        "forces our hand",
        "forces our hands",
        "forces their hand",
        "forces their hands",
        "forces your hand",
        "forces your hands",
        "forcing",
        "forcing her hand",
        "forcing his hand",
        "forcing its hand",
        "forcing my hand",
        "forcing our hand",
        "forcing our hands",
        "forcing their hand",
        "forcing their hands",
        "forcing your hand",
        "forcing your hands"
      ],
      "offensive": false
    },
    "hom": 2,
    "hwi": {
      "hw": "force"
    },
    "fl": "verb",
    "ins": [
      {
        "if": "forced"
      },
      {
        "if": "forc*ing"
      }
    ],
    "def": [
      {
        "vd": "transitive verb",
        "sseq": [
          [
            [
              "sense",
              {
                "sn": "1",
                "dt": [
                  [
                    "text",
                    "{bc}to do violence to"
                  ]
                ],
                "sdsense": {
                  "sd": "especially",
                  "dt": [
                    [
                      "text",
                      "{bc}{sx|rape||}"
                    ]
                  ]
                }
              }
            ]
          ],
          [
            [
              "sense",
              {
                "sn": "2",
                "dt": [
                  [
                    "text",
                    "{bc}to compel by physical, moral, or intellectual means"
                  ]
                ]
              }
            ]
          ],
          [
            [
              "sense",
              {
                "sn": "3",
                "dt": [
                  [
                    "text",
                    "{bc}to make or cause especially through natural or logical necessity "
                  ],
                  [
                    "vis",
                    [
                      {
                        "t": "{it}forced{/it} to admit my error"
                      },
                      {
                        "t": "the last minute goal {it}forced{/it} overtime"
                      }
                    ]
                  ]
                ]
              }
            ]
          ],
          [
            [
              "sense",
              {
                "sn": "4 a",
                "dt": [
                  [
                    "text",
                    "{bc}to press, drive, pass, or effect against resistance or inertia "
                  ],
                  [
                    "vis",
                    [
                      {
                        "t": "{wi}force{/wi} your way through"
                      }
                    ]
                  ]
                ]
              }
            ],
            [
              "sense",
              {
                "sn": "b",
                "dt": [
                  [
                    "text",
                    "{bc}to impose or thrust urgently, importunately, or inexorably "
                  ],
                  [
                    "vis",
                    [
                      {
                        "t": "{wi}force{/wi} unwanted attentions on a coworker"
                      }
                    ]
                  ]
                ]
              }
            ]
          ],
          [
            [
              "bs",
              {
                "sense": {
                  "sn": "5",
                  "dt": [
                    [
                      "text",
                      "{bc}to achieve or win by strength in struggle or violence: such as"
                    ]
                  ]
                }
              }
            ],
            [
              "sense",
              {
                "sn": "a",
                "dt": [
                  [
                    "text",
                    "{bc}to win one's way into "
                  ],
                  [
                    "vis",
                    [
                      {
                        "t": "{wi}force{/wi} a castle"
                      },
                      {
                        "t": "{it}forced{/it} the mountain passes"
                      }
                    ]
                  ]
                ]
              }
            ],
            [
              "sense",
              {
                "sn": "b",
                "dt": [
                  [
                    "text",
                    "{bc}to break open or through "
                  ],
                  [
                    "vis",
                    [
                      {
                        "t": "{wi}force{/wi} a lock"
                      }
                    ]
                  ]
                ]
              }
            ]
          ],
          [
            [
              "sense",
              {
                "sn": "6 a",
                "dt": [
                  [
                    "text",
                    "{bc}to raise or accelerate to the utmost "
                  ],
                  [
                    "vis",
                    [
                      {
                        "t": "{it}forcing{/it} the pace"
                      }
                    ]
                  ]
                ]
              }
            ],
            [
              "sense",
              {
                "sn": "b",
                "dt": [
                  [
                    "text",
                    "{bc}to produce only with unnatural or unwilling effort "
                  ],
                  [
                    "vis",
                    [
                      {
                        "t": "{it}forced{/it} a smile"
                      }
                    ]
                  ]
                ]
              }
            ],
            [
              "sense",
              {
                "sn": "c",
                "dt": [
                  [
                    "text",
                    "{bc}to wrench, strain, or use (language) with marked unnaturalness and lack of ease"
                  ]
                ]
              }
            ]
          ],
          [
            [
              "sense",
              {
                "sn": "7 a",
                "dt": [
                  [
                    "text",
                    "{bc}to hasten the rate of progress or growth of"
                  ]
                ]
              }
            ],
            [
              "sense",
              {
                "sn": "b",
                "dt": [
                  [
                    "text",
                    "{bc}to bring (plants) to maturity out of the normal season "
                  ],
                  [
                    "vis",
                    [
                      {
                        "t": "{it}forcing{/it} lilies for Easter"
                      }
                    ]
                  ]
                ]
              }
            ]
          ],
          [
            [
              "sense",
              {
                "sn": "8",
                "dt": [
                  [
                    "text",
                    "{bc}to induce (a particular bid or play by another player) in a card game by some conventional act, play, bid, or response"
                  ]
                ]
              }
            ]
          ],
          [
            [
              "sense",
              {
                "sn": "9 a",
                "dt": [
                  [
                    "text",
                    "{bc}to cause (a runner in baseball) to be put out on a force-out"
                  ]
                ]
              }
            ],
            [
              "sense",
              {
                "sn": "b",
                "dt": [
                  [
                    "text",
                    "{bc}to cause (a run) to be scored in baseball by giving a base on balls when the bases are full"
                  ]
                ]
              }
            ]
          ]
        ]
      }
    ],
    "uros": [
      {
        "ure": "forc*er",
        "fl": "noun"
      }
    ],
    "dros": [
      {
        "drp": "force one's hand",
        "def": [
          {
            "sseq": [
              [
                [
                  "sense",
                  {
                    "dt": [
                      [
                        "text",
                        "{bc}to cause one to act precipitously {bc}force one to reveal one's purpose or intention"
                      ]
                    ]
                  }
                ]
              ]
            ]
          }
        ]
      }
    ],
    "syns": [
      {
        "pl": "synonyms",
        "pt": [
          [
            "text",
            "{sc}force{/sc} {sc}compel{/sc} {sc}coerce{/sc} {sc}constrain{/sc} {sc}oblige{/sc} mean to make someone or something yield. {sc}force{/sc} is the general term and implies the overcoming of resistance by the exertion of strength, power, or duress. "
          ],
          [
            "vis",
            [
              {
                "t": "{it}forced{/it} to flee for their lives"
              }
            ]
          ],
          [
            "text",
            " {sc}compel{/sc} typically suggests overcoming of resistance or unwillingness by an irresistible force. "
          ],
          [
            "vis",
            [
              {
                "t": "{it}compelled{/it} to admit my mistake"
              }
            ]
          ],
          [
            "text",
            " {sc}coerce{/sc} suggests overcoming resistance or unwillingness by actual or threatened violence or pressure. "
          ],
          [
            "vis",
            [
              {
                "t": "{it}coerced{/it} into signing over the rights"
              }
            ]
          ],
          [
            "text",
            " {sc}constrain{/sc} suggests the effect of a force or circumstance that limits freedom of action or choice. "
          ],
          [
            "vis",
            [
              {
                "t": "{it}constrained{/it} by conscience"
              }
            ]
          ],
          [
            "text",
            " {sc}oblige{/sc} implies the constraint of necessity, law, or duty. "
          ],
          [
            "vis",
            [
              {
                "t": "felt {it}obliged{/it} to go"
              }
            ]
          ]
        ]
      }
    ],
    "et": [
      [
        "text",
        "{dx_ety}see {dxt|force:1||}{/dx_ety}"
      ]
    ],
    "date": "14th century{ds||1||}",
    "shortdef": [
      "to do violence to; especially : rape",
      "to compel by physical, moral, or intellectual means",
      "to make or cause especially through natural or logical necessity"
    ]
  },
  {
    "meta": {
      "id": "force-feed",
      "uuid": "265fe51b-b20c-492f-a88d-8b1610a2332d",
      "sort": "062521000",
      "src": "collegiate",
      "section": "alpha",
      "stems": [
        "force-fed",
        "force-feed",
        "force-feeding",
        "force-feeds",
        "forced-fed",
        "forced-feeding"
      ],
      "offensive": false
    },
    "hwi": {
      "hw": "force-feed",
      "prs": [
        {
          "mw": "\u02c8f\u022frs-\u02ccf\u0113d",
          "sound": {
            "audio": "force-feed_1",
            "ref": "owl",
            "stat": "1"
          }
        }
      ]
    },
    "fl": "verb",
    "ins": [
      {
        "ifc": "-fed",
        "if": "force-fed",
        "prs": [
          {
            "mw": "\u02c8f\u022frs-\u02ccfed",
            "sound": {
              "audio": "force-fed_1",
              "ref": "owl",
              "stat": "1"
            }
          }
        ]
      },
      {
        "ifc": "-feed*ing",
        "if": "force-feed*ing"
      }
    ],
    "def": [
      {
        "vd": "transitive verb",
        "sseq": [
          [
            [
              "sense",
              {
                "sn": "1",
                "dt": [
                  [
                    "text",
                    "{bc}to feed (a person or an animal) by forcible administration of food"
                  ]
                ]
              }
            ]
          ],
          [
            [
              "sense",
              {
                "sn": "2",
                "dt": [
                  [
                    "text",
                    "{bc}to force to take in "
                  ],
                  [
                    "vis",
                    [
                      {
                        "t": "{wi}force-feed{/wi} students the classics"
                      }
                    ]
                  ],
                  [
                    "uns",
                    [
                      [
                        [
                          "text",
                          "also used with a single object "
                        ],
                        [
                          "vis",
                          [
                            {
                              "t": "{wi}force-feed{/wi} the classics to students"
                            },
                            {
                              "t": "{wi}force-feed{/wi} students with the classics"
                            }
                          ]
                        ]
                      ]
                    ]
                  ]
                ]
              }
            ]
          ]
        ]
      }
    ],
    "date": "1901{ds||1||}",
    "shortdef": [
      "to feed (a person or an animal) by forcible administration of food",
      "to force to take in \u2014also used with a single object"
    ]
  },
  {
    "meta": {
      "id": "force field",
      "uuid": "f9fc038d-5db4-4f48-8537-257a976a038b",
      "sort": "062522000",
      "src": "collegiate",
      "section": "alpha",
      "stems": [
        "force field",
        "force fields"
      ],
      "offensive": false
    },
    "hwi": {
      "hw": "force field"
    },
    "fl": "noun",
    "def": [
      {
        "sseq": [
          [
            [
              "sense",
              {
                "sn": "1",
                "dt": [
                  [
                    "text",
                    "{bc}{sx|field||6a}"
                  ]
                ]
              }
            ]
          ],
          [
            [
              "sense",
              {
                "sn": "2",
                "dt": [
                  [
                    "text",
                    "{bc}a special charm, aura, or spirit that can influence anyone in its presence"
                  ]
                ]
              }
            ]
          ],
          [
            [
              "sense",
              {
                "sn": "3",
                "dt": [
                  [
                    "text",
                    "{bc}something resembling a force field especially in intensity that restricts or impedes movement toward an area or object"
                  ]
                ]
              }
            ]
          ]
        ]
      }
    ],
    "date": "1920{ds||1||}",
    "shortdef": [
      "field",
      "a special charm, aura, or spirit that can influence anyone in its presence",
      "something resembling a force field especially in intensity that restricts or impedes movement toward an area or object"
    ]
  },
  {
    "meta": {
      "id": "force majeure",
      "uuid": "e6ce9f04-d175-4a7d-b119-86f02a82caab",
      "sort": "062524000",
      "src": "collegiate",
      "section": "alpha",
      "stems": [
        "force majeure",
        "force majeures"
      ],
      "offensive": false
    },
    "hwi": {
      "hw": "force ma*jeure",
      "prs": [
        {
          "mw": "\u02ccf\u022frs-m\u00e4-\u02c8zh\u0259r",
          "sound": {
            "audio": "forcem09",
            "ref": "c",
            "stat": "1"
          }
        },
        {
          "mw": "-m\u0259-"
        }
      ]
    },
    "fl": "noun",
    "def": [
      {
        "sseq": [
          [
            [
              "sense",
              {
                "sn": "1",
                "dt": [
                  [
                    "text",
                    "{bc}superior or irresistible force"
                  ]
                ]
              }
            ]
          ],
          [
            [
              "sense",
              {
                "sn": "2",
                "dt": [
                  [
                    "text",
                    "{bc}an event or effect that cannot be reasonably anticipated or controlled {dx}compare {dxt|act of god||}{/dx}"
                  ]
                ]
              }
            ]
          ]
        ]
      }
    ],
    "et": [
      [
        "text",
        "French, superior force"
      ]
    ],
    "date": "1883{ds||1||}",
    "shortdef": [
      "superior or irresistible force",
      "an event or effect that cannot be reasonably anticipated or controlled"
    ]
  },
  {
    "meta": {
      "id": "force of habit",
      "uuid": "6401674a-a34a-4765-979a-c279b6372971",
      "sort": "062526000",
      "src": "collegiate",
      "section": "alpha",
      "stems": [
        "force of habit"
      ],
      "offensive": false
    },
    "hwi": {
      "hw": "force of habit"
    },
    "fl": "noun phrase",
    "def": [
      {
        "sseq": [
          [
            [
              "sense",
              {
                "dt": [
                  [
                    "text",
                    "{bc}behavior made involuntary or automatic by repeated practice"
                  ]
                ]
              }
            ]
          ]
        ]
      }
    ],
    "date": "1796",
    "shortdef": [
      "behavior made involuntary or automatic by repeated practice"
    ]
  },
  {
    "meta": {
      "id": "force of nature",
      "uuid": "00dcd73a-b528-4410-bd0a-e5b1bb6afa45",
      "sort": "062527000",
      "src": "collegiate",
      "section": "alpha",
      "stems": [
        "force of nature"
      ],
      "offensive": false
    },
    "hwi": {
      "hw": "force of nature"
    },
    "fl": "noun phrase",
    "def": [
      {
        "sseq": [
          [
            [
              "sense",
              {
                "dt": [
                  [
                    "text",
                    "{bc}{sx|force||4b}"
                  ]
                ]
              }
            ]
          ]
        ]
      }
    ],
    "date": "1975",
    "shortdef": [
      "force"
    ]
  },
  {
    "meta": {
      "id": "force-out",
      "uuid": "a03e8437-7d64-40be-a71c-780298cecaed",
      "sort": "062528000",
      "src": "collegiate",
      "section": "alpha",
      "stems": [
        "force-out",
        "force-outs"
      ],
      "offensive": false
    },
    "hwi": {
      "hw": "force-out",
      "prs": [
        {
          "mw": "\u02c8f\u022frs-\u02ccau\u0307t",
          "sound": {
            "audio": "force_01",
            "ref": "c",
            "stat": "1"
          }
        }
      ]
    },
    "fl": "noun",
    "def": [
      {
        "sls": [
          "baseball"
        ],
        "sseq": [
          [
            [
              "sense",
              {
                "dt": [
                  [
                    "text",
                    "{bc}an out that results from a {d_link|force play|force play} "
                  ],
                  [
                    "vis",
                    [
                      {
                        "t": "a {wi}force-out{/wi} at second base"
                      }
                    ]
                  ],
                  [
                    "ca",
                    {
                      "intro": "called also",
                      "cats": [
                        {
                          "cat": "force"
                        }
                      ]
                    }
                  ]
                ]
              }
            ]
          ]
        ]
      }
    ],
    "date": "1896",
    "shortdef": [
      "an out that results from a force play \u2014called also force"
    ]
  },
  {
    "meta": {
      "id": "force play",
      "uuid": "4f1465ed-67ad-4279-9c51-01aa8402e1a0",
      "sort": "062529000",
      "src": "collegiate",
      "section": "alpha",
      "stems": [
        "force play",
        "force plays"
      ],
      "offensive": false
    },
    "hwi": {
      "hw": "force play"
    },
    "fl": "noun",
    "def": [
      {
        "sls": [
          "baseball"
        ],
        "sseq": [
          [
            [
              "sense",
              {
                "dt": [
                  [
                    "text",
                    "{bc}a play in which a runner is forced to advance to the next base when the batter puts the ball in play and can be put out if a fielder holding the ball touches the base before the runner reaches it"
                  ]
                ]
              }
            ]
          ]
        ]
      }
    ],
    "date": "1912",
    "shortdef": [
      "a play in which a runner is forced to advance to the next base when the batter puts the ball in play and can be put out if a fielder holding the ball touches the base before the runner reaches it"
    ]
  },
  {
    "meta": {
      "id": "force pump",
      "uuid": "54da46a9-2f14-47bd-8aaa-ed54bfc5d5fa",
      "sort": "062531000",
      "src": "collegiate",
      "section": "alpha",
      "stems": [
        "force pump",
        "force pumps"
      ],
      "offensive": false
    },
    "hwi": {
      "hw": "force pump"
    },
    "fl": "noun",
    "def": [
      {
        "sseq": [
          [
            [
              "sense",
              {
                "dt": [
                  [
                    "text",
                    "{bc}a pump with a solid piston for drawing and forcing through valves a liquid (such as water) to a considerable height above the pump or under a considerable pressure"
                  ]
                ]
              }
            ]
          ]
        ]
      }
    ],
    "date": "1659",
    "shortdef": [
      "a pump with a solid piston for drawing and forcing through valves a liquid (such as water) to a considerable height above the pump or under a considerable pressure"
    ]
  }
]