[
  {
    "meta": {
      "id": "fragmentation",
      "uuid": "b720625a-caf4-43cc-a073-3997b784d228",
      "sort": "063001000",
      "src": "collegiate",
      "section": "alpha",
      "stems": [
        "fragmentate",
        "fragmentated",
        "fragmentates",
        "fragmentating",
        "fragmentation",
        "fragmentations"
      ],
      "offensive": false
    },
    "hwi": {
      "hw": "frag*men*ta*tion",
      "prs": [
        {
          "mw": "\u02ccfrag-m\u0259n-\u02c8t\u0101-sh\u0259n",
          "sound": {
            "audio": "fragme07",
            "ref": "c",
            "stat": "1"
          }
        },
        {
          "mw": "-\u02ccmen-"
        }
      ]
    },
    "fl": "noun",
    "def": [
      {
        "sseq": [
          [
            [
              "sense",
              {
                "sn": "1",
                "dt": [
                  [
                    "text",
                    "{bc}the act or process of {a_link|fragmenting} or making {a_link|fragmentary}"
                  ]
                ]
              }
            ]
          ],
          [
            [
              "sense",
              {
                "sn": "2",
                "dt": [
                  [
                    "text",
                    "{bc}the state of being {a_link|fragmented} or fragmentary"
                  ]
                ]
              }
            ]
          ]
        ]
      }
    ],
    "uros": [
      {
        "ure": "frag*men*tate",
        "prs": [
          {
            "mw": "\u02c8frag-m\u0259n-\u02cct\u0101t",
            "sound": {
              "audio": "fragme08",
              "ref": "c",
              "stat": "1"
            }
          }
        ],
        "fl": "verb"
      }
    ],
    "et": [
      [
        "text",
        "{et_link|fragment:2|fragment:2} + {et_link|-ation|-ation}, probably after French {it}fragmentation{/it}"
      ]
    ],
    "date": "1881{ds||1||}",
    "shortdef": [
      "the act or process of fragmenting or making fragmentary",
      "the state of being fragmented or fragmentary"
    ]
  },
  {
    "meta": {
      "id": "fragmentation bomb",
      "uuid": "579e5ae1-4f6f-4f6a-a6c2-60575781933c",
      "sort": "063002000",
      "src": "collegiate",
      "section": "alpha",
      "stems": [
        "fragmentation bomb",
        "fragmentation bombs"
      ],
      "offensive": false
    },
    "hwi": {
      "hw": "fragmentation bomb"
    },
    "fl": "noun",
    "def": [
      {
        "sseq": [
          [
            [
              "sense",
              {
                "dt": [
                  [
                    "text",
                    "{bc}a bomb or shell whose casing is splintered upon explosion and thrown in fragments in all directions"
                  ]
                ]
              }
            ]
          ]
        ]
      }
    ],
    "date": "1918",
    "shortdef": [
      "a bomb or shell whose casing is splintered upon explosion and thrown in fragments in all directions"
    ]
  },
  {
    "meta": {
      "id": "fragmentation grenade",
      "uuid": "ec1d28ae-1577-4de3-bfbc-7339411d4060",
      "sort": "063002250",
      "src": "collegiate",
      "section": "alpha",
      "stems": [
        "fragmentation grenade",
        "fragmentation grenades"
      ],
      "offensive": false
    },
    "hwi": {
      "hw": "fragmentation grenade"
    },
    "fl": "noun",
    "ins": [
      {
        "il": "plural",
        "if": "fragmentation grenades"
      }
    ],
    "def": [
      {
        "sseq": [
          [
            [
              "sense",
              {
                "dt": [
                  [
                    "text",
                    "{bc}a grenade that upon explosion bursts into several small, fast-moving, lethal fragments"
                  ]
                ]
              }
            ]
          ]
        ]
      }
    ],
    "date": "1918",
    "shortdef": [
      "a grenade that upon explosion bursts into several small, fast-moving, lethal fragments"
    ]
  }
]