[
  {
    "meta": {
      "id": "frame:1",
      "uuid": "4d9d8d96-aa8f-4965-b64c-2a8a512b2436",
      "sort": "063013000",
      "src": "collegiate",
      "section": "alpha",
      "stems": [
        "frame",
        "frames"
      ],
      "offensive": false
    },
    "hom": 1,
    "hwi": {
      "hw": "frame"
    },
    "fl": "noun",
    "def": [
      {
        "sseq": [
          [
            [
              "sense",
              {
                "sn": "1 a",
                "dt": [
                  [
                    "text",
                    "{bc}the physical makeup of an animal and especially a human body {bc}{sx|physique||}, {sx|figure||}"
                  ]
                ]
              }
            ],
            [
              "sense",
              {
                "sn": "b",
                "dt": [
                  [
                    "text",
                    "{bc}something composed of parts fitted together and united"
                  ]
                ]
              }
            ]
          ],
          [
            [
              "sense",
              {
                "sn": "2 a",
                "dt": [
                  [
                    "text",
                    "{bc}the underlying constructional system or structure that gives shape or strength (as to a building)"
                  ]
                ]
              }
            ],
            [
              "sense",
              {
                "sn": "b",
                "dt": [
                  [
                    "text",
                    "{bc}a frame dwelling"
                  ]
                ]
              }
            ]
          ],
          [
            [
              "sense",
              {
                "sn": "3 a",
                "dt": [
                  [
                    "text",
                    "{bc}an open case or structure made for admitting, enclosing, or supporting something "
                  ],
                  [
                    "vis",
                    [
                      {
                        "t": "a window {wi}frame{/wi}"
                      }
                    ]
                  ]
                ]
              }
            ],
            [
              "pseq",
              [
                [
                  "sense",
                  {
                    "sn": "b (1)",
                    "ins": [
                      {
                        "if": "frames",
                        "spl": "plural"
                      }
                    ],
                    "dt": [
                      [
                        "text",
                        "{bc}that part of a pair of glasses other than the lenses"
                      ]
                    ]
                  }
                ],
                [
                  "sense",
                  {
                    "sn": "(2)",
                    "dt": [
                      [
                        "text",
                        "{bc}a part of a pair of glasses that holds one of the lenses"
                      ]
                    ]
                  }
                ]
              ]
            ],
            [
              "sense",
              {
                "sn": "c",
                "dt": [
                  [
                    "text",
                    "{bc}a structural unit in an automobile chassis supported on the axles and supporting the rest of the chassis and the body"
                  ]
                ]
              }
            ],
            [
              "sense",
              {
                "sn": "d",
                "dt": [
                  [
                    "text",
                    "{bc}a machine built upon or within a {a_link|framework} "
                  ],
                  [
                    "vis",
                    [
                      {
                        "t": "a spinning {wi}frame{/wi}"
                      }
                    ]
                  ]
                ]
              }
            ]
          ],
          [
            [
              "sense",
              {
                "sn": "4 a",
                "dt": [
                  [
                    "text",
                    "{bc}an enclosing border"
                  ]
                ]
              }
            ],
            [
              "pseq",
              [
                [
                  "bs",
                  {
                    "sense": {
                      "sn": "b",
                      "dt": [
                        [
                          "text",
                          "{bc}the matter or area enclosed in such a border: such as"
                        ]
                      ]
                    }
                  }
                ],
                [
                  "sense",
                  {
                    "sn": "(1)",
                    "dt": [
                      [
                        "text",
                        "{bc}an individual drawing in a comic strip usually enclosed by a bordering line"
                      ]
                    ]
                  }
                ],
                [
                  "sense",
                  {
                    "sn": "(2)",
                    "dt": [
                      [
                        "text",
                        "{bc}one picture of the series on a length of film"
                      ]
                    ]
                  }
                ],
                [
                  "sense",
                  {
                    "sn": "(3)",
                    "dt": [
                      [
                        "text",
                        "{bc}one of the squares in which scores for each round are recorded (as in bowling)"
                      ]
                    ],
                    "sdsense": {
                      "sd": "also",
                      "dt": [
                        [
                          "text",
                          "{bc}a round in bowling"
                        ]
                      ]
                    }
                  }
                ],
                [
                  "sense",
                  {
                    "sn": "(4)",
                    "dt": [
                      [
                        "text",
                        "{bc}a complete image for display (as on a television set)"
                      ]
                    ]
                  }
                ]
              ]
            ],
            [
              "sense",
              {
                "sn": "c",
                "dt": [
                  [
                    "text",
                    "{bc}an inning in baseball"
                  ]
                ]
              }
            ],
            [
              "pseq",
              [
                [
                  "sense",
                  {
                    "sn": "d (1)",
                    "dt": [
                      [
                        "text",
                        "{bc}{sx|framework||1a}"
                      ]
                    ]
                  }
                ],
                [
                  "sense",
                  {
                    "sn": "(2)",
                    "dt": [
                      [
                        "text",
                        "{bc}{sx|context||}, {sx|frame of reference||}"
                      ]
                    ]
                  }
                ]
              ]
            ],
            [
              "sense",
              {
                "sn": "e",
                "dt": [
                  [
                    "text",
                    "{bc}an event that forms the background for the action of a novel or play"
                  ]
                ]
              }
            ]
          ],
          [
            [
              "sense",
              {
                "sn": "5",
                "dt": [
                  [
                    "text",
                    "{bc}{sx|frame-up||}"
                  ]
                ]
              }
            ]
          ],
          [
            [
              "sense",
              {
                "sn": "6",
                "sls": [
                  "obsolete"
                ],
                "dt": [
                  [
                    "text",
                    "{bc}the act or manner of {d_link|framing|frame:2}"
                  ]
                ]
              }
            ]
          ]
        ]
      }
    ],
    "art": {
      "artid": "frame",
      "capt": "frame 2a"
    },
    "et": [
      [
        "text",
        "{dx_ety}see {dxt|frame:2||}{/dx_ety}"
      ]
    ],
    "date": "14th century{ds||1|b|}",
    "shortdef": [
      "the physical makeup of an animal and especially a human body : physique, figure",
      "something composed of parts fitted together and united",
      "the underlying constructional system or structure that gives shape or strength (as to a building)"
    ]
  },
  {
    "meta": {
      "id": "frame:2",
      "uuid": "308ac8a2-3dc1-4601-aaf3-5bbef3d94029",
      "sort": "063014000",
      "src": "collegiate",
      "section": "alpha",
      "stems": [
        "framable",
        "frame",
        "frameable",
        "framed",
        "framer",
        "framers",
        "frames",
        "framing"
      ],
      "offensive": false
    },
    "hom": 2,
    "hwi": {
      "hw": "frame",
      "prs": [
        {
          "mw": "\u02c8fr\u0101m",
          "sound": {
            "audio": "frame001",
            "ref": "c",
            "stat": "1"
          }
        }
      ]
    },
    "fl": "verb",
    "ins": [
      {
        "if": "framed"
      },
      {
        "if": "fram*ing"
      }
    ],
    "def": [
      {
        "vd": "transitive verb",
        "sseq": [
          [
            [
              "sense",
              {
                "sn": "1",
                "dt": [
                  [
                    "text",
                    "{bc}to enclose in a frame "
                  ],
                  [
                    "vis",
                    [
                      {
                        "t": "{wi}frame{/wi} a picture"
                      }
                    ]
                  ]
                ],
                "sdsense": {
                  "sd": "also",
                  "dt": [
                    [
                      "text",
                      "{bc}to enclose as if in a frame "
                    ],
                    [
                      "vis",
                      [
                        {
                          "t": "a face {it}framed{/it} in a wealth of auburn hair"
                        }
                      ]
                    ]
                  ]
                }
              }
            ]
          ],
          [
            [
              "sense",
              {
                "sn": "2 a",
                "dt": [
                  [
                    "text",
                    "{bc}to give expression to {bc}{sx|formulate||} "
                  ],
                  [
                    "vis",
                    [
                      {
                        "t": "{wi}frame{/wi} a rule that brings order into our perceptions",
                        "aq": {
                          "auth": "Virginia Woolf"
                        }
                      }
                    ]
                  ]
                ]
              }
            ],
            [
              "sense",
              {
                "sn": "b",
                "dt": [
                  [
                    "text",
                    "{bc}to draw up (something, such as a document) "
                  ],
                  [
                    "vis",
                    [
                      {
                        "t": "{wi}frame{/wi} a written constitution"
                      }
                    ]
                  ]
                ]
              }
            ],
            [
              "sense",
              {
                "sn": "c",
                "dt": [
                  [
                    "text",
                    "{bc}{sx|plan||}, {sx|contrive||} "
                  ],
                  [
                    "vis",
                    [
                      {
                        "t": "{it}framed{/it} a new method of achieving their purpose"
                      }
                    ]
                  ]
                ]
              }
            ],
            [
              "sense",
              {
                "sn": "d",
                "dt": [
                  [
                    "text",
                    "{bc}{sx|shape||}, {sx|construct||} "
                  ],
                  [
                    "vis",
                    [
                      {
                        "t": "{wi}frame{/wi} a figure out of clay"
                      }
                    ]
                  ]
                ]
              }
            ]
          ],
          [
            [
              "sense",
              {
                "sn": "3 a",
                "dt": [
                  [
                    "text",
                    "{bc}to contrive the evidence against (an innocent person) so that a verdict of guilty is assured "
                  ],
                  [
                    "vis",
                    [
                      {
                        "t": "He claims that he was {it}framed{/it} for the murder."
                      }
                    ]
                  ]
                ]
              }
            ],
            [
              "sense",
              {
                "sn": "b",
                "dt": [
                  [
                    "text",
                    "{bc}to devise (something, such as a criminal charge) falsely "
                  ],
                  [
                    "vis",
                    [
                      {
                        "t": "{wi}frame{/wi} a case against a neighbor to get rid of him"
                      }
                    ]
                  ]
                ]
              }
            ],
            [
              "sense",
              {
                "sn": "c",
                "dt": [
                  [
                    "text",
                    "{bc}{sx|fix||7b} "
                  ],
                  [
                    "vis",
                    [
                      {
                        "t": "The wrestling matches were {it}framed{/it}."
                      }
                    ]
                  ]
                ]
              }
            ]
          ],
          [
            [
              "sense",
              {
                "sn": "4",
                "dt": [
                  [
                    "text",
                    "{bc}to construct by fitting and uniting the parts of the skeleton of (a structure) "
                  ],
                  [
                    "vis",
                    [
                      {
                        "t": "{wi}frame{/wi} a house"
                      }
                    ]
                  ]
                ]
              }
            ]
          ],
          [
            [
              "sense",
              {
                "sn": "5",
                "dt": [
                  [
                    "text",
                    "{bc}to fit or adjust especially to something or for an end {bc}{sx|arrange||} "
                  ],
                  [
                    "vis",
                    [
                      {
                        "t": "{it}framed{/it} the test to evaluate students' understanding of the material"
                      }
                    ]
                  ]
                ]
              }
            ]
          ],
          [
            [
              "sense",
              {
                "sn": "6",
                "sls": [
                  "obsolete"
                ],
                "dt": [
                  [
                    "text",
                    "{bc}{sx|produce||}"
                  ]
                ]
              }
            ]
          ]
        ]
      },
      {
        "vd": "intransitive verb",
        "sseq": [
          [
            [
              "sense",
              {
                "sn": "1",
                "sls": [
                  "archaic"
                ],
                "dt": [
                  [
                    "text",
                    "{bc}{sx|proceed||}, {sx|go||}"
                  ]
                ]
              }
            ]
          ],
          [
            [
              "sense",
              {
                "sn": "2",
                "sls": [
                  "obsolete"
                ],
                "dt": [
                  [
                    "text",
                    "{bc}{sx|manage||}"
                  ]
                ]
              }
            ]
          ]
        ]
      }
    ],
    "uros": [
      {
        "ure": "fram*able",
        "vrs": [
          {
            "vl": "or",
            "va": "frame*able",
            "prs": [
              {
                "mw": "\u02c8fr\u0101-m\u0259-b\u0259l",
                "sound": {
                  "audio": "frame002",
                  "ref": "c",
                  "stat": "1"
                }
              }
            ]
          }
        ],
        "fl": "adjective"
      },
      {
        "ure": "fram*er",
        "fl": "noun"
      }
    ],
    "et": [
      [
        "text",
        "Middle English, to benefit, construct, from Old English {it}framian{/it} to benefit, make progress; akin to Old Norse {it}fram{/it} forward, Old English {it}fram{/it} from"
      ]
    ],
    "date": "14th century{ds|t|4||}",
    "shortdef": [
      "to enclose in a frame; also : to enclose as if in a frame",
      "to give expression to : formulate",
      "to draw up (something, such as a document)"
    ]
  },
  {
    "meta": {
      "id": "frame:3",
      "uuid": "8cfd9898-b089-47c5-a534-08f4276dda03",
      "sort": "063015000",
      "src": "collegiate",
      "section": "alpha",
      "stems": [
        "frame"
      ],
      "offensive": false
    },
    "hom": 3,
    "hwi": {
      "hw": "frame"
    },
    "fl": "adjective",
    "def": [
      {
        "sseq": [
          [
            [
              "sense",
              {
                "dt": [
                  [
                    "text",
                    "{bc}having a wood frame "
                  ],
                  [
                    "vis",
                    [
                      {
                        "t": "{wi}frame{/wi} houses"
                      }
                    ]
                  ]
                ]
              }
            ]
          ]
        ]
      }
    ],
    "et": [
      [
        "text",
        "{dx_ety}see {dxt|frame:2||}{/dx_ety}"
      ]
    ],
    "date": "1780",
    "shortdef": [
      "having a wood frame"
    ]
  },
  {
    "meta": {
      "id": "frame of mind",
      "uuid": "87d6e1e1-e789-42c8-a71d-0a6c09f88cf0",
      "sort": "063016000",
      "src": "collegiate",
      "section": "alpha",
      "stems": [
        "frame of mind",
        "frames of mind"
      ],
      "offensive": false
    },
    "hwi": {
      "hw": "frame of mind"
    },
    "fl": "noun phrase",
    "def": [
      {
        "sseq": [
          [
            [
              "sense",
              {
                "dt": [
                  [
                    "text",
                    "{bc}mental attitude or outlook {bc}{sx|mood||}"
                  ]
                ]
              }
            ]
          ]
        ]
      }
    ],
    "date": "1711",
    "shortdef": [
      "mental attitude or outlook : mood"
    ]
  },
  {
    "meta": {
      "id": "frame of reference",
      "uuid": "b815fd0a-8084-46d3-a900-782b9992e080",
      "sort": "063017000",
      "src": "collegiate",
      "section": "alpha",
      "stems": [
        "frame of reference",
        "frames of reference"
      ],
      "offensive": false
    },
    "hwi": {
      "hw": "frame of reference"
    },
    "fl": "noun phrase",
    "def": [
      {
        "sseq": [
          [
            [
              "sense",
              {
                "sn": "1",
                "dt": [
                  [
                    "text",
                    "{bc}an arbitrary set of axes with reference to which the position or motion of something is described or physical laws are formulated"
                  ]
                ]
              }
            ]
          ],
          [
            [
              "sense",
              {
                "sn": "2",
                "dt": [
                  [
                    "text",
                    "{bc}a set of ideas, conditions, or assumptions that determine how something will be approached, perceived, or understood "
                  ],
                  [
                    "vis",
                    [
                      {
                        "t": "a Marxian {it}frame of reference{/it}"
                      }
                    ]
                  ]
                ]
              }
            ]
          ]
        ]
      }
    ],
    "date": "1895{ds||1||}",
    "shortdef": [
      "an arbitrary set of axes with reference to which the position or motion of something is described or physical laws are formulated",
      "a set of ideas, conditions, or assumptions that determine how something will be approached, perceived, or understood"
    ]
  },
  {
    "meta": {
      "id": "frame-up",
      "uuid": "20d94a7e-c695-4b6e-a592-711e5e27bcd6",
      "sort": "063019000",
      "src": "collegiate",
      "section": "alpha",
      "stems": [
        "frame-up",
        "frame-ups"
      ],
      "offensive": false
    },
    "hwi": {
      "hw": "frame-up",
      "prs": [
        {
          "mw": "\u02c8fr\u0101m-\u02cc\u0259p",
          "sound": {
            "audio": "frame_01",
            "ref": "c",
            "stat": "1"
          }
        }
      ]
    },
    "fl": "noun",
    "def": [
      {
        "sseq": [
          [
            [
              "sense",
              {
                "sn": "1",
                "dt": [
                  [
                    "text",
                    "{bc}an act or series of actions in which someone is framed"
                  ]
                ]
              }
            ]
          ],
          [
            [
              "sense",
              {
                "sn": "2",
                "dt": [
                  [
                    "text",
                    "{bc}an action that is framed"
                  ]
                ]
              }
            ]
          ]
        ]
      }
    ],
    "date": "1889{ds||1||}",
    "shortdef": [
      "an act or series of actions in which someone is framed",
      "an action that is framed"
    ]
  },
  {
    "meta": {
      "id": "A-frame",
      "uuid": "293856b6-c938-4b49-b3a1-b53ab2e45683",
      "sort": "011275000",
      "src": "collegiate",
      "section": "alpha",
      "stems": [
        "A-frame",
        "A-frames"
      ],
      "offensive": false
    },
    "hwi": {
      "hw": "A-frame",
      "prs": [
        {
          "mw": "\u02c8\u0101-\u02ccfr\u0101m",
          "sound": {
            "audio": "afram01w",
            "ref": "c",
            "stat": "1"
          }
        }
      ]
    },
    "fl": "noun",
    "def": [
      {
        "sseq": [
          [
            [
              "sense",
              {
                "sn": "1",
                "dt": [
                  [
                    "text",
                    "{bc}a support structure shaped like the letter A"
                  ]
                ]
              }
            ]
          ],
          [
            [
              "sense",
              {
                "sn": "2",
                "dt": [
                  [
                    "text",
                    "{bc}a building typically having triangular front and rear walls and a roof reaching to or nearly to the ground"
                  ]
                ]
              }
            ]
          ]
        ]
      }
    ],
    "date": "1827{ds||1||}",
    "shortdef": [
      "a support structure shaped like the letter A",
      "a building typically having triangular front and rear walls and a roof reaching to or nearly to the ground"
    ]
  },
  {
    "meta": {
      "id": "cold frame",
      "uuid": "804cbd19-1d5e-4ece-b2a2-e171f6bdf831",
      "sort": "035430600",
      "src": "collegiate",
      "section": "alpha",
      "stems": [
        "cold frame",
        "cold frames"
      ],
      "offensive": false
    },
    "hwi": {
      "hw": "cold frame"
    },
    "fl": "noun",
    "def": [
      {
        "sseq": [
          [
            [
              "sense",
              {
                "dt": [
                  [
                    "text",
                    "{bc}a usually glass- or plastic-covered frame without artificial heat used to protect plants and seedlings outdoors"
                  ]
                ]
              }
            ]
          ]
        ]
      }
    ],
    "art": {
      "artid": "coldfram",
      "capt": "cold frame"
    },
    "date": "1851",
    "shortdef": [
      "a usually glass- or plastic-covered frame without artificial heat used to protect plants and seedlings outdoors"
    ]
  },
  {
    "meta": {
      "id": "freeze-frame",
      "uuid": "5d9a8a0e-8c8d-48ef-a657-67c1df10b6f2",
      "sort": "063196000",
      "src": "collegiate",
      "section": "alpha",
      "stems": [
        "freeze-frame",
        "freeze-framed",
        "freeze-frames",
        "freeze-framing"
      ],
      "offensive": false
    },
    "hwi": {
      "hw": "freeze-frame",
      "prs": [
        {
          "mw": "\u02c8fr\u0113z-\u02c8fr\u0101m",
          "sound": {
            "audio": "freeze09",
            "ref": "c",
            "stat": "1"
          }
        }
      ]
    },
    "fl": "noun",
    "ins": [
      {
        "il": "plural",
        "if": "freeze-frames"
      }
    ],
    "def": [
      {
        "sseq": [
          [
            [
              "sense",
              {
                "sn": "1 a",
                "dt": [
                  [
                    "text",
                    "{bc}a frame of a motion-picture film that is repeated so as to give the illusion of a static picture"
                  ]
                ]
              }
            ],
            [
              "sense",
              {
                "sn": "b",
                "dt": [
                  [
                    "text",
                    "{bc}a static picture produced from a video recording "
                  ],
                  [
                    "vis",
                    [
                      {
                        "t": "On one of the desktop monitors is a {wi}freeze-frame{/wi} from Little Women, Gerwig's new film \u2026",
                        "aq": {
                          "auth": "Chloe Malle"
                        }
                      },
                      {
                        "t": "a {wi}freeze-frame{/wi} image"
                      }
                    ]
                  ]
                ]
              }
            ]
          ],
          [
            [
              "sense",
              {
                "sn": "2",
                "dt": [
                  [
                    "text",
                    "{bc}something resembling a freeze-frame (as in reflecting or preserving a particular moment in time) "
                  ],
                  [
                    "vis",
                    [
                      {
                        "t": "We should acknowledge that these pandemic curves are only {wi}freeze-frames{/wi} of a situation still very much in flux \u2026",
                        "aq": {
                          "auth": "Francesca Melandri"
                        }
                      }
                    ]
                  ]
                ]
              }
            ]
          ]
        ]
      }
    ],
    "uros": [
      {
        "ure": "freeze-frame",
        "fl": "transitive verb",
        "ins": [
          {
            "if": "freeze-framed"
          },
          {
            "if": "freeze-fram*ing"
          },
          {
            "if": "freeze-frames"
          }
        ],
        "utxt": [
          [
            "vis",
            [
              {
                "t": "\u2026 I {wi}freeze-framed{/wi} a scene in the promo for Monday's show and compared it to online photos of the hotel \u2026",
                "aq": {
                  "auth": "Debra Yeo"
                }
              }
            ]
          ]
        ]
      }
    ],
    "date": "1948{ds||1|a|}",
    "shortdef": [
      "a frame of a motion-picture film that is repeated so as to give the illusion of a static picture",
      "a static picture produced from a video recording",
      "something resembling a freeze-frame (as in reflecting or preserving a particular moment in time)"
    ]
  },
  {
    "meta": {
      "id": "mind frame",
      "uuid": "a3f05c72-ff90-4396-a873-013b996becab",
      "sort": "132828000",
      "src": "collegiate",
      "section": "alpha",
      "stems": [
        "mind frame",
        "mind frames"
      ],
      "offensive": false
    },
    "hwi": {
      "hw": "mind frame"
    },
    "fl": "noun",
    "def": [
      {
        "sseq": [
          [
            [
              "sense",
              {
                "dt": [
                  [
                    "text",
                    "{bc}a mental attitude or outlook {bc}{sx|mind-set||}, {sx|frame of mind||} "
                  ],
                  [
                    "vis",
                    [
                      {
                        "t": "a positive {wi}mind frame{/wi}"
                      }
                    ]
                  ]
                ]
              }
            ]
          ]
        ]
      }
    ],
    "date": "1982",
    "shortdef": [
      "a mental attitude or outlook : mind-set, frame of mind"
    ]
  }
]