[
  {
    "meta": {
      "id": "frame of reference",
      "uuid": "b815fd0a-8084-46d3-a900-782b9992e080",
      "sort": "063017000",
      "src": "collegiate",
      "section": "alpha",
      "stems": [
        "frame of reference",
        "frames of reference"
      ],
      "offensive": false
    },
    "hwi": {
      "hw": "frame of reference"
    },
    "fl": "noun phrase",
    "def": [
      {
        "sseq": [
          [
            [
              "sense",
              {
                "sn": "1",
                "dt": [
                  [
                    "text",
                    "{bc}an arbitrary set of axes with reference to which the position or motion of something is described or physical laws are formulated"
                  ]
                ]
              }
            ]
          ],
          [
            [
              "sense",
              {
                "sn": "2",
                "dt": [
                  [
                    "text",
                    "{bc}a set of ideas, conditions, or assumptions that determine how something will be approached, perceived, or understood "
                  ],
                  [
                    "vis",
                    [
                      {
                        "t": "a Marxian {it}frame of reference{/it}"
                      }
                    ]
                  ]
                ]
              }
            ]
          ]
        ]
      }
    ],
    "date": "1895{ds||1||}",
    "shortdef": [
      "an arbitrary set of axes with reference to which the position or motion of something is described or physical laws are formulated",
      "a set of ideas, conditions, or assumptions that determine how something will be approached, perceived, or understood"
    ]
  }
]