[
  {
    "meta": {
      "id": "freezing:1",
      "uuid": "d827b032-724d-4f39-b739-401bcef2cff5",
      "sort": "063199333",
      "src": "collegiate",
      "section": "alpha",
      "stems": [
        "freezing",
        "freezing cold"
      ],
      "offensive": false
    },
    "hom": 1,
    "hwi": {
      "hw": "freez*ing",
      "prs": [
        {
          "mw": "\u02c8fr\u0113-zi\u014b",
          "sound": {
            "audio": "freezing_1",
            "ref": "owl",
            "stat": "1"
          }
        }
      ]
    },
    "fl": "adjective",
    "def": [
      {
        "sseq": [
          [
            [
              "sense",
              {
                "sn": "1",
                "dt": [
                  [
                    "text",
                    "{bc}very cold "
                  ],
                  [
                    "vis",
                    [
                      {
                        "t": "\"Put on your jacket. It's {wi}freezing{/wi} outside!\""
                      },
                      {
                        "t": "Addy rushed home through the darkening streets as if she were pushed along by the wind. She was {wi}freezing{/wi}!",
                        "aq": {
                          "auth": "Connie Porter"
                        }
                      }
                    ]
                  ]
                ]
              }
            ]
          ],
          [
            [
              "sense",
              {
                "sn": "2",
                "dt": [
                  [
                    "text",
                    "{bc}being at or below the temperature at which water freezes "
                  ],
                  [
                    "vis",
                    [
                      {
                        "t": "a forecast for {wi}freezing{/wi} temperatures overnight"
                      }
                    ]
                  ]
                ]
              }
            ]
          ]
        ]
      }
    ],
    "uros": [
      {
        "ure": "freezing",
        "fl": "adverb",
        "utxt": [
          [
            "vis",
            [
              {
                "t": "The weather was {phrase}freezing cold{/phrase}. {gloss}=very cold{/gloss}"
              }
            ]
          ]
        ]
      },
      {
        "ure": "freez*ing*ly",
        "fl": "adverb",
        "utxt": [
          [
            "vis",
            [
              {
                "t": "{wi}freezingly{/wi} cold temperatures"
              },
              {
                "t": "Mrs. Reed's hands still lay on her work inactive: her eye of ice continued to dwell {wi}freezingly{/wi} on mine.",
                "aq": {
                  "auth": "Charlotte Bront\u00eb"
                }
              }
            ]
          ]
        ]
      }
    ],
    "date": "circa 1616{ds||2||}",
    "shortdef": [
      "very cold",
      "being at or below the temperature at which water freezes"
    ]
  },
  {
    "meta": {
      "id": "freezing:2",
      "uuid": "bb7bf267-177f-4f41-aa6f-603ed7413e0b",
      "sort": "063199667",
      "src": "collegiate",
      "section": "alpha",
      "stems": [
        "freezing",
        "freezings"
      ],
      "offensive": false
    },
    "hom": 2,
    "hwi": {
      "hw": "freezing"
    },
    "fl": "noun",
    "def": [
      {
        "sseq": [
          [
            [
              "sense",
              {
                "dt": [
                  [
                    "text",
                    "{bc}the temperature at which water freezes "
                  ],
                  [
                    "vis",
                    [
                      {
                        "t": "temperatures dipping below {wi}freezing{/wi}"
                      }
                    ]
                  ]
                ]
              }
            ]
          ]
        ]
      }
    ],
    "date": "1777",
    "shortdef": [
      "the temperature at which water freezes"
    ]
  },
  {
    "meta": {
      "id": "freeze:1",
      "uuid": "0cb81396-5b70-4be0-bce5-7a527b4ce09e",
      "sort": "063190000",
      "src": "collegiate",
      "section": "alpha",
      "stems": [
        "freeze",
        "freezes",
        "freezing",
        "froze",
        "frozen"
      ],
      "offensive": false
    },
    "hom": 1,
    "hwi": {
      "hw": "freeze",
      "prs": [
        {
          "mw": "\u02c8fr\u0113z",
          "sound": {
            "audio": "freeze01",
            "ref": "c",
            "stat": "1"
          }
        }
      ]
    },
    "fl": "verb",
    "ins": [
      {
        "if": "froze",
        "prs": [
          {
            "mw": "\u02c8fr\u014dz",
            "sound": {
              "audio": "freeze02",
              "ref": "c",
              "stat": "1"
            }
          }
        ]
      },
      {
        "if": "fro*zen",
        "prs": [
          {
            "mw": "\u02c8fr\u014d-z\u1d4an",
            "sound": {
              "audio": "freeze03",
              "ref": "c",
              "stat": "1"
            }
          }
        ]
      },
      {
        "if": "freez*ing"
      }
    ],
    "def": [
      {
        "vd": "intransitive verb",
        "sseq": [
          [
            [
              "sense",
              {
                "sn": "1 a",
                "dt": [
                  [
                    "text",
                    "{bc}to become congealed into ice by cold"
                  ]
                ]
              }
            ],
            [
              "sense",
              {
                "sn": "b",
                "dt": [
                  [
                    "text",
                    "{bc}to solidify as a result of abstraction of heat"
                  ]
                ]
              }
            ],
            [
              "sense",
              {
                "sn": "c",
                "dt": [
                  [
                    "text",
                    "{bc}to withstand freezing "
                  ],
                  [
                    "vis",
                    [
                      {
                        "t": "the bread {wi}freezes{/wi} well"
                      }
                    ]
                  ]
                ]
              }
            ]
          ],
          [
            [
              "sense",
              {
                "sn": "2",
                "dt": [
                  [
                    "text",
                    "{bc}to become chilled with cold "
                  ],
                  [
                    "vis",
                    [
                      {
                        "t": "almost {it}froze{/it} to death"
                      }
                    ]
                  ]
                ]
              }
            ]
          ],
          [
            [
              "sense",
              {
                "sn": "3",
                "dt": [
                  [
                    "text",
                    "{bc}to adhere solidly by or as if by freezing "
                  ],
                  [
                    "vis",
                    [
                      {
                        "t": "pressure caused the metals to {wi}freeze{/wi}"
                      }
                    ]
                  ]
                ]
              }
            ]
          ],
          [
            [
              "sense",
              {
                "sn": "4",
                "dt": [
                  [
                    "text",
                    "{bc}to become fixed or motionless"
                  ]
                ],
                "sdsense": {
                  "sd": "especially",
                  "dt": [
                    [
                      "text",
                      "{bc}to become incapable of acting or speaking"
                    ]
                  ]
                }
              }
            ]
          ],
          [
            [
              "sense",
              {
                "sn": "5",
                "dt": [
                  [
                    "text",
                    "{bc}to become clogged with ice "
                  ],
                  [
                    "vis",
                    [
                      {
                        "t": "the water pipes {it}froze{/it}"
                      }
                    ]
                  ]
                ]
              }
            ]
          ]
        ]
      },
      {
        "vd": "transitive verb",
        "sseq": [
          [
            [
              "sense",
              {
                "sn": "1 a",
                "dt": [
                  [
                    "text",
                    "{bc}to harden into ice"
                  ]
                ]
              }
            ],
            [
              "sense",
              {
                "sn": "b",
                "dt": [
                  [
                    "text",
                    "{bc}to convert from a liquid to a solid by cold"
                  ]
                ]
              }
            ]
          ],
          [
            [
              "sense",
              {
                "sn": "2",
                "dt": [
                  [
                    "text",
                    "{bc}to make extremely cold {bc}{sx|chill||}"
                  ]
                ]
              }
            ]
          ],
          [
            [
              "sense",
              {
                "sn": "3 a",
                "dt": [
                  [
                    "text",
                    "{bc}to act on usually destructively by frost"
                  ]
                ]
              }
            ],
            [
              "sense",
              {
                "sn": "b",
                "dt": [
                  [
                    "text",
                    "{bc}to anesthetize by cold"
                  ]
                ]
              }
            ]
          ],
          [
            [
              "sense",
              {
                "sn": "4",
                "dt": [
                  [
                    "text",
                    "{bc}to cause to grip tightly or remain in immovable contact"
                  ]
                ]
              }
            ]
          ],
          [
            [
              "sense",
              {
                "sn": "5 a",
                "dt": [
                  [
                    "text",
                    "{bc}to cause to become fixed, immovable, unavailable, or unalterable "
                  ],
                  [
                    "vis",
                    [
                      {
                        "t": "{wi}freeze{/wi} interest rates"
                      }
                    ]
                  ]
                ]
              }
            ],
            [
              "sense",
              {
                "sn": "b",
                "dt": [
                  [
                    "text",
                    "{bc}to immobilize by governmental regulation the expenditure, withdrawal, or exchange of "
                  ],
                  [
                    "vis",
                    [
                      {
                        "t": "{wi}freeze{/wi} foreign assets"
                      }
                    ]
                  ]
                ]
              }
            ],
            [
              "sense",
              {
                "sn": "c",
                "dt": [
                  [
                    "text",
                    "{bc}to render motionless "
                  ],
                  [
                    "vis",
                    [
                      {
                        "t": "a fake {it}froze{/it} the defender"
                      }
                    ]
                  ]
                ]
              }
            ]
          ],
          [
            [
              "sense",
              {
                "sn": "6",
                "dt": [
                  [
                    "text",
                    "{bc}to attempt to retain continuous possession of (a ball or puck) without an attempt to score usually in order to protect a small lead"
                  ]
                ]
              }
            ]
          ]
        ]
      }
    ],
    "et": [
      [
        "text",
        "Middle English {it}fresen{/it}, from Old English {it}fr\u0113osan{/it}; akin to Old High German {it}friosan{/it} to freeze, Latin {it}pruina{/it} hoarfrost, Old English {it}frost{/it} frost"
      ]
    ],
    "date": "before 12th century{ds|i|1|a|}",
    "shortdef": [
      "to become congealed into ice by cold",
      "to solidify as a result of abstraction of heat",
      "to withstand freezing"
    ]
  },
  {
    "meta": {
      "id": "freezing point",
      "uuid": "8c0ffe8d-71d7-45e5-a642-dc88d860901a",
      "sort": "063200000",
      "src": "collegiate",
      "section": "alpha",
      "stems": [
        "freezing point",
        "freezing points"
      ],
      "offensive": false
    },
    "hwi": {
      "hw": "freezing point"
    },
    "fl": "noun",
    "def": [
      {
        "sseq": [
          [
            [
              "sense",
              {
                "dt": [
                  [
                    "text",
                    "{bc}the temperature at which a liquid solidifies"
                  ]
                ]
              }
            ]
          ]
        ]
      }
    ],
    "date": "1747",
    "shortdef": [
      "the temperature at which a liquid solidifies"
    ]
  },
  {
    "meta": {
      "id": "freezing rain",
      "uuid": "1e5cad8a-6b97-443f-bbea-2476cde0d9ee",
      "sort": "063200500",
      "src": "collegiate",
      "section": "alpha",
      "stems": [
        "freezing rain"
      ],
      "offensive": false
    },
    "hwi": {
      "hw": "freezing rain"
    },
    "fl": "noun",
    "def": [
      {
        "sseq": [
          [
            [
              "sense",
              {
                "dt": [
                  [
                    "text",
                    "{bc}rain that freezes upon contact with a surface (such as the ground) "
                  ],
                  [
                    "vis",
                    [
                      {
                        "t": "But to Healy's surprise, a glaze of {wi}freezing rain{/wi} began to appear on the windshield.",
                        "aq": {
                          "auth": "Jon Vara"
                        }
                      },
                      {
                        "t": "This also explains why the stuff we call {wi}freezing rain{/wi} \u2026 falls as a liquid but then turns to a sheet of ice when it strikes the pavement or a tree branch.",
                        "aq": {
                          "auth": "Frederick K. Lutgens et al."
                        }
                      }
                    ]
                  ],
                  [
                    "text",
                    " {dx}compare {dxt|hail:1||}, {dxt|sleet:1||}, {dxt|snow:1||}{/dx}"
                  ]
                ]
              }
            ]
          ]
        ]
      }
    ],
    "date": "1672",
    "shortdef": [
      "rain that freezes upon contact with a surface (such as the ground)"
    ]
  },
  {
    "meta": {
      "id": "deep-freeze",
      "uuid": "63c3a457-71bc-4f38-bb74-92420c2b9cec",
      "sort": "040756000",
      "src": "collegiate",
      "section": "alpha",
      "stems": [
        "deep-freeze",
        "deep-freezes",
        "deep-freezing",
        "deep-froze",
        "deep-frozen"
      ],
      "offensive": false
    },
    "hwi": {
      "hw": "deep-freeze",
      "prs": [
        {
          "mw": "\u02c8d\u0113p-\u02c8fr\u0113z",
          "sound": {
            "audio": "deep_f01",
            "ref": "c",
            "stat": "1"
          }
        }
      ]
    },
    "fl": "verb",
    "ins": [
      {
        "ifc": "-froze",
        "if": "deep-froze",
        "prs": [
          {
            "mw": "\u02c8d\u0113p-\u02c8fr\u014dz",
            "sound": {
              "audio": "deep_f02",
              "ref": "c",
              "stat": "1"
            }
          }
        ]
      },
      {
        "ifc": "-fro*zen",
        "if": "deep-fro*zen",
        "prs": [
          {
            "mw": "\u02c8d\u0113p-\u02c8fr\u014d-z\u1d4an",
            "sound": {
              "audio": "deep_f03",
              "ref": "c",
              "stat": "1"
            }
          }
        ]
      }
    ],
    "def": [
      {
        "vd": "transitive verb",
        "sseq": [
          [
            [
              "sense",
              {
                "sn": "1",
                "dt": [
                  [
                    "text",
                    "{bc}{sx|quick-freeze||}"
                  ]
                ]
              }
            ]
          ],
          [
            [
              "sense",
              {
                "sn": "2",
                "dt": [
                  [
                    "text",
                    "{bc}to store in a frozen state"
                  ]
                ]
              }
            ]
          ]
        ]
      }
    ],
    "date": "1943{ds||1||}",
    "shortdef": [
      "quick-freeze",
      "to store in a frozen state"
    ]
  },
  {
    "meta": {
      "id": "flash freeze:1",
      "uuid": "af9d94d8-1ee7-447f-98b6-4592c500c0f1",
      "sort": "061741300",
      "src": "collegiate",
      "section": "alpha",
      "stems": [
        "flash freeze",
        "flash freezes",
        "flash freezing",
        "flash froze",
        "flash frozen",
        "flash-freeze",
        "flash-freezes",
        "flash-freezing",
        "flash-froze",
        "flash-frozen"
      ],
      "offensive": false
    },
    "hom": 1,
    "hwi": {
      "hw": "flash freeze"
    },
    "vrs": [
      {
        "vl": "or less commonly",
        "va": "flash-freeze",
        "prs": [
          {
            "mw": "\u02c8flash-\u02c8fr\u0113z",
            "sound": {
              "audio": "flash-freeze",
              "ref": "owl",
              "stat": "1"
            }
          }
        ]
      }
    ],
    "fl": "verb",
    "ins": [
      {
        "if": "flash froze"
      },
      {
        "il": "also",
        "if": "flash-froze",
        "prs": [
          {
            "mw": "\u02c8flash-\u02c8fr\u014dz",
            "sound": {
              "audio": "flash-froze",
              "ref": "owl",
              "stat": "1"
            }
          }
        ]
      },
      {
        "if": "flash frozen"
      },
      {
        "il": "also",
        "if": "flash-fro*zen",
        "prs": [
          {
            "mw": "\u02c8flash-\u02c8fr\u014d-z\u1d4an",
            "sound": {
              "audio": "flash-frozen",
              "ref": "owl",
              "stat": "1"
            }
          }
        ]
      },
      {
        "if": "flash freezing"
      },
      {
        "il": "also",
        "if": "flash-freez*ing"
      },
      {
        "if": "flash freezes"
      },
      {
        "il": "also",
        "if": "flash-freez*es"
      }
    ],
    "def": [
      {
        "vd": "transitive verb",
        "sseq": [
          [
            [
              "sense",
              {
                "dt": [
                  [
                    "text",
                    "{bc}to freeze rapidly "
                  ],
                  [
                    "vis",
                    [
                      {
                        "t": "The physician then inserts a specialized catheter through the endoscope, selects the targeted area and sprays liquid nitrogen to {wi}flash freeze{/wi} the tissue.",
                        "aq": {
                          "source": "{it}Business Wire{/it}"
                        }
                      }
                    ]
                  ]
                ],
                "sdsense": {
                  "sd": "especially",
                  "dt": [
                    [
                      "text",
                      "{bc}to freeze something (such as food) quickly to minimize the formation of ice crystals "
                    ],
                    [
                      "vis",
                      [
                        {
                          "t": "Large catcher-processor vessels that {wi}flash freeze{/wi} shrimp whole \u2026 account for the majority of the shrimp catch in Alaska.",
                          "aq": {
                            "auth": "Santi Roberts"
                          }
                        },
                        {
                          "t": "The farm stand offers its own produce \u2026 ; \u2026 {wi}flash-frozen{/wi} wild salmon; local ice cream; and a variety of locally made dressings, honey and condiments.",
                          "aq": {
                            "auth": "Maureen Sullivan"
                          }
                        }
                      ]
                    ]
                  ]
                }
              }
            ]
          ]
        ]
      }
    ],
    "date": "1941",
    "shortdef": [
      "to freeze rapidly; especially : to freeze something (such as food) quickly to minimize the formation of ice crystals"
    ]
  },
  {
    "meta": {
      "id": "freeze out",
      "uuid": "7d6035a2-9e73-491a-9dbb-235e0e823d26",
      "sort": "063197000",
      "src": "collegiate",
      "section": "alpha",
      "stems": [
        "freeze out",
        "freeze-out",
        "freeze-outs",
        "freezes out",
        "freezing out",
        "froze out",
        "frozen out"
      ],
      "offensive": false
    },
    "hwi": {
      "hw": "freeze out"
    },
    "fl": "verb",
    "ins": [
      {
        "if": "froze out"
      },
      {
        "if": "fro*zen out"
      },
      {
        "if": "freez*ing out"
      },
      {
        "if": "freez*es out"
      }
    ],
    "def": [
      {
        "vd": "transitive verb",
        "sseq": [
          [
            [
              "sense",
              {
                "dt": [
                  [
                    "text",
                    "{bc}{sx|exclude||}"
                  ]
                ]
              }
            ]
          ]
        ]
      }
    ],
    "uros": [
      {
        "ure": "freeze-out",
        "prs": [
          {
            "mw": "\u02c8fr\u0113z-\u02ccau\u0307t",
            "sound": {
              "audio": "freeze10",
              "ref": "c",
              "stat": "1"
            }
          }
        ],
        "fl": "noun"
      }
    ],
    "date": "1861",
    "shortdef": [
      "exclude"
    ]
  },
  {
    "meta": {
      "id": "quick-freeze",
      "uuid": "2ca019b7-1589-4aa2-9055-d06470ccf86f",
      "sort": "170030800",
      "src": "collegiate",
      "section": "alpha",
      "stems": [
        "quick-freeze",
        "quick-freezes",
        "quick-freezing",
        "quick-froze",
        "quick-frozen"
      ],
      "offensive": false
    },
    "hwi": {
      "hw": "quick-freeze",
      "prs": [
        {
          "mw": "\u02c8kwik-\u02c8fr\u0113z",
          "sound": {
            "audio": "quickf01",
            "ref": "c",
            "stat": "1"
          }
        }
      ]
    },
    "fl": "verb",
    "ins": [
      {
        "ifc": "-froze",
        "if": "quick-froze",
        "prs": [
          {
            "mw": "\u02c8kwik-\u02c8fr\u014dz",
            "sound": {
              "audio": "quickf02",
              "ref": "c",
              "stat": "1"
            }
          }
        ]
      },
      {
        "ifc": "-fro*zen",
        "if": "quick-fro*zen",
        "prs": [
          {
            "mw": "\u02c8kwik-\u02c8fr\u014d-z\u1d4an",
            "sound": {
              "audio": "quickf03",
              "ref": "c",
              "stat": "1"
            }
          }
        ]
      },
      {
        "ifc": "-freez*ing",
        "if": "quick-freez*ing"
      }
    ],
    "def": [
      {
        "vd": "transitive verb",
        "sseq": [
          [
            [
              "sense",
              {
                "dt": [
                  [
                    "text",
                    "{bc}to freeze (food) for preservation so rapidly that ice crystals formed are too small to rupture the cells and the natural juices and flavor are preserved"
                  ]
                ]
              }
            ]
          ]
        ]
      }
    ],
    "date": "1928",
    "shortdef": [
      "to freeze (food) for preservation so rapidly that ice crystals formed are too small to rupture the cells and the natural juices and flavor are preserved"
    ]
  }
]