[
  {
    "meta": {
      "id": "frequency",
      "uuid": "a513e186-634e-4af0-8866-3444926004a2",
      "sort": "063247000",
      "src": "collegiate",
      "section": "alpha",
      "stems": [
        "frequencies",
        "frequency"
      ],
      "offensive": false
    },
    "hwi": {
      "hw": "fre*quen*cy",
      "prs": [
        {
          "mw": "\u02c8fr\u0113-kw\u0259n(t)-s\u0113",
          "sound": {
            "audio": "freque02",
            "ref": "c",
            "stat": "1"
          }
        }
      ]
    },
    "fl": "noun",
    "ins": [
      {
        "il": "plural",
        "ifc": "-cies",
        "if": "fre*quen*cies"
      }
    ],
    "def": [
      {
        "sseq": [
          [
            [
              "sense",
              {
                "sn": "1",
                "dt": [
                  [
                    "text",
                    "{bc}the fact or condition of occurring {a_link|frequently} "
                  ],
                  [
                    "vis",
                    [
                      {
                        "t": "the {wi}frequency{/wi} of automobile accidents"
                      }
                    ]
                  ]
                ]
              }
            ]
          ],
          [
            [
              "sense",
              {
                "sn": "2 a",
                "dt": [
                  [
                    "text",
                    "{bc}the number of times that a periodic function repeats the same sequence of values during a unit variation of the {d_link|independent variable|independent variable}"
                  ]
                ]
              }
            ],
            [
              "sense",
              {
                "sn": "b",
                "dt": [
                  [
                    "text",
                    "{bc}the number, proportion, or percentage of items in a particular category in a set of data"
                  ]
                ]
              }
            ]
          ],
          [
            [
              "bs",
              {
                "sense": {
                  "sn": "3",
                  "dt": [
                    [
                      "text",
                      "{bc}the number of repetitions of a periodic process in a unit of time: such as"
                    ]
                  ]
                }
              }
            ],
            [
              "sense",
              {
                "sn": "a",
                "dt": [
                  [
                    "text",
                    "{bc}the number of complete alternations {dx_def}see {dxt|alternation||1}{/dx_def} per second of an alternating current"
                  ]
                ]
              }
            ],
            [
              "sense",
              {
                "sn": "b",
                "dt": [
                  [
                    "text",
                    "{bc}the number of complete oscillations {dx_def}see {dxt|oscillation||3}{/dx_def} per second of energy (such as sound or electromagnetic radiation) in the form of waves"
                  ]
                ]
              }
            ]
          ]
        ]
      }
    ],
    "date": "1600{ds||1||}",
    "shortdef": [
      "the fact or condition of occurring frequently",
      "the number of times that a periodic function repeats the same sequence of values during a unit variation of the independent variable",
      "the number, proportion, or percentage of items in a particular category in a set of data"
    ]
  },
  {
    "meta": {
      "id": "frequency distribution",
      "uuid": "1f1ae7a8-6ea0-429c-8749-ce429023d26d",
      "sort": "063248000",
      "src": "collegiate",
      "section": "alpha",
      "stems": [
        "frequency distribution",
        "frequency distributions"
      ],
      "offensive": false
    },
    "hwi": {
      "hw": "frequency distribution"
    },
    "fl": "noun",
    "def": [
      {
        "sseq": [
          [
            [
              "sense",
              {
                "dt": [
                  [
                    "text",
                    "{bc}an arrangement of statistical data that exhibits the frequency of the occurrence of the values of a variable"
                  ]
                ]
              }
            ]
          ]
        ]
      }
    ],
    "date": "1895",
    "shortdef": [
      "an arrangement of statistical data that exhibits the frequency of the occurrence of the values of a variable"
    ]
  },
  {
    "meta": {
      "id": "frequency modulation",
      "uuid": "0df4f06c-17d2-4426-98c9-b1abbee162ef",
      "sort": "063249000",
      "src": "collegiate",
      "section": "alpha",
      "stems": [
        "frequency modulation",
        "frequency modulations"
      ],
      "offensive": false
    },
    "hwi": {
      "hw": "frequency modulation"
    },
    "fl": "noun",
    "def": [
      {
        "sseq": [
          [
            [
              "sense",
              {
                "dt": [
                  [
                    "text",
                    "{bc}modulation of the frequency of the carrier wave in accordance with speech or a signal"
                  ]
                ],
                "sdsense": {
                  "sd": "also",
                  "dt": [
                    [
                      "text",
                      "{bc}{sx|fm|FM:1|}"
                    ]
                  ]
                }
              }
            ]
          ]
        ]
      }
    ],
    "date": "1922",
    "shortdef": [
      "modulation of the frequency of the carrier wave in accordance with speech or a signal; also : fm"
    ]
  },
  {
    "meta": {
      "id": "frequency response",
      "uuid": "49de5c96-3897-411e-b1f4-135311c67a6c",
      "sort": "063250000",
      "src": "collegiate",
      "section": "alpha",
      "stems": [
        "frequency response",
        "frequency responses"
      ],
      "offensive": false
    },
    "hwi": {
      "hw": "frequency response"
    },
    "fl": "noun",
    "def": [
      {
        "sseq": [
          [
            [
              "sense",
              {
                "dt": [
                  [
                    "text",
                    "{bc}the ability of a device (such as an audio amplifier) to handle the frequencies applied to it"
                  ]
                ],
                "sdsense": {
                  "sd": "also",
                  "dt": [
                    [
                      "text",
                      "{bc}a graph representing this ability"
                    ]
                  ]
                }
              }
            ]
          ]
        ]
      }
    ],
    "date": "1926",
    "shortdef": [
      "the ability of a device (such as an audio amplifier) to handle the frequencies applied to it; also : a graph representing this ability"
    ]
  },
  {
    "meta": {
      "id": "extremely high frequency",
      "uuid": "0785d3da-10f5-4d5a-895c-8ccd3ca458c2",
      "sort": "050309400",
      "src": "collegiate",
      "section": "alpha",
      "stems": [
        "extremely high frequencies",
        "extremely high frequency"
      ],
      "offensive": false
    },
    "hwi": {
      "hw": "extremely high frequency"
    },
    "fl": "noun",
    "def": [
      {
        "sseq": [
          [
            [
              "sense",
              {
                "dt": [
                  [
                    "text",
                    "{bc}a radio frequency in the highest range of the radio spectrum {dx}see {dxt|Radio Frequencies Table|radio frequency|table}{/dx}"
                  ]
                ]
              }
            ]
          ]
        ]
      }
    ],
    "date": "1952",
    "shortdef": [
      "a radio frequency in the highest range of the radio spectrum"
    ]
  },
  {
    "meta": {
      "id": "extremely low frequency",
      "uuid": "fe157e1d-824c-42ae-b876-d131c8882421",
      "sort": "050309500",
      "src": "collegiate",
      "section": "alpha",
      "stems": [
        "extremely low frequency"
      ],
      "offensive": false
    },
    "hwi": {
      "hw": "extremely low frequency"
    },
    "fl": "noun",
    "def": [
      {
        "sseq": [
          [
            [
              "sense",
              {
                "dt": [
                  [
                    "text",
                    "{bc}a radio frequency in the lowest range of the radio spectrum {dx}see {dxt|Radio Frequencies Table|radio frequency|table}{/dx}"
                  ]
                ]
              }
            ]
          ]
        ]
      }
    ],
    "date": "1966",
    "shortdef": [
      "a radio frequency in the lowest range of the radio spectrum"
    ]
  },
  {
    "meta": {
      "id": "gene frequency",
      "uuid": "0b7659aa-09d8-4ee9-a005-258b0b7f0924",
      "sort": "070691000",
      "src": "collegiate",
      "section": "alpha",
      "stems": [
        "gene frequencies",
        "gene frequency"
      ],
      "offensive": false
    },
    "hwi": {
      "hw": "gene frequency"
    },
    "fl": "noun",
    "def": [
      {
        "sseq": [
          [
            [
              "sense",
              {
                "dt": [
                  [
                    "text",
                    "{bc}the ratio of the number of a specified allele in a population to the total of all alleles at its genetic locus"
                  ]
                ]
              }
            ]
          ]
        ]
      }
    ],
    "date": "1929",
    "shortdef": [
      "the ratio of the number of a specified allele in a population to the total of all alleles at its genetic locus"
    ]
  },
  {
    "meta": {
      "id": "high frequency",
      "uuid": "f0cdaa6a-9585-4cf1-8339-71315bfdce12",
      "sort": "080181800",
      "src": "collegiate",
      "section": "alpha",
      "stems": [
        "high frequencies",
        "high frequency"
      ],
      "offensive": false
    },
    "hwi": {
      "hw": "high frequency"
    },
    "fl": "noun",
    "def": [
      {
        "sseq": [
          [
            [
              "sense",
              {
                "dt": [
                  [
                    "text",
                    "{bc}a radio frequency between very high frequency and medium frequency {dx}see {dxt|Radio Frequencies Table|radio frequency|table}{/dx}"
                  ]
                ]
              }
            ]
          ]
        ]
      }
    ],
    "date": "1892",
    "shortdef": [
      "a radio frequency between very high frequency and medium frequency"
    ]
  },
  {
    "meta": {
      "id": "low frequency",
      "uuid": "460fbc16-0c5a-4163-a7bc-00a97d7683ec",
      "sort": "120269400",
      "src": "collegiate",
      "section": "alpha",
      "stems": [
        "low frequencies",
        "low frequency"
      ],
      "offensive": false
    },
    "hwi": {
      "hw": "low frequency"
    },
    "fl": "noun",
    "def": [
      {
        "sseq": [
          [
            [
              "sense",
              {
                "dt": [
                  [
                    "text",
                    "{bc}a radio frequency between medium frequency and very low frequency {dx}see {dxt|Radio Frequencies Table|radio frequency|table}{/dx}"
                  ]
                ]
              }
            ]
          ]
        ]
      }
    ],
    "date": "1937",
    "shortdef": [
      "a radio frequency between medium frequency and very low frequency"
    ]
  },
  {
    "meta": {
      "id": "medium frequency",
      "uuid": "4f92b90a-132c-4fe0-8f25-0e618e792f93",
      "sort": "131615000",
      "src": "collegiate",
      "section": "alpha",
      "stems": [
        "medium frequencies",
        "medium frequency"
      ],
      "offensive": false
    },
    "hwi": {
      "hw": "medium frequency"
    },
    "fl": "noun",
    "def": [
      {
        "sseq": [
          [
            [
              "sense",
              {
                "dt": [
                  [
                    "text",
                    "{bc}a radio frequency between high frequency and low frequency {dx}see {dxt|Radio Frequencies Table|radio frequency|table}{/dx}"
                  ]
                ]
              }
            ]
          ]
        ]
      }
    ],
    "date": "1920",
    "shortdef": [
      "a radio frequency between high frequency and low frequency"
    ]
  }
]