[
  {
    "meta": {
      "id": "gas:1",
      "uuid": "b6b12f39-e791-4785-bba5-310c1a4db959",
      "sort": "070419000",
      "src": "collegiate",
      "section": "alpha",
      "stems": [
        "gas",
        "gases",
        "gasses"
      ],
      "offensive": false
    },
    "hom": 1,
    "hwi": {
      "hw": "gas",
      "prs": [
        {
          "mw": "\u02c8gas",
          "sound": {
            "audio": "gas00001",
            "ref": "c",
            "stat": "1"
          }
        }
      ]
    },
    "fl": "noun",
    "ins": [
      {
        "il": "plural",
        "if": "gas*es"
      },
      {
        "il": "also",
        "if": "gas*ses"
      }
    ],
    "def": [
      {
        "sseq": [
          [
            [
              "sense",
              {
                "sn": "1",
                "dt": [
                  [
                    "text",
                    "{bc}a fluid (such as air) that has neither independent shape nor volume but tends to expand indefinitely"
                  ]
                ]
              }
            ]
          ],
          [
            [
              "sense",
              {
                "sn": "2 a",
                "dt": [
                  [
                    "text",
                    "{bc}a combustible gas or gaseous mixture for fuel or lighting"
                  ]
                ],
                "sdsense": {
                  "sd": "especially",
                  "dt": [
                    [
                      "text",
                      "{bc}{sx|natural gas||}"
                    ]
                  ]
                }
              }
            ],
            [
              "sense",
              {
                "sn": "b",
                "dt": [
                  [
                    "text",
                    "{bc}a gaseous product of digestion"
                  ]
                ],
                "sdsense": {
                  "sd": "also",
                  "dt": [
                    [
                      "text",
                      "{bc}discomfort from this"
                    ]
                  ]
                }
              }
            ],
            [
              "sense",
              {
                "sn": "c",
                "dt": [
                  [
                    "text",
                    "{bc}a gas or gaseous mixture used to produce {d_link|anesthesia|anesthesia}"
                  ]
                ]
              }
            ],
            [
              "sense",
              {
                "sn": "d",
                "dt": [
                  [
                    "text",
                    "{bc}a substance that can be used to produce a poisonous, suffocating, or physically irritating atmosphere"
                  ]
                ]
              }
            ]
          ],
          [
            [
              "sense",
              {
                "sn": "3",
                "dt": [
                  [
                    "text",
                    "{bc}empty talk {bc}{sx|bombast||} "
                  ],
                  [
                    "vis",
                    [
                      {
                        "t": "His talk about quitting his job was all {wi}gas{/wi}."
                      }
                    ]
                  ]
                ]
              }
            ]
          ],
          [
            [
              "sense",
              {
                "sn": "4",
                "dt": [
                  [
                    "text",
                    "{bc}{sx|gasoline||}"
                  ]
                ],
                "sdsense": {
                  "sd": "also",
                  "dt": [
                    [
                      "text",
                      "{bc}the accelerator pedal of an automotive vehicle"
                    ]
                  ]
                }
              }
            ]
          ],
          [
            [
              "sense",
              {
                "sn": "5",
                "dt": [
                  [
                    "text",
                    "{bc}driving force {bc}{sx|energy||} "
                  ],
                  [
                    "vis",
                    [
                      {
                        "t": "I was young, and full of {wi}gas{/wi}",
                        "aq": {
                          "auth": "H. L. Mencken"
                        }
                      },
                      {
                        "t": "ran out of {wi}gas{/wi} in the seventh inning"
                      }
                    ]
                  ]
                ]
              }
            ]
          ],
          [
            [
              "sense",
              {
                "sn": "6",
                "sls": [
                  "slang"
                ],
                "dt": [
                  [
                    "text",
                    "{bc}something that gives pleasure {bc}{sx|delight||} "
                  ],
                  [
                    "vis",
                    [
                      {
                        "t": "the party was a {wi}gas{/wi}"
                      }
                    ]
                  ]
                ]
              }
            ]
          ],
          [
            [
              "sense",
              {
                "sn": "7",
                "sls": [
                  "baseball",
                  "informal"
                ],
                "dt": [
                  [
                    "text",
                    "{bc}fast and powerfully thrown pitches {bc}{sx|smoke||8} "
                  ],
                  [
                    "vis",
                    [
                      {
                        "t": "That's Nate on the mound in the glossy photo in his dad's office, throwing {wi}gas{/wi} in some Little League game.",
                        "aq": {
                          "auth": "Austin Murphy"
                        }
                      }
                    ]
                  ]
                ]
              }
            ]
          ]
        ]
      }
    ],
    "et": [
      [
        "text",
        "New Latin, alteration of Latin {it}chaos{/it} space, chaos"
      ]
    ],
    "date": "1779{ds||1||}",
    "shortdef": [
      "a fluid (such as air) that has neither independent shape nor volume but tends to expand indefinitely",
      "a combustible gas or gaseous mixture for fuel or lighting; especially : natural gas",
      "a gaseous product of digestion; also : discomfort from this"
    ]
  },
  {
    "meta": {
      "id": "gas:2",
      "uuid": "4fd4b3f4-7c9c-4c85-a4bb-6b6be06520c1",
      "sort": "070420000",
      "src": "collegiate",
      "section": "alpha",
      "stems": [
        "gas",
        "gases",
        "gassed",
        "gasses",
        "gassing"
      ],
      "offensive": false
    },
    "hom": 2,
    "hwi": {
      "hw": "gas"
    },
    "fl": "verb",
    "ins": [
      {
        "if": "gassed"
      },
      {
        "if": "gas*sing"
      }
    ],
    "def": [
      {
        "vd": "intransitive verb",
        "sseq": [
          [
            [
              "sense",
              {
                "sn": "1",
                "dt": [
                  [
                    "text",
                    "{bc}to talk idly or garrulously"
                  ]
                ]
              }
            ]
          ],
          [
            [
              "sense",
              {
                "sn": "2",
                "dt": [
                  [
                    "text",
                    "{bc}to give off gas {dx_def}see {dxt|gas:1||1}{/dx_def}"
                  ]
                ]
              }
            ]
          ],
          [
            [
              "sense",
              {
                "sn": "3",
                "dt": [
                  [
                    "text",
                    "{bc}to fill the tank (as of an automobile) with gasoline "
                  ],
                  [
                    "uns",
                    [
                      [
                        [
                          "text",
                          "usually used with {it}up{/it}"
                        ]
                      ]
                    ]
                  ]
                ]
              }
            ]
          ]
        ]
      },
      {
        "vd": "transitive verb",
        "sseq": [
          [
            [
              "sense",
              {
                "sn": "1",
                "dt": [
                  [
                    "text",
                    "{bc}to supply with gas or especially gasoline "
                  ],
                  [
                    "vis",
                    [
                      {
                        "t": "{wi}gas{/wi} up the car"
                      }
                    ]
                  ]
                ]
              }
            ]
          ],
          [
            [
              "sense",
              {
                "sn": "2 a",
                "dt": [
                  [
                    "text",
                    "{bc}to treat chemically with gas"
                  ]
                ]
              }
            ],
            [
              "sense",
              {
                "sn": "b",
                "dt": [
                  [
                    "text",
                    "{bc}to poison or otherwise affect adversely with gas"
                  ]
                ]
              }
            ]
          ],
          [
            [
              "sense",
              {
                "sn": "3",
                "sls": [
                  "slang"
                ],
                "dt": [
                  [
                    "text",
                    "{bc}to please greatly"
                  ]
                ]
              }
            ]
          ]
        ]
      }
    ],
    "et": [
      [
        "text",
        "derivative of {et_link|gas:1|gas:1}"
      ]
    ],
    "date": "1849{ds|i|1||}",
    "shortdef": [
      "to talk idly or garrulously",
      "to give off gas",
      "to fill the tank (as of an automobile) with gasoline \u2014usually used with up"
    ]
  },
  {
    "meta": {
      "id": "gas chamber",
      "uuid": "bcfb2036-7e74-4ab5-a9b0-05f0aa4f8b56",
      "sort": "070422000",
      "src": "collegiate",
      "section": "alpha",
      "stems": [
        "gas chamber",
        "gas chambers"
      ],
      "offensive": false
    },
    "hwi": {
      "hw": "gas chamber"
    },
    "fl": "noun",
    "def": [
      {
        "sseq": [
          [
            [
              "sense",
              {
                "dt": [
                  [
                    "text",
                    "{bc}a chamber in which prisoners are executed by poison gas"
                  ]
                ]
              }
            ]
          ]
        ]
      }
    ],
    "date": "1933",
    "shortdef": [
      "a chamber in which prisoners are executed by poison gas"
    ]
  },
  {
    "meta": {
      "id": "gas chromatograph",
      "uuid": "88342437-32de-430f-863e-32ed839946da",
      "sort": "070423000",
      "src": "collegiate",
      "section": "alpha",
      "stems": [
        "gas chromatograph",
        "gas chromatographs"
      ],
      "offensive": false
    },
    "hwi": {
      "hw": "gas chromatograph"
    },
    "fl": "noun",
    "def": [
      {
        "sseq": [
          [
            [
              "sense",
              {
                "dt": [
                  [
                    "text",
                    "{bc}an instrument used to separate a sample into components in gas chromatography"
                  ]
                ]
              }
            ]
          ]
        ]
      }
    ],
    "date": "1958",
    "shortdef": [
      "an instrument used to separate a sample into components in gas chromatography"
    ]
  },
  {
    "meta": {
      "id": "gas chromatography",
      "uuid": "9f52bd18-da05-4db8-b17e-da0ab659704a",
      "sort": "070424000",
      "src": "collegiate",
      "section": "alpha",
      "stems": [
        "gas chromatographic",
        "gas chromatographies",
        "gas chromatography"
      ],
      "offensive": false
    },
    "hwi": {
      "hw": "gas chromatography"
    },
    "fl": "noun",
    "def": [
      {
        "sseq": [
          [
            [
              "sense",
              {
                "dt": [
                  [
                    "text",
                    "{bc}chromatography in which the sample mixture is vaporized and injected into a stream of carrier gas (such as nitrogen or helium) moving through a column containing a stationary phase composed of a liquid or particulate solid and is separated into its component compounds according to their affinity for the stationary phase"
                  ]
                ]
              }
            ]
          ]
        ]
      }
    ],
    "uros": [
      {
        "ure": "gas chromatographic",
        "fl": "adjective"
      }
    ],
    "date": "1952",
    "shortdef": [
      "chromatography in which the sample mixture is vaporized and injected into a stream of carrier gas (such as nitrogen or helium) moving through a column containing a stationary phase composed of a liquid or particulate solid and is separated into its component compounds according to their affinity for the stationary phase"
    ]
  },
  {
    "meta": {
      "id": "gas fitter",
      "uuid": "8e0be43b-d6d9-4c35-8565-22ac80b67f4d",
      "sort": "070428000",
      "src": "collegiate",
      "section": "alpha",
      "stems": [
        "gas fitter",
        "gas fitters"
      ],
      "offensive": false
    },
    "hwi": {
      "hw": "gas fitter"
    },
    "fl": "noun",
    "def": [
      {
        "sseq": [
          [
            [
              "sense",
              {
                "dt": [
                  [
                    "text",
                    "{bc}a worker who installs or repairs gas pipes and appliances"
                  ]
                ]
              }
            ]
          ]
        ]
      }
    ],
    "date": "1849",
    "shortdef": [
      "a worker who installs or repairs gas pipes and appliances"
    ]
  },
  {
    "meta": {
      "id": "gas gangrene",
      "uuid": "483cc55a-99f6-4489-9441-01b3fff79e2a",
      "sort": "070429000",
      "src": "collegiate",
      "section": "alpha",
      "stems": [
        "gas gangrene",
        "gas gangrenes"
      ],
      "offensive": false
    },
    "hwi": {
      "hw": "gas gangrene"
    },
    "fl": "noun",
    "def": [
      {
        "sseq": [
          [
            [
              "sense",
              {
                "dt": [
                  [
                    "text",
                    "{bc}progressive gangrene marked by impregnation of the dead and dying tissue with gas and caused by one or more toxin-producing clostridia"
                  ]
                ]
              }
            ]
          ]
        ]
      }
    ],
    "date": "1914",
    "shortdef": [
      "progressive gangrene marked by impregnation of the dead and dying tissue with gas and caused by one or more toxin-producing clostridia"
    ]
  },
  {
    "meta": {
      "id": "gas-guzzler",
      "uuid": "6e9bdb9f-3911-4bc7-b4b8-aee70e98a084",
      "sort": "070430000",
      "src": "collegiate",
      "section": "alpha",
      "stems": [
        "gas-guzzler",
        "gas-guzzlers",
        "gas-guzzling"
      ],
      "offensive": false
    },
    "hwi": {
      "hw": "gas-guz*zler",
      "prs": [
        {
          "mw": "\u02c8gas-\u02c8g\u0259-z(\u0259-)l\u0259r",
          "sound": {
            "audio": "gasguz01",
            "ref": "c",
            "stat": "1"
          }
        }
      ]
    },
    "fl": "noun",
    "def": [
      {
        "sseq": [
          [
            [
              "sense",
              {
                "dt": [
                  [
                    "text",
                    "{bc}a usually large automobile that gets relatively poor mileage"
                  ]
                ]
              }
            ]
          ]
        ]
      }
    ],
    "uros": [
      {
        "ure": "gas-guz*zling",
        "prs": [
          {
            "mw": "\u02c8gas-\u02c8g\u0259-z(\u0259-)li\u014b",
            "sound": {
              "audio": "gasguz02",
              "ref": "c",
              "stat": "1"
            }
          }
        ],
        "fl": "adjective"
      }
    ],
    "date": "1928",
    "shortdef": [
      "a usually large automobile that gets relatively poor mileage"
    ]
  },
  {
    "meta": {
      "id": "gas-liquid chromatography",
      "uuid": "d65402f3-de78-434c-a7ed-7bd69adea99d",
      "sort": "070441000",
      "src": "collegiate",
      "section": "alpha",
      "stems": [
        "gas-liquid chromatographic",
        "gas-liquid chromatographies",
        "gas-liquid chromatography"
      ],
      "offensive": false
    },
    "hwi": {
      "hw": "gas-liquid chromatography"
    },
    "fl": "noun",
    "def": [
      {
        "sseq": [
          [
            [
              "sense",
              {
                "dt": [
                  [
                    "text",
                    "{bc}gas chromatography in which the stationary phase is a liquid"
                  ]
                ]
              }
            ]
          ]
        ]
      }
    ],
    "uros": [
      {
        "ure": "gas-liquid chromatographic",
        "fl": "adjective"
      }
    ],
    "date": "1952",
    "shortdef": [
      "gas chromatography in which the stationary phase is a liquid"
    ]
  },
  {
    "meta": {
      "id": "gas log",
      "uuid": "4552a3ee-c5bb-42d2-8281-5a2a7521e664",
      "sort": "070443000",
      "src": "collegiate",
      "section": "alpha",
      "stems": [
        "gas log",
        "gas logs"
      ],
      "offensive": false
    },
    "hwi": {
      "hw": "gas log"
    },
    "fl": "noun",
    "def": [
      {
        "sseq": [
          [
            [
              "sense",
              {
                "dt": [
                  [
                    "text",
                    "{bc}a hollow perforated imitation log used as a gas burner in a fireplace"
                  ]
                ]
              }
            ]
          ]
        ]
      }
    ],
    "date": "1871",
    "shortdef": [
      "a hollow perforated imitation log used as a gas burner in a fireplace"
    ]
  }
]