[
  {
    "meta": {
      "id": "gravity",
      "uuid": "016e78d7-42ad-483f-b08e-6fa54215961f",
      "sort": "072282000",
      "src": "collegiate",
      "section": "alpha",
      "stems": [
        "gravitation",
        "gravitational force",
        "gravities",
        "gravity"
      ],
      "offensive": false
    },
    "hwi": {
      "hw": "grav*i*ty",
      "prs": [
        {
          "mw": "\u02c8gra-v\u0259-t\u0113",
          "sound": {
            "audio": "gravit07",
            "ref": "c",
            "stat": "1"
          }
        }
      ]
    },
    "fl": "noun",
    "ins": [
      {
        "il": "plural",
        "ifc": "-ties",
        "if": "grav*i*ties"
      }
    ],
    "lbs": [
      "often attributive"
    ],
    "def": [
      {
        "sseq": [
          [
            [
              "sense",
              {
                "sn": "1 a",
                "dt": [
                  [
                    "text",
                    "{bc}dignity or sobriety of bearing "
                  ],
                  [
                    "vis",
                    [
                      {
                        "t": "a person of {wi}gravity{/wi} and learning"
                      }
                    ]
                  ]
                ]
              }
            ],
            [
              "sense",
              {
                "sn": "b",
                "dt": [
                  [
                    "text",
                    "{bc}{sx|importance||}, {sx|significance||}"
                  ]
                ],
                "sdsense": {
                  "sd": "especially",
                  "dt": [
                    [
                      "text",
                      "{bc}{sx|seriousness||} "
                    ],
                    [
                      "vis",
                      [
                        {
                          "t": "the {wi}gravity{/wi} of the offense"
                        }
                      ]
                    ]
                  ]
                }
              }
            ],
            [
              "sense",
              {
                "sn": "c",
                "dt": [
                  [
                    "text",
                    "{bc}a serious situation or problem"
                  ]
                ]
              }
            ]
          ],
          [
            [
              "sense",
              {
                "sn": "2",
                "dt": [
                  [
                    "text",
                    "{bc}{sx|weight||}"
                  ]
                ]
              }
            ]
          ],
          [
            [
              "pseq",
              [
                [
                  "sense",
                  {
                    "sn": "3 a (1)",
                    "dt": [
                      [
                        "text",
                        "{bc}the {a_link|gravitational} attraction of the mass of the earth, the moon, or a planet for bodies at or near its surface"
                      ]
                    ]
                  }
                ],
                [
                  "sense",
                  {
                    "sn": "(2)",
                    "dt": [
                      [
                        "text",
                        "{bc}a fundamental physical force that is responsible for interactions which occur because of mass between particles, between aggregations of matter (such as stars and planets), and between particles (such as photons) and aggregations of matter, that is 10{sup}-39{/sup} times the strength of the strong force, and that extends over infinite distances but is dominant over macroscopic distances especially between aggregations of matter "
                      ],
                      [
                        "ca",
                        {
                          "intro": "called also",
                          "cats": [
                            {
                              "cat": "gravitation"
                            },
                            {
                              "cat": "gravitational force"
                            }
                          ]
                        }
                      ],
                      [
                        "text",
                        " {dx}compare {dxt|electromagnetism||2a}, {dxt|strong force||}, {dxt|weak force||}{/dx}"
                      ]
                    ]
                  }
                ]
              ]
            ],
            [
              "sense",
              {
                "sn": "b",
                "dt": [
                  [
                    "text",
                    "{bc}{sx|acceleration of gravity||}"
                  ]
                ]
              }
            ],
            [
              "sense",
              {
                "sn": "c",
                "dt": [
                  [
                    "text",
                    "{bc}{sx|specific gravity||}"
                  ]
                ]
              }
            ]
          ]
        ]
      }
    ],
    "et": [
      [
        "text",
        "Middle French or Latin; Middle French {it}gravit\u00e9{/it}, from Latin {it}gravitat-, gravitas{/it}, from {it}gravis{/it} {dx_ety}see {dxt|grave:2||}{/dx_ety}"
      ]
    ],
    "date": "1505{ds||1|a|}",
    "shortdef": [
      "dignity or sobriety of bearing",
      "importance, significance; especially : seriousness",
      "a serious situation or problem"
    ]
  },
  {
    "meta": {
      "id": "gravity wave",
      "uuid": "6df23cae-e9fb-43ee-a1e6-75fd2f27861c",
      "sort": "072283000",
      "src": "collegiate",
      "section": "alpha",
      "stems": [
        "gravity wave",
        "gravity waves"
      ],
      "offensive": false
    },
    "hwi": {
      "hw": "gravity wave"
    },
    "fl": "noun",
    "def": [
      {
        "sseq": [
          [
            [
              "sense",
              {
                "sn": "1",
                "dt": [
                  [
                    "text",
                    "{bc}a wave in a fluid (such as the ocean or the atmosphere) which is propagated because of the tendency of gravity to maintain a uniform level or in which gravity is the restoring force"
                  ]
                ]
              }
            ]
          ],
          [
            [
              "sense",
              {
                "sn": "2",
                "dt": [
                  [
                    "text",
                    "{bc}{sx|gravitational wave||}"
                  ]
                ]
              }
            ]
          ]
        ]
      }
    ],
    "date": "1877{ds||1||}",
    "shortdef": [
      "a wave in a fluid (such as the ocean or the atmosphere) which is propagated because of the tendency of gravity to maintain a uniform level or in which gravity is the restoring force",
      "gravitational wave"
    ]
  },
  {
    "meta": {
      "id": "acceleration of gravity",
      "uuid": "b51e8782-f9ca-43e4-904f-048c9183b92e",
      "sort": "010350000",
      "src": "collegiate",
      "section": "alpha",
      "stems": [
        "acceleration of gravity",
        "g"
      ],
      "offensive": false
    },
    "hwi": {
      "hw": "acceleration of gravity"
    },
    "fl": "noun phrase",
    "def": [
      {
        "sls": [
          "physics"
        ],
        "sseq": [
          [
            [
              "sense",
              {
                "dt": [
                  [
                    "text",
                    "{bc}the acceleration of a body in free fall under the influence of earth's gravity expressed as the rate of increase of velocity per unit of time and assigned the standard value of 980.665 centimeters per second per second "
                  ],
                  [
                    "ca",
                    {
                      "intro": "called also",
                      "cats": [
                        {
                          "cat": "g"
                        }
                      ]
                    }
                  ]
                ]
              }
            ]
          ]
        ]
      }
    ],
    "date": "1722",
    "shortdef": [
      "the acceleration of a body in free fall under the influence of earth's gravity expressed as the rate of increase of velocity per unit of time and assigned the standard value of 980.665 centimeters per second per second \u2014called also g"
    ]
  },
  {
    "meta": {
      "id": "center of gravity",
      "uuid": "eaff1e42-04df-4462-afa0-7df7734efd41",
      "sort": "031763000",
      "src": "collegiate",
      "section": "alpha",
      "stems": [
        "center of gravity"
      ],
      "offensive": false
    },
    "hwi": {
      "hw": "center of gravity"
    },
    "fl": "noun phrase",
    "def": [
      {
        "sseq": [
          [
            [
              "sense",
              {
                "sn": "1",
                "dt": [
                  [
                    "text",
                    "{bc}{sx|center of mass||}"
                  ]
                ]
              }
            ]
          ],
          [
            [
              "sense",
              {
                "sn": "2",
                "dt": [
                  [
                    "text",
                    "{bc}the point at which the entire weight of a body may be considered as concentrated so that if supported at this point the body would remain in equilibrium in any position"
                  ]
                ]
              }
            ]
          ],
          [
            [
              "sense",
              {
                "sn": "3",
                "dt": [
                  [
                    "text",
                    "{bc}{sx|center||2a}"
                  ]
                ]
              }
            ]
          ]
        ]
      }
    ],
    "date": "1633{ds||1||}",
    "shortdef": [
      "center of mass",
      "the point at which the entire weight of a body may be considered as concentrated so that if supported at this point the body would remain in equilibrium in any position",
      "center"
    ]
  },
  {
    "meta": {
      "id": "specific gravity",
      "uuid": "0d84f3f1-135f-4e56-afb9-60c5492b1440",
      "sort": "194643400",
      "src": "collegiate",
      "section": "alpha",
      "stems": [
        "specific gravities",
        "specific gravity"
      ],
      "offensive": false
    },
    "hwi": {
      "hw": "specific gravity"
    },
    "fl": "noun",
    "def": [
      {
        "sseq": [
          [
            [
              "sense",
              {
                "dt": [
                  [
                    "text",
                    "{bc}the ratio of the density of a substance to the density of some substance (such as pure water) taken as a standard when both densities are obtained by weighing in air"
                  ]
                ]
              }
            ]
          ]
        ]
      }
    ],
    "date": "1660",
    "shortdef": [
      "the ratio of the density of a substance to the density of some substance (such as pure water) taken as a standard when both densities are obtained by weighing in air"
    ]
  },
  {
    "meta": {
      "id": "zero gravity",
      "uuid": "00a4dca6-494a-477b-995b-aecca8e2d1e9",
      "sort": "260084000",
      "src": "collegiate",
      "section": "alpha",
      "stems": [
        "zero gravity"
      ],
      "offensive": false
    },
    "hwi": {
      "hw": "zero gravity"
    },
    "fl": "noun",
    "def": [
      {
        "sseq": [
          [
            [
              "sense",
              {
                "dt": [
                  [
                    "text",
                    "{bc}the state or condition of lacking apparent gravitational pull {bc}{sx|weightlessness||}"
                  ]
                ]
              }
            ]
          ]
        ]
      }
    ],
    "date": "1915",
    "shortdef": [
      "the state or condition of lacking apparent gravitational pull : weightlessness"
    ]
  }
]