[
  {
    "meta": {
      "id": "gyroscope",
      "uuid": "9c640719-829e-46c4-bb97-bb2ad40394c7",
      "sort": "073046000",
      "src": "collegiate",
      "section": "alpha",
      "stems": [
        "gyroscope",
        "gyroscopes",
        "gyroscopic",
        "gyroscopically"
      ],
      "offensive": false
    },
    "hwi": {
      "hw": "gy*ro*scope",
      "prs": [
        {
          "mw": "\u02c8j\u012b-r\u0259-\u02ccsk\u014dp",
          "sound": {
            "audio": "gyrosc01",
            "ref": "c",
            "stat": "1"
          }
        },
        {
          "l": "British also",
          "mw": "\u02c8g\u012b-"
        }
      ]
    },
    "fl": "noun",
    "def": [
      {
        "sseq": [
          [
            [
              "sense",
              {
                "dt": [
                  [
                    "text",
                    "{bc}a wheel or disk mounted to spin rapidly about an axis and also free to rotate about one or both of two axes perpendicular to each other and to the axis of spin so that a rotation of one of the two mutually perpendicular axes results from application of torque to the other when the wheel is spinning and so that the entire apparatus offers considerable opposition depending on the angular momentum to any torque that would change the direction of the axis of spin"
                  ]
                ]
              }
            ]
          ]
        ]
      }
    ],
    "uros": [
      {
        "ure": "gy*ro*scop*ic",
        "prs": [
          {
            "mw": "\u02ccj\u012b-r\u0259-\u02c8sk\u00e4-pik",
            "sound": {
              "audio": "gyrosc02",
              "ref": "c",
              "stat": "1"
            }
          }
        ],
        "fl": "adjective"
      },
      {
        "ure": "gy*ro*scop*i*cal*ly",
        "prs": [
          {
            "mw": "\u02ccj\u012b-r\u0259-\u02c8sk\u00e4-pi-k(\u0259-)l\u0113",
            "sound": {
              "audio": "gyrosc03",
              "ref": "c",
              "stat": "1"
            }
          }
        ],
        "fl": "adverb"
      }
    ],
    "art": {
      "artid": "gyrosco",
      "capt": "gyroscope"
    },
    "et": [
      [
        "text",
        "French"
      ]
    ],
    "date": "1856",
    "shortdef": [
      "a wheel or disk mounted to spin rapidly about an axis and also free to rotate about one or both of two axes perpendicular to each other and to the axis of spin so that a rotation of one of the two mutually perpendicular axes results from application of torque to the other when the wheel is spinning and so that the entire apparatus offers considerable opposition depending on the angular momentum to any torque that would change the direction of the axis of spin"
    ]
  }
]