[
  {
    "meta": {
      "id": "habitat",
      "uuid": "dd974a19-5f62-4125-b525-e9c2a86dbaef",
      "sort": "080002800",
      "src": "collegiate",
      "section": "alpha",
      "stems": [
        "habitat",
        "habitats"
      ],
      "offensive": false
    },
    "hwi": {
      "hw": "hab*i*tat",
      "prs": [
        {
          "mw": "\u02c8ha-b\u0259-\u02cctat",
          "sound": {
            "audio": "habita08",
            "ref": "c",
            "stat": "1"
          }
        }
      ]
    },
    "fl": "noun",
    "def": [
      {
        "sseq": [
          [
            [
              "sense",
              {
                "sn": "1 a",
                "dt": [
                  [
                    "text",
                    "{bc}the place or environment where a plant or animal naturally or normally lives and grows"
                  ]
                ]
              }
            ],
            [
              "sense",
              {
                "sn": "b",
                "dt": [
                  [
                    "text",
                    "{bc}the typical place of residence of a person or a group "
                  ],
                  [
                    "vis",
                    [
                      {
                        "t": "the arctic {wi}habitat{/wi} of the Inuit"
                      }
                    ]
                  ]
                ]
              }
            ],
            [
              "sense",
              {
                "sn": "c",
                "dt": [
                  [
                    "text",
                    "{bc}a housing for a controlled physical environment in which people can live under surrounding inhospitable conditions (as under the sea)"
                  ]
                ]
              }
            ]
          ],
          [
            [
              "sense",
              {
                "sn": "2",
                "dt": [
                  [
                    "text",
                    "{bc}the place where something is commonly found "
                  ],
                  [
                    "vis",
                    [
                      {
                        "t": "has its natural {wi}habitat{/wi} in university, in government, or in industrial laboratories",
                        "aq": {
                          "auth": "B. B. Watson"
                        }
                      }
                    ]
                  ]
                ]
              }
            ]
          ]
        ]
      }
    ],
    "et": [
      [
        "text",
        "Latin, it inhabits, from {it}habitare{/it}"
      ]
    ],
    "date": "1796{ds||1|a|}",
    "shortdef": [
      "the place or environment where a plant or animal naturally or normally lives and grows",
      "the typical place of residence of a person or a group",
      "a housing for a controlled physical environment in which people can live under surrounding inhospitable conditions (as under the sea)"
    ]
  }
]