[
  {
    "meta": {
      "id": "hand-eye coordination",
      "uuid": "5a1256d4-db45-46ff-a7ce-f8d61523ca68",
      "sort": "3008004000",
      "src": "ld",
      "section": "idioms",
      "stems": [
        "hand-eye coordination"
      ],
      "offensive": false
    },
    "hwi": {
      "hw": "hand-eye coordination"
    },
    "fl": "noun",
    "def": [
      {
        "sseq": [
          [
            [
              "sense",
              {
                "dt": [
                  [
                    "text",
                    "{bc}the way that one's hands and sight work together to be able to do things that require speed and accuracy (such as catching or hitting a ball) "
                  ],
                  [
                    "vis",
                    [
                      {
                        "t": "an athlete with good {it}hand-eye coordination{/it}"
                      }
                    ]
                  ]
                ]
              }
            ]
          ]
        ]
      }
    ],
    "shortdef": [
      "the way that one's hands and sight work together to be able to do things that require speed and accuracy (such as catching or hitting a ball)"
    ]
  }
]