[
  {
    "meta": {
      "id": "harmonic:2",
      "uuid": "6081cc59-320c-494b-bb5d-9c22e3e4e9b7",
      "sort": "080068400",
      "src": "collegiate",
      "section": "alpha",
      "stems": [
        "harmonic",
        "harmonics"
      ],
      "offensive": false
    },
    "hom": 2,
    "hwi": {
      "hw": "harmonic"
    },
    "fl": "noun",
    "def": [
      {
        "sseq": [
          [
            [
              "sense",
              {
                "sn": "1 a",
                "dt": [
                  [
                    "text",
                    "{bc}{sx|overtone||}"
                  ]
                ],
                "sdsense": {
                  "sd": "especially",
                  "dt": [
                    [
                      "text",
                      "{bc}one whose vibration frequency is an integral multiple of that of the fundamental"
                    ]
                  ]
                }
              }
            ],
            [
              "sense",
              {
                "sn": "b",
                "dt": [
                  [
                    "text",
                    "{bc}a flutelike tone produced on a stringed instrument by touching a vibrating string at a nodal point"
                  ]
                ]
              }
            ]
          ],
          [
            [
              "sense",
              {
                "sn": "2",
                "dt": [
                  [
                    "text",
                    "{bc}a component frequency of a complex wave (as of electromagnetic energy) that is an integral multiple of the fundamental frequency"
                  ]
                ]
              }
            ]
          ]
        ]
      }
    ],
    "date": "1777{ds||1|a|}",
    "shortdef": [
      "overtone; especially : one whose vibration frequency is an integral multiple of that of the fundamental",
      "a flutelike tone produced on a stringed instrument by touching a vibrating string at a nodal point",
      "a component frequency of a complex wave (as of electromagnetic energy) that is an integral multiple of the fundamental frequency"
    ]
  }
]