[
  {
    "meta": {
      "id": "heat:1",
      "uuid": "bd469fe8-2381-4ef7-b2b6-7f3a114b4170",
      "sort": "080106900",
      "src": "collegiate",
      "section": "alpha",
      "stems": [
        "heat",
        "heatable",
        "heated",
        "heating",
        "heats"
      ],
      "offensive": false
    },
    "hom": 1,
    "hwi": {
      "hw": "heat",
      "prs": [
        {
          "mw": "\u02c8h\u0113t",
          "sound": {
            "audio": "heat0001",
            "ref": "c",
            "stat": "1"
          }
        }
      ]
    },
    "fl": "verb",
    "ins": [
      {
        "if": "heat*ed"
      },
      {
        "if": "heat*ing"
      },
      {
        "if": "heats"
      }
    ],
    "def": [
      {
        "vd": "intransitive verb",
        "sseq": [
          [
            [
              "sense",
              {
                "sn": "1",
                "dt": [
                  [
                    "text",
                    "{bc}to become warm or hot "
                  ],
                  [
                    "vis",
                    [
                      {
                        "t": "water {wi}heating{/wi} in a kettle"
                      }
                    ]
                  ]
                ]
              }
            ]
          ],
          [
            [
              "sense",
              {
                "sn": "2",
                "dt": [
                  [
                    "text",
                    "{bc}to start to spoil from heat"
                  ]
                ]
              }
            ]
          ]
        ]
      },
      {
        "vd": "transitive verb",
        "sseq": [
          [
            [
              "sense",
              {
                "sn": "1",
                "dt": [
                  [
                    "text",
                    "{bc}to make warm or hot "
                  ],
                  [
                    "vis",
                    [
                      {
                        "t": "{wi}heat{/wi} a can of soup"
                      },
                      {
                        "t": "{wi}heat{/wi} the oven to 350 degrees"
                      }
                    ]
                  ]
                ]
              }
            ]
          ],
          [
            [
              "sense",
              {
                "sn": "2",
                "dt": [
                  [
                    "text",
                    "{bc}{sx|excite||} "
                  ],
                  [
                    "vis",
                    [
                      {
                        "t": "were {wi}heated{/wi} by his stirring words"
                      }
                    ]
                  ]
                ]
              }
            ]
          ]
        ]
      }
    ],
    "uros": [
      {
        "ure": "heat*able",
        "prs": [
          {
            "mw": "\u02c8h\u0113-t\u0259-b\u0259l",
            "sound": {
              "audio": "heat0002",
              "ref": "c",
              "stat": "1"
            }
          }
        ],
        "fl": "adjective"
      }
    ],
    "et": [
      [
        "text",
        "Middle English {it}heten,{/it} going back to Old English {it}h\u01e3tan,{/it} going back to Germanic {it}*haitjan-{/it} (whence also Middle Dutch {it}h\u0113ten{/it} \"to make warm,\" Old High German {it}heizen,{/it} Old Norse {it}heita{/it} \"to make hot, brew\"), derivative of {it}*haita-{/it} \"having a high temperature, burning\" {ma}{mat|hot:1|}{/ma}"
      ]
    ],
    "date": "before 12th century{ds|i|1||}",
    "shortdef": [
      "to become warm or hot",
      "to start to spoil from heat",
      "to make warm or hot"
    ]
  },
  {
    "meta": {
      "id": "heat:2",
      "uuid": "b79bdea0-8a89-4852-b887-e66cc1875f81",
      "sort": "080107000",
      "src": "collegiate",
      "section": "alpha",
      "stems": [
        "heat",
        "heatless",
        "heatproof",
        "heats"
      ],
      "offensive": false
    },
    "hom": 2,
    "hwi": {
      "hw": "heat"
    },
    "fl": "noun",
    "def": [
      {
        "sseq": [
          [
            [
              "pseq",
              [
                [
                  "sense",
                  {
                    "sn": "1 a (1)",
                    "dt": [
                      [
                        "text",
                        "{bc}a condition of being hot {bc}{sx|warmth||} "
                      ],
                      [
                        "vis",
                        [
                          {
                            "t": "snow melting in the {wi}heat{/wi} of the sun"
                          }
                        ]
                      ]
                    ]
                  }
                ],
                [
                  "sense",
                  {
                    "sn": "(2)",
                    "dt": [
                      [
                        "text",
                        "{bc}a marked or notable degree of hotness "
                      ],
                      [
                        "vis",
                        [
                          {
                            "t": "The {wi}heat{/wi} was intense."
                          }
                        ]
                      ]
                    ]
                  }
                ]
              ]
            ],
            [
              "sense",
              {
                "sn": "b",
                "dt": [
                  [
                    "text",
                    "{bc}pathological excessive bodily temperature "
                  ],
                  [
                    "vis",
                    [
                      {
                        "t": "the {wi}heat{/wi} of the fever"
                      }
                    ]
                  ]
                ]
              }
            ],
            [
              "sense",
              {
                "sn": "c",
                "dt": [
                  [
                    "text",
                    "{bc}a hot place or situation "
                  ],
                  [
                    "vis",
                    [
                      {
                        "t": "get out of the {wi}heat{/wi}"
                      }
                    ]
                  ]
                ]
              }
            ],
            [
              "pseq",
              [
                [
                  "sense",
                  {
                    "sn": "d (1)",
                    "dt": [
                      [
                        "text",
                        "{bc}a period of heat "
                      ],
                      [
                        "vis",
                        [
                          {
                            "t": "an unbroken {wi}heat{/wi}"
                          }
                        ]
                      ]
                    ]
                  }
                ],
                [
                  "sense",
                  {
                    "sn": "(2)",
                    "dt": [
                      [
                        "text",
                        "{bc}a single complete operation of making something warm or hot"
                      ]
                    ],
                    "sdsense": {
                      "sd": "also",
                      "dt": [
                        [
                          "text",
                          "{bc}the quantity of material so {a_link|heated}"
                        ]
                      ]
                    }
                  }
                ]
              ]
            ],
            [
              "pseq",
              [
                [
                  "sense",
                  {
                    "sn": "e (1)",
                    "sls": [
                      "physics"
                    ],
                    "dt": [
                      [
                        "text",
                        "{bc}added energy that causes substances to rise in temperature, fuse, evaporate, expand, or undergo any of various other related changes, that flows to a body by contact with or radiation from bodies at higher temperatures, and that can be produced in a body (as by compression)"
                      ]
                    ]
                  }
                ],
                [
                  "sense",
                  {
                    "sn": "(2)",
                    "sls": [
                      "physics"
                    ],
                    "dt": [
                      [
                        "text",
                        "{bc}the energy associated with the random motions of the molecules, atoms, or smaller structural units of which matter is composed"
                      ]
                    ]
                  }
                ]
              ]
            ],
            [
              "sense",
              {
                "sn": "f",
                "dt": [
                  [
                    "text",
                    "{bc}appearance, condition, or color of something as indicating its temperature "
                  ],
                  [
                    "vis",
                    [
                      {
                        "t": "when the rod is at the proper welding {wi}heat{/wi}"
                      }
                    ]
                  ]
                ]
              }
            ]
          ],
          [
            [
              "sense",
              {
                "sn": "2 a",
                "dt": [
                  [
                    "text",
                    "{bc}intensity of feeling or reaction {bc}{sx|passion||} "
                  ],
                  [
                    "vis",
                    [
                      {
                        "t": "answered with considerable {wi}heat{/wi}"
                      }
                    ]
                  ]
                ]
              }
            ],
            [
              "sense",
              {
                "sn": "b",
                "dt": [
                  [
                    "text",
                    "{bc}the height or stress of an action or condition "
                  ],
                  [
                    "vis",
                    [
                      {
                        "t": "in the {wi}heat{/wi} of battle"
                      }
                    ]
                  ]
                ]
              }
            ],
            [
              "sense",
              {
                "sn": "c",
                "dt": [
                  [
                    "text",
                    "{bc}sexual excitement especially in a female mammal "
                  ],
                  [
                    "vis",
                    [
                      {
                        "t": "like an animal in {wi}heat{/wi}"
                      }
                    ]
                  ]
                ],
                "sdsense": {
                  "sd": "specifically",
                  "dt": [
                    [
                      "text",
                      "{bc}{sx|estrus||}"
                    ]
                  ]
                }
              }
            ]
          ],
          [
            [
              "bs",
              {
                "sense": {
                  "sn": "3",
                  "dt": [
                    [
                      "text",
                      "{bc}a single continuous effort: such as"
                    ]
                  ]
                }
              }
            ],
            [
              "sense",
              {
                "sn": "a",
                "dt": [
                  [
                    "text",
                    "{bc}a single round of a contest (such as a race) having two or more rounds for each contestant "
                  ],
                  [
                    "vis",
                    [
                      {
                        "t": "won two {wi}heats{/wi} out of three"
                      }
                    ]
                  ]
                ]
              }
            ],
            [
              "sense",
              {
                "sn": "b",
                "dt": [
                  [
                    "text",
                    "{bc}one of several preliminary contests held to eliminate less competent contenders "
                  ],
                  [
                    "vis",
                    [
                      {
                        "t": "won the second {wi}heat{/wi} but finished third in the final race"
                      }
                    ]
                  ]
                ]
              }
            ]
          ],
          [
            [
              "sense",
              {
                "sn": "4",
                "dt": [
                  [
                    "text",
                    "{bc}pungency of flavor "
                  ],
                  [
                    "vis",
                    [
                      {
                        "t": "Add some cayenne pepper for extra {wi}heat{/wi}."
                      }
                    ]
                  ]
                ]
              }
            ]
          ],
          [
            [
              "sen",
              {
                "sn": "5 a",
                "sls": [
                  "slang"
                ]
              }
            ],
            [
              "pseq",
              [
                [
                  "sense",
                  {
                    "sn": "(1)",
                    "dt": [
                      [
                        "text",
                        "{bc}the intensification of law-enforcement activity or investigation "
                      ],
                      [
                        "vis",
                        [
                          {
                            "t": "waited until the {wi}heat{/wi} was off"
                          }
                        ]
                      ]
                    ]
                  }
                ],
                [
                  "sense",
                  {
                    "sn": "(2)",
                    "dt": [
                      [
                        "text",
                        "{bc}{sx|police||}"
                      ]
                    ]
                  }
                ]
              ]
            ],
            [
              "sense",
              {
                "sn": "b",
                "dt": [
                  [
                    "text",
                    "{bc}{sx|pressure||}, {sx|coercion||} "
                  ],
                  [
                    "vis",
                    [
                      {
                        "t": "turn up the {wi}heat{/wi} on your congressperson"
                      }
                    ]
                  ]
                ]
              }
            ],
            [
              "sense",
              {
                "sn": "c",
                "dt": [
                  [
                    "text",
                    "{bc}{sx|abuse||}, {sx|criticism||} "
                  ],
                  [
                    "vis",
                    [
                      {
                        "t": "took {wi}heat{/wi} for her mistakes"
                      }
                    ]
                  ]
                ]
              }
            ]
          ],
          [
            [
              "sense",
              {
                "sn": "6",
                "sls": [
                  "baseball"
                ],
                "dt": [
                  [
                    "text",
                    "{bc}{sx|smoke||8} "
                  ],
                  [
                    "vis",
                    [
                      {
                        "t": "throwing some {wi}heat{/wi}"
                      }
                    ]
                  ]
                ]
              }
            ]
          ],
          [
            [
              "sense",
              {
                "sn": "7",
                "sls": [
                  "slang"
                ],
                "dt": [
                  [
                    "text",
                    "{bc}{sx|gun||1b} "
                  ],
                  [
                    "vis",
                    [
                      {
                        "t": "was packing {wi}heat{/wi}"
                      }
                    ]
                  ]
                ]
              }
            ]
          ]
        ]
      }
    ],
    "uros": [
      {
        "ure": "heat*less",
        "prs": [
          {
            "mw": "\u02c8h\u0113t-l\u0259s",
            "sound": {
              "audio": "heat0003",
              "ref": "c",
              "stat": "1"
            }
          }
        ],
        "fl": "adjective"
      },
      {
        "ure": "heat*proof",
        "prs": [
          {
            "mw": "\u02c8h\u0113t-\u02ccpr\u00fcf",
            "sound": {
              "audio": "heat0004",
              "ref": "c",
              "stat": "1"
            }
          }
        ],
        "fl": "adjective"
      }
    ],
    "et": [
      [
        "text",
        "Middle English {it}hete,{/it} going back to Old English {it}h\u01e3tu,{/it} going back to Germanic {it}*hait\u012bn-{/it} (whence also Old Frisian {it}h\u0113te{/it} \"high temperature, heat,\" Old High German {it}heizi{/it}), noun derivative from {it}*haita-{/it} \"having a high temperature, burning\" {ma}{mat|hot:1|}{/ma}"
      ]
    ],
    "date": "before 12th century{ds||1|a|1}",
    "shortdef": [
      "a condition of being hot : warmth",
      "a marked or notable degree of hotness",
      "pathological excessive bodily temperature"
    ]
  },
  {
    "meta": {
      "id": "heat cramps",
      "uuid": "e10a1797-21e2-4a69-bd5e-41858b4fa232",
      "sort": "080107100",
      "src": "collegiate",
      "section": "alpha",
      "stems": [
        "heat cramps"
      ],
      "offensive": false
    },
    "hwi": {
      "hw": "heat cramps"
    },
    "fl": "plural noun",
    "def": [
      {
        "sseq": [
          [
            [
              "sense",
              {
                "dt": [
                  [
                    "text",
                    "{bc}a condition that is marked by sudden development of cramps in skeletal muscles and that results from prolonged work or exercise in high temperatures accompanied by profuse perspiration with loss of sodium chloride from the body"
                  ]
                ]
              }
            ]
          ]
        ]
      }
    ],
    "date": "1938",
    "shortdef": [
      "a condition that is marked by sudden development of cramps in skeletal muscles and that results from prolonged work or exercise in high temperatures accompanied by profuse perspiration with loss of sodium chloride from the body"
    ]
  },
  {
    "meta": {
      "id": "heat engine",
      "uuid": "9bbc20aa-32b4-419c-91b6-a586cf27fabb",
      "sort": "080107300",
      "src": "collegiate",
      "section": "alpha",
      "stems": [
        "heat engine",
        "heat engines"
      ],
      "offensive": false
    },
    "hwi": {
      "hw": "heat engine"
    },
    "fl": "noun",
    "def": [
      {
        "sseq": [
          [
            [
              "sense",
              {
                "dt": [
                  [
                    "text",
                    "{bc}a mechanism (such as an internal combustion engine) for converting heat energy into mechanical or electrical energy"
                  ]
                ]
              }
            ]
          ]
        ]
      }
    ],
    "date": "circa 1895",
    "shortdef": [
      "a mechanism (such as an internal combustion engine) for converting heat energy into mechanical or electrical energy"
    ]
  },
  {
    "meta": {
      "id": "heat exchanger",
      "uuid": "b43ccb57-d0e2-4238-8e2a-3dc4400ce430",
      "sort": "080107500",
      "src": "collegiate",
      "section": "alpha",
      "stems": [
        "heat exchanger",
        "heat exchangers"
      ],
      "offensive": false
    },
    "hwi": {
      "hw": "heat exchanger"
    },
    "fl": "noun",
    "def": [
      {
        "sseq": [
          [
            [
              "sense",
              {
                "dt": [
                  [
                    "text",
                    "{bc}a device (such as an automobile radiator) for transferring heat from one fluid to another without allowing them to mix"
                  ]
                ]
              }
            ]
          ]
        ]
      }
    ],
    "date": "1902",
    "shortdef": [
      "a device (such as an automobile radiator) for transferring heat from one fluid to another without allowing them to mix"
    ]
  },
  {
    "meta": {
      "id": "heat exhaustion",
      "uuid": "e6eae109-42c2-4f2c-965a-4c137b5a2fe7",
      "sort": "080107600",
      "src": "collegiate",
      "section": "alpha",
      "stems": [
        "heat exhaustion",
        "heat exhaustions",
        "heat prostration"
      ],
      "offensive": false
    },
    "hwi": {
      "hw": "heat exhaustion"
    },
    "fl": "noun",
    "def": [
      {
        "sseq": [
          [
            [
              "sense",
              {
                "dt": [
                  [
                    "text",
                    "{bc}a condition marked by weakness, nausea, dizziness, and profuse sweating that results from physical exertion in a hot environment "
                  ],
                  [
                    "ca",
                    {
                      "intro": "called also",
                      "cats": [
                        {
                          "cat": "heat prostration"
                        }
                      ]
                    }
                  ],
                  [
                    "text",
                    " {dx}compare {dxt|heatstroke||}{/dx}"
                  ]
                ]
              }
            ]
          ]
        ]
      }
    ],
    "date": "1861",
    "shortdef": [
      "a condition marked by weakness, nausea, dizziness, and profuse sweating that results from physical exertion in a hot environment \u2014called also heat prostration"
    ]
  },
  {
    "meta": {
      "id": "heat lightning",
      "uuid": "b3bdd1b9-74bf-4128-8cba-02fc93e4bb5f",
      "sort": "080108600",
      "src": "collegiate",
      "section": "alpha",
      "stems": [
        "heat lightning",
        "heat lightnings"
      ],
      "offensive": false
    },
    "hwi": {
      "hw": "heat lightning"
    },
    "fl": "noun",
    "def": [
      {
        "sseq": [
          [
            [
              "sense",
              {
                "dt": [
                  [
                    "text",
                    "{bc}vivid and extensive flashes of electric light without thunder seen near the horizon especially at the close of a hot day and ascribed to far-off lightning reflected by high clouds"
                  ]
                ]
              }
            ]
          ]
        ]
      }
    ],
    "date": "1810",
    "shortdef": [
      "vivid and extensive flashes of electric light without thunder seen near the horizon especially at the close of a hot day and ascribed to far-off lightning reflected by high clouds"
    ]
  },
  {
    "meta": {
      "id": "heat pump",
      "uuid": "648815ee-73c0-490d-8405-136cd80fd627",
      "sort": "080108700",
      "src": "collegiate",
      "section": "alpha",
      "stems": [
        "heat pump",
        "heat pumps"
      ],
      "offensive": false
    },
    "hwi": {
      "hw": "heat pump"
    },
    "fl": "noun",
    "def": [
      {
        "sseq": [
          [
            [
              "sense",
              {
                "dt": [
                  [
                    "text",
                    "{bc}an apparatus for heating or cooling (such as a building) by transferring heat by mechanical means from or to an external reservoir (such as the ground, water, or outside air)"
                  ]
                ]
              }
            ]
          ]
        ]
      }
    ],
    "date": "1894",
    "shortdef": [
      "an apparatus for heating or cooling (such as a building) by transferring heat by mechanical means from or to an external reservoir (such as the ground, water, or outside air)"
    ]
  },
  {
    "meta": {
      "id": "heat rash",
      "uuid": "53b1b9c3-1f15-4224-bcfa-9d459944953a",
      "sort": "080108800",
      "src": "collegiate",
      "section": "alpha",
      "stems": [
        "heat rash",
        "heat rashes"
      ],
      "offensive": false
    },
    "hwi": {
      "hw": "heat rash"
    },
    "fl": "noun",
    "def": [
      {
        "sseq": [
          [
            [
              "sense",
              {
                "dt": [
                  [
                    "text",
                    "{bc}{sx|prickly heat||}"
                  ]
                ]
              }
            ]
          ]
        ]
      }
    ],
    "date": "1887",
    "shortdef": [
      "prickly heat"
    ]
  },
  {
    "meta": {
      "id": "heat shield",
      "uuid": "4f7368dd-d0f1-4f18-b823-cb8fdce2c133",
      "sort": "080108900",
      "src": "collegiate",
      "section": "alpha",
      "stems": [
        "heat shield",
        "heat shields"
      ],
      "offensive": false
    },
    "hwi": {
      "hw": "heat shield"
    },
    "fl": "noun",
    "def": [
      {
        "sseq": [
          [
            [
              "sense",
              {
                "dt": [
                  [
                    "text",
                    "{bc}a barrier of ablative material to protect a space capsule from heat on its entry into an atmosphere"
                  ]
                ]
              }
            ]
          ]
        ]
      }
    ],
    "date": "1962",
    "shortdef": [
      "a barrier of ablative material to protect a space capsule from heat on its entry into an atmosphere"
    ]
  }
]