[
  {
    "meta": {
      "id": "human:1",
      "uuid": "573f57f8-1829-4eba-813f-a8fdc134dfcc",
      "sort": "080299500",
      "src": "collegiate",
      "section": "alpha",
      "stems": [
        "human",
        "humaner",
        "humanest",
        "humanness",
        "humannesses"
      ],
      "offensive": false
    },
    "hom": 1,
    "hwi": {
      "hw": "hu*man",
      "prs": [
        {
          "mw": "\u02c8hy\u00fc-m\u0259n",
          "sound": {
            "audio": "human001",
            "ref": "c",
            "stat": "1"
          }
        },
        {
          "mw": "\u02c8y\u00fc-"
        }
      ]
    },
    "fl": "adjective",
    "def": [
      {
        "sseq": [
          [
            [
              "sense",
              {
                "sn": "1",
                "dt": [
                  [
                    "text",
                    "{bc}of, relating to, or characteristic of humans {dx_def}see {dxt|human:2||}{/dx_def} "
                  ],
                  [
                    "vis",
                    [
                      {
                        "t": "the {wi}human{/wi} brain"
                      },
                      {
                        "t": "{wi}human{/wi} voices"
                      },
                      {
                        "t": "problems that have occurred throughout {wi}human{/wi} history"
                      }
                    ]
                  ]
                ]
              }
            ]
          ],
          [
            [
              "sense",
              {
                "sn": "2",
                "dt": [
                  [
                    "text",
                    "{bc}consisting of or involving humans "
                  ],
                  [
                    "vis",
                    [
                      {
                        "t": "everyone held hands and made a {wi}human{/wi} chain"
                      },
                      {
                        "t": "{wi}human{/wi} interactions"
                      },
                      {
                        "t": "{wi}human{/wi} spaceflight"
                      }
                    ]
                  ]
                ]
              }
            ]
          ],
          [
            [
              "sense",
              {
                "sn": "3 a",
                "dt": [
                  [
                    "text",
                    "{bc}having human form or attributes "
                  ],
                  [
                    "vis",
                    [
                      {
                        "t": "the statue is more {wi}human{/wi} than the beings at his feet",
                        "aq": {
                          "auth": "Clifton Fadiman"
                        }
                      }
                    ]
                  ]
                ]
              }
            ],
            [
              "sense",
              {
                "sn": "b",
                "dt": [
                  [
                    "text",
                    "{bc}representative of or susceptible to the sympathies and frailties of human nature "
                  ],
                  [
                    "vis",
                    [
                      {
                        "t": "{wi}human{/wi} kindness"
                      },
                      {
                        "t": "a {wi}human{/wi} weakness"
                      },
                      {
                        "t": "such an inconsistency is very {wi}human{/wi}",
                        "aq": {
                          "auth": "P. E. More"
                        }
                      }
                    ]
                  ]
                ]
              }
            ]
          ]
        ]
      }
    ],
    "uros": [
      {
        "ure": "hu*man*ness",
        "prs": [
          {
            "mw": "\u02c8hy\u00fc-m\u0259n-n\u0259s",
            "sound": {
              "audio": "human002",
              "ref": "c",
              "stat": "1"
            }
          },
          {
            "mw": "\u02c8y\u00fc-"
          }
        ],
        "fl": "noun"
      }
    ],
    "et": [
      [
        "text",
        "Middle English {it}humain{/it}, from Anglo-French, from Latin {it}humanus{/it}; akin to Latin {it}homo{/it} human being {ma}{mat|homage|}{/ma}"
      ]
    ],
    "date": "15th century{ds||2||}",
    "shortdef": [
      "of, relating to, or characteristic of humans",
      "consisting of or involving humans",
      "having human form or attributes"
    ]
  },
  {
    "meta": {
      "id": "human:2",
      "uuid": "aa45d915-759c-462b-b034-d210dac94112",
      "sort": "080299600",
      "src": "collegiate",
      "section": "alpha",
      "stems": [
        "human",
        "humanlike",
        "humans"
      ],
      "offensive": false
    },
    "hom": 2,
    "hwi": {
      "hw": "human"
    },
    "fl": "noun",
    "def": [
      {
        "sseq": [
          [
            [
              "sense",
              {
                "dt": [
                  [
                    "text",
                    "{bc}a bipedal primate mammal ({it}Homo sapiens{/it}) {bc}a person {bc}{sx|man||1c} "
                  ],
                  [
                    "uns",
                    [
                      [
                        [
                          "text",
                          "usually plural "
                        ],
                        [
                          "vis",
                          [
                            {
                              "t": "a disease that affects both {wi}humans{/wi} and animals"
                            },
                            {
                              "t": "incomprehensible to us {wi}humans{/wi}",
                              "aq": {
                                "auth": "William James"
                              }
                            }
                          ]
                        ]
                      ]
                    ]
                  ]
                ],
                "sdsense": {
                  "sd": "broadly",
                  "dt": [
                    [
                      "text",
                      "{bc}{sx|hominid||} "
                    ],
                    [
                      "vis",
                      [
                        {
                          "t": "the least developed of all ancestral {wi}humans{/wi}",
                          "aq": {
                            "auth": "A. L. Kroeber"
                          }
                        }
                      ]
                    ]
                  ]
                }
              }
            ]
          ]
        ]
      }
    ],
    "uros": [
      {
        "ure": "hu*man*like",
        "prs": [
          {
            "mw": "\u02c8hy\u00fc-m\u0259n-\u02ccl\u012bk",
            "sound": {
              "audio": "human003",
              "ref": "c",
              "stat": "1"
            }
          },
          {
            "mw": "\u02c8y\u00fc-"
          }
        ],
        "fl": "adjective"
      }
    ],
    "et": [
      [
        "text",
        "{dx_ety}see {dxt|human:1||}{/dx_ety}"
      ]
    ],
    "date": "1509",
    "shortdef": [
      "a bipedal primate mammal (Homo sapiens) : a person : man \u2014usually plural; broadly : hominid"
    ]
  },
  {
    "meta": {
      "id": "human being",
      "uuid": "9499f54c-a39a-4124-874b-60cbb785f7cf",
      "sort": "080299700",
      "src": "collegiate",
      "section": "alpha",
      "stems": [
        "human being",
        "human beings"
      ],
      "offensive": false
    },
    "hwi": {
      "hw": "human being"
    },
    "fl": "noun",
    "def": [
      {
        "sseq": [
          [
            [
              "sense",
              {
                "dt": [
                  [
                    "text",
                    "{bc}{sx|human||}"
                  ]
                ]
              }
            ]
          ]
        ]
      }
    ],
    "date": "1694",
    "shortdef": [
      "human"
    ]
  },
  {
    "meta": {
      "id": "human capital",
      "uuid": "5a0592ef-ad32-47e9-8e6a-bff86b2cd085",
      "sort": "080299750",
      "src": "collegiate",
      "section": "alpha",
      "stems": [
        "human capital"
      ],
      "offensive": false
    },
    "hwi": {
      "hw": "human capital"
    },
    "fl": "noun",
    "def": [
      {
        "sseq": [
          [
            [
              "sense",
              {
                "dt": [
                  [
                    "text",
                    "{bc}the skills, knowledge, and qualifications of a person, group, or workforce considered as economic assets "
                  ],
                  [
                    "vis",
                    [
                      {
                        "t": "Nothing is more important to a company, nation, or individual than intelligence. It is the fundamental key to problem-solving and wealth creation, and underpins the {wi}human capital{/wi} that drives every company and nation forward.",
                        "aq": {
                          "auth": "Peter H. Diamandis"
                        }
                      },
                      {
                        "t": "In fact, the evidence suggests that public investments in {wi}human capital{/wi}, including higher education, yield long-term economic rates of return that far exceed most standard investments in technology or capital.",
                        "aq": {
                          "auth": "Edward L. Glaeser"
                        }
                      },
                      {
                        "t": "All of this coincided with the emergence in academe of the idea of {ldquo}{wi}human capital{/wi}{rdquo}: the notion that the more skilled the work force, the more productive it tends to be.",
                        "aq": {
                          "auth": "Denis P. Doyle et al."
                        }
                      }
                    ]
                  ]
                ]
              }
            ]
          ]
        ]
      }
    ],
    "date": "1799",
    "shortdef": [
      "the skills, knowledge, and qualifications of a person, group, or workforce considered as economic assets"
    ]
  },
  {
    "meta": {
      "id": "human chorionic gonadotropin",
      "uuid": "2a059711-fa44-454b-a9b6-116fef5374d5",
      "sort": "080299800",
      "src": "collegiate",
      "section": "alpha",
      "stems": [
        "human chorionic gonadotropin",
        "human chorionic gonadotropins"
      ],
      "offensive": false
    },
    "hwi": {
      "hw": "human chorionic gonadotropin"
    },
    "fl": "noun",
    "def": [
      {
        "sseq": [
          [
            [
              "sense",
              {
                "dt": [
                  [
                    "text",
                    "{bc}a glycoprotein hormone similar in structure to luteinizing hormone that is secreted by the placenta during early pregnancy to maintain corpus luteum function and is commonly tested for as an indicator of pregnancy"
                  ]
                ]
              }
            ]
          ]
        ]
      }
    ],
    "date": "1939",
    "shortdef": [
      "a glycoprotein hormone similar in structure to luteinizing hormone that is secreted by the placenta during early pregnancy to maintain corpus luteum function and is commonly tested for as an indicator of pregnancy"
    ]
  },
  {
    "meta": {
      "id": "human ecology",
      "uuid": "2e3d85ae-5ff3-44e7-8920-9b49c1f42018",
      "sort": "080300000",
      "src": "collegiate",
      "section": "alpha",
      "stems": [
        "human ecologies",
        "human ecology"
      ],
      "offensive": false
    },
    "hwi": {
      "hw": "human ecology"
    },
    "fl": "noun",
    "def": [
      {
        "sseq": [
          [
            [
              "sense",
              {
                "sn": "1",
                "dt": [
                  [
                    "text",
                    "{bc}a branch of sociology dealing especially with the spatial and temporal interrelationships between humans and their economic, social, and political organization"
                  ]
                ]
              }
            ]
          ],
          [
            [
              "sense",
              {
                "sn": "2",
                "dt": [
                  [
                    "text",
                    "{bc}the ecology of human communities and populations especially as concerned with preservation of environmental quality (as of air or water) through proper application of conservation and civil engineering practices"
                  ]
                ]
              }
            ]
          ]
        ]
      }
    ],
    "date": "1907{ds||1||}",
    "shortdef": [
      "a branch of sociology dealing especially with the spatial and temporal interrelationships between humans and their economic, social, and political organization",
      "the ecology of human communities and populations especially as concerned with preservation of environmental quality (as of air or water) through proper application of conservation and civil engineering practices"
    ]
  },
  {
    "meta": {
      "id": "human engineering",
      "uuid": "5396b6b9-bfdd-45cd-bb04-3bbd1c7c0b2b",
      "sort": "080300100",
      "src": "collegiate",
      "section": "alpha",
      "stems": [
        "human engineering",
        "human engineerings"
      ],
      "offensive": false
    },
    "hwi": {
      "hw": "human engineering"
    },
    "fl": "noun",
    "def": [
      {
        "sseq": [
          [
            [
              "sense",
              {
                "sn": "1",
                "dt": [
                  [
                    "text",
                    "{bc}management of humans and their affairs especially in industry"
                  ]
                ]
              }
            ]
          ],
          [
            [
              "sense",
              {
                "sn": "2",
                "dt": [
                  [
                    "text",
                    "{bc}{sx|ergonomics||1}"
                  ]
                ]
              }
            ]
          ]
        ]
      }
    ],
    "date": "1911{ds||1||}",
    "shortdef": [
      "management of humans and their affairs especially in industry",
      "ergonomics"
    ]
  },
  {
    "meta": {
      "id": "human factors",
      "uuid": "23cf5264-1a2f-40bb-bbc5-777390721976",
      "sort": "080300200",
      "src": "collegiate",
      "section": "alpha",
      "stems": [
        "human factors"
      ],
      "offensive": false
    },
    "hwi": {
      "hw": "human factors"
    },
    "fl": "noun",
    "ins": [
      {
        "il": "plural in form but singular in construction"
      }
    ],
    "def": [
      {
        "sseq": [
          [
            [
              "sense",
              {
                "dt": [
                  [
                    "text",
                    "{bc}{sx|ergonomics||1}"
                  ]
                ]
              }
            ]
          ]
        ]
      }
    ],
    "date": "1946",
    "shortdef": [
      "ergonomics"
    ]
  },
  {
    "meta": {
      "id": "human growth hormone",
      "uuid": "5aa752f2-e453-44cd-8430-de8c7bea732f",
      "sort": "080300300",
      "src": "collegiate",
      "section": "alpha",
      "stems": [
        "human growth hormone",
        "human growth hormones"
      ],
      "offensive": false
    },
    "hwi": {
      "hw": "human growth hormone"
    },
    "fl": "noun",
    "def": [
      {
        "sseq": [
          [
            [
              "sense",
              {
                "dt": [
                  [
                    "text",
                    "{bc}the naturally occurring growth hormone of humans or a genetically engineered form that is used to treat children with growth hormone deficiencies and has been used especially by athletes to increase muscle mass"
                  ]
                ]
              }
            ]
          ]
        ]
      }
    ],
    "date": "1954",
    "shortdef": [
      "the naturally occurring growth hormone of humans or a genetically engineered form that is used to treat children with growth hormone deficiencies and has been used especially by athletes to increase muscle mass"
    ]
  },
  {
    "meta": {
      "id": "human immunodeficiency virus",
      "uuid": "a9df3963-6d9c-4cb2-bc6c-1e381ae5e5a2",
      "sort": "080300400",
      "src": "collegiate",
      "section": "alpha",
      "stems": [
        "human immunodeficiency virus",
        "human immunodeficiency viruses"
      ],
      "offensive": false
    },
    "hwi": {
      "hw": "human immunodeficiency virus"
    },
    "fl": "noun",
    "def": [
      {
        "sseq": [
          [
            [
              "sense",
              {
                "dt": [
                  [
                    "text",
                    "{bc}{sx|hiv||}"
                  ]
                ]
              }
            ]
          ]
        ]
      }
    ],
    "date": "1986",
    "shortdef": [
      "hiv"
    ]
  }
]