[
  {
    "meta": {
      "id": "identity",
      "uuid": "01d02ebb-a0db-4a1b-a238-317b87b6e596",
      "sort": "090187000",
      "src": "collegiate",
      "section": "alpha",
      "stems": [
        "identities",
        "identity"
      ],
      "offensive": false
    },
    "hwi": {
      "hw": "iden*ti*ty",
      "prs": [
        {
          "mw": "\u012b-\u02c8den-t\u0259-t\u0113",
          "sound": {
            "audio": "identi10",
            "ref": "c",
            "stat": "1"
          }
        },
        {
          "mw": "\u0259-"
        },
        {
          "mw": "-\u02c8de-n\u0259-"
        }
      ]
    },
    "fl": "noun",
    "ins": [
      {
        "il": "plural",
        "ifc": "-ties",
        "if": "iden*ti*ties"
      }
    ],
    "def": [
      {
        "sseq": [
          [
            [
              "sense",
              {
                "sn": "1 a",
                "dt": [
                  [
                    "text",
                    "{bc}the distinguishing character or personality of an individual {bc}{sx|individuality||}"
                  ]
                ]
              }
            ],
            [
              "sense",
              {
                "sn": "b",
                "dt": [
                  [
                    "text",
                    "{bc}the relation established by psychological {a_link|identification}"
                  ]
                ]
              }
            ]
          ],
          [
            [
              "sense",
              {
                "sn": "2",
                "dt": [
                  [
                    "text",
                    "{bc}the condition of being the same with something described or asserted "
                  ],
                  [
                    "vis",
                    [
                      {
                        "t": "establish the {wi}identity{/wi} of stolen goods"
                      }
                    ]
                  ]
                ]
              }
            ]
          ],
          [
            [
              "sense",
              {
                "sn": "3 a",
                "dt": [
                  [
                    "text",
                    "{bc}sameness of essential or generic character in different instances"
                  ]
                ]
              }
            ],
            [
              "sense",
              {
                "sn": "b",
                "dt": [
                  [
                    "text",
                    "{bc}sameness in all that constitutes the objective reality of a thing {bc}{sx|oneness||}"
                  ]
                ]
              }
            ]
          ],
          [
            [
              "sense",
              {
                "sn": "4",
                "dt": [
                  [
                    "text",
                    "{bc}an equation that is satisfied for all values of the symbols"
                  ]
                ]
              }
            ]
          ],
          [
            [
              "sense",
              {
                "sn": "5",
                "dt": [
                  [
                    "text",
                    "{bc}{sx|identity element||}"
                  ]
                ]
              }
            ]
          ]
        ]
      }
    ],
    "et": [
      [
        "text",
        "Middle French {it}identit\u00e9{/it}, from Late Latin {it}identitat-, identitas{/it}, probably from Latin {it}identidem{/it} repeatedly, contraction of {it}idem et idem{/it}, literally, same and same"
      ]
    ],
    "date": "1545{ds||3|a|}",
    "shortdef": [
      "the distinguishing character or personality of an individual : individuality",
      "the relation established by psychological identification",
      "the condition of being the same with something described or asserted"
    ]
  },
  {
    "meta": {
      "id": "identity element",
      "uuid": "9b29678d-a2cd-4159-bb75-ffa282f52bb8",
      "sort": "090190000",
      "src": "collegiate",
      "section": "alpha",
      "stems": [
        "identity",
        "identity element",
        "identity elements"
      ],
      "offensive": false
    },
    "hwi": {
      "hw": "identity element"
    },
    "fl": "noun",
    "def": [
      {
        "sseq": [
          [
            [
              "sense",
              {
                "dt": [
                  [
                    "text",
                    "{bc}an element (such as 0 in the set of all integers under addition or 1 in the set of positive integers under multiplication) that leaves any element of the set to which it belongs unchanged when combined with it by a specified operation"
                  ]
                ]
              }
            ]
          ]
        ]
      }
    ],
    "date": "1902",
    "shortdef": [
      "an element (such as 0 in the set of all integers under addition or 1 in the set of positive integers under multiplication) that leaves any element of the set to which it belongs unchanged when combined with it by a specified operation"
    ]
  },
  {
    "meta": {
      "id": "identity card",
      "uuid": "141c9ffa-8a46-4243-95ef-5e540a7951fd",
      "sort": "090188000",
      "src": "collegiate",
      "section": "alpha",
      "stems": [
        "identity card",
        "identity cards"
      ],
      "offensive": false
    },
    "hwi": {
      "hw": "identity card"
    },
    "fl": "noun",
    "def": [
      {
        "sseq": [
          [
            [
              "sense",
              {
                "dt": [
                  [
                    "text",
                    "{bc}{sx|id||}"
                  ]
                ]
              }
            ]
          ]
        ]
      }
    ],
    "date": "1900",
    "shortdef": [
      "id"
    ]
  },
  {
    "meta": {
      "id": "identity crisis",
      "uuid": "b369f8f0-807f-41b0-bd99-73cb6724e72b",
      "sort": "090189000",
      "src": "collegiate",
      "section": "alpha",
      "stems": [
        "identity crises",
        "identity crisis"
      ],
      "offensive": false
    },
    "hwi": {
      "hw": "identity crisis"
    },
    "fl": "noun",
    "def": [
      {
        "sseq": [
          [
            [
              "sense",
              {
                "sn": "1",
                "dt": [
                  [
                    "text",
                    "{bc}personal psychosocial conflict especially in adolescence that involves confusion about one's social role and often a sense of loss of continuity to one's personality"
                  ]
                ]
              }
            ]
          ],
          [
            [
              "sense",
              {
                "sn": "2",
                "dt": [
                  [
                    "text",
                    "{bc}a state of confusion in an institution or organization regarding its nature or direction"
                  ]
                ]
              }
            ]
          ]
        ]
      }
    ],
    "date": "1941{ds||1||}",
    "shortdef": [
      "personal psychosocial conflict especially in adolescence that involves confusion about one's social role and often a sense of loss of continuity to one's personality",
      "a state of confusion in an institution or organization regarding its nature or direction"
    ]
  },
  {
    "meta": {
      "id": "identity matrix",
      "uuid": "bf952250-4518-4073-8365-1e7bd5873b88",
      "sort": "090191000",
      "src": "collegiate",
      "section": "alpha",
      "stems": [
        "identity matrices",
        "identity matrix",
        "identity matrixes"
      ],
      "offensive": false
    },
    "hwi": {
      "hw": "identity matrix"
    },
    "fl": "noun",
    "def": [
      {
        "sseq": [
          [
            [
              "sense",
              {
                "dt": [
                  [
                    "text",
                    "{bc}a square matrix that has numeral 1's along the principal diagonal and 0's elsewhere"
                  ]
                ]
              }
            ]
          ]
        ]
      }
    ],
    "date": "1908",
    "shortdef": [
      "a square matrix that has numeral 1's along the principal diagonal and 0's elsewhere"
    ]
  },
  {
    "meta": {
      "id": "identity politics",
      "uuid": "c6c842bb-92f1-4492-8b3e-046664d17d4e",
      "sort": "090192000",
      "src": "collegiate",
      "section": "alpha",
      "stems": [
        "identity politics"
      ],
      "offensive": false
    },
    "hwi": {
      "hw": "identity politics"
    },
    "fl": "noun",
    "ins": [
      {
        "il": "plural in form but singular or plural in construction"
      }
    ],
    "def": [
      {
        "sseq": [
          [
            [
              "sense",
              {
                "dt": [
                  [
                    "text",
                    "{bc}politics in which groups of people having a particular racial, religious, ethnic, social, or cultural identity tend to promote their own specific interests or concerns without regard to the interests or concerns of any larger political group "
                  ],
                  [
                    "vis",
                    [
                      {
                        "t": "Although the UCLA center's standards promoted rigorous history, they set off a major culture war because of their relentless emphasis on {wi}identity politics{/wi}.",
                        "aq": {
                          "auth": "Diane Ravitch"
                        }
                      },
                      {
                        "t": "{wi}Identity politics{/wi} is contemporary shorthand for a group's assertion that it is a meaningful group; that it differs significantly from other groups; that its members share a history of injustice and grievance; and that its psychological and political mission is to explore, act out, act on and act up its group identity.",
                        "aq": {
                          "auth": "Catharine R. Stimpson"
                        }
                      },
                      {
                        "t": "A number of critics have viewed her work through a lens of {wi}identity politics{/wi}, taking her to be some sort of oracle of Muslim womanhood.",
                        "aq": {
                          "auth": "Lauren Collins"
                        }
                      }
                    ]
                  ]
                ]
              }
            ]
          ]
        ]
      }
    ],
    "date": "1970",
    "shortdef": [
      "politics in which groups of people having a particular racial, religious, ethnic, social, or cultural identity tend to promote their own specific interests or concerns without regard to the interests or concerns of any larger political group"
    ]
  },
  {
    "meta": {
      "id": "identity theft",
      "uuid": "b5f1ef2b-1035-4bcd-85b5-a0f39ed70c74",
      "sort": "090193000",
      "src": "collegiate",
      "section": "alpha",
      "stems": [
        "identity theft"
      ],
      "offensive": false
    },
    "hwi": {
      "hw": "identity theft"
    },
    "fl": "noun",
    "def": [
      {
        "sseq": [
          [
            [
              "sense",
              {
                "dt": [
                  [
                    "text",
                    "{bc}the illegal use of someone else's personal information (such as a Social Security number) especially in order to obtain money or credit"
                  ]
                ]
              }
            ]
          ]
        ]
      }
    ],
    "date": "1964",
    "shortdef": [
      "the illegal use of someone else's personal information (such as a Social Security number) especially in order to obtain money or credit"
    ]
  },
  {
    "meta": {
      "id": "identity parade",
      "uuid": "1bc07ec8-1f7c-4394-9f3e-64722052002e",
      "sort": "3009114000",
      "src": "ld",
      "section": "idioms",
      "stems": [
        "identity parade"
      ],
      "offensive": false
    },
    "hwi": {
      "hw": "identity parade"
    },
    "fl": "noun",
    "def": [
      {
        "sls": [
          "British"
        ],
        "sseq": [
          [
            [
              "sense",
              {
                "dt": [
                  [
                    "text",
                    "{bc}a line of people who stand next to each other while someone tries to identify one of them as the person who has committed a crime"
                  ]
                ]
              }
            ]
          ]
        ]
      }
    ],
    "shortdef": [
      "a line of people who stand next to each other while someone tries to identify one of them as the person who has committed a crime"
    ]
  },
  {
    "meta": {
      "id": "additive identity",
      "uuid": "3ba72e90-f823-4a57-a4c7-879e5ebc669d",
      "sort": "010800000",
      "src": "collegiate",
      "section": "alpha",
      "stems": [
        "additive identities",
        "additive identity"
      ],
      "offensive": false
    },
    "hwi": {
      "hw": "additive identity"
    },
    "fl": "noun",
    "def": [
      {
        "sseq": [
          [
            [
              "sense",
              {
                "dt": [
                  [
                    "text",
                    "{bc}an identity element (such as 0 in the group of whole numbers under the operation of addition) that in a given mathematical system leaves unchanged any element to which it is added"
                  ]
                ]
              }
            ]
          ]
        ]
      }
    ],
    "date": "1953",
    "shortdef": [
      "an identity element (such as 0 in the group of whole numbers under the operation of addition) that in a given mathematical system leaves unchanged any element to which it is added"
    ]
  },
  {
    "meta": {
      "id": "dissociative identity disorder",
      "uuid": "68fb0d36-9862-4c9e-928b-bcddc8fd50a2",
      "sort": "042865000",
      "src": "collegiate",
      "section": "alpha",
      "stems": [
        "dissociative identity disorder",
        "dissociative identity disorders"
      ],
      "offensive": false
    },
    "hwi": {
      "hw": "dissociative identity disorder"
    },
    "fl": "noun",
    "def": [
      {
        "sseq": [
          [
            [
              "sense",
              {
                "dt": [
                  [
                    "text",
                    "{bc}a {d_link|personality disorder|personality disorder} that is characterized by the presence of two or more distinct and complex identities or personality states each of which becomes dominant and controls behavior from time to time to the exclusion of the others and that results from disruption in the integrated functions of consciousness, memory, and identity {bc}{sx|multiple personality disorder||} "
                  ],
                  [
                    "snote",
                    [
                      [
                        "t",
                        "The term {it}dissociative identity disorder{/it} is now preferred over {it}multiple personality disorder{/it} especially in medical contexts."
                      ]
                    ]
                  ]
                ]
              }
            ]
          ]
        ]
      }
    ],
    "date": "1993",
    "shortdef": [
      "a personality disorder that is characterized by the presence of two or more distinct and complex identities or personality states each of which becomes dominant and controls behavior from time to time to the exclusion of the others and that results from disruption in the integrated functions of consciousness, memory, and identity : multiple personality disorder"
    ]
  }
]