[
  {
    "meta": {
      "id": "identical",
      "uuid": "7970c35e-aa61-4014-af70-4758aab39895",
      "sort": "090182000",
      "src": "collegiate",
      "section": "alpha",
      "stems": [
        "identical",
        "identically",
        "identicalness",
        "identicalnesses"
      ],
      "offensive": false
    },
    "hwi": {
      "hw": "iden*ti*cal",
      "prs": [
        {
          "mw": "\u012b-\u02c8den-ti-k\u0259l",
          "sound": {
            "audio": "identi02",
            "ref": "c",
            "stat": "1"
          }
        },
        {
          "mw": "\u0259-"
        }
      ]
    },
    "fl": "adjective",
    "def": [
      {
        "sseq": [
          [
            [
              "sense",
              {
                "sn": "1",
                "dt": [
                  [
                    "text",
                    "{bc}being the same {bc}{sx|selfsame||} "
                  ],
                  [
                    "vis",
                    [
                      {
                        "t": "the {wi}identical{/wi} place we stopped before"
                      }
                    ]
                  ]
                ]
              }
            ]
          ],
          [
            [
              "sense",
              {
                "sn": "2",
                "dt": [
                  [
                    "text",
                    "{bc}having such close resemblance as to be essentially the same "
                  ],
                  [
                    "vis",
                    [
                      {
                        "t": "{wi}identical{/wi} hats"
                      }
                    ]
                  ],
                  [
                    "uns",
                    [
                      [
                        [
                          "text",
                          "often used with {it}to{/it} or {it}with{/it}"
                        ]
                      ]
                    ]
                  ]
                ]
              }
            ]
          ],
          [
            [
              "sense",
              {
                "sn": "3 a",
                "dt": [
                  [
                    "text",
                    "{bc}having the same cause or origin "
                  ],
                  [
                    "vis",
                    [
                      {
                        "t": "{wi}identical{/wi} infections"
                      }
                    ]
                  ]
                ]
              }
            ],
            [
              "sense",
              {
                "sn": "b",
                "dt": [
                  [
                    "text",
                    "{bc}{sx|monozygotic||}"
                  ]
                ]
              }
            ]
          ]
        ]
      }
    ],
    "uros": [
      {
        "ure": "iden*ti*cal*ly",
        "prs": [
          {
            "mw": "\u012b-\u02c8den-ti-k(\u0259-)l\u0113",
            "sound": {
              "audio": "identi03",
              "ref": "c",
              "stat": "1"
            }
          },
          {
            "mw": "\u0259-"
          }
        ],
        "fl": "adverb"
      },
      {
        "ure": "iden*ti*cal*ness",
        "prs": [
          {
            "mw": "\u012b-\u02c8den-ti-k\u0259l-n\u0259s",
            "sound": {
              "audio": "identi04",
              "ref": "c",
              "stat": "1"
            }
          },
          {
            "mw": "\u0259-"
          }
        ],
        "fl": "noun"
      }
    ],
    "syns": [
      {
        "pl": "synonyms",
        "pt": [
          [
            "text",
            "{sc}same{/sc} {sc}selfsame{/sc} {sc}very{/sc} {sc}identical{/sc} {sc}equivalent{/sc} {sc}equal{/sc} mean not different or not differing from one another. {sc}same{/sc} may imply and {sc}selfsame{/sc} always implies that the things under consideration are one thing and not two or more things. "
          ],
          [
            "vis",
            [
              {
                "t": "took the {it}same{/it} route"
              },
              {
                "t": "derived from the {it}selfsame{/it} source"
              }
            ]
          ],
          [
            "text",
            " {sc}very{/sc}, like {sc}selfsame{/sc}, may imply identity, or, like {sc}same{/sc} may imply likeness in kind. "
          ],
          [
            "vis",
            [
              {
                "t": "the {it}very{/it} point I was trying to make"
              }
            ]
          ],
          [
            "text",
            " {sc}identical{/sc} may imply selfsameness or suggest absolute agreement in all details. "
          ],
          [
            "vis",
            [
              {
                "t": "{it}identical{/it} results"
              }
            ]
          ],
          [
            "text",
            " {sc}equivalent{/sc} implies amounting to the same thing in worth or significance. "
          ],
          [
            "vis",
            [
              {
                "t": "two houses {it}equivalent{/it} in market value"
              }
            ]
          ],
          [
            "text",
            " {sc}equal{/sc} implies being identical in value, magnitude, or some specified quality. "
          ],
          [
            "vis",
            [
              {
                "t": "{it}equal{/it} shares in the business"
              }
            ]
          ]
        ]
      }
    ],
    "et": [
      [
        "text",
        "probably from Medieval Latin {it}identicus{/it}, from Late Latin {it}identitas{/it}"
      ]
    ],
    "date": "1581{ds||1||}",
    "shortdef": [
      "being the same : selfsame",
      "having such close resemblance as to be essentially the same \u2014often used with to or with",
      "having the same cause or origin"
    ]
  },
  {
    "meta": {
      "id": "identical twin",
      "uuid": "d1ba7385-0421-4f14-a63c-40e5e82681ec",
      "sort": "3009106000",
      "src": "ld",
      "section": "idioms",
      "stems": [
        "identical twin",
        "identical twins"
      ],
      "offensive": false
    },
    "hwi": {
      "hw": "identical twin"
    },
    "fl": "noun",
    "def": [
      {
        "sseq": [
          [
            [
              "sense",
              {
                "dt": [
                  [
                    "text",
                    "{bc}either member of a pair of twins that are produced from a single egg and who look exactly alike"
                  ]
                ]
              }
            ]
          ]
        ]
      }
    ],
    "shortdef": [
      "either member of a pair of twins that are produced from a single egg and who look exactly alike"
    ]
  },
  {
    "meta": {
      "id": "self-identical",
      "uuid": "0f1f2f16-031f-447a-8bc8-8c32205abd8e",
      "sort": "192300000",
      "src": "collegiate",
      "section": "alpha",
      "stems": [
        "self-identical"
      ],
      "offensive": false
    },
    "hwi": {
      "hw": "self-iden*ti*cal",
      "prs": [
        {
          "mw": "\u02ccself-\u012b-\u02c8den-ti-k\u0259l",
          "sound": {
            "audio": "selfid01",
            "ref": "c",
            "stat": "1"
          }
        },
        {
          "mw": "-\u0259-\u02c8den-"
        }
      ]
    },
    "fl": "adjective",
    "def": [
      {
        "sseq": [
          [
            [
              "sense",
              {
                "dt": [
                  [
                    "text",
                    "{bc}having self-identity"
                  ]
                ]
              }
            ]
          ]
        ]
      }
    ],
    "date": "1865",
    "shortdef": [
      "having self-identity"
    ]
  }
]