[
  {
    "meta": {
      "id": "illusion",
      "uuid": "24a44e5c-f6ed-4d63-8416-cb2f463c8e3f",
      "sort": "090370000",
      "src": "collegiate",
      "section": "alpha",
      "stems": [
        "illusion",
        "illusional",
        "illusions"
      ],
      "offensive": false
    },
    "hwi": {
      "hw": "il*lu*sion",
      "prs": [
        {
          "mw": "i-\u02c8l\u00fc-zh\u0259n",
          "sound": {
            "audio": "illusi01",
            "ref": "c",
            "stat": "1"
          }
        }
      ]
    },
    "fl": "noun",
    "ins": [
      {
        "il": "plural",
        "if": "il*lu*sions"
      }
    ],
    "def": [
      {
        "sseq": [
          [
            [
              "pseq",
              [
                [
                  "sense",
                  {
                    "sn": "1 a (1)",
                    "dt": [
                      [
                        "text",
                        "{bc}a misleading image presented to the vision {bc}{sx|optical illusion||}"
                      ]
                    ]
                  }
                ],
                [
                  "sense",
                  {
                    "sn": "(2)",
                    "dt": [
                      [
                        "text",
                        "{bc}something that deceives or misleads intellectually"
                      ]
                    ]
                  }
                ]
              ]
            ],
            [
              "pseq",
              [
                [
                  "sense",
                  {
                    "sn": "b (1)",
                    "dt": [
                      [
                        "text",
                        "{bc}perception of something objectively existing in such a way as to cause misinterpretation of its actual nature"
                      ]
                    ]
                  }
                ],
                [
                  "sense",
                  {
                    "sn": "(2)",
                    "dt": [
                      [
                        "text",
                        "{bc}{sx|hallucination||1}"
                      ]
                    ]
                  }
                ],
                [
                  "sense",
                  {
                    "sn": "(3)",
                    "dt": [
                      [
                        "text",
                        "{bc}a pattern capable of reversible perspective"
                      ]
                    ]
                  }
                ]
              ]
            ]
          ],
          [
            [
              "pseq",
              [
                [
                  "sense",
                  {
                    "sn": "2 a (1)",
                    "dt": [
                      [
                        "text",
                        "{bc}the state or fact of being intellectually deceived or misled {bc}{sx|misapprehension||}"
                      ]
                    ]
                  }
                ],
                [
                  "sense",
                  {
                    "sn": "(2)",
                    "dt": [
                      [
                        "text",
                        "{bc}an instance of such deception"
                      ]
                    ]
                  }
                ],
                [
                  "sense",
                  {
                    "sn": "b",
                    "sls": [
                      "obsolete"
                    ],
                    "dt": [
                      [
                        "text",
                        "{bc}the action of deceiving"
                      ]
                    ]
                  }
                ]
              ]
            ]
          ],
          [
            [
              "sense",
              {
                "sn": "3",
                "dt": [
                  [
                    "text",
                    "{bc}a fine plain transparent bobbinet or tulle usually made of silk and used for veils, trimmings, and dresses"
                  ]
                ]
              }
            ]
          ]
        ]
      }
    ],
    "uros": [
      {
        "ure": "il*lu*sion*al",
        "prs": [
          {
            "mw": "i-\u02c8l\u00fc-zh(\u0259-)n\u0259l",
            "sound": {
              "audio": "illusi02",
              "ref": "c",
              "stat": "1"
            }
          }
        ],
        "fl": "adjective"
      }
    ],
    "syns": [
      {
        "pl": "synonyms",
        "pt": [
          [
            "text",
            "{sc}delusion{/sc} {sc}illusion{/sc} {sc}hallucination{/sc} {sc}mirage{/sc} mean something that is believed to be true or real but that is actually false or unreal. {sc}delusion{/sc} implies an inability to distinguish between what is real and what only seems to be real, often as the result of a disordered state of mind. "
          ],
          [
            "vis",
            [
              {
                "t": "{it}delusions{/it} of persecution"
              }
            ]
          ],
          [
            "text",
            " {sc}illusion{/sc} implies a false ascribing of reality based on what one sees or imagines. "
          ],
          [
            "vis",
            [
              {
                "t": "an {it}illusion{/it} of safety"
              }
            ]
          ],
          [
            "text",
            " {sc}hallucination{/sc} implies impressions that are the product of disordered senses, as because of mental illness or drugs. "
          ],
          [
            "vis",
            [
              {
                "t": "suffered from terrifying {it}hallucinations{/it}"
              }
            ]
          ],
          [
            "text",
            " {sc}mirage{/sc} in its extended sense applies to an illusory vision, dream, hope, or aim. "
          ],
          [
            "vis",
            [
              {
                "t": "claimed a balanced budget is a {it}mirage{/it}"
              }
            ]
          ]
        ]
      }
    ],
    "art": {
      "artid": "illusion",
      "capt": "illusion 1a(1): {it}a{/it} and {it}b{/it} are equal in length"
    },
    "et": [
      [
        "text",
        "Middle English, from Anglo-French, from Late Latin {it}illusion-, illusio{/it}, from Latin, action of mocking, from {it}illudere{/it} to mock at, from {it}in-{/it} + {it}ludere{/it} to play, mock {ma}{mat|ludicrous|}{/ma}"
      ]
    ],
    "date": "14th century{ds||2|b|}",
    "shortdef": [
      "a misleading image presented to the vision : optical illusion",
      "something that deceives or misleads intellectually",
      "perception of something objectively existing in such a way as to cause misinterpretation of its actual nature"
    ]
  },
  {
    "meta": {
      "id": "optical illusion",
      "uuid": "0d4fb7a4-d2c7-4d19-a1da-5df94f72af5d",
      "sort": "151015000",
      "src": "collegiate",
      "section": "alpha",
      "stems": [
        "optical illusion",
        "optical illusions"
      ],
      "offensive": false
    },
    "hwi": {
      "hw": "optical illusion"
    },
    "fl": "noun",
    "ins": [
      {
        "il": "plural",
        "if": "optical illusions"
      }
    ],
    "def": [
      {
        "sseq": [
          [
            [
              "sense",
              {
                "dt": [
                  [
                    "text",
                    "{bc}a misleading image presented to the vision "
                  ],
                  [
                    "vis",
                    [
                      {
                        "t": "Zebras look like {wi}optical illusions{/wi} to me. Which are they\u2014black with white stripes or white with black stripes?",
                        "aq": {
                          "auth": "Al Robinson"
                        }
                      },
                      {
                        "t": "The sun, moon, and planets circle above the terrestrial plane in the region of the equator. Their apparent rising and setting is an {wi}optical illusion{/wi} caused by atmospheric refraction \u2026",
                        "aq": {
                          "source": "{it}Ranger Rick{/it}"
                        }
                      }
                    ]
                  ]
                ]
              }
            ]
          ]
        ]
      }
    ],
    "date": "1763",
    "shortdef": [
      "a misleading image presented to the vision"
    ]
  },
  {
    "meta": {
      "id": "under the illusion",
      "uuid": "4f5973d4-d463-4381-a498-87885c53ff76",
      "sort": "3021791000",
      "src": "ld",
      "section": "idioms",
      "stems": [
        "under the illusion"
      ],
      "offensive": false
    },
    "hwi": {
      "hw": "under the illusion"
    },
    "fl": "idiom",
    "def": [
      {
        "sseq": [
          [
            [
              "sense",
              {
                "dt": [
                  [
                    "text",
                    "{bc}having a mistaken belief about something "
                  ],
                  [
                    "vis",
                    [
                      {
                        "t": "He was {it}under the illusion{/it} that he was a good player."
                      }
                    ]
                  ]
                ]
              }
            ]
          ]
        ]
      }
    ],
    "shortdef": [
      "having a mistaken belief about something"
    ]
  }
]