[
  {
    "meta": {
      "id": "image:1",
      "uuid": "8dccf131-f725-4607-bf41-cc190322c507",
      "sort": "090393000",
      "src": "collegiate",
      "section": "alpha",
      "stems": [
        "image",
        "images"
      ],
      "offensive": false
    },
    "hom": 1,
    "hwi": {
      "hw": "im*age",
      "prs": [
        {
          "mw": "\u02c8i-mij",
          "sound": {
            "audio": "image001",
            "ref": "c",
            "stat": "1"
          }
        }
      ]
    },
    "fl": "noun",
    "def": [
      {
        "sseq": [
          [
            [
              "pseq",
              [
                [
                  "bs",
                  {
                    "sense": {
                      "sn": "1 a",
                      "dt": [
                        [
                          "text",
                          "{bc}a visual representation of something: such as"
                        ]
                      ]
                    }
                  }
                ],
                [
                  "sense",
                  {
                    "sn": "(1)",
                    "dt": [
                      [
                        "text",
                        "{bc}a likeness of an object produced on a photographic material"
                      ]
                    ]
                  }
                ],
                [
                  "sense",
                  {
                    "sn": "(2)",
                    "dt": [
                      [
                        "text",
                        "{bc}a picture produced on an electronic display (such as a television or computer screen)"
                      ]
                    ]
                  }
                ]
              ]
            ],
            [
              "sense",
              {
                "sn": "b",
                "dt": [
                  [
                    "text",
                    "{bc}the optical counterpart of an object produced by an optical device (such as a lens or mirror) or an electronic device"
                  ]
                ]
              }
            ]
          ],
          [
            [
              "pseq",
              [
                [
                  "sense",
                  {
                    "sn": "2 a (1)",
                    "dt": [
                      [
                        "text",
                        "{bc}a mental picture or impression of something "
                      ],
                      [
                        "vis",
                        [
                          {
                            "t": "had a negative body {wi}image{/wi} of herself"
                          }
                        ]
                      ]
                    ]
                  }
                ],
                [
                  "sense",
                  {
                    "sn": "(2)",
                    "dt": [
                      [
                        "text",
                        "{bc}a mental conception held in common by members of a group and symbolic of a basic attitude and orientation "
                      ],
                      [
                        "vis",
                        [
                          {
                            "t": "a disorderly courtroom can seriously tarnish a community's {wi}image{/wi} of justice",
                            "aq": {
                              "auth": "Herbert Brownell"
                            }
                          }
                        ]
                      ]
                    ]
                  }
                ]
              ]
            ],
            [
              "sense",
              {
                "sn": "b",
                "dt": [
                  [
                    "text",
                    "{bc}{sx|idea||}, {sx|concept||}"
                  ]
                ]
              }
            ]
          ],
          [
            [
              "sense",
              {
                "sn": "3",
                "dt": [
                  [
                    "text",
                    "{bc}a popular conception (as of a person, institution, or nation) projected especially through the mass media "
                  ],
                  [
                    "vis",
                    [
                      {
                        "t": "promoting a corporate {wi}image{/wi} of brotherly love and concern",
                        "aq": {
                          "auth": "R. C. Buck"
                        }
                      }
                    ]
                  ]
                ]
              }
            ]
          ],
          [
            [
              "sense",
              {
                "sn": "4 a",
                "dt": [
                  [
                    "text",
                    "{bc}exact likeness {bc}{sx|semblance||} "
                  ],
                  [
                    "vis",
                    [
                      {
                        "t": "God created man in his own {wi}image{/wi}",
                        "aq": {
                          "source": "Genesis 1:27 (Revised Standard Version)"
                        }
                      }
                    ]
                  ]
                ]
              }
            ],
            [
              "sense",
              {
                "sn": "b",
                "dt": [
                  [
                    "text",
                    "{bc}a person strikingly like another person "
                  ],
                  [
                    "vis",
                    [
                      {
                        "t": "she is the {wi}image{/wi} of her mother"
                      }
                    ]
                  ]
                ]
              }
            ]
          ],
          [
            [
              "sense",
              {
                "sn": "5 a",
                "dt": [
                  [
                    "text",
                    "{bc}a tangible or visible representation {bc}{sx|incarnation||} "
                  ],
                  [
                    "vis",
                    [
                      {
                        "t": "the {wi}image{/wi} of filial devotion"
                      }
                    ]
                  ]
                ]
              }
            ],
            [
              "sense",
              {
                "sn": "b",
                "sls": [
                  "archaic"
                ],
                "dt": [
                  [
                    "text",
                    "{bc}an illusory form {bc}{sx|apparition||}"
                  ]
                ]
              }
            ]
          ],
          [
            [
              "sense",
              {
                "sn": "6",
                "dt": [
                  [
                    "text",
                    "{bc}a vivid or graphic representation or description"
                  ]
                ]
              }
            ]
          ],
          [
            [
              "sense",
              {
                "sn": "7",
                "dt": [
                  [
                    "text",
                    "{bc}a reproduction or imitation of the form of a person or thing"
                  ]
                ],
                "sdsense": {
                  "sd": "especially",
                  "dt": [
                    [
                      "text",
                      "{bc}an imitation in solid form {bc}{sx|statue||}"
                    ]
                  ]
                }
              }
            ]
          ],
          [
            [
              "sense",
              {
                "sn": "8",
                "dt": [
                  [
                    "text",
                    "{bc}{sx|figure of speech||}"
                  ]
                ]
              }
            ]
          ],
          [
            [
              "sense",
              {
                "sn": "9",
                "dt": [
                  [
                    "text",
                    "{bc}a set of values given by a mathematical function (such as a homomorphism) that corresponds to a particular subset of the domain"
                  ]
                ]
              }
            ]
          ]
        ]
      }
    ],
    "et": [
      [
        "text",
        "Middle English, \"effigy, figure, mental impression of something observed, reflection, resemblance,\" borrowed from Anglo-French, shortened from {it}imagene,{/it} borrowed from Latin {it}im\u0101gin-, im\u0101g\u014d{/it} \"representation, reflection, apparition, semblance, copy, visible form,\" from {it}im\u0101-{/it} (probably the stem of an otherwise unattested verb {it}*im\u0101r\u012b{/it} with the same base as {it}imit\u0101r\u012b{/it} \"to follow as a pattern, copy\") + {it}-gin-, -g\u014d,{/it} denominal or deverbal noun suffix {ma}{mat|imitate|}{/ma}"
      ]
    ],
    "date": "13th century{ds||7||}",
    "shortdef": [
      "a visual representation of something: such as",
      "a likeness of an object produced on a photographic material",
      "a picture produced on an electronic display (such as a television or computer screen)"
    ]
  },
  {
    "meta": {
      "id": "image:2",
      "uuid": "624324eb-e62e-4f09-b9dd-dbd6e52c7a8c",
      "sort": "090394000",
      "src": "collegiate",
      "section": "alpha",
      "stems": [
        "image",
        "imaged",
        "imager",
        "imagers",
        "images",
        "imaging"
      ],
      "offensive": false
    },
    "hom": 2,
    "hwi": {
      "hw": "image"
    },
    "fl": "verb",
    "ins": [
      {
        "if": "im*aged"
      },
      {
        "if": "im*ag*ing"
      }
    ],
    "def": [
      {
        "vd": "transitive verb",
        "sseq": [
          [
            [
              "sense",
              {
                "sn": "1 a",
                "dt": [
                  [
                    "text",
                    "{bc}to create a representation of"
                  ]
                ],
                "sdsense": {
                  "sd": "also",
                  "dt": [
                    [
                      "text",
                      "{bc}to form an image of "
                    ],
                    [
                      "vis",
                      [
                        {
                          "t": "{it}imaged{/it} Jupiter's rings"
                        },
                        {
                          "t": "{wi}image{/wi} the bone using X-rays"
                        }
                      ]
                    ]
                  ]
                }
              }
            ],
            [
              "sense",
              {
                "sn": "b",
                "dt": [
                  [
                    "text",
                    "{bc}to represent symbolically"
                  ]
                ]
              }
            ]
          ],
          [
            [
              "sense",
              {
                "sn": "2",
                "dt": [
                  [
                    "text",
                    "{bc}to call up a mental picture of {bc}{sx|imagine||}"
                  ]
                ]
              }
            ]
          ],
          [
            [
              "sense",
              {
                "sn": "3",
                "dt": [
                  [
                    "text",
                    "{bc}to describe or portray in language especially in a vivid manner"
                  ]
                ]
              }
            ]
          ],
          [
            [
              "sense",
              {
                "sn": "4 a",
                "dt": [
                  [
                    "text",
                    "{bc}{sx|reflect||}, {sx|mirror||}"
                  ]
                ]
              }
            ],
            [
              "sense",
              {
                "sn": "b",
                "dt": [
                  [
                    "text",
                    "{bc}to make appear {bc}{sx|project||}"
                  ]
                ]
              }
            ]
          ],
          [
            [
              "sense",
              {
                "sn": "5",
                "dt": [
                  [
                    "text",
                    "{bc}to make a {d_link|disk image|disk image} of "
                  ],
                  [
                    "vis",
                    [
                      {
                        "t": "Many computer forensics programs now include the option of {wi}imaging{/wi} a suspect drive.",
                        "aq": {
                          "auth": "Yvonne Jewkes"
                        }
                      }
                    ]
                  ]
                ]
              }
            ]
          ]
        ]
      }
    ],
    "uros": [
      {
        "ure": "im*ag*er",
        "prs": [
          {
            "mw": "\u02c8i-mi-j\u0259r",
            "sound": {
              "audio": "image002",
              "ref": "c",
              "stat": "1"
            }
          }
        ],
        "fl": "noun"
      }
    ],
    "et": [
      [
        "text",
        "Middle English {it}imagen,{/it} in part derivative of {it}image{/it} {et_link|image:1|image:1}, in part borrowed from Middle French {it}ymagier{/it} \"to imagine,\" derivative of {it}image{/it}"
      ]
    ],
    "date": "14th century{ds||2||}",
    "shortdef": [
      "to create a representation of; also : to form an image of",
      "to represent symbolically",
      "to call up a mental picture of : imagine"
    ]
  },
  {
    "meta": {
      "id": "image tube",
      "uuid": "3b152be1-c656-4829-b460-f3f890209550",
      "sort": "090397000",
      "src": "collegiate",
      "section": "alpha",
      "stems": [
        "image converter",
        "image tube",
        "image tubes"
      ],
      "offensive": false
    },
    "hwi": {
      "hw": "image tube"
    },
    "fl": "noun",
    "def": [
      {
        "sseq": [
          [
            [
              "sense",
              {
                "dt": [
                  [
                    "text",
                    "{bc}an electron tube in which incident electromagnetic radiation (such as light or infrared) produces a visible image on its fluorescent screen duplicating the original pattern of radiation "
                  ],
                  [
                    "ca",
                    {
                      "intro": "called also",
                      "cats": [
                        {
                          "cat": "image converter"
                        }
                      ]
                    }
                  ]
                ]
              }
            ]
          ]
        ]
      }
    ],
    "date": "1936",
    "shortdef": [
      "an electron tube in which incident electromagnetic radiation (such as light or infrared) produces a visible image on its fluorescent screen duplicating the original pattern of radiation \u2014called also image converter"
    ]
  },
  {
    "meta": {
      "id": "disk image",
      "uuid": "c4b85384-b07e-42a4-aed5-afe69d10004d",
      "sort": "042691050",
      "src": "collegiate",
      "section": "alpha",
      "stems": [
        "disk image",
        "disk images"
      ],
      "offensive": false
    },
    "hwi": {
      "hw": "disk image"
    },
    "fl": "noun",
    "def": [
      {
        "sseq": [
          [
            [
              "sense",
              {
                "dt": [
                  [
                    "text",
                    "{bc}a compressed copy of the contents (such as installed programs, settings, and other data) of an {d_link|optical disc|optical disc}, {d_link|hard drive|hard drive}, or other digital storage device "
                  ],
                  [
                    "vis",
                    [
                      {
                        "t": "By developing and using a standard {wi}disk image{/wi}, information technology managers don't have to separately install all of a PC's programs. The {wi}disk image{/wi} is copied onto each new PC's disk drive, and it's ready to go.",
                        "aq": {
                          "auth": "Shawn McCarthy"
                        }
                      }
                    ]
                  ]
                ]
              }
            ]
          ]
        ]
      }
    ],
    "date": "1981",
    "shortdef": [
      "a compressed copy of the contents (such as installed programs, settings, and other data) of an optical disc, hard drive, or other digital storage device"
    ]
  },
  {
    "meta": {
      "id": "father image",
      "uuid": "7f6d6cb4-0414-4b68-8f5a-fb8cbda82b1d",
      "sort": "060533000",
      "src": "collegiate",
      "section": "alpha",
      "stems": [
        "father image",
        "father images"
      ],
      "offensive": false
    },
    "hwi": {
      "hw": "father image"
    },
    "fl": "noun",
    "def": [
      {
        "sseq": [
          [
            [
              "sense",
              {
                "dt": [
                  [
                    "text",
                    "{bc}an idealization of one's father often projected onto someone to whom one looks for guidance and protection"
                  ]
                ]
              }
            ]
          ]
        ]
      }
    ],
    "date": "1912",
    "shortdef": [
      "an idealization of one's father often projected onto someone to whom one looks for guidance and protection"
    ]
  },
  {
    "meta": {
      "id": "graven image",
      "uuid": "d2a263f4-3546-42ca-bda6-2b859794c418",
      "sort": "072260000",
      "src": "collegiate",
      "section": "alpha",
      "stems": [
        "graven image",
        "graven images"
      ],
      "offensive": false
    },
    "hwi": {
      "hw": "graven image"
    },
    "fl": "noun",
    "def": [
      {
        "sseq": [
          [
            [
              "sense",
              {
                "dt": [
                  [
                    "text",
                    "{bc}an object of worship carved usually from wood or stone {bc}{sx|idol||}"
                  ]
                ]
              }
            ]
          ]
        ]
      }
    ],
    "et": [
      [
        "text",
        "{it}graven{/it}, past participle of {et_link|grave:5|grave:5}"
      ]
    ],
    "date": "14th century",
    "shortdef": [
      "an object of worship carved usually from wood or stone : idol"
    ]
  },
  {
    "meta": {
      "id": "mirror image",
      "uuid": "256deec5-178c-422c-86e2-e0a8c8c1a0b7",
      "sort": "133007000",
      "src": "collegiate",
      "section": "alpha",
      "stems": [
        "mirror image",
        "mirror images"
      ],
      "offensive": false
    },
    "hwi": {
      "hw": "mirror image"
    },
    "fl": "noun",
    "def": [
      {
        "sseq": [
          [
            [
              "sense",
              {
                "sn": "1 a",
                "dt": [
                  [
                    "text",
                    "{bc}something that has its parts reversely arranged in comparison with another similar thing or that is reversed with reference to an intervening axis or plane"
                  ]
                ]
              }
            ],
            [
              "sense",
              {
                "sn": "b",
                "dt": [
                  [
                    "text",
                    "{bc}the direct opposite"
                  ]
                ]
              }
            ]
          ],
          [
            [
              "sense",
              {
                "sn": "2",
                "dt": [
                  [
                    "text",
                    "{bc}{sx|image||4}"
                  ]
                ]
              }
            ]
          ]
        ]
      }
    ],
    "date": "1885{ds||1|a|}",
    "shortdef": [
      "something that has its parts reversely arranged in comparison with another similar thing or that is reversed with reference to an intervening axis or plane",
      "the direct opposite",
      "image"
    ]
  },
  {
    "meta": {
      "id": "real image",
      "uuid": "29095684-7c18-4653-a746-17623b256d4a",
      "sort": "180754000",
      "src": "collegiate",
      "section": "alpha",
      "stems": [
        "real image",
        "real images"
      ],
      "offensive": false
    },
    "hwi": {
      "hw": "real image"
    },
    "fl": "noun",
    "def": [
      {
        "sseq": [
          [
            [
              "sense",
              {
                "dt": [
                  [
                    "text",
                    "{bc}an optical image formed of real foci"
                  ]
                ]
              }
            ]
          ]
        ]
      }
    ],
    "date": "1882",
    "shortdef": [
      "an optical image formed of real foci"
    ]
  },
  {
    "meta": {
      "id": "self-image",
      "uuid": "d296c277-afab-4e3c-9087-15e73c66d3c2",
      "sort": "192306000",
      "src": "collegiate",
      "section": "alpha",
      "stems": [
        "self-image",
        "self-images"
      ],
      "offensive": false
    },
    "hwi": {
      "hw": "self-im*age",
      "prs": [
        {
          "mw": "\u02c8self-\u02c8i-mij",
          "sound": {
            "audio": "selfim01",
            "ref": "c",
            "stat": "1"
          }
        }
      ]
    },
    "fl": "noun",
    "def": [
      {
        "sseq": [
          [
            [
              "sense",
              {
                "dt": [
                  [
                    "text",
                    "{bc}one's conception of oneself or of one's role"
                  ]
                ]
              }
            ]
          ]
        ]
      }
    ],
    "date": "1939",
    "shortdef": [
      "one's conception of oneself or of one's role"
    ]
  },
  {
    "meta": {
      "id": "spitting image",
      "uuid": "4bc4ee87-4051-47d2-b331-eb560190e4bc",
      "sort": "194678600",
      "src": "collegiate",
      "section": "alpha",
      "stems": [
        "spitting image",
        "spitting images",
        "the spitting image",
        "the spitting images"
      ],
      "offensive": false
    },
    "hwi": {
      "hw": "spitting image"
    },
    "fl": "noun",
    "ins": [
      {
        "il": "plural",
        "if": "spitting images"
      }
    ],
    "def": [
      {
        "sseq": [
          [
            [
              "sense",
              {
                "dt": [
                  [
                    "text",
                    "{bc}someone or something that looks very much like someone or something else "
                  ],
                  [
                    "vis",
                    [
                      {
                        "t": "Father then and son later are {wi}spitting images{/wi} of each other.",
                        "aq": {
                          "auth": "Norris McDonald"
                        }
                      }
                    ]
                  ],
                  [
                    "uns",
                    [
                      [
                        [
                          "text",
                          "usually singular "
                        ],
                        [
                          "vis",
                          [
                            {
                              "t": "Naimah was brown-skinned, slender, and neighbors said she was {phrase}the spitting image{/phrase} of her mother.",
                              "aq": {
                                "auth": "Debbie Chocolate"
                              }
                            },
                            {
                              "t": "\u2026 a lovely \u2026 Oscar de la Renta dress, which was {wi}the spitting image{/wi} of a similar one the late royal had worn previously.",
                              "aq": {
                                "auth": "Megan C. Hill"
                              }
                            }
                          ]
                        ]
                      ]
                    ]
                  ]
                ]
              }
            ]
          ]
        ]
      }
    ],
    "et": [
      [
        "text",
        "alteration of {it}spit and image{/it}"
      ]
    ],
    "date": "1881",
    "shortdef": [
      "someone or something that looks very much like someone or something else \u2014usually singular"
    ]
  }
]