[
  {
    "meta": {
      "id": "instrument:1",
      "uuid": "c6dab5d8-e8fa-468d-9ebf-ccf2e468ceb1",
      "sort": "091947000",
      "src": "collegiate",
      "section": "alpha",
      "stems": [
        "instrument",
        "instruments"
      ],
      "offensive": false
    },
    "hom": 1,
    "hwi": {
      "hw": "in*stru*ment",
      "prs": [
        {
          "mw": "\u02c8in(t)-str\u0259-m\u0259nt",
          "sound": {
            "audio": "instru08",
            "ref": "c",
            "stat": "1"
          }
        }
      ]
    },
    "fl": "noun",
    "def": [
      {
        "sseq": [
          [
            [
              "sense",
              {
                "sn": "1",
                "dt": [
                  [
                    "text",
                    "{bc}a device used to produce music"
                  ]
                ],
                "sdsense": {
                  "sd": "also",
                  "dt": [
                    [
                      "text",
                      "{bc}a singing voice"
                    ]
                  ]
                }
              }
            ]
          ],
          [
            [
              "sense",
              {
                "sn": "2",
                "dt": [
                  [
                    "text",
                    "{bc}{sx|implement||}"
                  ]
                ],
                "sdsense": {
                  "sd": "especially",
                  "dt": [
                    [
                      "text",
                      "{bc}one designed for precision work"
                    ]
                  ]
                }
              }
            ]
          ],
          [
            [
              "sense",
              {
                "sn": "3 a",
                "dt": [
                  [
                    "text",
                    "{bc}a measuring device for determining the present value of a quantity under observation"
                  ]
                ]
              }
            ],
            [
              "sense",
              {
                "sn": "b",
                "dt": [
                  [
                    "text",
                    "{bc}an electrical or mechanical device used in navigating an airplane"
                  ]
                ],
                "sdsense": {
                  "sd": "especially",
                  "dt": [
                    [
                      "text",
                      "{bc}such a device used as the sole means of navigating"
                    ]
                  ]
                }
              }
            ]
          ],
          [
            [
              "sense",
              {
                "sn": "4 a",
                "dt": [
                  [
                    "text",
                    "{bc}a means whereby something is achieved, performed, or furthered"
                  ]
                ]
              }
            ],
            [
              "sense",
              {
                "sn": "b",
                "dt": [
                  [
                    "text",
                    "{bc}one used by another as a means or aid {bc}{sx|dupe||}, {sx|tool||}"
                  ]
                ]
              }
            ]
          ],
          [
            [
              "sense",
              {
                "sn": "5",
                "dt": [
                  [
                    "text",
                    "{bc}a formal legal document (such as a deed, bond, or agreement)"
                  ]
                ]
              }
            ]
          ]
        ]
      }
    ],
    "syns": [
      {
        "pl": "synonyms",
        "pt": [
          [
            "text",
            "{sc}implement{/sc} {sc}tool{/sc} {sc}instrument{/sc} {sc}appliance{/sc} {sc}utensil{/sc} mean a relatively simple device for performing work. {sc}implement{/sc} may apply to anything necessary to perform a task. "
          ],
          [
            "vis",
            [
              {
                "t": "crude stone {it}implements{/it}"
              },
              {
                "t": "farm {it}implements{/it}"
              }
            ]
          ],
          [
            "text",
            " {sc}tool{/sc} suggests an implement adapted to facilitate a definite kind or stage of work and suggests the need of skill more strongly than {sc}implement{/sc}. "
          ],
          [
            "vis",
            [
              {
                "t": "a carpenter's {it}tools{/it}"
              }
            ]
          ],
          [
            "text",
            " {sc}instrument{/sc} suggests a device capable of delicate or precise work. "
          ],
          [
            "vis",
            [
              {
                "t": "the dentist's {it}instruments{/it}"
              }
            ]
          ],
          [
            "text",
            " {sc}appliance{/sc} refers to a tool or instrument utilizing a power source and suggests portability or temporary attachment. "
          ],
          [
            "vis",
            [
              {
                "t": "household {it}appliances{/it}"
              }
            ]
          ],
          [
            "text",
            " {sc}utensil{/sc} applies to a device used in domestic work or some routine unskilled activity. "
          ],
          [
            "vis",
            [
              {
                "t": "kitchen {it}utensils{/it}"
              }
            ]
          ]
        ]
      }
    ],
    "et": [
      [
        "text",
        "Middle English, from Anglo-French, from Latin {it}instrumentum{/it}, from {it}instruere{/it} to arrange, instruct"
      ]
    ],
    "date": "14th century{ds||1||}",
    "shortdef": [
      "a device used to produce music; also : a singing voice",
      "implement; especially : one designed for precision work",
      "a measuring device for determining the present value of a quantity under observation"
    ]
  },
  {
    "meta": {
      "id": "instrument:2",
      "uuid": "636e8c12-1f6e-4b76-9fda-ab1f7ea1c97b",
      "sort": "091948000",
      "src": "collegiate",
      "section": "alpha",
      "stems": [
        "instrument",
        "instrumented",
        "instrumenting",
        "instruments"
      ],
      "offensive": false
    },
    "hom": 2,
    "hwi": {
      "hw": "in*stru*ment",
      "prs": [
        {
          "mw": "\u02c8in(t)-str\u0259-\u02ccment",
          "sound": {
            "audio": "instru09",
            "ref": "c",
            "stat": "1"
          }
        }
      ]
    },
    "fl": "verb",
    "ins": [
      {
        "if": "in*stru*ment*ed"
      },
      {
        "if": "in*stru*ment*ing"
      },
      {
        "if": "in*stru*ments"
      }
    ],
    "def": [
      {
        "vd": "transitive verb",
        "sseq": [
          [
            [
              "sense",
              {
                "sn": "1",
                "dt": [
                  [
                    "text",
                    "{bc}to address a legal instrument to"
                  ]
                ]
              }
            ]
          ],
          [
            [
              "sense",
              {
                "sn": "2",
                "dt": [
                  [
                    "text",
                    "{bc}to score for musical performance {bc}{sx|orchestrate||}"
                  ]
                ]
              }
            ]
          ],
          [
            [
              "sense",
              {
                "sn": "3",
                "dt": [
                  [
                    "text",
                    "{bc}to equip with {a_link|instruments} especially for measuring and recording data"
                  ]
                ]
              }
            ]
          ]
        ]
      }
    ],
    "date": "circa 1700{ds||1||}",
    "shortdef": [
      "to address a legal instrument to",
      "to score for musical performance : orchestrate",
      "to equip with instruments especially for measuring and recording data"
    ]
  },
  {
    "meta": {
      "id": "instrument flying",
      "uuid": "f350415a-f8df-422f-b3e5-2a92566e252f",
      "sort": "091954000",
      "src": "collegiate",
      "section": "alpha",
      "stems": [
        "instrument flying",
        "instrument flyings"
      ],
      "offensive": false
    },
    "hwi": {
      "hw": "instrument flying"
    },
    "fl": "noun",
    "def": [
      {
        "sseq": [
          [
            [
              "sense",
              {
                "dt": [
                  [
                    "text",
                    "{bc}navigation of an airplane by instruments only"
                  ]
                ]
              }
            ]
          ]
        ]
      }
    ],
    "date": "1924",
    "shortdef": [
      "navigation of an airplane by instruments only"
    ]
  },
  {
    "meta": {
      "id": "instrument landing",
      "uuid": "b97122b8-d42d-4bb4-bfff-ef7706607e50",
      "sort": "091955000",
      "src": "collegiate",
      "section": "alpha",
      "stems": [
        "instrument landing",
        "instrument landings"
      ],
      "offensive": false
    },
    "hwi": {
      "hw": "instrument landing"
    },
    "fl": "noun",
    "def": [
      {
        "sseq": [
          [
            [
              "sense",
              {
                "dt": [
                  [
                    "text",
                    "{bc}a landing made with limited visibility by means of instruments and by ground radio direction"
                  ]
                ]
              }
            ]
          ]
        ]
      }
    ],
    "date": "1938",
    "shortdef": [
      "a landing made with limited visibility by means of instruments and by ground radio direction"
    ]
  },
  {
    "meta": {
      "id": "instrument panel",
      "uuid": "f63de8c1-30af-4cbe-8b35-f976c766b43c",
      "sort": "091956000",
      "src": "collegiate",
      "section": "alpha",
      "stems": [
        "instrument board",
        "instrument panel",
        "instrument panels"
      ],
      "offensive": false
    },
    "hwi": {
      "hw": "instrument panel"
    },
    "fl": "noun",
    "def": [
      {
        "sseq": [
          [
            [
              "sense",
              {
                "dt": [
                  [
                    "text",
                    "{bc}a panel on which instruments are mounted"
                  ]
                ],
                "sdsense": {
                  "sd": "especially",
                  "dt": [
                    [
                      "text",
                      "{bc}{sx|dashboard||2}"
                    ]
                  ]
                }
              }
            ]
          ]
        ]
      }
    ],
    "date": "1922",
    "shortdef": [
      "a panel on which instruments are mounted; especially : dashboard"
    ]
  },
  {
    "meta": {
      "id": "brass instrument",
      "uuid": "5aea272b-4a6f-433d-9fc5-acb08e094ece",
      "sort": "020399500",
      "src": "collegiate",
      "section": "alpha",
      "stems": [
        "brass instrument"
      ],
      "offensive": false
    },
    "hwi": {
      "hw": "brass instrument"
    },
    "fl": "noun",
    "def": [
      {
        "sseq": [
          [
            [
              "sense",
              {
                "dt": [
                  [
                    "text",
                    "{bc}any of a group of wind instruments (such as a French horn, trombone, trumpet, or tuba) that is usually characterized by a long cylindrical or conical metal tube commonly curved two or more times and ending in a flared bell, that produces tones by the vibrations of the player's lips against a usually cup-shaped mouthpiece, and that usually has valves or a slide by which the player may produce all the tones within the instrument's range"
                  ]
                ]
              }
            ]
          ]
        ]
      }
    ],
    "date": "1837",
    "shortdef": [
      "any of a group of wind instruments (such as a French horn, trombone, trumpet, or tuba) that is usually characterized by a long cylindrical or conical metal tube commonly curved two or more times and ending in a flared bell, that produces tones by the vibrations of the player's lips against a usually cup-shaped mouthpiece, and that usually has valves or a slide by which the player may produce all the tones within the instrument's range"
    ]
  },
  {
    "meta": {
      "id": "percussion instrument",
      "uuid": "e3d30fe5-9ba0-4699-832a-21905eb2e6f5",
      "sort": "160179300",
      "src": "collegiate",
      "section": "alpha",
      "stems": [
        "percussion instrument",
        "percussion instruments"
      ],
      "offensive": false
    },
    "hwi": {
      "hw": "percussion instrument"
    },
    "fl": "noun",
    "def": [
      {
        "sseq": [
          [
            [
              "sense",
              {
                "dt": [
                  [
                    "text",
                    "{bc}a musical instrument (such as a drum, xylophone, or maraca) sounded by striking, shaking, or scraping"
                  ]
                ]
              }
            ]
          ]
        ]
      }
    ],
    "date": "1872",
    "shortdef": [
      "a musical instrument (such as a drum, xylophone, or maraca) sounded by striking, shaking, or scraping"
    ]
  },
  {
    "meta": {
      "id": "wind instrument",
      "uuid": "0f076910-71ba-4f86-bd7c-0c222a252023",
      "sort": "230171600",
      "src": "collegiate",
      "section": "alpha",
      "stems": [
        "wind instrument",
        "wind instruments"
      ],
      "offensive": false
    },
    "hwi": {
      "hw": "wind instrument"
    },
    "fl": "noun",
    "def": [
      {
        "sseq": [
          [
            [
              "sense",
              {
                "dt": [
                  [
                    "text",
                    "{bc}a musical instrument (such as a trumpet, clarinet, or organ) sounded by wind"
                  ]
                ],
                "sdsense": {
                  "sd": "especially",
                  "dt": [
                    [
                      "text",
                      "{bc}one sounded by the player's breath"
                    ]
                  ]
                }
              }
            ]
          ]
        ]
      }
    ],
    "date": "1582",
    "shortdef": [
      "a musical instrument (such as a trumpet, clarinet, or organ) sounded by wind; especially : one sounded by the player's breath"
    ]
  },
  {
    "meta": {
      "id": "blunt instrument",
      "uuid": "e7c2804b-503e-40ce-83f2-3f079db38c70",
      "sort": "3002083000",
      "src": "ld",
      "section": "idioms",
      "stems": [
        "blunt instrument"
      ],
      "offensive": false
    },
    "hwi": {
      "hw": "blunt instrument"
    },
    "fl": "noun",
    "def": [
      {
        "sseq": [
          [
            [
              "sense",
              {
                "dt": [
                  [
                    "text",
                    "{bc}an object without sharp edges or points that is used as a club "
                  ],
                  [
                    "vis",
                    [
                      {
                        "t": "He was hit over the head with a {it}blunt instrument{/it}."
                      }
                    ]
                  ]
                ]
              }
            ]
          ]
        ]
      }
    ],
    "shortdef": [
      "an object without sharp edges or points that is used as a club"
    ]
  },
  {
    "meta": {
      "id": "musical instrument",
      "uuid": "8cd041ad-f39c-4529-80ea-7f3821bae350",
      "sort": "3012498000",
      "src": "ld",
      "section": "idioms",
      "stems": [
        "musical instrument"
      ],
      "offensive": false
    },
    "hwi": {
      "hw": "musical instrument"
    },
    "fl": "noun",
    "def": [
      {
        "sseq": [
          [
            [
              "sense",
              {
                "dt": [
                  [
                    "text",
                    "{bc}a device (such as a violin, piano, or flute) used to make music"
                  ]
                ]
              }
            ]
          ]
        ]
      }
    ],
    "shortdef": [
      "a device (such as a violin, piano, or flute) used to make music"
    ]
  }
]