[
  {
    "meta": {
      "id": "ionization",
      "uuid": "dfa125bc-9c84-4b8f-98c9-80ea1cc9be3d",
      "sort": "092784000",
      "src": "collegiate",
      "section": "alpha",
      "stems": [
        "ionization",
        "ionizations"
      ],
      "offensive": false
    },
    "hwi": {
      "hw": "ion*i*za*tion",
      "prs": [
        {
          "mw": "\u02cc\u012b-\u0259-n\u0259-\u02c8z\u0101-sh\u0259n",
          "sound": {
            "audio": "ionize03",
            "ref": "c",
            "stat": "1"
          }
        }
      ]
    },
    "fl": "noun",
    "ins": [
      {
        "il": "plural",
        "if": "ion*i*za*tions"
      }
    ],
    "def": [
      {
        "sseq": [
          [
            [
              "sense",
              {
                "sn": "1",
                "dt": [
                  [
                    "text",
                    "{bc}the act or process of {d_link|ionizing|ionize} something {bc}conversion of a substance into ions "
                  ],
                  [
                    "vis",
                    [
                      {
                        "t": "Then other photons, collisions or an electric field cause {wi}ionization{/wi} of the excited neutral species.",
                        "aq": {
                          "auth": "G. Samuel Hurst and Vladilen S. Letokhov"
                        }
                      }
                    ]
                  ]
                ]
              }
            ]
          ],
          [
            [
              "sense",
              {
                "sn": "2",
                "dt": [
                  [
                    "text",
                    "{bc}the state of being ionized "
                  ],
                  [
                    "vis",
                    [
                      {
                        "t": "While the light flashes themselves are not harmful, the tissue {wi}ionization{/wi} caused by the intruding particle near the end of its track is indeed deadly to some affected cells.",
                        "aq": {
                          "auth": "James D. Burke"
                        }
                      }
                    ]
                  ]
                ]
              }
            ]
          ]
        ]
      }
    ],
    "et": [
      [
        "text",
        "{et_link|ion|ion} + {et_link|-ization|-ization}"
      ]
    ],
    "date": "1891{ds||1||}",
    "shortdef": [
      "the act or process of ionizing something : conversion of a substance into ions",
      "the state of being ionized"
    ]
  },
  {
    "meta": {
      "id": "ionization chamber",
      "uuid": "e50531a0-6f4e-4f13-9b74-dadaf3742846",
      "sort": "092785000",
      "src": "collegiate",
      "section": "alpha",
      "stems": [
        "ionization chamber",
        "ionization chambers"
      ],
      "offensive": false
    },
    "hwi": {
      "hw": "ionization chamber"
    },
    "fl": "noun",
    "def": [
      {
        "sseq": [
          [
            [
              "sense",
              {
                "dt": [
                  [
                    "text",
                    "{bc}a partially evacuated tube provided with electrodes so that its conductivity due to the ionization of the residual gas reveals the presence of ionizing radiation"
                  ]
                ]
              }
            ]
          ]
        ]
      }
    ],
    "date": "1904",
    "shortdef": [
      "a partially evacuated tube provided with electrodes so that its conductivity due to the ionization of the residual gas reveals the presence of ionizing radiation"
    ]
  }
]