[
  {
    "meta": {
      "id": "iridescence",
      "uuid": "77569ca1-496c-4faf-b6fa-462465f64ad0",
      "sort": "092831000",
      "src": "collegiate",
      "section": "alpha",
      "stems": [
        "iridescence",
        "iridescences"
      ],
      "offensive": false
    },
    "hwi": {
      "hw": "ir*i*des*cence",
      "prs": [
        {
          "mw": "\u02ccir-\u0259-\u02c8de-s\u1d4an(t)s",
          "sound": {
            "audio": "irides01",
            "ref": "c",
            "stat": "1"
          }
        }
      ]
    },
    "fl": "noun",
    "def": [
      {
        "sseq": [
          [
            [
              "sense",
              {
                "sn": "1",
                "dt": [
                  [
                    "text",
                    "{bc}a lustrous rainbowlike play of color caused by differential refraction of light waves (as from an oil slick, soap bubble, or fish scales) that tends to change as the angle of view changes"
                  ]
                ]
              }
            ]
          ],
          [
            [
              "sense",
              {
                "sn": "2",
                "dt": [
                  [
                    "text",
                    "{bc}a lustrous or attractive quality or effect"
                  ]
                ]
              }
            ]
          ]
        ]
      }
    ],
    "et": [
      [
        "text",
        "{et_link|irid(escent)|iridescent} + {et_link|-escence|-escence}"
      ]
    ],
    "date": "1804{ds||1||}",
    "shortdef": [
      "a lustrous rainbowlike play of color caused by differential refraction of light waves (as from an oil slick, soap bubble, or fish scales) that tends to change as the angle of view changes",
      "a lustrous or attractive quality or effect"
    ]
  }
]