[
  {
    "meta": {
      "id": "kinetic energy",
      "uuid": "ffe0f97c-5dd8-4631-ad06-60ae77f48e18",
      "sort": "110046000",
      "src": "collegiate",
      "section": "alpha",
      "stems": [
        "kinetic energies",
        "kinetic energy"
      ],
      "offensive": false
    },
    "hwi": {
      "hw": "kinetic energy"
    },
    "fl": "noun",
    "def": [
      {
        "sseq": [
          [
            [
              "sense",
              {
                "dt": [
                  [
                    "text",
                    "{bc}energy associated with motion"
                  ]
                ]
              }
            ]
          ]
        ]
      }
    ],
    "date": "1870",
    "shortdef": [
      "energy associated with motion"
    ]
  }
]