[
  {
    "meta": {
      "id": "laminar flow",
      "uuid": "599a859a-ffdf-48ce-918f-50417f801f96",
      "sort": "120026100",
      "src": "collegiate",
      "section": "alpha",
      "stems": [
        "laminar flow",
        "laminar flows"
      ],
      "offensive": false
    },
    "hwi": {
      "hw": "laminar flow"
    },
    "fl": "noun",
    "def": [
      {
        "sseq": [
          [
            [
              "sense",
              {
                "dt": [
                  [
                    "text",
                    "{bc}uninterrupted flow in a fluid near a solid boundary in which the direction of flow at every point remains constant {dx}compare {dxt|turbulent flow||}{/dx}"
                  ]
                ]
              }
            ]
          ]
        ]
      }
    ],
    "date": "1935",
    "shortdef": [
      "uninterrupted flow in a fluid near a solid boundary in which the direction of flow at every point remains constant"
    ]
  }
]