[
  {
    "meta": {
      "id": "laminar",
      "uuid": "70237964-ce47-4afe-be42-f721c2c35261",
      "sort": "120026000",
      "src": "collegiate",
      "section": "alpha",
      "stems": [
        "laminar"
      ],
      "offensive": false
    },
    "hwi": {
      "hw": "lam*i*nar",
      "prs": [
        {
          "mw": "\u02c8la-m\u0259-n\u0259r",
          "sound": {
            "audio": "lamina06",
            "ref": "c",
            "stat": "1"
          }
        }
      ]
    },
    "fl": "adjective",
    "def": [
      {
        "sseq": [
          [
            [
              "sense",
              {
                "dt": [
                  [
                    "text",
                    "{bc}arranged in, consisting of, or resembling {a_link|laminae}"
                  ]
                ]
              }
            ]
          ]
        ]
      }
    ],
    "date": "1811",
    "shortdef": [
      "arranged in, consisting of, or resembling laminae"
    ]
  },
  {
    "meta": {
      "id": "laminar flow",
      "uuid": "599a859a-ffdf-48ce-918f-50417f801f96",
      "sort": "120026100",
      "src": "collegiate",
      "section": "alpha",
      "stems": [
        "laminar flow",
        "laminar flows"
      ],
      "offensive": false
    },
    "hwi": {
      "hw": "laminar flow"
    },
    "fl": "noun",
    "def": [
      {
        "sseq": [
          [
            [
              "sense",
              {
                "dt": [
                  [
                    "text",
                    "{bc}uninterrupted flow in a fluid near a solid boundary in which the direction of flow at every point remains constant {dx}compare {dxt|turbulent flow||}{/dx}"
                  ]
                ]
              }
            ]
          ]
        ]
      }
    ],
    "date": "1935",
    "shortdef": [
      "uninterrupted flow in a fluid near a solid boundary in which the direction of flow at every point remains constant"
    ]
  }
]