[
  {
    "meta": {
      "id": "laser:1",
      "uuid": "f80c504c-27ca-4280-a8ba-b6c80b442400",
      "sort": "120048800",
      "src": "collegiate",
      "section": "alpha",
      "stems": [
        "laser",
        "lasers"
      ],
      "offensive": false
    },
    "hom": 1,
    "hwi": {
      "hw": "la*ser",
      "prs": [
        {
          "mw": "\u02c8l\u0101-z\u0259r",
          "sound": {
            "audio": "laser001",
            "ref": "c",
            "stat": "1"
          }
        }
      ]
    },
    "fl": "noun",
    "lbs": [
      "often attributive"
    ],
    "def": [
      {
        "sseq": [
          [
            [
              "sense",
              {
                "sn": "1",
                "dt": [
                  [
                    "text",
                    "{bc}a device that utilizes the natural oscillations of atoms or molecules between energy levels for generating a beam of coherent electromagnetic radiation usually in the ultraviolet, visible, or infrared regions of the spectrum"
                  ]
                ],
                "sdsense": {
                  "sd": "also",
                  "dt": [
                    [
                      "text",
                      "{bc}the beam of coherent radiation itself "
                    ],
                    [
                      "vis",
                      [
                        {
                          "t": "The cesium fluoresced. This told them they had the necessary population of excited atoms to produce a {wi}laser{/wi}.",
                          "aq": {
                            "auth": "Nick Taylor"
                          }
                        }
                      ]
                    ]
                  ]
                }
              }
            ]
          ],
          [
            [
              "sense",
              {
                "sn": "2",
                "dt": [
                  [
                    "text",
                    "{bc}something resembling a laser beam in accuracy, speed, or intensity "
                  ],
                  [
                    "vis",
                    [
                      {
                        "t": "threw a {wi}laser{/wi} into the end zone"
                      },
                      {
                        "t": "a {wi}laser{/wi} stare"
                      }
                    ]
                  ]
                ]
              }
            ]
          ]
        ]
      }
    ],
    "et": [
      [
        "text",
        "{it}l{/it}ight {it}a{/it}mplification by {it}s{/it}timulated {it}e{/it}mission of {it}r{/it}adiation"
      ]
    ],
    "date": "1957{ds||1||}",
    "shortdef": [
      "a device that utilizes the natural oscillations of atoms or molecules between energy levels for generating a beam of coherent electromagnetic radiation usually in the ultraviolet, visible, or infrared regions of the spectrum; also : the beam of coherent radiation itself",
      "something resembling a laser beam in accuracy, speed, or intensity"
    ]
  },
  {
    "meta": {
      "id": "laser:2",
      "uuid": "ba69e846-1cd5-4c8a-81d2-408edd907f5f",
      "sort": "120048900",
      "src": "collegiate",
      "section": "alpha",
      "stems": [
        "laser",
        "lasered",
        "lasering",
        "lasers"
      ],
      "offensive": false
    },
    "hom": 2,
    "hwi": {
      "hw": "laser"
    },
    "fl": "verb",
    "ins": [
      {
        "if": "la*sered"
      },
      {
        "if": "la*ser*ing"
      },
      {
        "if": "la*sers"
      }
    ],
    "def": [
      {
        "vd": "transitive verb",
        "sseq": [
          [
            [
              "sense",
              {
                "dt": [
                  [
                    "text",
                    "{bc}to subject to the action of a laser {bc}treat with a laser"
                  ]
                ]
              }
            ]
          ]
        ]
      }
    ],
    "date": "1978",
    "shortdef": [
      "to subject to the action of a laser : treat with a laser"
    ]
  },
  {
    "meta": {
      "id": "laser disc",
      "uuid": "1393bc05-ef13-4a01-860f-4da9ad232b77",
      "sort": "120049000",
      "src": "collegiate",
      "section": "alpha",
      "stems": [
        "laser disc",
        "laser discs"
      ],
      "offensive": false
    },
    "hwi": {
      "hw": "laser disc"
    },
    "fl": "noun",
    "def": [
      {
        "sseq": [
          [
            [
              "sense",
              {
                "dt": [
                  [
                    "text",
                    "{bc}{sx|optical disk||}"
                  ]
                ],
                "sdsense": {
                  "sd": "especially",
                  "dt": [
                    [
                      "text",
                      "{bc}one containing a video recording (as of a motion picture)"
                    ]
                  ]
                }
              }
            ]
          ]
        ]
      }
    ],
    "date": "1979",
    "shortdef": [
      "optical disk; especially : one containing a video recording (as of a motion picture)"
    ]
  },
  {
    "meta": {
      "id": "laser printer",
      "uuid": "bcf75141-49d2-450a-b8f8-c0c46d173cae",
      "sort": "120049100",
      "src": "collegiate",
      "section": "alpha",
      "stems": [
        "laser printer",
        "laser printers"
      ],
      "offensive": false
    },
    "hwi": {
      "hw": "laser printer"
    },
    "fl": "noun",
    "def": [
      {
        "sseq": [
          [
            [
              "sense",
              {
                "dt": [
                  [
                    "text",
                    "{bc}a high-resolution printer for computer output that xerographically prints an image formed by a laser"
                  ]
                ]
              }
            ]
          ]
        ]
      }
    ],
    "date": "1979",
    "shortdef": [
      "a high-resolution printer for computer output that xerographically prints an image formed by a laser"
    ]
  },
  {
    "meta": {
      "id": "laser beam",
      "uuid": "274e34aa-a897-4b80-a213-c2e694891056",
      "sort": "3010713000",
      "src": "ld",
      "section": "idioms",
      "stems": [
        "laser beam"
      ],
      "offensive": false
    },
    "hwi": {
      "hw": "laser beam"
    },
    "fl": "noun",
    "def": [
      {
        "sseq": [
          [
            [
              "sense",
              {
                "dt": [
                  [
                    "text",
                    "{bc}the narrow beam of light produced by a laser"
                  ]
                ]
              }
            ]
          ]
        ]
      }
    ],
    "shortdef": [
      "the narrow beam of light produced by a laser"
    ]
  },
  {
    "meta": {
      "id": "chemical laser",
      "uuid": "620a6acd-ab04-4652-833c-67200bd3b3f9",
      "sort": "032394500",
      "src": "collegiate",
      "section": "alpha",
      "stems": [
        "chemical laser",
        "chemical lasers"
      ],
      "offensive": false
    },
    "hwi": {
      "hw": "chemical laser"
    },
    "fl": "noun",
    "def": [
      {
        "sseq": [
          [
            [
              "sense",
              {
                "dt": [
                  [
                    "text",
                    "{bc}a laser that uses a chemical reaction (such as combustion) as an energy source "
                  ],
                  [
                    "vis",
                    [
                      {
                        "t": "The weapon is the {wi}chemical laser{/wi}, which gets its energy from the combustion of fuels similar to those in rocket engines. Though much of its energy is lost as heat, significant amounts can be extracted by mirrors and resonant chambers, emerging as a concentrated beam of light that in theory can flash across space to zap speeding missiles thousands of miles away.",
                        "aq": {
                          "auth": "William J. Broad"
                        }
                      }
                    ]
                  ]
                ]
              }
            ]
          ]
        ]
      }
    ],
    "date": "1965",
    "shortdef": [
      "a laser that uses a chemical reaction (such as combustion) as an energy source"
    ]
  },
  {
    "meta": {
      "id": "excimer laser",
      "uuid": "6fc4d555-17c1-42e3-a0d5-ccee2c96f011",
      "sort": "050259100",
      "src": "collegiate",
      "section": "alpha",
      "stems": [
        "excimer laser",
        "excimer lasers"
      ],
      "offensive": false
    },
    "hwi": {
      "hw": "ex*ci*mer laser",
      "prs": [
        {
          "mw": "\u02c8ek-si-\u02ccm\u0259r-",
          "sound": {
            "audio": "excime01",
            "ref": "c",
            "stat": "1"
          }
        }
      ]
    },
    "fl": "noun",
    "def": [
      {
        "sseq": [
          [
            [
              "sense",
              {
                "dt": [
                  [
                    "text",
                    "{bc}a laser that uses a noble-gas halide to generate radiation usually in the ultraviolet region of the spectrum"
                  ]
                ]
              }
            ]
          ]
        ]
      }
    ],
    "et": [
      [
        "text",
        "{it}exci{/it}ted + di{it}mer{/it}"
      ]
    ],
    "date": "1973",
    "shortdef": [
      "a laser that uses a noble-gas halide to generate radiation usually in the ultraviolet region of the spectrum"
    ]
  },
  {
    "meta": {
      "id": "free-electron laser",
      "uuid": "9f9a2bf8-4dbf-46c9-97d9-eed7c23f4e74",
      "sort": "063119000",
      "src": "collegiate",
      "section": "alpha",
      "stems": [
        "free-electron laser",
        "free-electron lasers"
      ],
      "offensive": false
    },
    "hwi": {
      "hw": "free-elec*tron laser",
      "prs": [
        {
          "mw": "\u02c8fr\u0113-i-\u02c8lek-\u02cctr\u00e4n-",
          "sound": {
            "audio": "free_e01",
            "ref": "c",
            "stat": "1"
          }
        }
      ]
    },
    "fl": "noun",
    "def": [
      {
        "sseq": [
          [
            [
              "sense",
              {
                "dt": [
                  [
                    "text",
                    "{bc}a laser that can be tuned over a wide range of frequencies and that produces electromagnetic radiation by the motion of electrons moving at relativistic velocities in a magnetic field"
                  ]
                ]
              }
            ]
          ]
        ]
      }
    ],
    "date": "1978",
    "shortdef": [
      "a laser that can be tuned over a wide range of frequencies and that produces electromagnetic radiation by the motion of electrons moving at relativistic velocities in a magnetic field"
    ]
  }
]