[
  {
    "meta": {
      "id": "lateral:1",
      "uuid": "8cfffd9e-a985-46aa-9a43-69bf4253d746",
      "sort": "120056200",
      "src": "collegiate",
      "section": "alpha",
      "stems": [
        "lateral",
        "laterally"
      ],
      "offensive": false
    },
    "hom": 1,
    "hwi": {
      "hw": "lat*er*al",
      "prs": [
        {
          "mw": "\u02c8la-t\u0259-r\u0259l",
          "sound": {
            "audio": "latera02",
            "ref": "c",
            "stat": "1"
          }
        },
        {
          "l": "also",
          "mw": "\u02c8la-tr\u0259l"
        }
      ]
    },
    "fl": "adjective",
    "def": [
      {
        "sseq": [
          [
            [
              "sense",
              {
                "sn": "1",
                "dt": [
                  [
                    "text",
                    "{bc}of or relating to the side "
                  ],
                  [
                    "vis",
                    [
                      {
                        "t": "a {wi}lateral{/wi} view"
                      }
                    ]
                  ]
                ]
              }
            ]
          ],
          [
            [
              "sense",
              {
                "sn": "2",
                "dt": [
                  [
                    "text",
                    "{bc}situated on, directed toward, or coming from the side "
                  ],
                  [
                    "vis",
                    [
                      {
                        "t": "the {wi}lateral{/wi} branches of a tree"
                      }
                    ]
                  ]
                ]
              }
            ]
          ],
          [
            [
              "sense",
              {
                "sn": "3",
                "dt": [
                  [
                    "text",
                    "{bc}extending from side to side "
                  ],
                  [
                    "vis",
                    [
                      {
                        "t": "the {wi}lateral{/wi} axis of an airplane"
                      }
                    ]
                  ]
                ]
              }
            ]
          ],
          [
            [
              "sense",
              {
                "sn": "4",
                "sls": [
                  "phonetics"
                ],
                "dt": [
                  [
                    "text",
                    "{bc}produced with passage of breath around the side of a constriction formed with the tongue "
                  ],
                  [
                    "vis",
                    [
                      {
                        "t": "\\l\\ is {wi}lateral{/wi}"
                      }
                    ]
                  ]
                ]
              }
            ]
          ]
        ]
      }
    ],
    "uros": [
      {
        "ure": "lat*er*al*ly",
        "fl": "adverb"
      }
    ],
    "et": [
      [
        "text",
        "Middle English {it}laterale{/it}, from Latin {it}lateralis{/it}, from {it}later-, latus{/it} side"
      ]
    ],
    "date": "15th century{ds||1||}",
    "shortdef": [
      "of or relating to the side",
      "situated on, directed toward, or coming from the side",
      "extending from side to side"
    ]
  },
  {
    "meta": {
      "id": "lateral:2",
      "uuid": "2bbf2b28-3d19-4c53-846c-51fd25c9f705",
      "sort": "120056300",
      "src": "collegiate",
      "section": "alpha",
      "stems": [
        "lateral",
        "laterals"
      ],
      "offensive": false
    },
    "hom": 2,
    "hwi": {
      "hw": "lateral"
    },
    "fl": "noun",
    "def": [
      {
        "sseq": [
          [
            [
              "sense",
              {
                "sn": "1",
                "dt": [
                  [
                    "text",
                    "{bc}a branch from the main part (as in an irrigation or electrical system)"
                  ]
                ]
              }
            ]
          ],
          [
            [
              "sense",
              {
                "sn": "2",
                "dt": [
                  [
                    "text",
                    "{bc}a pass in football thrown parallel to the line of scrimmage or in a direction away from the opponent's goal"
                  ]
                ]
              }
            ]
          ],
          [
            [
              "sense",
              {
                "sn": "3",
                "dt": [
                  [
                    "text",
                    "{bc}a lateral speech sound"
                  ]
                ]
              }
            ]
          ]
        ]
      }
    ],
    "et": [
      [
        "text",
        "{dx_ety}see {dxt|lateral:1||}{/dx_ety}"
      ]
    ],
    "date": "1578{ds||1||}",
    "shortdef": [
      "a branch from the main part (as in an irrigation or electrical system)",
      "a pass in football thrown parallel to the line of scrimmage or in a direction away from the opponent's goal",
      "a lateral speech sound"
    ]
  },
  {
    "meta": {
      "id": "lateral:3",
      "uuid": "b8f846ba-ac40-4ee2-bd77-e7c7e4dce636",
      "sort": "120056400",
      "src": "collegiate",
      "section": "alpha",
      "stems": [
        "lateral",
        "lateraled",
        "lateraling",
        "laterals"
      ],
      "offensive": false
    },
    "hom": 3,
    "hwi": {
      "hw": "lateral"
    },
    "fl": "verb",
    "ins": [
      {
        "if": "lat*er*aled"
      },
      {
        "if": "lat*er*al*ing"
      },
      {
        "if": "lat*er*als"
      }
    ],
    "def": [
      {
        "vd": "intransitive verb",
        "sseq": [
          [
            [
              "sense",
              {
                "dt": [
                  [
                    "text",
                    "{bc}to throw a lateral"
                  ]
                ]
              }
            ]
          ]
        ]
      }
    ],
    "et": [
      [
        "text",
        "{dx_ety}see {dxt|lateral:1||}{/dx_ety}"
      ]
    ],
    "date": "1930",
    "shortdef": [
      "to throw a lateral"
    ]
  },
  {
    "meta": {
      "id": "lateral bud",
      "uuid": "3fab5ee4-9cf5-4900-b2fc-de0002c50570",
      "sort": "120056500",
      "src": "collegiate",
      "section": "alpha",
      "stems": [
        "lateral bud"
      ],
      "offensive": false
    },
    "hwi": {
      "hw": "lateral bud"
    },
    "fl": "noun",
    "def": [
      {
        "sseq": [
          [
            [
              "sense",
              {
                "dt": [
                  [
                    "text",
                    "{bc}a bud that develops in the axil between a petiole and a stem"
                  ]
                ]
              }
            ]
          ]
        ]
      }
    ],
    "date": "1875",
    "shortdef": [
      "a bud that develops in the axil between a petiole and a stem"
    ]
  },
  {
    "meta": {
      "id": "lateral line",
      "uuid": "6ea8b9cc-4a44-4f88-9996-747ef67ea1c7",
      "sort": "120056700",
      "src": "collegiate",
      "section": "alpha",
      "stems": [
        "lateral line",
        "lateral lines"
      ],
      "offensive": false
    },
    "hwi": {
      "hw": "lateral line"
    },
    "fl": "noun",
    "def": [
      {
        "sseq": [
          [
            [
              "sense",
              {
                "dt": [
                  [
                    "text",
                    "{bc}a canal along the side of a fish containing pores that open into tubes supplied with sense organs sensitive to low vibrations"
                  ]
                ],
                "sdsense": {
                  "sd": "also",
                  "dt": [
                    [
                      "text",
                      "{bc}one of these tubes or sense organs"
                    ]
                  ]
                }
              }
            ]
          ]
        ]
      }
    ],
    "date": "1752",
    "shortdef": [
      "a canal along the side of a fish containing pores that open into tubes supplied with sense organs sensitive to low vibrations; also : one of these tubes or sense organs"
    ]
  },
  {
    "meta": {
      "id": "lateral thinking",
      "uuid": "3643507b-9cb5-46b2-bac6-6eeabfe0012c",
      "sort": "3010741000",
      "src": "ld",
      "section": "idioms",
      "stems": [
        "lateral thinking"
      ],
      "offensive": false
    },
    "hwi": {
      "hw": "lateral thinking"
    },
    "fl": "noun",
    "def": [
      {
        "sls": [
          "chiefly British"
        ],
        "sseq": [
          [
            [
              "sense",
              {
                "dt": [
                  [
                    "text",
                    "{bc}a method for solving problems by making unusual or unexpected connections between ideas"
                  ]
                ]
              }
            ]
          ]
        ]
      }
    ],
    "shortdef": [
      "a method for solving problems by making unusual or unexpected connections between ideas"
    ]
  },
  {
    "meta": {
      "id": "amyotrophic lateral sclerosis",
      "uuid": "44cbc686-cf35-447a-876c-0aba2af7de8e",
      "sort": "012514000",
      "src": "collegiate",
      "section": "alpha",
      "stems": [
        "Lou Gehrig's disease",
        "amyotrophic lateral scleroses",
        "amyotrophic lateral sclerosis"
      ],
      "offensive": false
    },
    "hwi": {
      "hw": "amyo*tro*phic lateral sclerosis",
      "prs": [
        {
          "mw": "\u02cc\u0101-\u02ccm\u012b-\u0259-\u02c8tr\u014d-fik-",
          "sound": {
            "audio": "amyotr02",
            "ref": "c",
            "stat": "1"
          }
        },
        {
          "mw": "-\u02c8tr\u00e4-",
          "sound": {
            "audio": "amyotr01",
            "ref": "c",
            "stat": "1"
          }
        }
      ]
    },
    "fl": "noun",
    "def": [
      {
        "sseq": [
          [
            [
              "sense",
              {
                "dt": [
                  [
                    "text",
                    "{bc}a rare progressive degenerative fatal disease affecting the motor neurons, usually beginning in middle age, and characterized especially by increasing and spreading muscular weakness and atrophy "
                  ],
                  [
                    "uns",
                    [
                      [
                        [
                          "text",
                          "abbreviation {it}ALS{/it}"
                        ]
                      ]
                    ]
                  ],
                  [
                    "ca",
                    {
                      "intro": "called also",
                      "cats": [
                        {
                          "cat": "Lou Gehrig's disease"
                        }
                      ]
                    }
                  ]
                ]
              }
            ]
          ]
        ]
      }
    ],
    "et": [
      [
        "text",
        "{et_link|a-:2|a-:2} + {it}my-{/it} + {it}-trophic{/it}"
      ]
    ],
    "date": "1875",
    "shortdef": [
      "a rare progressive degenerative fatal disease affecting the motor neurons, usually beginning in middle age, and characterized especially by increasing and spreading muscular weakness and atrophy \u2014abbreviation ALS\u2014called also Lou Gehrig's disease"
    ]
  }
]