[
  {
    "meta": {
      "id": "lens:2",
      "uuid": "6596f01d-7def-40d1-a593-96623f93d1b6",
      "sort": "120113300",
      "src": "collegiate",
      "section": "alpha",
      "stems": [
        "lens",
        "lensed",
        "lenses",
        "lensing"
      ],
      "offensive": false
    },
    "hom": 2,
    "hwi": {
      "hw": "lens"
    },
    "fl": "verb",
    "ins": [
      {
        "if": "lensed"
      },
      {
        "if": "lens*ing"
      },
      {
        "if": "lens*es"
      }
    ],
    "def": [
      {
        "vd": "transitive verb",
        "sseq": [
          [
            [
              "sense",
              {
                "dt": [
                  [
                    "text",
                    "{bc}to make a motion picture of {bc}{sx|film||}"
                  ]
                ]
              }
            ]
          ]
        ]
      }
    ],
    "date": "1942",
    "shortdef": [
      "to make a motion picture of : film"
    ]
  },
  {
    "meta": {
      "id": "lens:1",
      "uuid": "cb571636-1344-4085-85e4-dd137244df3c",
      "sort": "120113200",
      "src": "collegiate",
      "section": "alpha",
      "stems": [
        "lens",
        "lensed",
        "lenses",
        "lensless"
      ],
      "offensive": false
    },
    "hom": 1,
    "hwi": {
      "hw": "lens",
      "prs": [
        {
          "mw": "\u02c8lenz",
          "sound": {
            "audio": "lens1001",
            "ref": "c",
            "stat": "1"
          }
        }
      ]
    },
    "fl": "noun",
    "def": [
      {
        "sseq": [
          [
            [
              "sense",
              {
                "sn": "1 a",
                "dt": [
                  [
                    "text",
                    "{bc}a piece of transparent material (such as glass) that has two opposite regular surfaces either both curved or one curved and the other plane and that is used either singly or combined in an optical instrument for forming an image by focusing rays of light"
                  ]
                ]
              }
            ],
            [
              "sense",
              {
                "sn": "b",
                "dt": [
                  [
                    "text",
                    "{bc}a combination of two or more simple {a_link|lenses}"
                  ]
                ]
              }
            ],
            [
              "sense",
              {
                "sn": "c",
                "dt": [
                  [
                    "text",
                    "{bc}a piece of glass or plastic used (as in safety goggles or sunglasses) to protect the eye"
                  ]
                ]
              }
            ]
          ],
          [
            [
              "sense",
              {
                "sn": "2",
                "dt": [
                  [
                    "text",
                    "{bc}a device for directing or focusing radiation other than light (such as sound waves, radio microwaves, or electrons)"
                  ]
                ]
              }
            ]
          ],
          [
            [
              "sense",
              {
                "sn": "3",
                "dt": [
                  [
                    "text",
                    "{bc}something shaped like a biconvex optical lens "
                  ],
                  [
                    "vis",
                    [
                      {
                        "t": "{wi}lens{/wi} of sandstone"
                      }
                    ]
                  ]
                ]
              }
            ]
          ],
          [
            [
              "sense",
              {
                "sn": "4",
                "dt": [
                  [
                    "text",
                    "{bc}a highly transparent biconvex lens-shaped or nearly spherical body in the eye that focuses light rays (as upon the retina) {dx}see {dxt|eye|eye|illustration}{/dx}"
                  ]
                ]
              }
            ]
          ],
          [
            [
              "sense",
              {
                "sn": "5",
                "dt": [
                  [
                    "text",
                    "{bc}something that facilitates and influences perception, comprehension, or evaluation "
                  ],
                  [
                    "vis",
                    [
                      {
                        "t": "viewing the current legal battle \u2026 through partisan {wi}lenses{/wi}",
                        "aq": {
                          "source": "{it}New Republic{/it}"
                        }
                      }
                    ]
                  ]
                ]
              }
            ]
          ],
          [
            [
              "sense",
              {
                "sn": "6",
                "dt": [
                  [
                    "text",
                    "{bc}{sx|gravitational lens||}"
                  ]
                ]
              }
            ]
          ]
        ]
      }
    ],
    "uros": [
      {
        "ure": "lensed",
        "prs": [
          {
            "mw": "\u02c8lenzd",
            "sound": {
              "audio": "lens1002",
              "ref": "c",
              "stat": "1"
            }
          }
        ],
        "fl": "adjective"
      },
      {
        "ure": "lens*less",
        "prs": [
          {
            "mw": "\u02c8lenz-l\u0259s",
            "sound": {
              "audio": "lens1003",
              "ref": "c",
              "stat": "1"
            }
          }
        ],
        "fl": "adjective"
      }
    ],
    "et": [
      [
        "text",
        "New Latin {it}lent-, lens{/it}, from Latin, lentil; from its shape"
      ]
    ],
    "date": "1673{ds||1|a|}",
    "shortdef": [
      "a piece of transparent material (such as glass) that has two opposite regular surfaces either both curved or one curved and the other plane and that is used either singly or combined in an optical instrument for forming an image by focusing rays of light",
      "a combination of two or more simple lenses",
      "a piece of glass or plastic used (as in safety goggles or sunglasses) to protect the eye"
    ]
  },
  {
    "meta": {
      "id": "achromatic lens",
      "uuid": "ba31f558-0dac-4297-851d-3cb754ff6faf",
      "sort": "010551000",
      "src": "collegiate",
      "section": "alpha",
      "stems": [
        "achromatic lens",
        "achromatic lenses"
      ],
      "offensive": false
    },
    "hwi": {
      "hw": "achromatic lens"
    },
    "fl": "noun",
    "def": [
      {
        "sseq": [
          [
            [
              "sense",
              {
                "dt": [
                  [
                    "text",
                    "{bc}a lens made by combining lenses of different glasses having different focal powers so that the light emerging from the lens forms an image practically free of chromatic aberration"
                  ]
                ]
              }
            ]
          ]
        ]
      }
    ],
    "art": {
      "artid": "achrom_l",
      "capt": "achromatic lens: {it}A{/it} light source, {it}B{/it} crown glass, {it}C{/it} flint glass, {it}D{/it} corrected wavelength focal point"
    },
    "date": "1796",
    "shortdef": [
      "a lens made by combining lenses of different glasses having different focal powers so that the light emerging from the lens forms an image practically free of chromatic aberration"
    ]
  },
  {
    "meta": {
      "id": "contact lens",
      "uuid": "7e6d27f9-0fc7-41cd-a83f-24285479368a",
      "sort": "035559600",
      "src": "collegiate",
      "section": "alpha",
      "stems": [
        "contact lens",
        "contact lenses"
      ],
      "offensive": false
    },
    "hwi": {
      "hw": "contact lens"
    },
    "fl": "noun",
    "def": [
      {
        "sseq": [
          [
            [
              "sense",
              {
                "dt": [
                  [
                    "text",
                    "{bc}a thin lens designed to fit over the cornea and usually worn to correct defects in vision"
                  ]
                ]
              }
            ]
          ]
        ]
      }
    ],
    "date": "1888",
    "shortdef": [
      "a thin lens designed to fit over the cornea and usually worn to correct defects in vision"
    ]
  },
  {
    "meta": {
      "id": "converging lens",
      "uuid": "b0cf74f4-8e23-4ec5-8597-08df1d17ffd8",
      "sort": "035580300",
      "src": "collegiate",
      "section": "alpha",
      "stems": [
        "converging lens",
        "converging lenses"
      ],
      "offensive": false
    },
    "hwi": {
      "hw": "converging lens"
    },
    "fl": "noun",
    "def": [
      {
        "sseq": [
          [
            [
              "sense",
              {
                "dt": [
                  [
                    "text",
                    "{bc}a lens that causes parallel rays (as of light) to come to a focus"
                  ]
                ]
              }
            ]
          ]
        ]
      }
    ],
    "art": {
      "artid": "conv_le",
      "capt": "converging lens: {it}S{/it} light source, {it}L{/it} lens, {it}F{/it} focal point"
    },
    "date": "1860",
    "shortdef": [
      "a lens that causes parallel rays (as of light) to come to a focus"
    ]
  },
  {
    "meta": {
      "id": "crystalline lens",
      "uuid": "95f11741-3924-4b72-87b9-7dccb0abe762",
      "sort": "035755600",
      "src": "collegiate",
      "section": "alpha",
      "stems": [
        "crystalline lens",
        "crystalline lenses"
      ],
      "offensive": false
    },
    "hwi": {
      "hw": "crystalline lens"
    },
    "fl": "noun",
    "def": [
      {
        "sseq": [
          [
            [
              "sense",
              {
                "dt": [
                  [
                    "text",
                    "{bc}the lens of the eye in vertebrates"
                  ]
                ]
              }
            ]
          ]
        ]
      }
    ],
    "date": "1654",
    "shortdef": [
      "the lens of the eye in vertebrates"
    ]
  },
  {
    "meta": {
      "id": "eye lens",
      "uuid": "05dc0d1e-a7af-4cf0-8eb3-9303e8d02b85",
      "sort": "050315700",
      "src": "collegiate",
      "section": "alpha",
      "stems": [
        "eye lens",
        "eye lenses"
      ],
      "offensive": false
    },
    "hwi": {
      "hw": "eye lens"
    },
    "fl": "noun",
    "def": [
      {
        "sseq": [
          [
            [
              "sense",
              {
                "dt": [
                  [
                    "text",
                    "{bc}the lens nearest the eye in an eyepiece"
                  ]
                ]
              }
            ]
          ]
        ]
      }
    ],
    "date": "1713",
    "shortdef": [
      "the lens nearest the eye in an eyepiece"
    ]
  },
  {
    "meta": {
      "id": "field lens",
      "uuid": "fb2e2517-4c3e-42c8-81a3-0abbdd8bff50",
      "sort": "061123000",
      "src": "collegiate",
      "section": "alpha",
      "stems": [
        "field lens",
        "field lenses"
      ],
      "offensive": false
    },
    "hwi": {
      "hw": "field lens"
    },
    "fl": "noun",
    "def": [
      {
        "sseq": [
          [
            [
              "sense",
              {
                "dt": [
                  [
                    "text",
                    "{bc}the lens in a compound eyepiece that is nearer the objective"
                  ]
                ]
              }
            ]
          ]
        ]
      }
    ],
    "date": "1819",
    "shortdef": [
      "the lens in a compound eyepiece that is nearer the objective"
    ]
  },
  {
    "meta": {
      "id": "Fresnel lens",
      "uuid": "6b3c5a0a-446a-48a6-819a-c6bbf6e198d2",
      "sort": "063269000",
      "src": "collegiate",
      "section": "alpha",
      "stems": [
        "Fresnel lens",
        "Fresnel lenses"
      ],
      "offensive": false
    },
    "hwi": {
      "hw": "Fres*nel lens",
      "prs": [
        {
          "mw": "\u02c8frez-n\u0259l-",
          "sound": {
            "audio": "fresne01",
            "ref": "c",
            "stat": "1"
          }
        },
        {
          "mw": "fr\u0101-\u02c8nel-",
          "sound": {
            "audio": "fresne02",
            "ref": "c",
            "stat": "1"
          }
        }
      ]
    },
    "fl": "noun",
    "def": [
      {
        "sseq": [
          [
            [
              "sense",
              {
                "dt": [
                  [
                    "text",
                    "{bc}a lens that has a surface consisting of a concentric series of simple lens sections so that a thin lens with a short focal length and large diameter is possible and that is used especially for spotlights"
                  ]
                ]
              }
            ]
          ]
        ]
      }
    ],
    "et": [
      [
        "text",
        "Augustin J. {it}Fresnel{/it}"
      ]
    ],
    "date": "1865",
    "shortdef": [
      "a lens that has a surface consisting of a concentric series of simple lens sections so that a thin lens with a short focal length and large diameter is possible and that is used especially for spotlights"
    ]
  },
  {
    "meta": {
      "id": "gravitational lens",
      "uuid": "e4a56e90-560d-46f8-8462-8116ac8b3d00",
      "sort": "072277000",
      "src": "collegiate",
      "section": "alpha",
      "stems": [
        "gravitational lens",
        "gravitational lenses"
      ],
      "offensive": false
    },
    "hwi": {
      "hw": "gravitational lens"
    },
    "fl": "noun",
    "def": [
      {
        "sseq": [
          [
            [
              "sense",
              {
                "dt": [
                  [
                    "text",
                    "{bc}a massive celestial object (such as a galaxy) that bends and focuses the light of another more distant object (such as a quasar) by gravity and that is usually detected by the multiple images it forms of the second object"
                  ]
                ]
              }
            ]
          ]
        ]
      }
    ],
    "date": "1937",
    "shortdef": [
      "a massive celestial object (such as a galaxy) that bends and focuses the light of another more distant object (such as a quasar) by gravity and that is usually detected by the multiple images it forms of the second object"
    ]
  }
]