[
  {
    "meta": {
      "id": "levitation",
      "uuid": "2ffcc00e-9766-4880-8386-daa79228e50f",
      "sort": "120130700",
      "src": "collegiate",
      "section": "alpha",
      "stems": [
        "levitation",
        "levitational",
        "levitations"
      ],
      "offensive": false
    },
    "hwi": {
      "hw": "lev*i*ta*tion",
      "prs": [
        {
          "mw": "\u02ccle-v\u0259-\u02c8t\u0101-sh\u0259n",
          "sound": {
            "audio": "levita02",
            "ref": "c",
            "stat": "1"
          }
        }
      ]
    },
    "fl": "noun",
    "def": [
      {
        "sseq": [
          [
            [
              "sense",
              {
                "dt": [
                  [
                    "text",
                    "{bc}the act or process of {a_link|levitating}"
                  ]
                ],
                "sdsense": {
                  "sd": "especially",
                  "dt": [
                    [
                      "text",
                      "{bc}the rising or lifting of a person or thing by means held to be supernatural"
                    ]
                  ]
                }
              }
            ]
          ]
        ]
      }
    ],
    "uros": [
      {
        "ure": "lev*i*ta*tion*al",
        "prs": [
          {
            "mw": "\u02ccle-v\u0259-\u02c8t\u0101-shn\u0259l",
            "sound": {
              "audio": "levita03",
              "ref": "c",
              "stat": "1"
            }
          },
          {
            "mw": "-sh\u0259-n\u1d4al"
          }
        ],
        "fl": "adjective"
      }
    ],
    "date": "1668",
    "shortdef": [
      "the act or process of levitating; especially : the rising or lifting of a person or thing by means held to be supernatural"
    ]
  },
  {
    "meta": {
      "id": "magnetic levitation",
      "uuid": "aebb962a-96fa-42ee-b597-61cb667bad13",
      "sort": "130227000",
      "src": "collegiate",
      "section": "alpha",
      "stems": [
        "magnetic levitation",
        "magnetic levitations"
      ],
      "offensive": false
    },
    "hwi": {
      "hw": "magnetic levitation"
    },
    "fl": "noun",
    "def": [
      {
        "sseq": [
          [
            [
              "sense",
              {
                "dt": [
                  [
                    "text",
                    "{bc}{sx|maglev||1}"
                  ]
                ]
              }
            ]
          ]
        ]
      }
    ],
    "date": "1966",
    "shortdef": [
      "maglev"
    ]
  }
]