[
  {
    "meta": {
      "id": "liquid:1",
      "uuid": "bdb160e1-7aea-4327-b7c9-fb781a679f1b",
      "sort": "120190900",
      "src": "collegiate",
      "section": "alpha",
      "stems": [
        "liquid",
        "liquidities",
        "liquidity",
        "liquidly",
        "liquidness",
        "liquidnesses"
      ],
      "offensive": false
    },
    "hom": 1,
    "hwi": {
      "hw": "liq*uid",
      "prs": [
        {
          "mw": "\u02c8li-kw\u0259d",
          "sound": {
            "audio": "liquid01",
            "ref": "c",
            "stat": "1"
          }
        }
      ]
    },
    "fl": "adjective",
    "def": [
      {
        "sseq": [
          [
            [
              "sense",
              {
                "sn": "1",
                "dt": [
                  [
                    "text",
                    "{bc}flowing freely like water "
                  ],
                  [
                    "vis",
                    [
                      {
                        "t": "{wi}liquid{/wi} detergent"
                      }
                    ]
                  ]
                ]
              }
            ]
          ],
          [
            [
              "sense",
              {
                "sn": "2",
                "dt": [
                  [
                    "text",
                    "{bc}having the properties of a liquid {bc}being neither solid nor gaseous"
                  ]
                ]
              }
            ]
          ],
          [
            [
              "sense",
              {
                "sn": "3 a",
                "dt": [
                  [
                    "text",
                    "{bc}shining and clear "
                  ],
                  [
                    "vis",
                    [
                      {
                        "t": "large {wi}liquid{/wi} eyes"
                      }
                    ]
                  ]
                ]
              }
            ],
            [
              "sense",
              {
                "sn": "b",
                "dt": [
                  [
                    "text",
                    "{bc}being musical and free of harshness in sound "
                  ],
                  [
                    "vis",
                    [
                      {
                        "t": "the {wi}liquid{/wi} song of the robin"
                      }
                    ]
                  ]
                ]
              }
            ],
            [
              "sense",
              {
                "sn": "c",
                "dt": [
                  [
                    "text",
                    "{bc}smooth and unconstrained in movement "
                  ],
                  [
                    "vis",
                    [
                      {
                        "t": "the {wi}liquid{/wi} grace of a ballerina"
                      }
                    ]
                  ]
                ]
              }
            ],
            [
              "sense",
              {
                "sn": "d",
                "dt": [
                  [
                    "text",
                    "{bc}articulated without friction and capable of being prolonged like a vowel "
                  ],
                  [
                    "vis",
                    [
                      {
                        "t": "a {wi}liquid{/wi} consonant"
                      }
                    ]
                  ]
                ]
              }
            ]
          ],
          [
            [
              "sense",
              {
                "sn": "4 a",
                "dt": [
                  [
                    "text",
                    "{bc}consisting of or capable of ready conversion into cash "
                  ],
                  [
                    "vis",
                    [
                      {
                        "t": "{wi}liquid{/wi} assets"
                      }
                    ]
                  ]
                ]
              }
            ],
            [
              "sense",
              {
                "sn": "b",
                "dt": [
                  [
                    "text",
                    "{bc}capable of covering current liabilities {dx_def}see {dxt|liability||2}{/dx_def} quickly with current assets"
                  ]
                ]
              }
            ]
          ]
        ]
      }
    ],
    "uros": [
      {
        "ure": "li*quid*i*ty",
        "prs": [
          {
            "mw": "li-\u02c8kwi-d\u0259-t\u0113",
            "sound": {
              "audio": "liquid02",
              "ref": "c",
              "stat": "1"
            }
          }
        ],
        "fl": "noun"
      },
      {
        "ure": "liq*uid*ly",
        "prs": [
          {
            "mw": "\u02c8li-kw\u0259d-l\u0113",
            "sound": {
              "audio": "liquid03",
              "ref": "c",
              "stat": "1"
            }
          }
        ],
        "fl": "adverb"
      },
      {
        "ure": "liq*uid*ness",
        "fl": "noun"
      }
    ],
    "et": [
      [
        "text",
        "Middle English, from Middle French {it}liquide{/it}, from Latin {it}liquidus{/it}, from {it}liqu\u0113re{/it} to be fluid; akin to Latin {it}lixa{/it} water, lye, and perhaps to Old Irish {it}fliuch{/it} damp"
      ]
    ],
    "date": "14th century{ds||1||}",
    "shortdef": [
      "flowing freely like water",
      "having the properties of a liquid : being neither solid nor gaseous",
      "shining and clear"
    ]
  },
  {
    "meta": {
      "id": "liquid:2",
      "uuid": "809c8b66-792d-4f88-8696-e6a2823222ef",
      "sort": "120191000",
      "src": "collegiate",
      "section": "alpha",
      "stems": [
        "liquid",
        "liquids"
      ],
      "offensive": false
    },
    "hom": 2,
    "hwi": {
      "hw": "liquid"
    },
    "fl": "noun",
    "def": [
      {
        "sseq": [
          [
            [
              "sense",
              {
                "sn": "1",
                "dt": [
                  [
                    "text",
                    "{bc}a liquid consonant"
                  ]
                ]
              }
            ]
          ],
          [
            [
              "sense",
              {
                "sn": "2",
                "dt": [
                  [
                    "text",
                    "{bc}a fluid (such as water) that has no independent shape but has a definite volume and does not expand indefinitely and that is only slightly compressible"
                  ]
                ]
              }
            ]
          ]
        ]
      }
    ],
    "et": [
      [
        "text",
        "{dx_ety}see {dxt|liquid:1||}{/dx_ety}"
      ]
    ],
    "date": "1530{ds||1||}",
    "shortdef": [
      "a liquid consonant",
      "a fluid (such as water) that has no independent shape but has a definite volume and does not expand indefinitely and that is only slightly compressible"
    ]
  },
  {
    "meta": {
      "id": "liquid crystal",
      "uuid": "3251f5cd-dee5-41e0-87d2-96ada92b3d28",
      "sort": "120191400",
      "src": "collegiate",
      "section": "alpha",
      "stems": [
        "liquid crystal",
        "liquid crystals"
      ],
      "offensive": false
    },
    "hwi": {
      "hw": "liquid crystal"
    },
    "fl": "noun",
    "def": [
      {
        "sseq": [
          [
            [
              "sense",
              {
                "dt": [
                  [
                    "text",
                    "{bc}an organic liquid whose physical properties resemble those of a crystal in the formation of loosely ordered molecular arrays similar to a regular crystalline lattice and the anisotropic refraction of light"
                  ]
                ]
              }
            ]
          ]
        ]
      }
    ],
    "date": "1891",
    "shortdef": [
      "an organic liquid whose physical properties resemble those of a crystal in the formation of loosely ordered molecular arrays similar to a regular crystalline lattice and the anisotropic refraction of light"
    ]
  },
  {
    "meta": {
      "id": "liquid crystal display",
      "uuid": "703e6f14-7b5b-4c01-934e-7a66ddb7acff",
      "sort": "120191500",
      "src": "collegiate",
      "section": "alpha",
      "stems": [
        "liquid crystal display",
        "liquid crystal displays"
      ],
      "offensive": false
    },
    "hwi": {
      "hw": "liquid crystal display"
    },
    "fl": "noun",
    "def": [
      {
        "sseq": [
          [
            [
              "sense",
              {
                "dt": [
                  [
                    "text",
                    "{bc}{sx|lcd||}"
                  ]
                ]
              }
            ]
          ]
        ]
      }
    ],
    "date": "1968",
    "shortdef": [
      "lcd"
    ]
  },
  {
    "meta": {
      "id": "liquid measure",
      "uuid": "5e520ab9-64d5-43d6-bd2f-f1859b7117b6",
      "sort": "120191700",
      "src": "collegiate",
      "section": "alpha",
      "stems": [
        "liquid measure",
        "liquid measures"
      ],
      "offensive": false
    },
    "hwi": {
      "hw": "liquid measure"
    },
    "fl": "noun",
    "def": [
      {
        "sseq": [
          [
            [
              "sense",
              {
                "dt": [
                  [
                    "text",
                    "{bc}a unit or series of units for measuring liquid capacity {dx}see {dxt|Metric System Table|metric system|table}, {dxt|Weights and Measures Table|weight|table}{/dx}"
                  ]
                ]
              }
            ]
          ]
        ]
      }
    ],
    "date": "1618",
    "shortdef": [
      "a unit or series of units for measuring liquid capacity"
    ]
  },
  {
    "meta": {
      "id": "liquid refreshment",
      "uuid": "8207d3fa-c3c1-432d-a2dd-d4a9019055c0",
      "sort": "3011225000",
      "src": "ld",
      "section": "idioms",
      "stems": [
        "liquid refreshment"
      ],
      "offensive": false
    },
    "hwi": {
      "hw": "liquid refreshment"
    },
    "fl": "noun",
    "def": [
      {
        "sls": [
          "humorous"
        ],
        "sseq": [
          [
            [
              "sense",
              {
                "dt": [
                  [
                    "text",
                    "{bc}an alcoholic drink "
                  ],
                  [
                    "vis",
                    [
                      {
                        "t": "Would you like some {it}liquid refreshment{/it}?"
                      }
                    ]
                  ]
                ]
              }
            ]
          ]
        ]
      }
    ],
    "shortdef": [
      "an alcoholic drink"
    ]
  },
  {
    "meta": {
      "id": "gas-liquid chromatography",
      "uuid": "d65402f3-de78-434c-a7ed-7bd69adea99d",
      "sort": "070441000",
      "src": "collegiate",
      "section": "alpha",
      "stems": [
        "gas-liquid chromatographic",
        "gas-liquid chromatographies",
        "gas-liquid chromatography"
      ],
      "offensive": false
    },
    "hwi": {
      "hw": "gas-liquid chromatography"
    },
    "fl": "noun",
    "def": [
      {
        "sseq": [
          [
            [
              "sense",
              {
                "dt": [
                  [
                    "text",
                    "{bc}gas chromatography in which the stationary phase is a liquid"
                  ]
                ]
              }
            ]
          ]
        ]
      }
    ],
    "uros": [
      {
        "ure": "gas-liquid chromatographic",
        "fl": "adjective"
      }
    ],
    "date": "1952",
    "shortdef": [
      "gas chromatography in which the stationary phase is a liquid"
    ]
  },
  {
    "meta": {
      "id": "dishwashing liquid",
      "uuid": "fc21db9c-717d-408e-ada6-a89a8a903129",
      "sort": "3004738000",
      "src": "ld",
      "section": "idioms",
      "stems": [
        "dishwashing liquid"
      ],
      "offensive": false
    },
    "hwi": {
      "hw": "dishwashing liquid"
    },
    "fl": "noun",
    "def": [
      {
        "sls": [
          "US"
        ],
        "sseq": [
          [
            [
              "sense",
              {
                "dt": [
                  [
                    "text",
                    "{bc}liquid soap that is used for washing dishes {bc}dish detergent"
                  ]
                ]
              }
            ]
          ]
        ]
      }
    ],
    "shortdef": [
      "liquid soap that is used for washing dishes : dish detergent"
    ]
  },
  {
    "meta": {
      "id": "washing-up liquid",
      "uuid": "58aa6516-85ed-49df-a513-e46d2e2b52fd",
      "sort": "3022164000",
      "src": "ld",
      "section": "idioms",
      "stems": [
        "washing-up liquid"
      ],
      "offensive": false
    },
    "hwi": {
      "hw": "washing-up liquid"
    },
    "fl": "noun",
    "def": [
      {
        "sls": [
          "British"
        ],
        "sseq": [
          [
            [
              "sense",
              {
                "dt": [
                  [
                    "text",
                    "{bc}liquid soap that is used for washing dishes"
                  ]
                ]
              }
            ]
          ]
        ]
      }
    ],
    "shortdef": [
      "liquid soap that is used for washing dishes"
    ]
  }
]