[
  {
    "meta": {
      "id": "loaf:2",
      "uuid": "1a339ca8-4564-48b6-bf76-bdb79da013eb",
      "sort": "120215500",
      "src": "collegiate",
      "section": "alpha",
      "stems": [
        "loaf",
        "loafed",
        "loafing",
        "loafs"
      ],
      "offensive": false
    },
    "hom": 2,
    "hwi": {
      "hw": "loaf"
    },
    "fl": "verb",
    "ins": [
      {
        "if": "loafed"
      },
      {
        "if": "loaf*ing"
      },
      {
        "if": "loafs"
      }
    ],
    "def": [
      {
        "vd": "intransitive verb",
        "sseq": [
          [
            [
              "sense",
              {
                "dt": [
                  [
                    "text",
                    "{bc}to spend time in idleness"
                  ]
                ]
              }
            ]
          ]
        ]
      }
    ],
    "syns": [
      {
        "pl": "synonyms",
        "pt": [
          [
            "text",
            "{sc}idle{/sc} {sc}loaf{/sc} {sc}lounge{/sc} {sc}loll{/sc} {sc}laze{/sc} mean to spend time doing nothing. {sc}idle{/sc} may be used in reference to persons that move lazily or without purpose. "
          ],
          [
            "vis",
            [
              {
                "t": "{it}idled{/it} the day away"
              }
            ]
          ],
          [
            "text",
            " {sc}loaf{/sc} suggests either resting or wandering about as though there were nothing to do. "
          ],
          [
            "vis",
            [
              {
                "t": "she does her work and then {it}loafs{/it} the rest of the day"
              }
            ]
          ],
          [
            "text",
            " {sc}lounge{/sc}, though occasionally used as equal to {it}idle{/it} or {it}loaf{/it}, typically conveys an additional implication of resting or reclining against a support or of physical comfort and ease in relaxation. "
          ],
          [
            "vis",
            [
              {
                "t": "he {it}lounged{/it} against the wall"
              }
            ]
          ],
          [
            "text",
            " {sc}loll{/sc} also carries an implication of a posture similar to that of {it}lounge{/it}, but places greater stress upon an indolent or relaxed attitude. "
          ],
          [
            "vis",
            [
              {
                "t": "{it}lolling{/it} on the couch"
              }
            ]
          ],
          [
            "text",
            " {sc}laze{/sc} usually implies the relaxation of a busy person enjoying a vacation or moments of leisure. "
          ],
          [
            "vis",
            [
              {
                "t": "{it}lazed{/it} about between appointments"
              }
            ]
          ]
        ]
      }
    ],
    "et": [
      [
        "text",
        "probably back-formation from {it}loafer{/it}"
      ]
    ],
    "date": "1835",
    "shortdef": [
      "to spend time in idleness"
    ]
  }
]