[
  {
    "meta": {
      "id": "magnet",
      "uuid": "620f5319-e9c1-46c5-b7f0-fad636bd06dd",
      "sort": "130218000",
      "src": "collegiate",
      "section": "alpha",
      "stems": [
        "magnet",
        "magnets"
      ],
      "offensive": false
    },
    "hwi": {
      "hw": "mag*net",
      "prs": [
        {
          "mw": "\u02c8mag-n\u0259t",
          "sound": {
            "audio": "magnet01",
            "ref": "c",
            "stat": "1"
          }
        }
      ]
    },
    "fl": "noun",
    "def": [
      {
        "sseq": [
          [
            [
              "sense",
              {
                "sn": "1 a",
                "dt": [
                  [
                    "text",
                    "{bc}{sx|lodestone||}"
                  ]
                ]
              }
            ],
            [
              "sense",
              {
                "sn": "b",
                "dt": [
                  [
                    "text",
                    "{bc}a body having the property of attracting iron and producing a {a_link|magnetic} field external to itself"
                  ]
                ],
                "sdsense": {
                  "sd": "specifically",
                  "dt": [
                    [
                      "text",
                      "{bc}a mass of iron, steel, or alloy that has this property artificially imparted"
                    ]
                  ]
                }
              }
            ]
          ],
          [
            [
              "sense",
              {
                "sn": "2",
                "dt": [
                  [
                    "text",
                    "{bc}something that attracts "
                  ],
                  [
                    "vis",
                    [
                      {
                        "t": "a box-office {wi}magnet{/wi}"
                      }
                    ]
                  ]
                ]
              }
            ]
          ]
        ]
      }
    ],
    "et": [
      [
        "text",
        "Middle English {it}magnete{/it}, from Anglo-French, from Latin {it}magnet-, magnes{/it}, from Greek {it}magn\u0113s{/it} ({it}lithos{/it}), literally, stone of Magnesia, ancient city in Asia Minor"
      ]
    ],
    "date": "15th century{ds||1|a|}",
    "shortdef": [
      "lodestone",
      "a body having the property of attracting iron and producing a magnetic field external to itself; specifically : a mass of iron, steel, or alloy that has this property artificially imparted",
      "something that attracts"
    ]
  },
  {
    "meta": {
      "id": "magnet-",
      "uuid": "c4af0dc6-a762-46f7-85b6-834d5bc67a15",
      "sort": "130219000",
      "src": "collegiate",
      "section": "alpha",
      "stems": [
        "magnet-",
        "magneto-"
      ],
      "offensive": false
    },
    "hwi": {
      "hw": "magnet-"
    },
    "vrs": [
      {
        "vl": "or",
        "va": "magneto-"
      }
    ],
    "fl": "combining form",
    "def": [
      {
        "sseq": [
          [
            [
              "sense",
              {
                "sn": "1",
                "dt": [
                  [
                    "text",
                    "{bc}magnetic force "
                  ],
                  [
                    "vis",
                    [
                      {
                        "t": "{it}magneto{/it}meter"
                      }
                    ]
                  ]
                ]
              }
            ]
          ],
          [
            [
              "sense",
              {
                "sn": "2",
                "dt": [
                  [
                    "text",
                    "{bc}magnetism {bc}magnetic "
                  ],
                  [
                    "vis",
                    [
                      {
                        "t": "{it}magneto{/it}electric"
                      },
                      {
                        "t": "{it}magnet{/it}on"
                      }
                    ]
                  ]
                ]
              }
            ]
          ],
          [
            [
              "sense",
              {
                "sn": "3",
                "dt": [
                  [
                    "text",
                    "{bc}magnetoelectric "
                  ],
                  [
                    "vis",
                    [
                      {
                        "t": "{it}magneto{/it}resistance"
                      }
                    ]
                  ]
                ]
              }
            ]
          ],
          [
            [
              "sense",
              {
                "sn": "4",
                "dt": [
                  [
                    "text",
                    "{bc}magnetosphere "
                  ],
                  [
                    "vis",
                    [
                      {
                        "t": "{it}magneto{/it}pause"
                      }
                    ]
                  ]
                ]
              }
            ]
          ]
        ]
      }
    ],
    "et": [
      [
        "text",
        "Latin {it}magnet-, magnes{/it}"
      ]
    ],
    "shortdef": [
      "magnetic force",
      "magnetism : magnetic",
      "magnetoelectric"
    ]
  },
  {
    "meta": {
      "id": "magnet fishing",
      "uuid": "11e225a7-1bfa-4532-8131-c616aa8076c1",
      "sort": "130219500",
      "src": "collegiate",
      "section": "alpha",
      "stems": [
        "magnet fishing",
        "magnet-fishing",
        "magnet fish",
        "magnet fished",
        "magnet fishes",
        "magnet-fish",
        "magnet-fished",
        "magnet-fishes"
      ],
      "offensive": false
    },
    "hwi": {
      "hw": "magnet fishing"
    },
    "fl": "noun",
    "def": [
      {
        "sseq": [
          [
            [
              "sense",
              {
                "dt": [
                  [
                    "text",
                    "{bc}the sport or hobby of using a strong magnet attached to the end of a rope to find metal objects in bodies of water "
                  ],
                  [
                    "vis",
                    [
                      {
                        "t": "{wi}Magnet fishing{/wi} uses a strong magnet attached to a thick rope in an attempt to fish out metal objects that have sunk to the bottom of canals, lakes, ponds and rivers.",
                        "aq": {
                          "auth": "Alisha Ebrahimji"
                        }
                      }
                    ]
                  ]
                ]
              }
            ]
          ]
        ]
      }
    ],
    "uros": [
      {
        "ure": "magnet fish",
        "vrs": [
          {
            "vl": "or less commonly",
            "va": "mag*net-fish",
            "prs": [
              {
                "mw": "\u02c8mag-n\u0259t-\u02ccfish",
                "sound": {
                  "audio": "magnet-fish",
                  "ref": "owl",
                  "stat": "1"
                }
              }
            ]
          }
        ],
        "fl": "intransitive verb",
        "ins": [
          {
            "if": "magnet fished"
          },
          {
            "il": "also",
            "if": "mag*net-fished"
          },
          {
            "if": "magnet fishing"
          },
          {
            "il": "also",
            "if": "mag*net-fish*ing"
          },
          {
            "if": "magnet fishes"
          },
          {
            "il": "also",
            "if": "mag*net-fish*es"
          }
        ],
        "utxt": [
          [
            "vis",
            [
              {
                "t": "If Wray was {wi}magnet fishing{/wi} as stated in the story, he would struggle to find much silver. The precious metal is not magnetic so it is not possible for a piece of silver to be attracted to a magnet with enough force to be found as Wray described in the story.",
                "aq": {
                  "auth": "Liam Geraghty"
                }
              },
              {
                "t": "Walters says he has {wi}magnet-fished{/wi} several times, pulling in knives, bait weights and other metal.",
                "aq": {
                  "auth": "Jon Burkett"
                }
              }
            ]
          ]
        ]
      }
    ],
    "date": "1945",
    "shortdef": [
      "the sport or hobby of using a strong magnet attached to the end of a rope to find metal objects in bodies of water"
    ]
  },
  {
    "meta": {
      "id": "magnet school",
      "uuid": "92fcae4f-d5c7-4373-a5ec-594f4c037a9d",
      "sort": "130259000",
      "src": "collegiate",
      "section": "alpha",
      "stems": [
        "magnet school",
        "magnet schools"
      ],
      "offensive": false
    },
    "hwi": {
      "hw": "magnet school"
    },
    "fl": "noun",
    "def": [
      {
        "sseq": [
          [
            [
              "sense",
              {
                "dt": [
                  [
                    "text",
                    "{bc}a school with superior facilities and staff and often a specialized curriculum designed to attract pupils from throughout a city or school district"
                  ]
                ]
              }
            ]
          ]
        ]
      }
    ],
    "date": "1968",
    "shortdef": [
      "a school with superior facilities and staff and often a specialized curriculum designed to attract pupils from throughout a city or school district"
    ]
  },
  {
    "meta": {
      "id": "field magnet",
      "uuid": "b7af1f98-8035-4fd9-b825-96c0b30ec9e8",
      "sort": "061124000",
      "src": "collegiate",
      "section": "alpha",
      "stems": [
        "field magnet",
        "field magnets"
      ],
      "offensive": false
    },
    "hwi": {
      "hw": "field magnet"
    },
    "fl": "noun",
    "def": [
      {
        "sseq": [
          [
            [
              "sense",
              {
                "dt": [
                  [
                    "text",
                    "{bc}a magnet for producing and maintaining a magnetic field especially in a generator or electric motor"
                  ]
                ]
              }
            ]
          ]
        ]
      }
    ],
    "date": "1878",
    "shortdef": [
      "a magnet for producing and maintaining a magnetic field especially in a generator or electric motor"
    ]
  },
  {
    "meta": {
      "id": "permanent magnet",
      "uuid": "90fc9e06-bdb1-4b8b-9001-53d2194d105d",
      "sort": "160196800",
      "src": "collegiate",
      "section": "alpha",
      "stems": [
        "permanent magnet",
        "permanent magnets"
      ],
      "offensive": false
    },
    "hwi": {
      "hw": "permanent magnet"
    },
    "fl": "noun",
    "def": [
      {
        "sseq": [
          [
            [
              "sense",
              {
                "dt": [
                  [
                    "text",
                    "{bc}a magnet that retains its magnetism after removal of the magnetizing force"
                  ]
                ]
              }
            ]
          ]
        ]
      }
    ],
    "date": "1882",
    "shortdef": [
      "a magnet that retains its magnetism after removal of the magnetizing force"
    ]
  },
  {
    "meta": {
      "id": "refrigerator magnet",
      "uuid": "bd1cebc3-99b0-45fc-99ab-392c5b9dede0",
      "sort": "3016035000",
      "src": "ld",
      "section": "idioms",
      "stems": [
        "refrigerator magnet"
      ],
      "offensive": false
    },
    "hwi": {
      "hw": "refrigerator magnet"
    },
    "fl": "noun",
    "def": [
      {
        "sls": [
          "US"
        ],
        "sseq": [
          [
            [
              "sense",
              {
                "dt": [
                  [
                    "text",
                    "{bc}a small object with a magnet attached to it that can stick to a refrigerator or other metal surface"
                  ]
                ]
              }
            ]
          ]
        ]
      }
    ],
    "shortdef": [
      "a small object with a magnet attached to it that can stick to a refrigerator or other metal surface"
    ]
  }
]