[
  {
    "meta": {
      "id": "magnetization",
      "uuid": "53825dce-71d4-454c-923e-78a5158dcc70",
      "sort": "130241000",
      "src": "collegiate",
      "section": "alpha",
      "stems": [
        "magnetization",
        "magnetizations"
      ],
      "offensive": false
    },
    "hwi": {
      "hw": "mag*ne*ti*za*tion",
      "prs": [
        {
          "mw": "\u02ccmag-n\u0259-t\u0259-\u02c8z\u0101-sh\u0259n",
          "sound": {
            "audio": "magnet06",
            "ref": "c",
            "stat": "1"
          }
        }
      ]
    },
    "fl": "noun",
    "def": [
      {
        "sseq": [
          [
            [
              "sense",
              {
                "dt": [
                  [
                    "text",
                    "{bc}an instance of {a_link|magnetizing} or the state of being {a_link|magnetized}"
                  ]
                ],
                "sdsense": {
                  "sd": "also",
                  "dt": [
                    [
                      "text",
                      "{bc}the degree to which a body is magnetized"
                    ]
                  ]
                }
              }
            ]
          ]
        ]
      }
    ],
    "date": "1801",
    "shortdef": [
      "an instance of magnetizing or the state of being magnetized; also : the degree to which a body is magnetized"
    ]
  }
]