[
  {
    "meta": {
      "id": "magnetic field",
      "uuid": "a6a8fd32-c216-4588-a18e-77272d2074ae",
      "sort": "130225000",
      "src": "collegiate",
      "section": "alpha",
      "stems": [
        "magnetic field",
        "magnetic fields"
      ],
      "offensive": false
    },
    "hwi": {
      "hw": "magnetic field"
    },
    "fl": "noun",
    "def": [
      {
        "sseq": [
          [
            [
              "sense",
              {
                "dt": [
                  [
                    "text",
                    "{bc}the portion of space near a magnetic body or a current-carrying body in which the magnetic forces due to the body or current can be detected"
                  ]
                ]
              }
            ]
          ]
        ]
      }
    ],
    "date": "1845",
    "shortdef": [
      "the portion of space near a magnetic body or a current-carrying body in which the magnetic forces due to the body or current can be detected"
    ]
  }
]