[
  {
    "meta": {
      "id": "marine:1",
      "uuid": "cc995481-488b-40e9-92b5-92431e1d802a",
      "sort": "130931000",
      "src": "collegiate",
      "section": "alpha",
      "stems": [
        "marine"
      ],
      "offensive": false
    },
    "hom": 1,
    "hwi": {
      "hw": "ma*rine",
      "prs": [
        {
          "mw": "m\u0259-\u02c8r\u0113n",
          "sound": {
            "audio": "marine01",
            "ref": "c",
            "stat": "1"
          }
        }
      ]
    },
    "fl": "adjective",
    "def": [
      {
        "sseq": [
          [
            [
              "sense",
              {
                "sn": "1 a",
                "dt": [
                  [
                    "text",
                    "{bc}of or relating to the sea "
                  ],
                  [
                    "vis",
                    [
                      {
                        "t": "{wi}marine{/wi} life"
                      },
                      {
                        "t": "{wi}marine{/wi} biology"
                      }
                    ]
                  ]
                ]
              }
            ],
            [
              "sense",
              {
                "sn": "b",
                "dt": [
                  [
                    "text",
                    "{bc}of or relating to the act or practice of sailing over the sea {bc}{sx|nautical||} "
                  ],
                  [
                    "vis",
                    [
                      {
                        "t": "a {wi}marine{/wi} chart"
                      }
                    ]
                  ]
                ]
              }
            ],
            [
              "sense",
              {
                "sn": "c",
                "dt": [
                  [
                    "text",
                    "{bc}of or relating to the commerce {dx_def}see {dxt|commerce:1||2}{/dx_def} of the sea {bc}{sx|maritime||} "
                  ],
                  [
                    "vis",
                    [
                      {
                        "t": "{wi}marine{/wi} law"
                      }
                    ]
                  ]
                ]
              }
            ],
            [
              "sense",
              {
                "sn": "d",
                "dt": [
                  [
                    "text",
                    "{bc}depicting the sea, seashore, or ships "
                  ],
                  [
                    "vis",
                    [
                      {
                        "t": "a {wi}marine{/wi} painter"
                      }
                    ]
                  ]
                ]
              }
            ]
          ],
          [
            [
              "sense",
              {
                "sn": "2",
                "dt": [
                  [
                    "text",
                    "{bc}of or relating to marines {dx_def}see {dxt|marine:2||2}{/dx_def} "
                  ],
                  [
                    "vis",
                    [
                      {
                        "t": "{wi}marine{/wi} barracks"
                      }
                    ]
                  ]
                ]
              }
            ]
          ]
        ]
      }
    ],
    "et": [
      [
        "text",
        "Middle English, from Latin {it}marinus{/it}, from {it}mare{/it} sea; akin to Old English {it}mere{/it} sea, pool, Old High German {it}meri{/it} sea, Old Church Slavonic {it}morje{/it}"
      ]
    ],
    "date": "15th century{ds||1|a|}",
    "shortdef": [
      "of or relating to the sea",
      "of or relating to the act or practice of sailing over the sea : nautical",
      "of or relating to the commerce of the sea : maritime"
    ]
  },
  {
    "meta": {
      "id": "marine:2",
      "uuid": "d0af932d-8df9-4fb6-915e-2d1201196b52",
      "sort": "130932000",
      "src": "collegiate",
      "section": "alpha",
      "stems": [
        "marine",
        "marine blue",
        "marines"
      ],
      "offensive": false
    },
    "hom": 2,
    "hwi": {
      "hw": "marine"
    },
    "fl": "noun",
    "def": [
      {
        "sseq": [
          [
            [
              "sense",
              {
                "sn": "1 a",
                "dt": [
                  [
                    "text",
                    "{bc}the mercantile and naval shipping of a country"
                  ]
                ]
              }
            ],
            [
              "sense",
              {
                "sn": "b",
                "dt": [
                  [
                    "text",
                    "{bc}seagoing ships especially in relation to nationality or class"
                  ]
                ]
              }
            ]
          ],
          [
            [
              "sense",
              {
                "sn": "2",
                "dt": [
                  [
                    "text",
                    "{bc}one of a class of armed services personnel serving on shipboard or in close association with a naval force"
                  ]
                ],
                "sdsense": {
                  "sd": "specifically",
                  "dt": [
                    [
                      "text",
                      "{bc}a member of the U.S. Marine Corps"
                    ]
                  ]
                }
              }
            ]
          ],
          [
            [
              "sense",
              {
                "sn": "3",
                "dt": [
                  [
                    "text",
                    "{bc}an executive department (as in France) having charge of naval affairs"
                  ]
                ]
              }
            ]
          ],
          [
            [
              "sense",
              {
                "sn": "4",
                "dt": [
                  [
                    "text",
                    "{bc}a marine picture {bc}{sx|seascape||}"
                  ]
                ]
              }
            ]
          ]
        ]
      }
    ],
    "et": [
      [
        "text",
        "{dx_ety}see {dxt|marine:1||}{/dx_ety}"
      ]
    ],
    "date": "1669{ds||1|a|}",
    "shortdef": [
      "the mercantile and naval shipping of a country",
      "seagoing ships especially in relation to nationality or class",
      "one of a class of armed services personnel serving on shipboard or in close association with a naval force; specifically : a member of the U.S. Marine Corps"
    ]
  },
  {
    "meta": {
      "id": "marine architect",
      "uuid": "39f9bba1-4879-4565-9ee6-8adf589e2042",
      "sort": "130933000",
      "src": "collegiate",
      "section": "alpha",
      "stems": [
        "marine architect",
        "marine architects",
        "marine architecture"
      ],
      "offensive": false
    },
    "hwi": {
      "hw": "marine architect"
    },
    "fl": "noun",
    "def": [
      {
        "sseq": [
          [
            [
              "sense",
              {
                "dt": [
                  [
                    "text",
                    "{bc}{sx|naval architect||}"
                  ]
                ]
              }
            ]
          ]
        ]
      }
    ],
    "uros": [
      {
        "ure": "marine architecture",
        "fl": "noun"
      }
    ],
    "date": "1929",
    "shortdef": [
      "naval architect"
    ]
  },
  {
    "meta": {
      "id": "marine iguana",
      "uuid": "e90ff675-9f3e-4ccc-8820-bdeb00256e21",
      "sort": "130934000",
      "src": "collegiate",
      "section": "alpha",
      "stems": [
        "marine iguana",
        "marine iguanas"
      ],
      "offensive": false
    },
    "hwi": {
      "hw": "marine iguana"
    },
    "fl": "noun",
    "def": [
      {
        "sseq": [
          [
            [
              "sense",
              {
                "dt": [
                  [
                    "text",
                    "{bc}a shore-dwelling seaweed-eating iguana ({it}Amblyrhynchus cristatus{/it}) of the Gal\u00e1pagos Islands that often feeds in the sea"
                  ]
                ]
              }
            ]
          ]
        ]
      }
    ],
    "date": "1924",
    "shortdef": [
      "a shore-dwelling seaweed-eating iguana (Amblyrhynchus cristatus) of the Gal\u00e1pagos Islands that often feeds in the sea"
    ]
  },
  {
    "meta": {
      "id": "marine toad",
      "uuid": "3f6db646-18b9-4154-adac-01b47a04556c",
      "sort": "130937000",
      "src": "collegiate",
      "section": "alpha",
      "stems": [
        "marine toad",
        "marine toads"
      ],
      "offensive": false
    },
    "hwi": {
      "hw": "marine toad"
    },
    "fl": "noun",
    "def": [
      {
        "sseq": [
          [
            [
              "sense",
              {
                "dt": [
                  [
                    "text",
                    "{bc}{sx|cane toad||} "
                  ],
                  [
                    "vis",
                    [
                      {
                        "t": "Toxins produced by the invasive cane toad, also called the {wi}marine toad{/wi}, have been known to make people sick when they touch the toxin and to kill pet dogs and cats that have caught them.",
                        "aq": {
                          "auth": "Eleanor Foerste"
                        }
                      }
                    ]
                  ]
                ]
              }
            ]
          ]
        ]
      }
    ],
    "date": "1802",
    "shortdef": [
      "cane toad"
    ]
  },
  {
    "meta": {
      "id": "marine biologist",
      "uuid": "b8a313df-052a-4922-847f-3037ac7d60ec",
      "sort": "3011970000",
      "src": "ld",
      "section": "idioms",
      "stems": [
        "marine biologist"
      ],
      "offensive": false
    },
    "hwi": {
      "hw": "marine biologist"
    },
    "fl": "noun",
    "def": [
      {
        "sseq": [
          [
            [
              "sense",
              {
                "dt": [
                  [
                    "text",
                    "{bc}a scientist who studies life in the sea"
                  ]
                ]
              }
            ]
          ]
        ]
      }
    ],
    "shortdef": [
      "a scientist who studies life in the sea"
    ]
  },
  {
    "meta": {
      "id": "merchant marine",
      "uuid": "bb3d5111-6aa6-4bc2-a656-f078b3277d07",
      "sort": "131936000",
      "src": "collegiate",
      "section": "alpha",
      "stems": [
        "merchant marine",
        "merchant mariner",
        "merchant marines"
      ],
      "offensive": false
    },
    "hwi": {
      "hw": "merchant marine"
    },
    "fl": "noun",
    "def": [
      {
        "sseq": [
          [
            [
              "sense",
              {
                "sn": "1",
                "dt": [
                  [
                    "text",
                    "{bc}the privately or publicly owned commercial ships of a nation"
                  ]
                ]
              }
            ]
          ],
          [
            [
              "sense",
              {
                "sn": "2",
                "dt": [
                  [
                    "text",
                    "{bc}the personnel of a merchant marine"
                  ]
                ],
                "sdsense": {
                  "sd": "specifically",
                  "dt": [
                    [
                      "text",
                      "{bc}a member of a merchant marine"
                    ]
                  ]
                }
              }
            ]
          ]
        ]
      }
    ],
    "uros": [
      {
        "ure": "merchant mariner",
        "fl": "noun",
        "utxt": [
          [
            "vis",
            [
              {
                "t": "Jeff Moore, 32, a John Deere salesman whose brother is a {wi}merchant mariner{/wi} and whose father is first mate on a tugboat, keeps a journal of each exploration.",
                "aq": {
                  "auth": "Pam Belluck"
                }
              }
            ]
          ]
        ]
      }
    ],
    "date": "1839{ds||1||}",
    "shortdef": [
      "the privately or publicly owned commercial ships of a nation",
      "the personnel of a merchant marine; specifically : a member of a merchant marine"
    ]
  },
  {
    "meta": {
      "id": "sergeant major of the marine corps",
      "uuid": "42692754-be07-431f-964c-42d05978a083",
      "sort": "192944000",
      "src": "collegiate",
      "section": "alpha",
      "stems": [
        "sergeant major of the marine corps",
        "sergeant majors of the marine corps",
        "sergeants major of the marine corps"
      ],
      "offensive": false
    },
    "hwi": {
      "hw": "sergeant major of the marine corps"
    },
    "fl": "noun phrase",
    "def": [
      {
        "sseq": [
          [
            [
              "sense",
              {
                "dt": [
                  [
                    "text",
                    "{bc}the ranking noncommissioned officer of the marine corps serving as adviser to the commandant"
                  ]
                ]
              }
            ]
          ]
        ]
      }
    ],
    "date": "circa 1971",
    "shortdef": [
      "the ranking noncommissioned officer of the marine corps serving as adviser to the commandant"
    ]
  },
  {
    "meta": {
      "id": "the Marine Corps",
      "uuid": "9ae5eaac-dc1a-429f-8bd7-dd6e5a293371",
      "sort": "3020239000",
      "src": "ld",
      "section": "idioms",
      "stems": [
        "the marine corps"
      ],
      "offensive": false
    },
    "hwi": {
      "hw": "the Marine Corps"
    },
    "fl": "noun",
    "def": [
      {
        "sseq": [
          [
            [
              "sense",
              {
                "dt": [
                  [
                    "text",
                    "{bc}the part of the U.S. military that consists of soldiers who serve at sea and also on land"
                  ]
                ]
              }
            ]
          ]
        ]
      }
    ],
    "shortdef": [
      "the part of the U.S. military that consists of soldiers who serve at sea and also on land"
    ]
  }
]