[
  {
    "meta": {
      "id": "metacognition",
      "uuid": "f7f7d4cf-9a64-42cf-93cd-4c3adef484d7",
      "sort": "132106000",
      "src": "collegiate",
      "section": "alpha",
      "stems": [
        "metacognition",
        "metacognitions"
      ],
      "offensive": false
    },
    "hwi": {
      "hw": "meta*cog*ni*tion",
      "prs": [
        {
          "mw": "\u02ccme-t\u0259-k\u00e4g-\u02c8ni-sh\u0259n",
          "sound": {
            "audio": "metac01v",
            "ref": "c",
            "stat": "1"
          }
        }
      ]
    },
    "fl": "noun",
    "def": [
      {
        "sseq": [
          [
            [
              "sense",
              {
                "dt": [
                  [
                    "text",
                    "{bc}awareness or analysis of one's own learning or thinking processes "
                  ],
                  [
                    "vis",
                    [
                      {
                        "t": "research on {wi}metacognition{/wi} \u2026 has demonstrated the value of monitoring one's own cognitive processes",
                        "aq": {
                          "auth": "Colette A. Daiute"
                        }
                      }
                    ]
                  ]
                ]
              }
            ]
          ]
        ]
      }
    ],
    "date": "1972",
    "shortdef": [
      "awareness or analysis of one's own learning or thinking processes"
    ]
  }
]