[
  {
    "meta": {
      "id": "migrate",
      "uuid": "b6c55020-32c2-4faf-8b0f-1760fa21b194",
      "sort": "132643000",
      "src": "collegiate",
      "section": "alpha",
      "stems": [
        "migratable",
        "migrate",
        "migrated",
        "migrates",
        "migrating",
        "migration",
        "migrational",
        "migrations",
        "migrator",
        "migrators"
      ],
      "offensive": false
    },
    "hwi": {
      "hw": "mi*grate",
      "prs": [
        {
          "mw": "\u02c8m\u012b-\u02ccgr\u0101t",
          "sound": {
            "audio": "migrat02",
            "ref": "c",
            "stat": "1"
          }
        },
        {
          "mw": "m\u012b-\u02c8gr\u0101t",
          "sound": {
            "audio": "migrat01",
            "ref": "c",
            "stat": "1"
          }
        }
      ]
    },
    "fl": "verb",
    "ins": [
      {
        "if": "mi*grat*ed"
      },
      {
        "if": "mi*grat*ing"
      },
      {
        "if": "mi*grates"
      }
    ],
    "def": [
      {
        "vd": "transitive + intransitive",
        "sseq": [
          [
            [
              "sense",
              {
                "sn": "1",
                "sgram": "I",
                "dt": [
                  [
                    "text",
                    "{bc}to move from one country, place, or locality to another "
                  ],
                  [
                    "vis",
                    [
                      {
                        "t": "Thousands of workers {wi}migrate{/wi} to this area in the summer."
                      },
                      {
                        "t": "In another Bavarian village, \u2026 48 out of its total Jewish population of 225 {wi}migrated{/wi} to America between 1834 and 1853, mostly to Cleveland.",
                        "aq": {
                          "auth": "Jonathan D. Sarna"
                        }
                      },
                      {
                        "t": "\u2026 the Carolinas benefited when manufacturing {wi}migrated{/wi} first from \u2026 England to the mill towns of New England and then to here, where labor was even cheaper \u2026",
                        "aq": {
                          "auth": "Stephanie Clifford"
                        }
                      }
                    ]
                  ]
                ]
              }
            ]
          ],
          [
            [
              "sense",
              {
                "sn": "2",
                "sgram": "I",
                "dt": [
                  [
                    "text",
                    "{bc}to pass usually periodically from one region or climate to another for feeding or breeding "
                  ],
                  [
                    "vis",
                    [
                      {
                        "t": "The whales {wi}migrate{/wi} between their feeding ground in the north and their breeding ground in the Caribbean."
                      },
                      {
                        "t": "\u2026 {wi}migrating{/wi} birds making the long flight over Lake Erie from the United States to Canada drop to the nearest available ground after the crossing.",
                        "aq": {
                          "auth": "Kathryn K. Rushing"
                        }
                      }
                    ]
                  ]
                ]
              }
            ]
          ],
          [
            [
              "sense",
              {
                "sn": "3",
                "sgram": "T",
                "dt": [
                  [
                    "text",
                    "{bc}to relocate (information) from storage or operation on one computer or computer system to another "
                  ],
                  [
                    "vis",
                    [
                      {
                        "t": "In this release we've made further improvements and changes, such as support to {wi}migrate{/wi} files from the legacy model to the new \u2026 storage model, and better management of cached files.",
                        "aq": {
                          "auth": "Dave Burke"
                        }
                      },
                      {
                        "t": "Work-from-home mandates will most likely be experienced again, so companies are adding work-from-home technology to their business continuity planning. This includes accelerating considerations and plans to {wi}migrate{/wi} applications and file servers to the cloud \u2026",
                        "aq": {
                          "auth": "Steve Shoemake and Franzuha Byrd"
                        }
                      }
                    ]
                  ]
                ]
              }
            ]
          ],
          [
            [
              "sense",
              {
                "sn": "4",
                "sgram": "I",
                "dt": [
                  [
                    "text",
                    "{bc}to change position or location in an organism or substance "
                  ],
                  [
                    "vis",
                    [
                      {
                        "t": "filarial worms {wi}migrate{/wi} within the human body"
                      }
                    ]
                  ]
                ]
              }
            ]
          ]
        ]
      }
    ],
    "uros": [
      {
        "ure": "mi*grat*able",
        "prs": [
          {
            "mw": "\u02c8m\u012b-\u02ccgr\u0101-t\u0259-b\u0259l",
            "sound": {
              "audio": "migratable",
              "ref": "owl",
              "stat": "1"
            }
          },
          {
            "mw": "m\u012b-\u02c8gr\u0101-"
          }
        ],
        "fl": "adjective"
      },
      {
        "ure": "mi*gra*tor",
        "prs": [
          {
            "mw": "\u02c8m\u012b-\u02ccgr\u0101-t\u0259r",
            "sound": {
              "audio": "migrat05",
              "ref": "c",
              "stat": "1"
            }
          },
          {
            "mw": "m\u012b-\u02c8gr\u0101-"
          }
        ],
        "fl": "noun",
        "ins": [
          {
            "il": "plural",
            "if": "mi*gra*tors"
          }
        ],
        "utxt": [
          [
            "vis",
            [
              {
                "t": "While \u2026 some birds that migrate at night take directional cues from polarized light at twilight, there has been little evidence that daytime {wi}migrators{/wi} make direct use of the sun.",
                "aq": {
                  "auth": "Henry Fountain"
                }
              }
            ]
          ]
        ]
      }
    ],
    "et": [
      [
        "text",
        "Latin {it}migratus{/it}, past participle of {it}migrare{/it}; perhaps akin to Greek {it}ameibein{/it} to change"
      ]
    ],
    "date": "circa 1623{ds||1||}",
    "shortdef": [
      "to move from one country, place, or locality to another",
      "to pass usually periodically from one region or climate to another for feeding or breeding",
      "to relocate (information) from storage or operation on one computer or computer system to another"
    ]
  },
  {
    "meta": {
      "id": "migration",
      "uuid": "6fb794f8-8a34-46df-bab6-df31709254c7",
      "sort": "132644000",
      "src": "collegiate",
      "section": "alpha",
      "stems": [
        "migration",
        "migrational",
        "migrations"
      ],
      "offensive": false
    },
    "hwi": {
      "hw": "mi*gra*tion",
      "prs": [
        {
          "mw": "m\u012b-\u02c8gr\u0101-sh\u0259n",
          "sound": {
            "audio": "migrat03",
            "ref": "c",
            "stat": "1"
          }
        }
      ]
    },
    "fl": "noun",
    "def": [
      {
        "sseq": [
          [
            [
              "sense",
              {
                "dt": [
                  [
                    "text",
                    "{bc}the act, process, or an instance of {d_link|migrating|migrate} "
                  ],
                  [
                    "vis",
                    [
                      {
                        "t": "watched the {wi}migration{/wi} of the birds overhead"
                      }
                    ]
                  ]
                ]
              }
            ]
          ]
        ]
      }
    ],
    "uros": [
      {
        "ure": "mi*gra*tion*al",
        "prs": [
          {
            "mw": "m\u012b-\u02c8gr\u0101-shn\u0259l",
            "sound": {
              "audio": "migrat04",
              "ref": "c",
              "stat": "1"
            }
          },
          {
            "mw": "-sh\u0259-n\u1d4al"
          }
        ],
        "fl": "adjective"
      }
    ],
    "et": [
      [
        "text",
        "French or Latin; French, from Latin {it}migration-{/it}, {it}migratio{/it}, from {it}migratus{/it} (past participle of {it}migrare{/it} to migrate) + {it}-ion-{/it}, {it}-io{/it} -ion {ma}{mat|migrate|}{/ma}"
      ]
    ],
    "date": "circa 1527",
    "shortdef": [
      "the act, process, or an instance of migrating"
    ]
  },
  {
    "meta": {
      "id": "in-migrate",
      "uuid": "4a948ed0-bd79-4f08-99d0-c57611a0331d",
      "sort": "091708000",
      "src": "collegiate",
      "section": "alpha",
      "stems": [
        "in-migrate",
        "in-migrated",
        "in-migrates",
        "in-migrating",
        "in-migration",
        "in-migrations"
      ],
      "offensive": false
    },
    "hwi": {
      "hw": "in-mi*grate",
      "prs": [
        {
          "mw": "\u02c8in-\u02ccm\u012b-\u02ccgr\u0101t",
          "sound": {
            "audio": "inmigr02",
            "ref": "c",
            "stat": "1"
          }
        }
      ]
    },
    "fl": "verb",
    "ins": [
      {
        "if": "in-mi*grat*ed"
      },
      {
        "if": "in-mi*grat*ing"
      },
      {
        "if": "in-mi*grates"
      }
    ],
    "def": [
      {
        "vd": "intransitive verb",
        "sseq": [
          [
            [
              "sense",
              {
                "dt": [
                  [
                    "text",
                    "{bc}to move into or come to live in a region or community especially as part of a large-scale and continuing movement of population {dx}compare {dxt|out-migrate||}{/dx}"
                  ]
                ]
              }
            ]
          ]
        ]
      }
    ],
    "uros": [
      {
        "ure": "in-mi*gra*tion",
        "prs": [
          {
            "mw": "\u02ccin-m\u012b-\u02c8gr\u0101-sh\u0259n",
            "sound": {
              "audio": "inmigr03",
              "ref": "c",
              "stat": "1"
            }
          }
        ],
        "fl": "noun"
      }
    ],
    "date": "1942",
    "shortdef": [
      "to move into or come to live in a region or community especially as part of a large-scale and continuing movement of population"
    ]
  },
  {
    "meta": {
      "id": "out-migrate",
      "uuid": "85fc8e4b-badf-43de-88f9-79228311297e",
      "sort": "151660000",
      "src": "collegiate",
      "section": "alpha",
      "stems": [
        "out-migrate",
        "out-migrated",
        "out-migrates",
        "out-migrating",
        "out-migration",
        "out-migrations"
      ],
      "offensive": false
    },
    "hwi": {
      "hw": "out-mi*grate",
      "prs": [
        {
          "mw": "\u02c8au\u0307t-\u02ccm\u012b-\u02ccgr\u0101t",
          "sound": {
            "audio": "outmig02",
            "ref": "c",
            "stat": "1"
          }
        }
      ]
    },
    "fl": "verb",
    "ins": [
      {
        "if": "out-mi*grat*ed"
      },
      {
        "if": "out-mi*grat*ing"
      },
      {
        "if": "out-mi*grates"
      }
    ],
    "def": [
      {
        "vd": "intransitive verb",
        "sseq": [
          [
            [
              "sense",
              {
                "dt": [
                  [
                    "text",
                    "{bc}to leave one region or community in order to settle in another especially as part of a large-scale and continuing movement of population {dx}compare {dxt|in-migrate||}{/dx}"
                  ]
                ]
              }
            ]
          ]
        ]
      }
    ],
    "uros": [
      {
        "ure": "out-mi*gra*tion",
        "prs": [
          {
            "mw": "\u02ccau\u0307t-m\u012b-\u02c8gr\u0101-sh\u0259n",
            "sound": {
              "audio": "outmig03",
              "ref": "c",
              "stat": "1"
            }
          }
        ],
        "fl": "noun"
      }
    ],
    "date": "1953",
    "shortdef": [
      "to leave one region or community in order to settle in another especially as part of a large-scale and continuing movement of population"
    ]
  }
]