[
  {
    "meta": {
      "id": "mirror:1",
      "uuid": "3a49870c-347a-457c-87d6-8e587f40061d",
      "sort": "133005000",
      "src": "collegiate",
      "section": "alpha",
      "stems": [
        "mirror",
        "mirrored",
        "mirrorlike",
        "mirrors"
      ],
      "offensive": false
    },
    "hom": 1,
    "hwi": {
      "hw": "mir*ror",
      "prs": [
        {
          "mw": "\u02c8mir-\u0259r",
          "sound": {
            "audio": "mirror01",
            "ref": "c",
            "stat": "1"
          }
        },
        {
          "mw": "\u02c8mi-r\u0259r"
        }
      ]
    },
    "fl": "noun",
    "def": [
      {
        "sseq": [
          [
            [
              "sense",
              {
                "sn": "1",
                "dt": [
                  [
                    "text",
                    "{bc}a polished or smooth surface (as of glass) that forms images by reflection "
                  ],
                  [
                    "vis",
                    [
                      {
                        "t": "She looked at herself in the {wi}mirror{/wi}."
                      }
                    ]
                  ]
                ]
              }
            ]
          ],
          [
            [
              "sense",
              {
                "sn": "2 a",
                "dt": [
                  [
                    "text",
                    "{bc}something that gives a true representation "
                  ],
                  [
                    "vis",
                    [
                      {
                        "t": "the press as a {wi}mirror{/wi} of public opinion",
                        "aq": {
                          "auth": "C. G. Bowers"
                        }
                      }
                    ]
                  ]
                ]
              }
            ],
            [
              "sense",
              {
                "sn": "b",
                "dt": [
                  [
                    "text",
                    "{bc}an exemplary model "
                  ],
                  [
                    "vis",
                    [
                      {
                        "t": "She is the {wi}mirror{/wi} of feminine beauty."
                      }
                    ]
                  ]
                ]
              }
            ]
          ]
        ]
      }
    ],
    "uros": [
      {
        "ure": "mir*rored",
        "prs": [
          {
            "mw": "\u02c8mir-\u0259rd",
            "sound": {
              "audio": "mirror02",
              "ref": "c",
              "stat": "1"
            }
          },
          {
            "mw": "\u02c8mi-r\u0259rd"
          },
          {
            "mw": "\u02c8mir-\u0259d"
          },
          {
            "mw": "\u02c8mi-r\u0259d"
          }
        ],
        "fl": "adjective"
      },
      {
        "ure": "mir*ror*like",
        "prs": [
          {
            "mw": "\u02c8mir-\u0259r-\u02ccl\u012bk",
            "sound": {
              "audio": "mirror03",
              "ref": "c",
              "stat": "1"
            }
          },
          {
            "mw": "\u02c8mi-r\u0259r-"
          }
        ],
        "fl": "adjective"
      }
    ],
    "et": [
      [
        "text",
        "Middle English {it}mirour{/it} \"object with a reflective surface, reflection, model of conduct,\" borrowed from Anglo-French {it}mirur, mireour,{/it} from {it}mirer{/it} \"to look at\" (going back to Latin {it}m\u012br\u0101r\u012b{/it} \"to be surprised, look with wonder at\") + {it}-ur, -eour{/it} {et_link|-or:1|-or:1} {ma}{mat|admire|admire}{/ma}"
      ]
    ],
    "date": "13th century{ds||1||}",
    "shortdef": [
      "a polished or smooth surface (as of glass) that forms images by reflection",
      "something that gives a true representation",
      "an exemplary model"
    ]
  },
  {
    "meta": {
      "id": "mirror:2",
      "uuid": "206b49d7-2875-4fb8-8317-cab2daf7b32e",
      "sort": "133006000",
      "src": "collegiate",
      "section": "alpha",
      "stems": [
        "mirror",
        "mirrored",
        "mirroring",
        "mirrors"
      ],
      "offensive": false
    },
    "hom": 2,
    "hwi": {
      "hw": "mirror"
    },
    "fl": "verb",
    "ins": [
      {
        "if": "mir*rored"
      },
      {
        "if": "mir*ror*ing"
      },
      {
        "if": "mir*rors"
      }
    ],
    "def": [
      {
        "vd": "transitive verb",
        "sseq": [
          [
            [
              "sense",
              {
                "sn": "1",
                "dt": [
                  [
                    "text",
                    "{bc}to reflect in or as if in a mirror"
                  ]
                ]
              }
            ]
          ],
          [
            [
              "sense",
              {
                "sn": "2",
                "dt": [
                  [
                    "text",
                    "{bc}{sx|resemble||}"
                  ]
                ]
              }
            ]
          ]
        ]
      }
    ],
    "et": [
      [
        "text",
        "derivative of {et_link|mirror:1|mirror:1}"
      ]
    ],
    "date": "1593{ds||1||}",
    "shortdef": [
      "to reflect in or as if in a mirror",
      "resemble"
    ]
  },
  {
    "meta": {
      "id": "mirror image",
      "uuid": "256deec5-178c-422c-86e2-e0a8c8c1a0b7",
      "sort": "133007000",
      "src": "collegiate",
      "section": "alpha",
      "stems": [
        "mirror image",
        "mirror images"
      ],
      "offensive": false
    },
    "hwi": {
      "hw": "mirror image"
    },
    "fl": "noun",
    "def": [
      {
        "sseq": [
          [
            [
              "sense",
              {
                "sn": "1 a",
                "dt": [
                  [
                    "text",
                    "{bc}something that has its parts reversely arranged in comparison with another similar thing or that is reversed with reference to an intervening axis or plane"
                  ]
                ]
              }
            ],
            [
              "sense",
              {
                "sn": "b",
                "dt": [
                  [
                    "text",
                    "{bc}the direct opposite"
                  ]
                ]
              }
            ]
          ],
          [
            [
              "sense",
              {
                "sn": "2",
                "dt": [
                  [
                    "text",
                    "{bc}{sx|image||4}"
                  ]
                ]
              }
            ]
          ]
        ]
      }
    ],
    "date": "1885{ds||1|a|}",
    "shortdef": [
      "something that has its parts reversely arranged in comparison with another similar thing or that is reversed with reference to an intervening axis or plane",
      "the direct opposite",
      "image"
    ]
  },
  {
    "meta": {
      "id": "magnetic mirror",
      "uuid": "e47aefd7-426d-4366-bf4e-34c719bb24d9",
      "sort": "130228000",
      "src": "collegiate",
      "section": "alpha",
      "stems": [
        "magnetic mirror",
        "magnetic mirrors"
      ],
      "offensive": false
    },
    "hwi": {
      "hw": "magnetic mirror"
    },
    "fl": "noun",
    "def": [
      {
        "sseq": [
          [
            [
              "sense",
              {
                "dt": [
                  [
                    "text",
                    "{bc}a magnetic field that confines a plasma by reflecting ions back toward the main plasma concentration"
                  ]
                ]
              }
            ]
          ]
        ]
      }
    ],
    "date": "1952",
    "shortdef": [
      "a magnetic field that confines a plasma by reflecting ions back toward the main plasma concentration"
    ]
  },
  {
    "meta": {
      "id": "rearview mirror",
      "uuid": "0c735b1e-d3fa-4360-a333-c8efbd122b89",
      "sort": "180817000",
      "src": "collegiate",
      "section": "alpha",
      "stems": [
        "rearview mirror",
        "rearview mirrors"
      ],
      "offensive": false
    },
    "hwi": {
      "hw": "rear*view mirror",
      "prs": [
        {
          "mw": "\u02c8rir-\u02ccvy\u00fc-",
          "sound": {
            "audio": "rearvi01",
            "ref": "c",
            "stat": "1"
          }
        }
      ]
    },
    "fl": "noun",
    "def": [
      {
        "sseq": [
          [
            [
              "sense",
              {
                "dt": [
                  [
                    "text",
                    "{bc}a mirror (as in an automobile) that gives a view of the area behind a vehicle"
                  ]
                ]
              }
            ]
          ]
        ]
      }
    ],
    "date": "1926",
    "shortdef": [
      "a mirror (as in an automobile) that gives a view of the area behind a vehicle"
    ]
  },
  {
    "meta": {
      "id": "one-way mirror",
      "uuid": "13bb1973-3329-4f8d-b876-9688ce31b351",
      "sort": "3013540000",
      "src": "ld",
      "section": "idioms",
      "stems": [
        "one-way mirror"
      ],
      "offensive": false
    },
    "hwi": {
      "hw": "one-way mirror"
    },
    "fl": "noun",
    "def": [
      {
        "sseq": [
          [
            [
              "sense",
              {
                "dt": [
                  [
                    "text",
                    "{bc}a piece of glass that is a mirror on one side but that can be seen through like a window from the other side"
                  ]
                ]
              }
            ]
          ]
        ]
      }
    ],
    "shortdef": [
      "a piece of glass that is a mirror on one side but that can be seen through like a window from the other side"
    ]
  },
  {
    "meta": {
      "id": "side-view mirror",
      "uuid": "52ca2f50-c1ca-4144-9157-763ee1a4bdfd",
      "sort": "3017524000",
      "src": "ld",
      "section": "idioms",
      "stems": [
        "side-view mirror"
      ],
      "offensive": false
    },
    "hwi": {
      "hw": "side-view mirror"
    },
    "fl": "noun",
    "def": [
      {
        "sls": [
          "US"
        ],
        "sseq": [
          [
            [
              "sense",
              {
                "dt": [
                  [
                    "text",
                    "{bc}a mirror on the outside of a vehicle that allows the driver to see what is behind and to the right or left of the vehicle"
                  ]
                ]
              }
            ]
          ]
        ]
      }
    ],
    "shortdef": [
      "a mirror on the outside of a vehicle that allows the driver to see what is behind and to the right or left of the vehicle"
    ]
  },
  {
    "meta": {
      "id": "two-way mirror",
      "uuid": "3b61fc52-6b31-4d44-a103-ea735476ff28",
      "sort": "3021677000",
      "src": "ld",
      "section": "idioms",
      "stems": [
        "two-way mirror"
      ],
      "offensive": false
    },
    "hwi": {
      "hw": "two-way mirror"
    },
    "fl": "noun",
    "def": [
      {
        "sseq": [
          [
            [
              "sense",
              {
                "dt": [
                  [
                    "text",
                    "{bc}a piece of glass that is a mirror on one side but that can be seen through like a window from the other side"
                  ]
                ]
              }
            ]
          ]
        ]
      }
    ],
    "shortdef": [
      "a piece of glass that is a mirror on one side but that can be seen through like a window from the other side"
    ]
  },
  {
    "meta": {
      "id": "wing mirror",
      "uuid": "b3778541-6eb2-4758-a317-b82032cd7bbc",
      "sort": "3022660000",
      "src": "ld",
      "section": "idioms",
      "stems": [
        "wing mirror"
      ],
      "offensive": false
    },
    "hwi": {
      "hw": "wing mirror"
    },
    "fl": "noun",
    "def": [
      {
        "sls": [
          "British"
        ],
        "sseq": [
          [
            [
              "sense",
              {
                "dt": [
                  [
                    "text",
                    "{bc}a mirror on the outside of a vehicle that allows the driver to see what is behind and to the right or left of the vehicle"
                  ]
                ]
              }
            ]
          ]
        ]
      }
    ],
    "shortdef": [
      "a mirror on the outside of a vehicle that allows the driver to see what is behind and to the right or left of the vehicle"
    ]
  },
  {
    "meta": {
      "id": "pier glass",
      "uuid": "934102cf-d887-4dcd-9b70-2885aa0a2186",
      "sort": "160294500",
      "src": "collegiate",
      "section": "alpha",
      "stems": [
        "pier glass",
        "pier glasses",
        "pier mirror",
        "pier mirrors"
      ],
      "offensive": false
    },
    "hwi": {
      "hw": "pier glass"
    },
    "fl": "noun",
    "def": [
      {
        "sseq": [
          [
            [
              "sense",
              {
                "dt": [
                  [
                    "text",
                    "{bc}a large high mirror"
                  ]
                ],
                "sdsense": {
                  "sd": "especially",
                  "dt": [
                    [
                      "text",
                      "{bc}one designed to occupy the wall space between windows "
                    ],
                    [
                      "ca",
                      {
                        "intro": "called also",
                        "cats": [
                          {
                            "cat": "pier mirror"
                          }
                        ]
                      }
                    ]
                  ]
                }
              }
            ]
          ]
        ]
      }
    ],
    "date": "1703",
    "shortdef": [
      "a large high mirror; especially : one designed to occupy the wall space between windows \u2014called also pier mirror"
    ]
  }
]