[
  {
    "meta": {
      "id": "model:2",
      "uuid": "092ce4c8-1063-48bb-b740-fddeb2e99d30",
      "sort": "133499000",
      "src": "collegiate",
      "section": "alpha",
      "stems": [
        "model",
        "modeled",
        "modeler",
        "modelers",
        "modeling",
        "modelled",
        "modeller",
        "modellers",
        "modelling",
        "models"
      ],
      "offensive": false
    },
    "hom": 2,
    "hwi": {
      "hw": "model"
    },
    "fl": "verb",
    "ins": [
      {
        "ifc": "-eled",
        "if": "mod*eled"
      },
      {
        "il": "or",
        "ifc": "-elled",
        "if": "mod*elled"
      },
      {
        "ifc": "-el*ing",
        "if": "mod*el*ing"
      },
      {
        "il": "or",
        "ifc": "-el*ling",
        "if": "mod*el*ling",
        "prs": [
          {
            "mw": "\u02c8m\u00e4d-li\u014b"
          },
          {
            "mw": "\u02c8m\u00e4-d\u1d4al-i\u014b",
            "sound": {
              "audio": "model002",
              "ref": "c",
              "stat": "1"
            }
          }
        ]
      }
    ],
    "def": [
      {
        "vd": "transitive verb",
        "sseq": [
          [
            [
              "sense",
              {
                "sn": "1",
                "dt": [
                  [
                    "text",
                    "{bc}to construct or fashion in imitation of a particular model "
                  ],
                  [
                    "vis",
                    [
                      {
                        "t": "{wi}modeled{/wi} its constitution on that of the U.S."
                      }
                    ]
                  ]
                ]
              }
            ]
          ],
          [
            [
              "sense",
              {
                "sn": "2 a",
                "dt": [
                  [
                    "text",
                    "{bc}to shape or fashion in a plastic material "
                  ],
                  [
                    "vis",
                    [
                      {
                        "t": "{wi}modeling{/wi} figures from clay"
                      }
                    ]
                  ]
                ]
              }
            ],
            [
              "sense",
              {
                "sn": "b",
                "dt": [
                  [
                    "text",
                    "{bc}to produce a representation or simulation {dx_def}see {dxt|simulation||3a}{/dx_def} of "
                  ],
                  [
                    "vis",
                    [
                      {
                        "t": "using a computer to {wi}model{/wi} a problem"
                      }
                    ]
                  ]
                ]
              }
            ]
          ],
          [
            [
              "sense",
              {
                "sn": "3",
                "dt": [
                  [
                    "text",
                    "{bc}to display by wearing, using, or posing with "
                  ],
                  [
                    "vis",
                    [
                      {
                        "t": "{wi}modeled{/wi} gowns"
                      }
                    ]
                  ]
                ]
              }
            ]
          ],
          [
            [
              "sense",
              {
                "sn": "4",
                "dt": [
                  [
                    "text",
                    "{bc}to plan or form after a pattern {bc}{sx|shape||} "
                  ],
                  [
                    "vis",
                    [
                      {
                        "t": "legislative institutions primarily {wi}modeled{/wi} on the English pattern"
                      }
                    ]
                  ]
                ]
              }
            ]
          ],
          [
            [
              "sense",
              {
                "sn": "5",
                "sls": [
                  "archaic"
                ],
                "dt": [
                  [
                    "text",
                    "{bc}to make into an organization (such as an army, government, or parish)"
                  ]
                ]
              }
            ]
          ]
        ]
      },
      {
        "vd": "intransitive verb",
        "sseq": [
          [
            [
              "sense",
              {
                "sn": "1",
                "dt": [
                  [
                    "text",
                    "{bc}to work or act as a fashion or art model "
                  ],
                  [
                    "vis",
                    [
                      {
                        "t": "Each contestant {wi}modeled{/wi} in front of the judges."
                      }
                    ]
                  ]
                ]
              }
            ]
          ],
          [
            [
              "sense",
              {
                "sn": "2",
                "dt": [
                  [
                    "text",
                    "{bc}to design or imitate forms {bc}make a pattern "
                  ],
                  [
                    "vis",
                    [
                      {
                        "t": "The students are {wi}modeling{/wi} in clay."
                      }
                    ]
                  ]
                ]
              }
            ]
          ]
        ]
      }
    ],
    "uros": [
      {
        "ure": "mod*el*er",
        "vrs": [
          {
            "vl": "or less commonly",
            "va": "mod*el*ler",
            "prs": [
              {
                "mw": "\u02c8m\u00e4d-l\u0259r"
              },
              {
                "mw": "\u02c8m\u00e4-d\u1d4al-\u0259r",
                "sound": {
                  "audio": "model003",
                  "ref": "c",
                  "stat": "1"
                }
              }
            ]
          }
        ],
        "fl": "noun"
      }
    ],
    "et": [
      [
        "text",
        "{dx_ety}see {dxt|model:1||}{/dx_ety}"
      ]
    ],
    "date": "1613{ds|t|4||}",
    "shortdef": [
      "to construct or fashion in imitation of a particular model",
      "to shape or fashion in a plastic material",
      "to produce a representation or simulation of"
    ]
  }
]