[
  {
    "meta": {
      "id": "model:1",
      "uuid": "9d9fbd79-f37c-4ef2-8862-423a76028fec",
      "sort": "133498000",
      "src": "collegiate",
      "section": "alpha",
      "stems": [
        "model",
        "models"
      ],
      "offensive": false
    },
    "hom": 1,
    "hwi": {
      "hw": "mod*el",
      "prs": [
        {
          "mw": "\u02c8m\u00e4-d\u1d4al",
          "sound": {
            "audio": "model001",
            "ref": "c",
            "stat": "1"
          }
        }
      ]
    },
    "fl": "noun",
    "def": [
      {
        "sseq": [
          [
            [
              "sense",
              {
                "sn": "1",
                "dt": [
                  [
                    "text",
                    "{bc}a usually miniature representation of something "
                  ],
                  [
                    "vis",
                    [
                      {
                        "t": "a plastic {wi}model{/wi} of the human heart"
                      }
                    ]
                  ]
                ],
                "sdsense": {
                  "sd": "also",
                  "dt": [
                    [
                      "text",
                      "{bc}a pattern of something to be made"
                    ]
                  ]
                }
              }
            ]
          ],
          [
            [
              "sense",
              {
                "sn": "2 a",
                "dt": [
                  [
                    "text",
                    "{bc}a type or design of product (such as a car) "
                  ],
                  [
                    "vis",
                    [
                      {
                        "t": "offers eight new {wi}models{/wi} for next year, including a completely restyled convertible"
                      }
                    ]
                  ]
                ]
              }
            ],
            [
              "sense",
              {
                "sn": "b",
                "dt": [
                  [
                    "text",
                    "{bc}a type or design of clothing "
                  ],
                  [
                    "vis",
                    [
                      {
                        "t": "girls, self-conscious in their Paris {wi}models{/wi}",
                        "aq": {
                          "auth": "Paul Bowles"
                        }
                      }
                    ]
                  ]
                ]
              }
            ]
          ],
          [
            [
              "sense",
              {
                "sn": "3",
                "dt": [
                  [
                    "text",
                    "{bc}a system of {d_link|postulates|postulate:2}, data, and {d_link|inferences|inference} presented as a mathematical description of an entity or state of affairs"
                  ]
                ],
                "sdsense": {
                  "sd": "also",
                  "dt": [
                    [
                      "text",
                      "{bc}a computer simulation {dx_def}see {dxt|simulation||3a}{/dx_def} based on such a system "
                    ],
                    [
                      "vis",
                      [
                        {
                          "t": "climate {wi}models{/wi}"
                        }
                      ]
                    ]
                  ]
                }
              }
            ]
          ],
          [
            [
              "sense",
              {
                "sn": "4",
                "dt": [
                  [
                    "text",
                    "{bc}{sx|archetype||}"
                  ]
                ]
              }
            ]
          ],
          [
            [
              "sense",
              {
                "sn": "5",
                "dt": [
                  [
                    "text",
                    "{bc}an example for imitation or emulation "
                  ],
                  [
                    "vis",
                    [
                      {
                        "t": "his written addresses are {wi}models{/wi} of clearness, logical order, and style",
                        "aq": {
                          "auth": "A. B. Noble"
                        }
                      }
                    ]
                  ]
                ]
              }
            ]
          ],
          [
            [
              "sense",
              {
                "sn": "6",
                "dt": [
                  [
                    "text",
                    "{bc}one who is employed to display clothes or other merchandise "
                  ],
                  [
                    "vis",
                    [
                      {
                        "t": "has appeared as a {wi}model{/wi} in ads for swimsuits"
                      }
                    ]
                  ]
                ]
              }
            ]
          ],
          [
            [
              "sense",
              {
                "sn": "7",
                "dt": [
                  [
                    "text",
                    "{bc}a person or thing that serves as a pattern for an artist"
                  ]
                ],
                "sdsense": {
                  "sd": "especially",
                  "dt": [
                    [
                      "text",
                      "{bc}one who poses for an artist "
                    ],
                    [
                      "vis",
                      [
                        {
                          "t": "His wife served as the {wi}model{/wi} for many of his paintings."
                        }
                      ]
                    ]
                  ]
                }
              }
            ]
          ],
          [
            [
              "sense",
              {
                "sn": "8",
                "dt": [
                  [
                    "text",
                    "{bc}{sx|version||2} "
                  ],
                  [
                    "vis",
                    [
                      {
                        "t": "an experimental {wi}model{/wi} of a bionic arm"
                      }
                    ]
                  ]
                ]
              }
            ]
          ],
          [
            [
              "sense",
              {
                "sn": "9",
                "dt": [
                  [
                    "text",
                    "{bc}a description or analogy used to help visualize something (such as an atom) that cannot be directly observed"
                  ]
                ]
              }
            ]
          ],
          [
            [
              "sense",
              {
                "sn": "10",
                "dt": [
                  [
                    "text",
                    "{bc}structural design "
                  ],
                  [
                    "vis",
                    [
                      {
                        "t": "a home on the {wi}model{/wi} of an old farmhouse"
                      }
                    ]
                  ]
                ]
              }
            ]
          ],
          [
            [
              "sense",
              {
                "sn": "11",
                "dt": [
                  [
                    "text",
                    "{bc}an organism whose appearance a mimic imitates"
                  ]
                ]
              }
            ]
          ],
          [
            [
              "sense",
              {
                "sn": "12",
                "dt": [
                  [
                    "text",
                    "{bc}{sx|animal model||}"
                  ]
                ]
              }
            ]
          ],
          [
            [
              "sense",
              {
                "sn": "13",
                "sls": [
                  "dialectal British"
                ],
                "dt": [
                  [
                    "text",
                    "{bc}{sx|copy||}, {sx|image||}"
                  ]
                ]
              }
            ]
          ],
          [
            [
              "sense",
              {
                "sn": "14",
                "sls": [
                  "obsolete"
                ],
                "dt": [
                  [
                    "text",
                    "{bc}a set of plans for a building"
                  ]
                ]
              }
            ]
          ]
        ]
      }
    ],
    "syns": [
      {
        "pl": "synonyms",
        "pt": [
          [
            "text",
            "{sc}model{/sc} {sc}example{/sc} {sc}pattern{/sc} {sc}exemplar{/sc} {sc}ideal{/sc} mean someone or something set before one for guidance or imitation. {sc}model{/sc} applies to something taken or proposed as worthy of imitation. "
          ],
          [
            "vis",
            [
              {
                "t": "a decor that is a {it}model{/it} of good taste"
              }
            ]
          ],
          [
            "text",
            " {sc}example{/sc} applies to a person to be imitated or in some contexts on no account to be imitated but to be regarded as a warning. "
          ],
          [
            "vis",
            [
              {
                "t": "children tend to follow the {it}example{/it} of their parents"
              }
            ]
          ],
          [
            "text",
            " {sc}pattern{/sc} suggests a clear and detailed archetype or prototype. "
          ],
          [
            "vis",
            [
              {
                "t": "American industry set a {it}pattern{/it} for others to follow"
              }
            ]
          ],
          [
            "text",
            " {sc}exemplar{/sc} suggests either a faultless example to be emulated or a perfect typification. "
          ],
          [
            "vis",
            [
              {
                "t": "cited Joan of Arc as the {it}exemplar{/it} of courage"
              }
            ]
          ],
          [
            "text",
            " {sc}ideal{/sc} implies the best possible exemplification either in reality or in conception. "
          ],
          [
            "vis",
            [
              {
                "t": "never found a job that matched his {it}ideal{/it}"
              }
            ]
          ]
        ]
      }
    ],
    "et": [
      [
        "text",
        "Middle French {it}modelle{/it}, from Old Italian {it}modello{/it}, from Vulgar Latin {it}*modellus{/it}, from Latin {it}modulus{/it} small measure, from {it}modus{/it}"
      ]
    ],
    "date": "1570{ds||14||}",
    "shortdef": [
      "a usually miniature representation of something; also : a pattern of something to be made",
      "a type or design of product (such as a car)",
      "a type or design of clothing"
    ]
  },
  {
    "meta": {
      "id": "model:2",
      "uuid": "092ce4c8-1063-48bb-b740-fddeb2e99d30",
      "sort": "133499000",
      "src": "collegiate",
      "section": "alpha",
      "stems": [
        "model",
        "modeled",
        "modeler",
        "modelers",
        "modeling",
        "modelled",
        "modeller",
        "modellers",
        "modelling",
        "models"
      ],
      "offensive": false
    },
    "hom": 2,
    "hwi": {
      "hw": "model"
    },
    "fl": "verb",
    "ins": [
      {
        "ifc": "-eled",
        "if": "mod*eled"
      },
      {
        "il": "or",
        "ifc": "-elled",
        "if": "mod*elled"
      },
      {
        "ifc": "-el*ing",
        "if": "mod*el*ing"
      },
      {
        "il": "or",
        "ifc": "-el*ling",
        "if": "mod*el*ling",
        "prs": [
          {
            "mw": "\u02c8m\u00e4d-li\u014b"
          },
          {
            "mw": "\u02c8m\u00e4-d\u1d4al-i\u014b",
            "sound": {
              "audio": "model002",
              "ref": "c",
              "stat": "1"
            }
          }
        ]
      }
    ],
    "def": [
      {
        "vd": "transitive verb",
        "sseq": [
          [
            [
              "sense",
              {
                "sn": "1",
                "dt": [
                  [
                    "text",
                    "{bc}to construct or fashion in imitation of a particular model "
                  ],
                  [
                    "vis",
                    [
                      {
                        "t": "{wi}modeled{/wi} its constitution on that of the U.S."
                      }
                    ]
                  ]
                ]
              }
            ]
          ],
          [
            [
              "sense",
              {
                "sn": "2 a",
                "dt": [
                  [
                    "text",
                    "{bc}to shape or fashion in a plastic material "
                  ],
                  [
                    "vis",
                    [
                      {
                        "t": "{wi}modeling{/wi} figures from clay"
                      }
                    ]
                  ]
                ]
              }
            ],
            [
              "sense",
              {
                "sn": "b",
                "dt": [
                  [
                    "text",
                    "{bc}to produce a representation or simulation {dx_def}see {dxt|simulation||3a}{/dx_def} of "
                  ],
                  [
                    "vis",
                    [
                      {
                        "t": "using a computer to {wi}model{/wi} a problem"
                      }
                    ]
                  ]
                ]
              }
            ]
          ],
          [
            [
              "sense",
              {
                "sn": "3",
                "dt": [
                  [
                    "text",
                    "{bc}to display by wearing, using, or posing with "
                  ],
                  [
                    "vis",
                    [
                      {
                        "t": "{wi}modeled{/wi} gowns"
                      }
                    ]
                  ]
                ]
              }
            ]
          ],
          [
            [
              "sense",
              {
                "sn": "4",
                "dt": [
                  [
                    "text",
                    "{bc}to plan or form after a pattern {bc}{sx|shape||} "
                  ],
                  [
                    "vis",
                    [
                      {
                        "t": "legislative institutions primarily {wi}modeled{/wi} on the English pattern"
                      }
                    ]
                  ]
                ]
              }
            ]
          ],
          [
            [
              "sense",
              {
                "sn": "5",
                "sls": [
                  "archaic"
                ],
                "dt": [
                  [
                    "text",
                    "{bc}to make into an organization (such as an army, government, or parish)"
                  ]
                ]
              }
            ]
          ]
        ]
      },
      {
        "vd": "intransitive verb",
        "sseq": [
          [
            [
              "sense",
              {
                "sn": "1",
                "dt": [
                  [
                    "text",
                    "{bc}to work or act as a fashion or art model "
                  ],
                  [
                    "vis",
                    [
                      {
                        "t": "Each contestant {wi}modeled{/wi} in front of the judges."
                      }
                    ]
                  ]
                ]
              }
            ]
          ],
          [
            [
              "sense",
              {
                "sn": "2",
                "dt": [
                  [
                    "text",
                    "{bc}to design or imitate forms {bc}make a pattern "
                  ],
                  [
                    "vis",
                    [
                      {
                        "t": "The students are {wi}modeling{/wi} in clay."
                      }
                    ]
                  ]
                ]
              }
            ]
          ]
        ]
      }
    ],
    "uros": [
      {
        "ure": "mod*el*er",
        "vrs": [
          {
            "vl": "or less commonly",
            "va": "mod*el*ler",
            "prs": [
              {
                "mw": "\u02c8m\u00e4d-l\u0259r"
              },
              {
                "mw": "\u02c8m\u00e4-d\u1d4al-\u0259r",
                "sound": {
                  "audio": "model003",
                  "ref": "c",
                  "stat": "1"
                }
              }
            ]
          }
        ],
        "fl": "noun"
      }
    ],
    "et": [
      [
        "text",
        "{dx_ety}see {dxt|model:1||}{/dx_ety}"
      ]
    ],
    "date": "1613{ds|t|4||}",
    "shortdef": [
      "to construct or fashion in imitation of a particular model",
      "to shape or fashion in a plastic material",
      "to produce a representation or simulation of"
    ]
  },
  {
    "meta": {
      "id": "model:3",
      "uuid": "ad272a76-c933-4577-9267-21fdbca8caf3",
      "sort": "133500000",
      "src": "collegiate",
      "section": "alpha",
      "stems": [
        "model"
      ],
      "offensive": false
    },
    "hom": 3,
    "hwi": {
      "hw": "model"
    },
    "fl": "adjective",
    "def": [
      {
        "sseq": [
          [
            [
              "sense",
              {
                "sn": "1",
                "dt": [
                  [
                    "text",
                    "{bc}serving as or capable of serving as a pattern "
                  ],
                  [
                    "vis",
                    [
                      {
                        "t": "a {wi}model{/wi} student"
                      }
                    ]
                  ]
                ]
              }
            ]
          ],
          [
            [
              "sense",
              {
                "sn": "2",
                "dt": [
                  [
                    "text",
                    "{bc}being a usually miniature representation of something "
                  ],
                  [
                    "vis",
                    [
                      {
                        "t": "a {wi}model{/wi} airplane"
                      }
                    ]
                  ]
                ]
              }
            ]
          ]
        ]
      }
    ],
    "date": "1831{ds||1||}",
    "shortdef": [
      "serving as or capable of serving as a pattern",
      "being a usually miniature representation of something"
    ]
  },
  {
    "meta": {
      "id": "model oneself after",
      "uuid": "4c832583-c81f-4460-90fd-1d874036a504",
      "sort": "3012280000",
      "src": "ld",
      "section": "idioms",
      "stems": [
        "model oneself after"
      ],
      "offensive": false
    },
    "hwi": {
      "hw": "model oneself after"
    },
    "fl": "idiom",
    "def": [
      {
        "sls": [
          "chiefly US"
        ],
        "sseq": [
          [
            [
              "sense",
              {
                "dt": [
                  [
                    "text",
                    "{bc}to try to be like and to behave like (someone one admires) "
                  ],
                  [
                    "vis",
                    [
                      {
                        "t": "Children often {it}model themselves after{/it} their parents."
                      }
                    ]
                  ]
                ]
              }
            ]
          ]
        ]
      }
    ],
    "shortdef": [
      "to try to be like and to behave like (someone one admires)"
    ]
  },
  {
    "meta": {
      "id": "model oneself on",
      "uuid": "b3bf866a-6f7d-4879-9faa-9e7478cb63db",
      "sort": "3012281000",
      "src": "ld",
      "section": "idioms",
      "stems": [
        "model oneself on"
      ],
      "offensive": false
    },
    "hwi": {
      "hw": "model oneself on"
    },
    "fl": "idiom",
    "def": [
      {
        "sseq": [
          [
            [
              "sense",
              {
                "dt": [
                  [
                    "text",
                    "{bc}to try to be like and to behave like (someone one admires) "
                  ],
                  [
                    "vis",
                    [
                      {
                        "t": "She {it}models herself on{/it} the leaders that came before her."
                      }
                    ]
                  ]
                ]
              }
            ]
          ]
        ]
      }
    ],
    "shortdef": [
      "to try to be like and to behave like (someone one admires)"
    ]
  },
  {
    "meta": {
      "id": "animal model",
      "uuid": "c9713085-4e05-4a38-99d6-15b15c8157b9",
      "sort": "012845000",
      "src": "collegiate",
      "section": "alpha",
      "stems": [
        "animal model",
        "animal models"
      ],
      "offensive": false
    },
    "hwi": {
      "hw": "animal model"
    },
    "fl": "noun",
    "def": [
      {
        "sseq": [
          [
            [
              "sense",
              {
                "dt": [
                  [
                    "text",
                    "{bc}an animal sufficiently like humans in its anatomy, physiology, or response to a pathogen to be used in medical research in order to obtain results that can be extrapolated to human medicine"
                  ]
                ],
                "sdsense": {
                  "sd": "also",
                  "dt": [
                    [
                      "text",
                      "{bc}a pathological or physiological condition that occurs in such an animal and is similar to one occurring in humans"
                    ]
                  ]
                }
              }
            ]
          ]
        ]
      }
    ],
    "date": "1955",
    "shortdef": [
      "an animal sufficiently like humans in its anatomy, physiology, or response to a pathogen to be used in medical research in order to obtain results that can be extrapolated to human medicine; also : a pathological or physiological condition that occurs in such an animal and is similar to one occurring in humans"
    ]
  },
  {
    "meta": {
      "id": "color model",
      "uuid": "5a40b1e8-5821-4a57-b3fe-8dc12ed70a3c",
      "sort": "035449250",
      "src": "collegiate",
      "section": "alpha",
      "stems": [
        "color model",
        "color models"
      ],
      "offensive": false
    },
    "hwi": {
      "hw": "color model"
    },
    "fl": "noun",
    "def": [
      {
        "sseq": [
          [
            [
              "sense",
              {
                "dt": [
                  [
                    "text",
                    "{bc}a system for categorizing all possible colors in terms of numbers representing proportions of basic hues "
                  ],
                  [
                    "vis",
                    [
                      {
                        "t": "Colors can be printed in {d_link|CMYK|CMYK} (blended from four ink colors: cyan, magenta, yellow and black) \u2026; they appear on a computer screen via the {d_link|RGB|RGB:1} {wi}color model{/wi}, which combines red, green and blue light.",
                        "aq": {
                          "auth": "Maura Judkis"
                        }
                      }
                    ]
                  ]
                ]
              }
            ]
          ]
        ]
      }
    ],
    "date": "1972",
    "shortdef": [
      "a system for categorizing all possible colors in terms of numbers representing proportions of basic hues"
    ]
  },
  {
    "meta": {
      "id": "role model",
      "uuid": "cf3c60d9-87d1-4721-b5b0-3b8964311dde",
      "sort": "183663000",
      "src": "collegiate",
      "section": "alpha",
      "stems": [
        "role model",
        "role models"
      ],
      "offensive": false
    },
    "hwi": {
      "hw": "role model"
    },
    "fl": "noun",
    "def": [
      {
        "sseq": [
          [
            [
              "sense",
              {
                "dt": [
                  [
                    "text",
                    "{bc}a person whose behavior in a particular role is imitated by others"
                  ]
                ]
              }
            ]
          ]
        ]
      }
    ],
    "date": "1947",
    "shortdef": [
      "a person whose behavior in a particular role is imitated by others"
    ]
  },
  {
    "meta": {
      "id": "standard model",
      "uuid": "a8b83498-28e9-4219-93eb-2483adad7a6f",
      "sort": "194746200",
      "src": "collegiate",
      "section": "alpha",
      "stems": [
        "standard model",
        "standard models"
      ],
      "offensive": false
    },
    "hwi": {
      "hw": "standard model"
    },
    "fl": "noun",
    "def": [
      {
        "sseq": [
          [
            [
              "sense",
              {
                "dt": [
                  [
                    "text",
                    "{bc}a theory in physics that describes the basic components of matter and the forces that govern their interactions"
                  ]
                ]
              }
            ]
          ]
        ]
      }
    ],
    "date": "1982",
    "shortdef": [
      "a theory in physics that describes the basic components of matter and the forces that govern their interactions"
    ]
  },
  {
    "meta": {
      "id": "Watson-Crick model",
      "uuid": "ee2cd01a-8086-4c12-a350-c21a71e087f5",
      "sort": "230057300",
      "src": "collegiate",
      "section": "alpha",
      "stems": [
        "Watson-Crick model",
        "Watson-Crick models"
      ],
      "offensive": false
    },
    "hwi": {
      "hw": "Watson-Crick model"
    },
    "fl": "noun",
    "def": [
      {
        "sseq": [
          [
            [
              "sense",
              {
                "dt": [
                  [
                    "text",
                    "{bc}a model of DNA structure in which the molecule is a cross-linked double-stranded helix, each strand is composed of alternating links of phosphate and deoxyribose, and the strands are cross-linked by pairs of purine and pyrimidine bases projecting inward from the deoxyribose sugars and joined by hydrogen bonds with adenine paired with thymine and with cytosine paired with guanine {dx}compare {dxt|double helix||}{/dx}"
                  ]
                ]
              }
            ]
          ]
        ]
      }
    ],
    "et": [
      [
        "text",
        "J. D. {it}Watson{/it} & F. H. C. {it}Crick{/it}"
      ]
    ],
    "date": "1958",
    "shortdef": [
      "a model of DNA structure in which the molecule is a cross-linked double-stranded helix, each strand is composed of alternating links of phosphate and deoxyribose, and the strands are cross-linked by pairs of purine and pyrimidine bases projecting inward from the deoxyribose sugars and joined by hydrogen bonds with adenine paired with thymine and with cytosine paired with guanine"
    ]
  }
]