[
  {
    "meta": {
      "id": "momentum",
      "uuid": "d9d7698f-7700-4ec0-b6a5-4165690140e7",
      "sort": "133642000",
      "src": "collegiate",
      "section": "alpha",
      "stems": [
        "momenta",
        "momentum",
        "momentums"
      ],
      "offensive": false
    },
    "hwi": {
      "hw": "mo*men*tum",
      "prs": [
        {
          "mw": "m\u014d-\u02c8men-t\u0259m",
          "sound": {
            "audio": "moment06",
            "ref": "c",
            "stat": "1"
          }
        },
        {
          "mw": "m\u0259-"
        }
      ]
    },
    "fl": "noun",
    "ins": [
      {
        "il": "plural",
        "if": "mo*men*ta",
        "prs": [
          {
            "mw": "m\u014d-\u02c8men-t\u0259",
            "sound": {
              "audio": "moment07",
              "ref": "c",
              "stat": "1"
            }
          },
          {
            "mw": "m\u0259-"
          }
        ]
      },
      {
        "il": "or",
        "if": "mo*men*tums"
      }
    ],
    "def": [
      {
        "sseq": [
          [
            [
              "sense",
              {
                "sn": "1",
                "dt": [
                  [
                    "text",
                    "{bc}a property {dx_def}see {dxt|property||1a}{/dx_def} of a moving body that the body has by virtue of its mass {dx_def}see {dxt|mass:2||1c}{/dx_def} and motion and that is equal to the product of the body's mass and velocity"
                  ]
                ],
                "sdsense": {
                  "sd": "broadly",
                  "dt": [
                    [
                      "text",
                      "{bc}a property of a moving body that determines the length of time required to bring it to rest when under the action of a constant force or {a_link|moment}"
                    ]
                  ]
                }
              }
            ]
          ],
          [
            [
              "sense",
              {
                "sn": "2",
                "dt": [
                  [
                    "text",
                    "{bc}strength or force gained by motion or by a series of events "
                  ],
                  [
                    "vis",
                    [
                      {
                        "t": "The wagon gained {wi}momentum{/wi} as it rolled down the hill."
                      }
                    ]
                  ]
                ]
              }
            ]
          ]
        ]
      }
    ],
    "et": [
      [
        "text",
        "New Latin, from Latin, movement"
      ]
    ],
    "date": "1610{ds||1||}",
    "shortdef": [
      "a property of a moving body that the body has by virtue of its mass and motion and that is equal to the product of the body's mass and velocity; broadly : a property of a moving body that determines the length of time required to bring it to rest when under the action of a constant force or moment",
      "strength or force gained by motion or by a series of events"
    ]
  },
  {
    "meta": {
      "id": "angular momentum",
      "uuid": "f6eca133-f992-46a2-bfa4-33a818675168",
      "sort": "012814000",
      "src": "collegiate",
      "section": "alpha",
      "stems": [
        "angular momentum",
        "angular momentums"
      ],
      "offensive": false
    },
    "hwi": {
      "hw": "angular momentum"
    },
    "fl": "noun",
    "def": [
      {
        "sseq": [
          [
            [
              "sense",
              {
                "dt": [
                  [
                    "text",
                    "{bc}a vector quantity that is a measure of the rotational momentum of a rotating body or system, that is equal in classical physics to the product of the angular velocity of the body or system and its moment of inertia with respect to the rotation axis, and that is directed along the rotation axis"
                  ]
                ]
              }
            ]
          ]
        ]
      }
    ],
    "date": "1817",
    "shortdef": [
      "a vector quantity that is a measure of the rotational momentum of a rotating body or system, that is equal in classical physics to the product of the angular velocity of the body or system and its moment of inertia with respect to the rotation axis, and that is directed along the rotation axis"
    ]
  },
  {
    "meta": {
      "id": "gather/gain momentum",
      "uuid": "d704edbe-d423-42a2-8cdd-45652f23def0",
      "sort": "3006843000",
      "src": "ld",
      "section": "idioms",
      "stems": [
        "gain momentum",
        "gather momentum",
        "gather/gain momentum"
      ],
      "offensive": false
    },
    "hwi": {
      "hw": "gather/gain momentum"
    },
    "fl": "idiom",
    "def": [
      {
        "sseq": [
          [
            [
              "sense",
              {
                "dt": [
                  [
                    "text",
                    "{bc}to move faster "
                  ],
                  [
                    "vis",
                    [
                      {
                        "t": "The wagon {it}gathered/gained momentum{/it} as it rolled down the hill."
                      }
                    ]
                  ]
                ]
              }
            ]
          ]
        ]
      }
    ],
    "shortdef": [
      "to move faster"
    ]
  },
  {
    "meta": {
      "id": "lose momentum",
      "uuid": "34d100d2-3eb1-484a-ac27-e997baed2cda",
      "sort": "3011481000",
      "src": "ld",
      "section": "idioms",
      "stems": [
        "lose momentum"
      ],
      "offensive": false
    },
    "hwi": {
      "hw": "lose momentum"
    },
    "fl": "idiom",
    "def": [
      {
        "sseq": [
          [
            [
              "sense",
              {
                "dt": [
                  [
                    "text",
                    "{bc}to move more slowly "
                  ],
                  [
                    "vis",
                    [
                      {
                        "t": "The wagon {it}lost momentum{/it} as it rolled up the hill."
                      }
                    ]
                  ]
                ]
              }
            ]
          ]
        ]
      }
    ],
    "shortdef": [
      "to move more slowly"
    ]
  },
  {
    "meta": {
      "id": "gather momentum/strength",
      "uuid": "c67fc0b1-f8b5-4536-8497-f6d9ac641677",
      "sort": "3006844000",
      "src": "ld",
      "section": "idioms",
      "stems": [
        "gather momentum",
        "gather momentum/strength",
        "gather strength"
      ],
      "offensive": false
    },
    "hwi": {
      "hw": "gather momentum/strength"
    },
    "fl": "idiom",
    "def": [
      {
        "sseq": [
          [
            [
              "sense",
              {
                "dt": [
                  [
                    "text",
                    "{bc}to begin to be more popular and effective "
                  ],
                  [
                    "vis",
                    [
                      {
                        "t": "The campaign has begun to {it}gather momentum/strength{/it}."
                      }
                    ]
                  ]
                ]
              }
            ]
          ]
        ]
      }
    ],
    "shortdef": [
      "to begin to be more popular and effective"
    ]
  },
  {
    "meta": {
      "id": "pick up speed/momentum",
      "uuid": "f2b74a91-aff0-42b1-8d29-4d7945bbae30",
      "sort": "3014694000",
      "src": "ld",
      "section": "idioms",
      "stems": [
        "pick up momentum",
        "pick up speed",
        "pick up speed/momentum"
      ],
      "offensive": false
    },
    "hwi": {
      "hw": "pick up speed/momentum"
    },
    "fl": "idiom",
    "def": [
      {
        "sseq": [
          [
            [
              "sense",
              {
                "dt": [
                  [
                    "text",
                    "{bc}to begin to have more speed/momentum "
                  ],
                  [
                    "vis",
                    [
                      {
                        "t": "The cyclists quickly {it}picked up speed{/it} as they headed down the mountain."
                      },
                      {
                        "t": "His campaign has begun to {it}pick up momentum{/it}."
                      }
                    ]
                  ]
                ]
              }
            ]
          ]
        ]
      }
    ],
    "shortdef": [
      "to begin to have more speed/momentum"
    ]
  }
]