[
  {
    "meta": {
      "id": "moon:1",
      "uuid": "3fe8a01d-e684-4bda-9c46-a67f91e01a10",
      "sort": "133929000",
      "src": "collegiate",
      "section": "alpha",
      "stems": [
        "moon",
        "moonlike",
        "moons",
        "over the moon"
      ],
      "offensive": false
    },
    "hom": 1,
    "hwi": {
      "hw": "moon",
      "prs": [
        {
          "mw": "\u02c8m\u00fcn",
          "sound": {
            "audio": "moon0001",
            "ref": "c",
            "stat": "1"
          }
        }
      ]
    },
    "fl": "noun",
    "def": [
      {
        "sseq": [
          [
            [
              "sense",
              {
                "sn": "1 a",
                "lbs": [
                  "often capitalized"
                ],
                "dt": [
                  [
                    "text",
                    "{bc}the earth's natural satellite {dx_def}see {dxt|satellite||1a}{/dx_def} that shines by the sun's reflected light, revolves about the earth from west to east in about 29\u00b9/\u2082 days with reference to the sun or about 27\u00b9/\u2083 days with reference to the stars, and has a diameter of 2160 miles (3475 {d_link|kilometers|kilometer}), a mean distance from the earth of about 238,900 miles (384,400 kilometers), and a mass about one eightieth that of the earth "
                  ],
                  [
                    "uns",
                    [
                      [
                        [
                          "text",
                          "usually used with {it}the{/it}"
                        ]
                      ]
                    ]
                  ]
                ]
              }
            ],
            [
              "sense",
              {
                "sn": "b",
                "dt": [
                  [
                    "text",
                    "{bc}one complete moon cycle consisting of four phases {dx_def}see {dxt|phase:1||1}{/dx_def}"
                  ]
                ]
              }
            ],
            [
              "sense",
              {
                "sn": "c",
                "dt": [
                  [
                    "text",
                    "{bc}{sx|satellite||1}"
                  ]
                ],
                "sdsense": {
                  "sd": "specifically",
                  "dt": [
                    [
                      "text",
                      "{bc}a natural satellite of a planet "
                    ],
                    [
                      "vis",
                      [
                        {
                          "t": "the {wi}moons{/wi} of Jupiter"
                        }
                      ]
                    ]
                  ]
                }
              }
            ]
          ],
          [
            [
              "sense",
              {
                "sn": "2",
                "dt": [
                  [
                    "text",
                    "{bc}an indefinite usually extended period of time "
                  ],
                  [
                    "vis",
                    [
                      {
                        "t": "a labor of many {wi}moons{/wi}"
                      }
                    ]
                  ]
                ]
              }
            ]
          ],
          [
            [
              "sense",
              {
                "sn": "3",
                "dt": [
                  [
                    "text",
                    "{bc}{sx|moonlight||} "
                  ],
                  [
                    "vis",
                    [
                      {
                        "t": "keep out of the {wi}moon{/wi} or it may turn your head",
                        "aq": {
                          "auth": "H. R. Haggard"
                        }
                      }
                    ]
                  ]
                ]
              }
            ]
          ],
          [
            [
              "bs",
              {
                "sense": {
                  "sn": "4",
                  "dt": [
                    [
                      "text",
                      "{bc}something that resembles a moon: such as"
                    ]
                  ]
                }
              }
            ],
            [
              "sense",
              {
                "sn": "a",
                "dt": [
                  [
                    "text",
                    "{bc}a highly translucent {dx_def}see {dxt|translucent||1}{/dx_def} spot on old porcelain"
                  ]
                ]
              }
            ],
            [
              "sense",
              {
                "sn": "b",
                "dt": [
                  [
                    "text",
                    "{bc}{sx|lunule||}"
                  ]
                ]
              }
            ],
            [
              "sense",
              {
                "sn": "c",
                "sls": [
                  "slang"
                ],
                "dt": [
                  [
                    "text",
                    "{bc}naked buttocks"
                  ]
                ]
              }
            ]
          ],
          [
            [
              "sense",
              {
                "sn": "5",
                "dt": [
                  [
                    "text",
                    "{bc}something impossible or inaccessible "
                  ],
                  [
                    "vis",
                    [
                      {
                        "t": "reach for the {wi}moon{/wi}"
                      }
                    ]
                  ]
                ]
              }
            ]
          ]
        ]
      }
    ],
    "uros": [
      {
        "ure": "moon*like",
        "prs": [
          {
            "mw": "\u02c8m\u00fcn-\u02ccl\u012bk",
            "sound": {
              "audio": "moon0002",
              "ref": "c",
              "stat": "1"
            }
          }
        ],
        "fl": "adjective"
      }
    ],
    "dros": [
      {
        "drp": "over the moon",
        "def": [
          {
            "sseq": [
              [
                [
                  "sense",
                  {
                    "dt": [
                      [
                        "text",
                        "{bc}very pleased {bc}in high spirits"
                      ]
                    ]
                  }
                ]
              ]
            ]
          }
        ]
      }
    ],
    "et": [
      [
        "text",
        "Middle English {it}mone{/it}, from Old English {it}m\u014dna{/it}; akin to Old High German {it}m\u0101no{/it} moon, Latin {it}mensis{/it} month, Greek {it}m\u0113n{/it} month, {it}m\u0113n\u0113{/it} moon"
      ]
    ],
    "date": "before 12th century{ds||1|a|}",
    "shortdef": [
      "the earth's natural satellite that shines by the sun's reflected light, revolves about the earth from west to east in about 291/2 days with reference to the sun or about 271/3 days with reference to the stars, and has a diameter of 2160 miles (3475 kilometers), a mean distance from the earth of about 238,900 miles (384,400 kilometers), and a mass about one eightieth that of the earth \u2014usually used with the",
      "one complete moon cycle consisting of four phases",
      "satellite; specifically : a natural satellite of a planet"
    ]
  },
  {
    "meta": {
      "id": "moon:2",
      "uuid": "9c4366e3-9939-48ba-b95d-94b54ee34f4a",
      "sort": "133930000",
      "src": "collegiate",
      "section": "alpha",
      "stems": [
        "moon",
        "mooned",
        "mooning",
        "moons"
      ],
      "offensive": false
    },
    "hom": 2,
    "hwi": {
      "hw": "moon"
    },
    "fl": "verb",
    "ins": [
      {
        "if": "mooned"
      },
      {
        "if": "moon*ing"
      },
      {
        "if": "moons"
      }
    ],
    "def": [
      {
        "vd": "transitive verb",
        "sseq": [
          [
            [
              "sense",
              {
                "sn": "1",
                "dt": [
                  [
                    "text",
                    "{bc}to spend in idle reverie {bc}{sx|dream||} "
                  ],
                  [
                    "uns",
                    [
                      [
                        [
                          "text",
                          "used with {it}away{/it} "
                        ],
                        [
                          "vis",
                          [
                            {
                              "t": "{wi}mooned{/wi} the afternoon away"
                            }
                          ]
                        ]
                      ]
                    ]
                  ]
                ]
              }
            ]
          ],
          [
            [
              "sense",
              {
                "sn": "2",
                "sls": [
                  "slang"
                ],
                "dt": [
                  [
                    "text",
                    "{bc}to expose one's naked buttocks to "
                  ],
                  [
                    "vis",
                    [
                      {
                        "t": "One of the boys {wi}mooned{/wi} the crowd."
                      }
                    ]
                  ]
                ]
              }
            ]
          ]
        ]
      },
      {
        "vd": "intransitive verb",
        "sseq": [
          [
            [
              "sense",
              {
                "dt": [
                  [
                    "text",
                    "{bc}to spend time in idle reverie {bc}behave abstractedly "
                  ],
                  [
                    "vis",
                    [
                      {
                        "t": "fans {wi}mooning{/wi} over movie stars"
                      }
                    ]
                  ]
                ]
              }
            ]
          ]
        ]
      }
    ],
    "et": [
      [
        "text",
        "{dx_ety}see {dxt|moon:1||}{/dx_ety}"
      ]
    ],
    "date": "1836{ds|t|1||}",
    "shortdef": [
      "to spend in idle reverie : dream \u2014used with away",
      "to expose one's naked buttocks to",
      "to spend time in idle reverie : behave abstractedly"
    ]
  },
  {
    "meta": {
      "id": "moon blindness",
      "uuid": "0c789d47-657f-4498-ba57-2d551c31808a",
      "sort": "133932000",
      "src": "collegiate",
      "section": "alpha",
      "stems": [
        "moon blindness",
        "moon blindnesses"
      ],
      "offensive": false
    },
    "hwi": {
      "hw": "moon blindness"
    },
    "fl": "noun",
    "def": [
      {
        "sseq": [
          [
            [
              "sense",
              {
                "dt": [
                  [
                    "text",
                    "{bc}a recurrent inflammation of the eye of the horse"
                  ]
                ]
              }
            ]
          ]
        ]
      }
    ],
    "date": "circa 1720",
    "shortdef": [
      "a recurrent inflammation of the eye of the horse"
    ]
  },
  {
    "meta": {
      "id": "moon-eyed",
      "uuid": "cc5af47c-acdf-487d-93c4-3d9a3e031dd3",
      "sort": "133936000",
      "src": "collegiate",
      "section": "alpha",
      "stems": [
        "moon-eyed"
      ],
      "offensive": false
    },
    "hwi": {
      "hw": "moon-eyed",
      "prs": [
        {
          "mw": "\u02c8m\u00fcn-\u02c8\u012bd",
          "sound": {
            "audio": "mooney02",
            "ref": "c",
            "stat": "1"
          }
        }
      ]
    },
    "fl": "adjective",
    "def": [
      {
        "sseq": [
          [
            [
              "sense",
              {
                "dt": [
                  [
                    "text",
                    "{bc}having the eyes wide open"
                  ]
                ]
              }
            ]
          ]
        ]
      }
    ],
    "date": "1790",
    "shortdef": [
      "having the eyes wide open"
    ]
  },
  {
    "meta": {
      "id": "moon shell",
      "uuid": "e48cf326-cd3e-4e1a-b35e-c6c51c9fe8d5",
      "sort": "133953000",
      "src": "collegiate",
      "section": "alpha",
      "stems": [
        "moon shell",
        "moon shells"
      ],
      "offensive": false
    },
    "hwi": {
      "hw": "moon shell"
    },
    "fl": "noun",
    "def": [
      {
        "sseq": [
          [
            [
              "sense",
              {
                "dt": [
                  [
                    "text",
                    "{bc}{sx|moon snail||}"
                  ]
                ]
              }
            ]
          ]
        ]
      }
    ],
    "art": {
      "artid": "moonshel",
      "capt": "moon shell"
    },
    "date": "1923",
    "shortdef": [
      "moon snail"
    ]
  },
  {
    "meta": {
      "id": "moon shot",
      "uuid": "555ad3dc-0943-4f3d-b8b5-bf19676abfbd",
      "sort": "133956000",
      "src": "collegiate",
      "section": "alpha",
      "stems": [
        "moon shot",
        "moon shots",
        "moonshot",
        "moonshots"
      ],
      "offensive": false
    },
    "hwi": {
      "hw": "moon shot"
    },
    "vrs": [
      {
        "vl": "or",
        "va": "moon*shot",
        "prs": [
          {
            "mw": "\u02c8m\u00fcn-\u02ccsh\u00e4t",
            "sound": {
              "audio": "moonshot",
              "ref": "owl",
              "stat": "1"
            }
          }
        ]
      }
    ],
    "fl": "noun",
    "ins": [
      {
        "il": "plural",
        "if": "moon shots"
      },
      {
        "il": "or",
        "if": "moon*shots"
      }
    ],
    "def": [
      {
        "sseq": [
          [
            [
              "sense",
              {
                "sn": "1 a",
                "dt": [
                  [
                    "text",
                    "{bc}a spacecraft mission to the moon "
                  ],
                  [
                    "vis",
                    [
                      {
                        "t": "And among the nearly endless tasks that had to be completed for the Apollo {wi}moon shot{/wi}, one woman spearheaded a critical engineering project: testing all the small gear the astronauts would take with them to the lunar surface.",
                        "aq": {
                          "auth": "Kathryn Tully"
                        }
                      }
                    ]
                  ]
                ]
              }
            ],
            [
              "sense",
              {
                "sn": "b",
                "dt": [
                  [
                    "text",
                    "{bc}an extremely ambitious project or mission undertaken to achieve a monumental goal "
                  ],
                  [
                    "vis",
                    [
                      {
                        "t": "He is leading biology's {wi}moon shot{/wi}; the Human Genome Project, a $3 billion, 15-year effort to pinpoint the location of all 100,000 human genes.",
                        "aq": {
                          "auth": "Paul Hoffman"
                        }
                      },
                      {
                        "t": "This month, a group of billionaires \u2026 announced a {wi}moonshot{/wi} of their own\u2014a $1 billion joint venture to develop clean energy technology and bring it to market.",
                        "aq": {
                          "auth": "Alan Fleischmann"
                        }
                      }
                    ]
                  ]
                ]
              }
            ]
          ],
          [
            [
              "sense",
              {
                "sn": "2",
                "sls": [
                  "sports"
                ],
                "dt": [
                  [
                    "text",
                    "{bc}a hit or thrown ball that travels a great distance with a high trajectory "
                  ],
                  [
                    "vis",
                    [
                      {
                        "t": "\u2026 paused at the plate to admire the second of the three homers\u2014a {wi}moon shot{/wi} that landed a few rows short of a homemade sign in the rightfield bleachers \u2026",
                        "aq": {
                          "auth": "Tim Crothers"
                        }
                      },
                      {
                        "t": "White's pass, like his 43-yard touchdown to Tony Hill in the fourth quarter, was a {wi}moon shot{/wi}, a high arching thing that took an hour to come down.",
                        "aq": {
                          "auth": "Paul Zimmerman"
                        }
                      }
                    ]
                  ]
                ]
              }
            ]
          ]
        ]
      }
    ],
    "date": "1949{ds||1|a|}",
    "shortdef": [
      "a spacecraft mission to the moon",
      "an extremely ambitious project or mission undertaken to achieve a monumental goal",
      "a hit or thrown ball that travels a great distance with a high trajectory"
    ]
  },
  {
    "meta": {
      "id": "moon snail",
      "uuid": "1c0e27fa-0539-4d0a-a865-9f43b57ec9db",
      "sort": "133957000",
      "src": "collegiate",
      "section": "alpha",
      "stems": [
        "moon snail",
        "moon snails"
      ],
      "offensive": false
    },
    "hwi": {
      "hw": "moon snail"
    },
    "fl": "noun",
    "def": [
      {
        "sseq": [
          [
            [
              "sense",
              {
                "dt": [
                  [
                    "text",
                    "{bc}any of a cosmopolitan family (Naticidae) of carnivorous marine snails having smooth globular shells"
                  ]
                ]
              }
            ]
          ]
        ]
      }
    ],
    "art": {
      "artid": "moonshel",
      "capt": "moon snail"
    },
    "date": "1892",
    "shortdef": [
      "any of a cosmopolitan family (Naticidae) of carnivorous marine snails having smooth globular shells"
    ]
  },
  {
    "meta": {
      "id": "moon suit",
      "uuid": "9556b321-edf1-4345-b0ca-f227300e52d8",
      "sort": "133960000",
      "src": "collegiate",
      "section": "alpha",
      "stems": [
        "moon suit"
      ],
      "offensive": false
    },
    "hwi": {
      "hw": "moon suit"
    },
    "fl": "noun",
    "def": [
      {
        "sseq": [
          [
            [
              "sense",
              {
                "dt": [
                  [
                    "text",
                    "{bc}a sealed garment worn especially for protection from hazardous material (such as toxic waste or infectious disease)"
                  ]
                ]
              }
            ]
          ]
        ]
      }
    ],
    "date": "1980",
    "shortdef": [
      "a sealed garment worn especially for protection from hazardous material (such as toxic waste or infectious disease)"
    ]
  },
  {
    "meta": {
      "id": "Moon Jae-in:b",
      "uuid": "c855c0d5-d470-4b84-960c-126ee9426333",
      "sort": "304083500",
      "src": "collegiate",
      "section": "biog",
      "stems": [
        "Moon Jae-in"
      ],
      "offensive": false
    },
    "hwi": {
      "hw": "Moon Jae-in",
      "prs": [
        {
          "mw": "\u02c8m\u00fcn-\u02c8j\u0101-\u02c8\u0113n",
          "sound": {
            "audio": "moon-jae-in_1",
            "ref": "owl",
            "stat": "1"
          }
        }
      ]
    },
    "fl": "biographical name",
    "def": [
      {
        "sseq": [
          [
            [
              "sense",
              {
                "dt": [
                  [
                    "text",
                    "1953\u2013\u2002\u2002\u2002\u2002 president of South Korea (2017\u2013\u2002\u2002)"
                  ]
                ]
              }
            ]
          ]
        ]
      }
    ],
    "shortdef": [
      "1953\u2014 president of South Korea (2017\u2014 )"
    ]
  },
  {
    "meta": {
      "id": "moon after",
      "uuid": "244e541a-138d-476f-95fe-829d2128e678",
      "sort": "3012325000",
      "src": "ld",
      "section": "idioms",
      "stems": [
        "moon after",
        "mooned after",
        "mooning after",
        "moons after"
      ],
      "offensive": false
    },
    "hwi": {
      "hw": "moon after"
    },
    "fl": "phrasal verb",
    "ins": [
      {
        "if": "mooned after"
      },
      {
        "if": "moon*ing after"
      },
      {
        "if": "moons after"
      }
    ],
    "def": [
      {
        "sls": [
          "US"
        ],
        "sseq": [
          [
            [
              "sense",
              {
                "dt": [
                  [
                    "text",
                    "{bc}to spend too much time thinking about or looking at (someone or something that one admires or wants very much) "
                  ],
                  [
                    "vis",
                    [
                      {
                        "t": "fans {it}mooning after{/it} movie stars"
                      }
                    ]
                  ]
                ]
              }
            ]
          ]
        ]
      }
    ],
    "shortdef": [
      "to spend too much time thinking about or looking at (someone or something that one admires or wants very much)"
    ]
  }
]