[
  {
    "meta": {
      "id": "motion:1",
      "uuid": "5bf8ca37-28ce-49ae-8313-e3f7bbba21d3",
      "sort": "134205000",
      "src": "collegiate",
      "section": "alpha",
      "stems": [
        "in motion",
        "motion",
        "motional",
        "motionless",
        "motionlessly",
        "motionlessness",
        "motionlessnesses",
        "motions"
      ],
      "offensive": true
    },
    "hom": 1,
    "hwi": {
      "hw": "mo*tion",
      "prs": [
        {
          "mw": "\u02c8m\u014d-sh\u0259n",
          "sound": {
            "audio": "motion01",
            "ref": "c",
            "stat": "1"
          }
        }
      ]
    },
    "fl": "noun",
    "def": [
      {
        "sseq": [
          [
            [
              "sense",
              {
                "sn": "1 a",
                "dt": [
                  [
                    "text",
                    "{bc}an act, process, or instance of changing place {bc}{sx|movement||} "
                  ],
                  [
                    "vis",
                    [
                      {
                        "t": "a pendulum in {wi}motion{/wi}"
                      }
                    ]
                  ]
                ]
              }
            ],
            [
              "sense",
              {
                "sn": "b",
                "dt": [
                  [
                    "text",
                    "{bc}an active or functioning state or condition "
                  ],
                  [
                    "vis",
                    [
                      {
                        "t": "set the divorce proceedings in {wi}motion{/wi}"
                      }
                    ]
                  ]
                ]
              }
            ]
          ],
          [
            [
              "sense",
              {
                "sn": "2",
                "dt": [
                  [
                    "text",
                    "{bc}an impulse or inclination of the mind or will "
                  ],
                  [
                    "vis",
                    [
                      {
                        "t": "the fundamental {wi}motions{/wi} of humanity to good or evil",
                        "aq": {
                          "auth": "T. S. Eliot"
                        }
                      }
                    ]
                  ]
                ]
              }
            ]
          ],
          [
            [
              "sense",
              {
                "sn": "3 a",
                "dt": [
                  [
                    "text",
                    "{bc}a proposal for action"
                  ]
                ],
                "sdsense": {
                  "sd": "especially",
                  "dt": [
                    [
                      "text",
                      "{bc}a formal proposal made in a deliberative assembly "
                    ],
                    [
                      "vis",
                      [
                        {
                          "t": "made a {wi}motion{/wi} that the meeting be adjourned"
                        }
                      ]
                    ]
                  ]
                }
              }
            ],
            [
              "sense",
              {
                "sn": "b",
                "dt": [
                  [
                    "text",
                    "{bc}an application made to a court or judge to obtain an order, ruling, or direction "
                  ],
                  [
                    "vis",
                    [
                      {
                        "t": "His {wi}motion{/wi} for a new trial was denied."
                      }
                    ]
                  ]
                ]
              }
            ]
          ],
          [
            [
              "sen",
              {
                "sn": "4",
                "sls": [
                  "obsolete"
                ]
              }
            ],
            [
              "sense",
              {
                "sn": "a",
                "dt": [
                  [
                    "text",
                    "{bc}a puppet show"
                  ]
                ]
              }
            ],
            [
              "sense",
              {
                "sn": "b",
                "dt": [
                  [
                    "text",
                    "{bc}{sx|puppet||}"
                  ]
                ]
              }
            ]
          ],
          [
            [
              "sense",
              {
                "sn": "5",
                "dt": [
                  [
                    "text",
                    "{bc}{sx|mechanism||}"
                  ]
                ]
              }
            ]
          ],
          [
            [
              "sense",
              {
                "sn": "6 a",
                "dt": [
                  [
                    "text",
                    "{bc}an act or instance of moving the body or its parts {bc}{sx|gesture||} "
                  ],
                  [
                    "vis",
                    [
                      {
                        "t": "signaled with a {wi}motion{/wi} of his arm"
                      }
                    ]
                  ]
                ]
              }
            ],
            [
              "sense",
              {
                "sn": "b",
                "ins": [
                  {
                    "if": "mo*tions",
                    "spl": "plural"
                  }
                ],
                "dt": [
                  [
                    "text",
                    "{bc}{sx|activities||}, {sx|movements||} "
                  ],
                  [
                    "vis",
                    [
                      {
                        "t": "taking advantage of the night to conceal his {wi}motions{/wi}"
                      }
                    ]
                  ]
                ]
              }
            ]
          ],
          [
            [
              "sense",
              {
                "sn": "7",
                "dt": [
                  [
                    "text",
                    "{bc}melodic change of pitch"
                  ]
                ]
              }
            ]
          ]
        ]
      }
    ],
    "uros": [
      {
        "ure": "mo*tion*al",
        "prs": [
          {
            "mw": "\u02c8m\u014d-shn\u0259l",
            "sound": {
              "audio": "motion02",
              "ref": "c",
              "stat": "1"
            }
          },
          {
            "mw": "-sh\u0259-n\u1d4al"
          }
        ],
        "fl": "adjective"
      },
      {
        "ure": "mo*tion*less",
        "prs": [
          {
            "mw": "\u02c8m\u014d-sh\u0259n-l\u0259s",
            "sound": {
              "audio": "motion03",
              "ref": "c",
              "stat": "1"
            }
          }
        ],
        "fl": "adjective"
      },
      {
        "ure": "mo*tion*less*ly",
        "fl": "adverb"
      },
      {
        "ure": "mo*tion*less*ness",
        "fl": "noun"
      }
    ],
    "dros": [
      {
        "drp": "in motion",
        "def": [
          {
            "sseq": [
              [
                [
                  "sense",
                  {
                    "sls": [
                      "American Football",
                      "of an offensive player"
                    ],
                    "dt": [
                      [
                        "text",
                        "{bc}running parallel to the line of scrimmage before the snap"
                      ]
                    ]
                  }
                ]
              ]
            ]
          }
        ]
      }
    ],
    "et": [
      [
        "text",
        "Middle English {it}mocioun{/it}, from Anglo-French {it}motion{/it}, from Latin {it}motion-, motio{/it} movement, from {it}mov\u0113re{/it} to move"
      ]
    ],
    "date": "14th century{ds||1|a|}",
    "shortdef": [
      "an act, process, or instance of changing place : movement",
      "an active or functioning state or condition",
      "an impulse or inclination of the mind or will"
    ]
  },
  {
    "meta": {
      "id": "motion:2",
      "uuid": "82a02227-911a-45dd-96e5-683db1d1c08a",
      "sort": "134206000",
      "src": "collegiate",
      "section": "alpha",
      "stems": [
        "motion",
        "motioned",
        "motioning",
        "motions"
      ],
      "offensive": false
    },
    "hom": 2,
    "hwi": {
      "hw": "motion"
    },
    "fl": "verb",
    "ins": [
      {
        "if": "mo*tioned"
      },
      {
        "if": "mo*tion*ing",
        "prs": [
          {
            "mw": "\u02c8m\u014d-sh(\u0259-)ni\u014b",
            "sound": {
              "audio": "motion04",
              "ref": "c",
              "stat": "1"
            }
          }
        ]
      }
    ],
    "def": [
      {
        "vd": "intransitive verb",
        "sseq": [
          [
            [
              "sense",
              {
                "dt": [
                  [
                    "text",
                    "{bc}to signal by a movement or gesture "
                  ],
                  [
                    "vis",
                    [
                      {
                        "t": "the pitcher {wi}motioned{/wi} to the catcher"
                      }
                    ]
                  ]
                ]
              }
            ]
          ]
        ]
      },
      {
        "vd": "transitive verb",
        "sseq": [
          [
            [
              "sense",
              {
                "dt": [
                  [
                    "text",
                    "{bc}to direct by a motion "
                  ],
                  [
                    "vis",
                    [
                      {
                        "t": "{wi}motioned{/wi} me to the seat"
                      }
                    ]
                  ]
                ]
              }
            ]
          ]
        ]
      }
    ],
    "et": [
      [
        "text",
        "{dx_ety}see {dxt|motion:1||}{/dx_ety}"
      ]
    ],
    "date": "1747{ds|i|||}",
    "shortdef": [
      "to signal by a movement or gesture",
      "to direct by a motion"
    ]
  },
  {
    "meta": {
      "id": "Motion:b",
      "uuid": "435e4e84-15b9-40e0-b37e-d53c6e7507b4",
      "sort": "304129000",
      "src": "collegiate",
      "section": "biog",
      "stems": [
        "Motion",
        "Sir Andrew Motion"
      ],
      "offensive": false
    },
    "hwi": {
      "hw": "Mo*tion",
      "prs": [
        {
          "mw": "\u02c8m\u014d-sh\u0259n",
          "sound": {
            "audio": "motion01",
            "ref": "c",
            "stat": "1"
          }
        }
      ]
    },
    "fl": "biographical name",
    "def": [
      {
        "sseq": [
          [
            [
              "sense",
              {
                "dt": [
                  [
                    "text",
                    "Sir Andrew 1952\u2013\u2002\u2002\u2002\u2002 British poet; poet laureate (1999\u20132009)"
                  ]
                ]
              }
            ]
          ]
        ]
      }
    ],
    "shortdef": [
      "Sir Andrew 1952\u2014 British poet; poet laureate (1999\u20142009)"
    ]
  },
  {
    "meta": {
      "id": "motion capture",
      "uuid": "360ff14b-7230-4b44-8138-297714e501c7",
      "sort": "134207000",
      "src": "collegiate",
      "section": "alpha",
      "stems": [
        "motion capture"
      ],
      "offensive": false
    },
    "hwi": {
      "hw": "motion capture"
    },
    "fl": "noun",
    "def": [
      {
        "sseq": [
          [
            [
              "sense",
              {
                "dt": [
                  [
                    "text",
                    "{bc}a technology for digitally recording specific movements of a person (such as an actor) and translating them into computer-animated images"
                  ]
                ]
              }
            ]
          ]
        ]
      }
    ],
    "date": "1992",
    "shortdef": [
      "a technology for digitally recording specific movements of a person (such as an actor) and translating them into computer-animated images"
    ]
  },
  {
    "meta": {
      "id": "motion picture",
      "uuid": "c5fa8b88-1118-434a-a675-687a59ffa273",
      "sort": "134208000",
      "src": "collegiate",
      "section": "alpha",
      "stems": [
        "motion picture",
        "motion pictures"
      ],
      "offensive": false
    },
    "hwi": {
      "hw": "motion picture"
    },
    "fl": "noun",
    "def": [
      {
        "sseq": [
          [
            [
              "sense",
              {
                "sn": "1",
                "dt": [
                  [
                    "text",
                    "{bc}a series of pictures projected on a screen in rapid succession with objects shown in successive positions slightly changed so as to produce the optical effect of a continuous picture in which the objects move"
                  ]
                ]
              }
            ]
          ],
          [
            [
              "sense",
              {
                "sn": "2",
                "dt": [
                  [
                    "text",
                    "{bc}a representation (as of a story) by means of motion pictures {bc}{sx|movie||}"
                  ]
                ]
              }
            ]
          ]
        ]
      }
    ],
    "date": "1891{ds||1||}",
    "shortdef": [
      "a series of pictures projected on a screen in rapid succession with objects shown in successive positions slightly changed so as to produce the optical effect of a continuous picture in which the objects move",
      "a representation (as of a story) by means of motion pictures : movie"
    ]
  },
  {
    "meta": {
      "id": "motion sickness",
      "uuid": "54b9214b-5ac0-4179-a0e0-53a87be2247f",
      "sort": "134209000",
      "src": "collegiate",
      "section": "alpha",
      "stems": [
        "motion sickness",
        "motion sicknesses"
      ],
      "offensive": false
    },
    "hwi": {
      "hw": "motion sickness"
    },
    "fl": "noun",
    "def": [
      {
        "sseq": [
          [
            [
              "sense",
              {
                "dt": [
                  [
                    "text",
                    "{bc}sickness induced by motion (as in travel by air, car, or ship) and characterized by nausea"
                  ]
                ]
              }
            ]
          ]
        ]
      }
    ],
    "date": "1881",
    "shortdef": [
      "sickness induced by motion (as in travel by air, car, or ship) and characterized by nausea"
    ]
  },
  {
    "meta": {
      "id": "Brownian motion",
      "uuid": "368ce0e0-1eb6-4d8a-865a-6282fbf53cbb",
      "sort": "020445000",
      "src": "collegiate",
      "section": "alpha",
      "stems": [
        "Brownian motion",
        "Brownian motions",
        "Brownian movement",
        "Brownian movements"
      ],
      "offensive": false
    },
    "hwi": {
      "hw": "Brown*ian motion",
      "prs": [
        {
          "mw": "\u02c8brau\u0307-n\u0113-\u0259n-",
          "sound": {
            "audio": "browni01",
            "ref": "c",
            "stat": "1"
          }
        }
      ]
    },
    "fl": "noun",
    "def": [
      {
        "sseq": [
          [
            [
              "sense",
              {
                "dt": [
                  [
                    "text",
                    "{bc}a random movement of microscopic particles suspended in liquids or gases resulting from the impact of molecules of the surrounding medium "
                  ],
                  [
                    "ca",
                    {
                      "intro": "called also",
                      "cats": [
                        {
                          "cat": "Brownian movement"
                        }
                      ]
                    }
                  ]
                ]
              }
            ]
          ]
        ]
      }
    ],
    "et": [
      [
        "text",
        "Robert {it}Brown{/it} \u20201858 Scottish botanist"
      ]
    ],
    "date": "1849",
    "shortdef": [
      "a random movement of microscopic particles suspended in liquids or gases resulting from the impact of molecules of the surrounding medium \u2014called also Brownian movement"
    ]
  },
  {
    "meta": {
      "id": "harmonic motion",
      "uuid": "33a57e15-386a-43ef-964c-947093fccb31",
      "sort": "080068800",
      "src": "collegiate",
      "section": "alpha",
      "stems": [
        "harmonic motion",
        "harmonic motions"
      ],
      "offensive": false
    },
    "hwi": {
      "hw": "harmonic motion"
    },
    "fl": "noun",
    "def": [
      {
        "sseq": [
          [
            [
              "sense",
              {
                "dt": [
                  [
                    "text",
                    "{bc}a periodic motion (as of a sounding violin string or swinging pendulum) that has a single frequency or amplitude or is composed of two or more such simple periodic motions"
                  ]
                ]
              }
            ]
          ]
        ]
      }
    ],
    "date": "1867",
    "shortdef": [
      "a periodic motion (as of a sounding violin string or swinging pendulum) that has a single frequency or amplitude or is composed of two or more such simple periodic motions"
    ]
  },
  {
    "meta": {
      "id": "slow-motion",
      "uuid": "f54eac64-e3ea-4801-8ce3-cdc4068c1392",
      "sort": "194495200",
      "src": "collegiate",
      "section": "alpha",
      "stems": [
        "slow-motion"
      ],
      "offensive": false
    },
    "hwi": {
      "hw": "slow-motion",
      "prs": [
        {
          "mw": "\u02c8sl\u014d-\u02c8m\u014d-sh\u0259n",
          "sound": {
            "audio": "slowmo01",
            "ref": "c",
            "stat": "1"
          }
        }
      ]
    },
    "fl": "adjective",
    "def": [
      {
        "sseq": [
          [
            [
              "sense",
              {
                "dt": [
                  [
                    "text",
                    "{bc}of, relating to, or being motion-picture or video photography in which the action that has been photographed is made to appear to occur slower than it actually occurred "
                  ],
                  [
                    "vis",
                    [
                      {
                        "t": "a {wi}slow-motion{/wi} replay"
                      }
                    ]
                  ]
                ],
                "sdsense": {
                  "sd": "also",
                  "dt": [
                    [
                      "text",
                      "{bc}slowly moving "
                    ],
                    [
                      "vis",
                      [
                        {
                          "t": "a {wi}slow-motion{/wi} dance"
                        }
                      ]
                    ]
                  ]
                }
              }
            ]
          ]
        ]
      }
    ],
    "date": "1915",
    "shortdef": [
      "of, relating to, or being motion-picture or video photography in which the action that has been photographed is made to appear to occur slower than it actually occurred; also : slowly moving"
    ]
  },
  {
    "meta": {
      "id": "slow motion",
      "uuid": "22441f19-b02b-4cc4-9a40-71f1bb550a9f",
      "sort": "194495300",
      "src": "collegiate",
      "section": "alpha",
      "stems": [
        "slow motion",
        "slow motions"
      ],
      "offensive": false
    },
    "hwi": {
      "hw": "slow motion"
    },
    "fl": "noun",
    "def": [
      {
        "sseq": [
          [
            [
              "sense",
              {
                "dt": [
                  [
                    "text",
                    "{bc}slow-motion photography"
                  ]
                ]
              }
            ]
          ]
        ]
      }
    ],
    "date": "1924",
    "shortdef": [
      "slow-motion photography"
    ]
  }
]