[
  {
    "meta": {
      "id": "neon:1",
      "uuid": "2ea9cd4b-b2a3-44f5-8e1d-83fb489074fe",
      "sort": "140512000",
      "src": "collegiate",
      "section": "alpha",
      "stems": [
        "neon",
        "neoned",
        "neons"
      ],
      "offensive": false
    },
    "hom": 1,
    "hwi": {
      "hw": "ne*on",
      "prs": [
        {
          "mw": "\u02c8n\u0113-\u02cc\u00e4n",
          "sound": {
            "audio": "neon0001",
            "ref": "c",
            "stat": "1"
          }
        }
      ]
    },
    "fl": "noun",
    "def": [
      {
        "sseq": [
          [
            [
              "sense",
              {
                "sn": "1",
                "dt": [
                  [
                    "text",
                    "{bc}a nonmetallic chemical element that is found in minute amounts in air and is used especially in electric lamps, in lasers, and as a cryogenic refrigerant {dx}see {dxt|Chemical Elements Table|element|table}{/dx}"
                  ]
                ]
              }
            ]
          ],
          [
            [
              "sense",
              {
                "sn": "2 a",
                "dt": [
                  [
                    "text",
                    "{bc}a discharge lamp in which the gas contains a large proportion of neon"
                  ]
                ]
              }
            ],
            [
              "sense",
              {
                "sn": "b",
                "dt": [
                  [
                    "text",
                    "{bc}a sign composed of such lamps"
                  ]
                ]
              }
            ],
            [
              "sense",
              {
                "sn": "c",
                "dt": [
                  [
                    "text",
                    "{bc}the illumination provided by such lamps or signs"
                  ]
                ]
              }
            ]
          ]
        ]
      }
    ],
    "uros": [
      {
        "ure": "ne*oned",
        "prs": [
          {
            "mw": "\u02c8n\u0113-\u02cc\u00e4nd",
            "sound": {
              "audio": "neon0002",
              "ref": "c",
              "stat": "1"
            }
          }
        ],
        "fl": "adjective"
      }
    ],
    "et": [
      [
        "text",
        "borrowed from Greek {it}n\u00e9on,{/it} neuter of {it}n\u00e9os{/it} \"young, fresh, new\" {ma}{mat|new:1|}{/ma}"
      ],
      [
        "et_snote",
        [
          [
            "t",
            "Name given to the gas by its discoverers, the British chemists William Ramsay (1852-1916) and Morris William Travers (1872-1961) in \"On the Companion of Argon,\" {it}Proceedings of the Royal Society of London,{/it} vol. 63 (1898), p. 438. According to a later account by Travers, the Latin name {it}novum,{/it} \"new,\" for the gas was suggested by William Ramsay's 13-year old son, and rendered in Greek by Ramsay to match the names of other recently discovered gases (see Morris W. Travers, {it}The Discovery of the Rare Gases,{/it} London, 1928, p. 96)."
          ]
        ]
      ]
    ],
    "date": "1898{ds||1||}",
    "shortdef": [
      "a nonmetallic chemical element that is found in minute amounts in air and is used especially in electric lamps, in lasers, and as a cryogenic refrigerant",
      "a discharge lamp in which the gas contains a large proportion of neon",
      "a sign composed of such lamps"
    ]
  },
  {
    "meta": {
      "id": "neon:2",
      "uuid": "2bf2f918-b3e1-4b07-86fc-8f7d388b6ee1",
      "sort": "140513000",
      "src": "collegiate",
      "section": "alpha",
      "stems": [
        "neon"
      ],
      "offensive": false
    },
    "hom": 2,
    "hwi": {
      "hw": "neon"
    },
    "fl": "adjective",
    "def": [
      {
        "sseq": [
          [
            [
              "sense",
              {
                "sn": "1",
                "dt": [
                  [
                    "text",
                    "{bc}of, relating to, or using neon"
                  ]
                ]
              }
            ]
          ],
          [
            [
              "sense",
              {
                "sn": "2",
                "dt": [
                  [
                    "text",
                    "{bc}extremely bright {bc}{sx|fluorescent||} "
                  ],
                  [
                    "vis",
                    [
                      {
                        "t": "{wi}neon{/wi} yellow"
                      }
                    ]
                  ]
                ]
              }
            ]
          ]
        ]
      }
    ],
    "date": "1904{ds||1||}",
    "shortdef": [
      "of, relating to, or using neon",
      "extremely bright : fluorescent"
    ]
  }
]