[
  {
    "meta": {
      "id": "nerve:1",
      "uuid": "cd5f3570-0799-4673-b344-b9574e16b118",
      "sort": "140571000",
      "src": "collegiate",
      "section": "alpha",
      "stems": [
        "nerve",
        "nerves"
      ],
      "offensive": false
    },
    "hom": 1,
    "hwi": {
      "hw": "nerve",
      "prs": [
        {
          "mw": "\u02c8n\u0259rv",
          "sound": {
            "audio": "nerve001",
            "ref": "c",
            "stat": "1"
          }
        }
      ]
    },
    "fl": "noun",
    "def": [
      {
        "sseq": [
          [
            [
              "sense",
              {
                "sn": "1",
                "dt": [
                  [
                    "text",
                    "{bc}{sx|sinew||}, {sx|tendon||} "
                  ],
                  [
                    "vis",
                    [
                      {
                        "t": "strain every {wi}nerve{/wi}"
                      }
                    ]
                  ]
                ]
              }
            ]
          ],
          [
            [
              "sense",
              {
                "sn": "2",
                "dt": [
                  [
                    "text",
                    "{bc}any of the filamentous bands of {a_link|nervous} tissue that connect parts of the nervous system with the other organs, conduct nerve impulses, and are made up of axons and dendrites together with protective and supportive structures"
                  ]
                ]
              }
            ]
          ],
          [
            [
              "sense",
              {
                "sn": "3 a",
                "dt": [
                  [
                    "text",
                    "{bc}power of endurance or control {bc}{sx|fortitude||}, {sx|strength||}"
                  ]
                ]
              }
            ],
            [
              "sense",
              {
                "sn": "b",
                "dt": [
                  [
                    "text",
                    "{bc}{sx|assurance||}, {sx|boldness||}"
                  ]
                ],
                "sdsense": {
                  "sd": "also",
                  "dt": [
                    [
                      "text",
                      "{bc}presumptuous audacity {bc}{sx|gall||}"
                    ]
                  ]
                }
              }
            ]
          ],
          [
            [
              "sense",
              {
                "sn": "4 a",
                "dt": [
                  [
                    "text",
                    "{bc}a sore or sensitive point "
                  ],
                  [
                    "vis",
                    [
                      {
                        "t": "her remark touched a {wi}nerve{/wi}"
                      }
                    ]
                  ]
                ]
              }
            ],
            [
              "sense",
              {
                "sn": "b",
                "ins": [
                  {
                    "if": "nerves",
                    "spl": "plural"
                  }
                ],
                "dt": [
                  [
                    "text",
                    "{bc}nervous agitation or irritability {bc}{sx|nervousness||} "
                  ],
                  [
                    "vis",
                    [
                      {
                        "t": "a case of {wi}nerves{/wi}"
                      }
                    ]
                  ]
                ]
              }
            ]
          ],
          [
            [
              "sense",
              {
                "sn": "5",
                "dt": [
                  [
                    "text",
                    "{bc}{sx|vein||2}"
                  ]
                ]
              }
            ]
          ],
          [
            [
              "sense",
              {
                "sn": "6",
                "dt": [
                  [
                    "text",
                    "{bc}the sensitive pulp of a tooth"
                  ]
                ]
              }
            ]
          ]
        ]
      }
    ],
    "syns": [
      {
        "pl": "synonyms",
        "pt": [
          [
            "text",
            "{sc}temerity{/sc} {sc}audacity{/sc} {sc}hardihood{/sc} {sc}effrontery{/sc} {sc}nerve{/sc} {sc}cheek{/sc} {sc}gall{/sc} {sc}chutzpah{/sc} mean conspicuous or flagrant boldness. {sc}temerity{/sc} suggests boldness arising from rashness and contempt of danger. "
          ],
          [
            "vis",
            [
              {
                "t": "had the {it}temerity{/it} to refuse"
              }
            ]
          ],
          [
            "text",
            " {sc}audacity{/sc} implies a disregard of restraints commonly imposed by convention or prudence. "
          ],
          [
            "vis",
            [
              {
                "t": "an entrepreneur with {it}audacity{/it} and vision"
              }
            ]
          ],
          [
            "text",
            " {sc}hardihood{/sc} suggests firmness in daring and defiance. "
          ],
          [
            "vis",
            [
              {
                "t": "admired for her {it}hardihood{/it}"
              }
            ]
          ],
          [
            "text",
            " {sc}effrontery{/sc} implies shameless, insolent disregard of propriety or courtesy. "
          ],
          [
            "vis",
            [
              {
                "t": "outraged at his {it}effrontery{/it}"
              }
            ]
          ],
          [
            "text",
            " {sc}nerve{/sc} {sc}cheek{/sc} {sc}gall{/sc}, and {sc}chutzpah{/sc} are informal equivalents for {sc}effrontery{/sc}. "
          ],
          [
            "vis",
            [
              {
                "t": "the {it}nerve{/it} of that guy"
              },
              {
                "t": "has the {it}cheek{/it} to call herself a singer"
              },
              {
                "t": "had the {it}gall{/it} to demand proof"
              },
              {
                "t": "the {it}chutzpah{/it} needed for a career in show business"
              }
            ]
          ]
        ]
      }
    ],
    "et": [
      [
        "text",
        "Latin {it}nervus{/it} sinew, nerve; akin to Greek {it}neuron{/it} sinew, nerve, {it}n\u0113n{/it} to spin {ma}{mat|needle|}{/ma}"
      ]
    ],
    "date": "14th century{ds||1||}",
    "shortdef": [
      "sinew, tendon",
      "any of the filamentous bands of nervous tissue that connect parts of the nervous system with the other organs, conduct nerve impulses, and are made up of axons and dendrites together with protective and supportive structures",
      "power of endurance or control : fortitude, strength"
    ]
  },
  {
    "meta": {
      "id": "nerve:2",
      "uuid": "25c79e4f-3390-43e5-a8ff-732547b7f413",
      "sort": "140572000",
      "src": "collegiate",
      "section": "alpha",
      "stems": [
        "nerve",
        "nerved",
        "nerves",
        "nerving"
      ],
      "offensive": false
    },
    "hom": 2,
    "hwi": {
      "hw": "nerve"
    },
    "fl": "verb",
    "ins": [
      {
        "if": "nerved"
      },
      {
        "if": "nerv*ing"
      }
    ],
    "def": [
      {
        "vd": "transitive verb",
        "sseq": [
          [
            [
              "sense",
              {
                "dt": [
                  [
                    "text",
                    "{bc}to give strength or courage to {bc}supply with physical or moral force"
                  ]
                ]
              }
            ]
          ]
        ]
      }
    ],
    "date": "1750",
    "shortdef": [
      "to give strength or courage to : supply with physical or moral force"
    ]
  },
  {
    "meta": {
      "id": "nerves of steel",
      "uuid": "cc9613dc-5183-4d69-95eb-9c11537858f1",
      "sort": "3012609000",
      "src": "ld",
      "section": "idioms",
      "stems": [
        "nerves of steel"
      ],
      "offensive": false
    },
    "hwi": {
      "hw": "nerves of steel"
    },
    "fl": "noun phrase",
    "def": [
      {
        "sseq": [
          [
            [
              "sense",
              {
                "dt": [
                  [
                    "text",
                    "{bc}an impressive ability to remain calm in dangerous or difficult situations "
                  ],
                  [
                    "vis",
                    [
                      {
                        "t": "It takes {it}nerves of steel{/it} to work in such a high-pressure job."
                      }
                    ]
                  ]
                ]
              }
            ]
          ]
        ]
      }
    ],
    "shortdef": [
      "an impressive ability to remain calm in dangerous or difficult situations"
    ]
  },
  {
    "meta": {
      "id": "war of nerves",
      "uuid": "9aa25acb-a0d0-4f17-be46-c76d1d8cc0a8",
      "sort": "230031100",
      "src": "collegiate",
      "section": "alpha",
      "stems": [
        "war of nerves"
      ],
      "offensive": false
    },
    "hwi": {
      "hw": "war of nerves"
    },
    "fl": "noun phrase",
    "def": [
      {
        "sseq": [
          [
            [
              "sense",
              {
                "dt": [
                  [
                    "text",
                    "{bc}a conflict characterized by psychological tactics (such as bluff, threats, and intimidation) designed primarily to create confusion, indecision, or breakdown of morale"
                  ]
                ]
              }
            ]
          ]
        ]
      }
    ],
    "date": "1939",
    "shortdef": [
      "a conflict characterized by psychological tactics (such as bluff, threats, and intimidation) designed primarily to create confusion, indecision, or breakdown of morale"
    ]
  },
  {
    "meta": {
      "id": "a bag/bundle of nerves",
      "uuid": "5f1bca01-ef2b-4a8b-814c-29ffafbde30d",
      "sort": "3000007000",
      "src": "ld",
      "section": "idioms",
      "stems": [
        "a bag of nerves",
        "a bag/bundle of nerves",
        "a bundle of nerves"
      ],
      "offensive": false
    },
    "hwi": {
      "hw": "a bag/bundle of nerves"
    },
    "fl": "noun phrase",
    "def": [
      {
        "sls": [
          "informal"
        ],
        "sseq": [
          [
            [
              "sense",
              {
                "dt": [
                  [
                    "text",
                    "{bc}an extremely nervous person "
                  ],
                  [
                    "vis",
                    [
                      {
                        "t": "He was {it}a bundle of nerves{/it} before his speech."
                      }
                    ]
                  ]
                ]
              }
            ]
          ]
        ]
      }
    ],
    "shortdef": [
      "an extremely nervous person"
    ]
  },
  {
    "meta": {
      "id": "bundle of nerves",
      "uuid": "84c19443-26c2-4a5a-8919-bd67ccc20176",
      "sort": "3002508000",
      "src": "ld",
      "section": "idioms",
      "stems": [
        "bundle of nerves"
      ],
      "offensive": false
    },
    "hwi": {
      "hw": "bundle of nerves"
    },
    "fl": "noun phrase",
    "def": [
      {
        "sseq": [
          [
            [
              "sense",
              {
                "dt": [
                  [
                    "text",
                    "{bc}a very nervous person "
                  ],
                  [
                    "vis",
                    [
                      {
                        "t": "I was a {it}bundle of nerves{/it}."
                      }
                    ]
                  ]
                ]
              }
            ]
          ]
        ]
      }
    ],
    "shortdef": [
      "a very nervous person"
    ]
  },
  {
    "meta": {
      "id": "get on someone's nerves",
      "uuid": "7edaaa7d-9772-4b42-a90f-115402e8544e",
      "sort": "3007026000",
      "src": "ld",
      "section": "idioms",
      "stems": [
        "get on one's nerves",
        "get on someone's nerves",
        "gets on one's nerves",
        "getting on one's nerves",
        "got on one's nerves"
      ],
      "offensive": false
    },
    "hwi": {
      "hw": "get on someone's nerves"
    },
    "fl": "idiom",
    "def": [
      {
        "sseq": [
          [
            [
              "sense",
              {
                "dt": [
                  [
                    "text",
                    "{bc}to become extremely annoying to someone "
                  ],
                  [
                    "vis",
                    [
                      {
                        "t": "That car alarm is {it}getting on my nerves{/it}."
                      }
                    ]
                  ]
                ]
              }
            ]
          ]
        ]
      }
    ],
    "shortdef": [
      "to become extremely annoying to someone"
    ]
  },
  {
    "meta": {
      "id": "jangled nerves",
      "uuid": "b4284f1e-c643-4d1b-bf15-374322f5d1ea",
      "sort": "3010204000",
      "src": "ld",
      "section": "idioms",
      "stems": [
        "jangled nerves"
      ],
      "offensive": false
    },
    "hwi": {
      "hw": "jangled nerves"
    },
    "fl": "noun",
    "def": [
      {
        "sseq": [
          [
            [
              "sense",
              {
                "dt": [
                  [
                    "text",
                    "{bc}a nervous and upset state "
                  ],
                  [
                    "vis",
                    [
                      {
                        "t": "He took a deep breath to try to calm his {it}jangled nerves{/it}."
                      }
                    ]
                  ]
                ]
              }
            ]
          ]
        ]
      }
    ],
    "shortdef": [
      "a nervous and upset state"
    ]
  },
  {
    "meta": {
      "id": "jangle someone's nerves",
      "uuid": "aaa114e4-ba6e-4347-aa53-53c9a40b4548",
      "sort": "3010205000",
      "src": "ld",
      "section": "idioms",
      "stems": [
        "jangle someone's nerves"
      ],
      "offensive": false
    },
    "hwi": {
      "hw": "jangle someone's nerves"
    },
    "fl": "idiom",
    "def": [
      {
        "sseq": [
          [
            [
              "sense",
              {
                "dt": [
                  [
                    "text",
                    "{bc}to make someone feel very nervous and tense "
                  ],
                  [
                    "vis",
                    [
                      {
                        "t": "The pressure of performing {it}jangled her nerves{/it}."
                      }
                    ]
                  ]
                ]
              }
            ]
          ]
        ]
      }
    ],
    "shortdef": [
      "to make someone feel very nervous and tense"
    ]
  },
  {
    "meta": {
      "id": "steady one's/someone's nerves",
      "uuid": "37c4823c-28c2-4567-9f87-cc20a74e3eb9",
      "sort": "3018591000",
      "src": "ld",
      "section": "idioms",
      "stems": [
        "steady her nerves",
        "steady his nerves",
        "steady one's nerves",
        "steady one's/someone's nerves",
        "steady someone's nerves",
        "steady their nerves"
      ],
      "offensive": false
    },
    "hwi": {
      "hw": "steady one's/someone's nerves"
    },
    "fl": "idiom",
    "def": [
      {
        "sseq": [
          [
            [
              "sense",
              {
                "dt": [
                  [
                    "text",
                    "{bc}to make one/someone calm or calmer "
                  ],
                  [
                    "vis",
                    [
                      {
                        "t": "She took a drink to try to {it}steady her nerves{/it}."
                      },
                      {
                        "t": "This drink will {it}steady your nerves{/it}."
                      }
                    ]
                  ]
                ]
              }
            ]
          ]
        ]
      }
    ],
    "shortdef": [
      "to make one/someone calm or calmer"
    ]
  }
]