[
  {
    "meta": {
      "id": "node",
      "uuid": "1670d411-12c1-4f7c-a61b-9b7ec99e3686",
      "sort": "141156000",
      "src": "collegiate",
      "section": "alpha",
      "stems": [
        "node",
        "nodes"
      ],
      "offensive": false
    },
    "hwi": {
      "hw": "node",
      "prs": [
        {
          "mw": "\u02c8n\u014dd",
          "sound": {
            "audio": "node0001",
            "ref": "c",
            "stat": "1"
          }
        }
      ]
    },
    "fl": "noun",
    "def": [
      {
        "sseq": [
          [
            [
              "sense",
              {
                "sn": "1 a",
                "dt": [
                  [
                    "text",
                    "{bc}a pathological swelling or enlargement (as of a rheumatic joint)"
                  ]
                ]
              }
            ],
            [
              "sense",
              {
                "sn": "b",
                "dt": [
                  [
                    "text",
                    "{bc}a discrete mass of one kind of tissue enclosed in tissue of a different kind"
                  ]
                ]
              }
            ]
          ],
          [
            [
              "sense",
              {
                "sn": "2",
                "dt": [
                  [
                    "text",
                    "{bc}an entangling complication (as in a drama) {bc}{sx|predicament||}"
                  ]
                ]
              }
            ]
          ],
          [
            [
              "sense",
              {
                "sn": "3",
                "dt": [
                  [
                    "text",
                    "{bc}either of the two points where the orbit of a planet or comet intersects the ecliptic"
                  ]
                ],
                "sdsense": {
                  "sd": "also",
                  "dt": [
                    [
                      "text",
                      "{bc}either of the points at which the orbit of an earth satellite crosses the plane of the equator"
                    ]
                  ]
                }
              }
            ]
          ],
          [
            [
              "sense",
              {
                "sn": "4 a",
                "dt": [
                  [
                    "text",
                    "{bc}a point, line, or surface of a vibrating body or system that is free or relatively free from vibratory motion"
                  ]
                ]
              }
            ],
            [
              "sense",
              {
                "sn": "b",
                "dt": [
                  [
                    "text",
                    "{bc}a point at which a wave has an amplitude of zero"
                  ]
                ]
              }
            ]
          ],
          [
            [
              "sense",
              {
                "sn": "5 a",
                "dt": [
                  [
                    "text",
                    "{bc}a point at which subsidiary parts originate or center"
                  ]
                ]
              }
            ],
            [
              "sense",
              {
                "sn": "b",
                "dt": [
                  [
                    "text",
                    "{bc}a point on a stem at which a leaf or leaves are inserted"
                  ]
                ]
              }
            ],
            [
              "sense",
              {
                "sn": "c",
                "dt": [
                  [
                    "text",
                    "{bc}a point at which a curve intersects itself in such a manner that the branches have different tangents"
                  ]
                ]
              }
            ],
            [
              "sense",
              {
                "sn": "d",
                "dt": [
                  [
                    "text",
                    "{bc}{sx|vertex||2b}"
                  ]
                ]
              }
            ]
          ]
        ]
      }
    ],
    "et": [
      [
        "text",
        "Middle English, from Latin {it}nodus{/it} knot, node; akin to Middle Irish {it}naidm{/it} bond"
      ]
    ],
    "date": "15th century{ds||1|a|}",
    "shortdef": [
      "a pathological swelling or enlargement (as of a rheumatic joint)",
      "a discrete mass of one kind of tissue enclosed in tissue of a different kind",
      "an entangling complication (as in a drama) : predicament"
    ]
  },
  {
    "meta": {
      "id": "node of Ranvier",
      "uuid": "297647ae-a7d7-42c6-890d-f0c552aef5b1",
      "sort": "141157000",
      "src": "collegiate",
      "section": "alpha",
      "stems": [
        "node of Ranvier",
        "nodes of Ranvier"
      ],
      "offensive": false
    },
    "hwi": {
      "hw": "node of Ran*vier",
      "prs": [
        {
          "mw": "-\u02c8r\u00e4\u207f-v\u0113-\u02cc\u0101",
          "sound": {
            "audio": "nodeof01",
            "ref": "c",
            "stat": "1"
          }
        }
      ]
    },
    "fl": "noun phrase",
    "def": [
      {
        "sseq": [
          [
            [
              "sense",
              {
                "dt": [
                  [
                    "text",
                    "{bc}a small gap in the myelin sheath of a myelinated nerve fiber"
                  ]
                ]
              }
            ]
          ]
        ]
      }
    ],
    "et": [
      [
        "text",
        "Louis A. {it}Ranvier{/it} \u20201922 French histologist"
      ]
    ],
    "date": "1876",
    "shortdef": [
      "a small gap in the myelin sheath of a myelinated nerve fiber"
    ]
  },
  {
    "meta": {
      "id": "angiofollicular lymph node hyperplasia",
      "uuid": "5117bfcf-8b6a-4ab8-a660-9dd69f45a3ba",
      "sort": "012750500",
      "src": "collegiate",
      "section": "alpha",
      "stems": [
        "angiofollicular lymph node hyperplasia"
      ],
      "offensive": false
    },
    "hwi": {
      "hw": "an*gio*fol*lic*u*lar lymph node hyperplasia",
      "prs": [
        {
          "mw": "\u02ccan-j\u0113-\u014d-f\u0259-\u02c8li-ky\u0259-l\u0259r-",
          "sound": {
            "audio": "angiofollicular_1",
            "ref": "m",
            "stat": "1"
          }
        },
        {
          "mw": "-f\u00e4-"
        }
      ]
    },
    "fl": "noun",
    "def": [
      {
        "sseq": [
          [
            [
              "sense",
              {
                "dt": [
                  [
                    "text",
                    "{bc}{sx|castleman disease||} "
                  ]
                ]
              }
            ]
          ]
        ]
      }
    ],
    "et": [
      [
        "text",
        "{et_link|angio-|angio-} + {et_link|follicular|follicle}"
      ]
    ],
    "date": "1964",
    "shortdef": [
      "castleman disease"
    ]
  },
  {
    "meta": {
      "id": "atrioventricular node",
      "uuid": "3037c617-1a7a-4c29-bb09-84b7cc8a8a29",
      "sort": "014577000",
      "src": "collegiate",
      "section": "alpha",
      "stems": [
        "atrioventricular node",
        "atrioventricular nodes"
      ],
      "offensive": false
    },
    "hwi": {
      "hw": "atrioventricular node"
    },
    "fl": "noun",
    "def": [
      {
        "sseq": [
          [
            [
              "sense",
              {
                "dt": [
                  [
                    "text",
                    "{bc}a small mass of tissue in the right atrioventricular region of higher vertebrates through which impulses from the sinus node are passed to the ventricles"
                  ]
                ]
              }
            ]
          ]
        ]
      }
    ],
    "date": "1908",
    "shortdef": [
      "a small mass of tissue in the right atrioventricular region of higher vertebrates through which impulses from the sinus node are passed to the ventricles"
    ]
  },
  {
    "meta": {
      "id": "A-V node",
      "uuid": "49d4c776-de51-458f-a776-6156c6be828e",
      "sort": "014992000",
      "src": "collegiate",
      "section": "alpha",
      "stems": [
        "A-V node",
        "A-V nodes"
      ],
      "offensive": false
    },
    "hwi": {
      "hw": "A-V node",
      "prs": [
        {
          "mw": "\u02cc\u0101-\u02c8v\u0113-",
          "sound": {
            "audio": "a_v_no01",
            "ref": "c",
            "stat": "1"
          }
        },
        {
          "mw": "\u02c8\u0101-\u02ccv\u0113"
        }
      ]
    },
    "fl": "noun",
    "def": [
      {
        "sseq": [
          [
            [
              "sense",
              {
                "dt": [
                  [
                    "text",
                    "{bc}{sx|atrioventricular node||}"
                  ]
                ]
              }
            ]
          ]
        ]
      }
    ],
    "date": "1907",
    "shortdef": [
      "atrioventricular node"
    ]
  },
  {
    "meta": {
      "id": "giant lymph node hyperplasia",
      "uuid": "bc0b3ed1-a261-43d4-9d63-b4d9193042d1",
      "sort": "071070500",
      "src": "collegiate",
      "section": "alpha",
      "stems": [
        "giant lymph node hyperplasia",
        "giant lymph node hyperplasias"
      ],
      "offensive": false
    },
    "hwi": {
      "hw": "giant lymph node hyperplasia"
    },
    "fl": "noun",
    "def": [
      {
        "sseq": [
          [
            [
              "sense",
              {
                "dt": [
                  [
                    "text",
                    "{bc}{sx|castleman disease|Castleman disease|}"
                  ]
                ]
              }
            ]
          ]
        ]
      }
    ],
    "date": "1959",
    "shortdef": [
      "castleman disease"
    ]
  },
  {
    "meta": {
      "id": "lymph node",
      "uuid": "cf14df9d-259b-4c8d-ac04-8b97566d4afe",
      "sort": "120301500",
      "src": "collegiate",
      "section": "alpha",
      "stems": [
        "lymph gland",
        "lymph node",
        "lymph nodes"
      ],
      "offensive": false
    },
    "hwi": {
      "hw": "lymph node"
    },
    "fl": "noun",
    "def": [
      {
        "sseq": [
          [
            [
              "sense",
              {
                "dt": [
                  [
                    "text",
                    "{bc}any of the rounded masses of lymphoid tissue that are surrounded by a capsule of connective tissue, are distributed along the lymphatic vessels, and contain numerous lymphocytes which filter the flow of lymph passing through the node"
                  ]
                ]
              }
            ]
          ]
        ]
      }
    ],
    "date": "1892",
    "shortdef": [
      "any of the rounded masses of lymphoid tissue that are surrounded by a capsule of connective tissue, are distributed along the lymphatic vessels, and contain numerous lymphocytes which filter the flow of lymph passing through the node"
    ]
  },
  {
    "meta": {
      "id": "mucocutaneous lymph node syndrome",
      "uuid": "1b222257-8750-490e-a8bb-b379136a51de",
      "sort": "134435500",
      "src": "collegiate",
      "section": "alpha",
      "stems": [
        "mucocutaneous lymph node disease",
        "mucocutaneous lymph node diseases",
        "mucocutaneous lymph node syndrome",
        "mucocutaneous lymph node syndromes"
      ],
      "offensive": false
    },
    "hwi": {
      "hw": "mucocutaneous lymph node syndrome"
    },
    "vrs": [
      {
        "vl": "or less commonly",
        "va": "mucocutaneous lymph node disease"
      }
    ],
    "fl": "noun",
    "def": [
      {
        "sseq": [
          [
            [
              "sense",
              {
                "dt": [
                  [
                    "text",
                    "{bc}{sx|kawasaki disease||} "
                  ],
                  [
                    "vis",
                    [
                      {
                        "t": "Kawasaki disease (KD), also known as {wi}mucocutaneous lymph node syndrome{/wi}, is an acute systemic vasculitis seen in the pediatric population.",
                        "aq": {
                          "source": "{it}Pediatric Emergency Medicine Reports{/it}"
                        }
                      }
                    ]
                  ]
                ]
              }
            ]
          ]
        ]
      }
    ],
    "date": "1973",
    "shortdef": [
      "kawasaki disease"
    ]
  },
  {
    "meta": {
      "id": "sinoatrial node",
      "uuid": "8f1512cd-3783-4434-8b13-9ab291466771",
      "sort": "194428600",
      "src": "collegiate",
      "section": "alpha",
      "stems": [
        "sinoatrial node",
        "sinoatrial nodes"
      ],
      "offensive": false
    },
    "hwi": {
      "hw": "sinoatrial node"
    },
    "fl": "noun",
    "def": [
      {
        "sseq": [
          [
            [
              "sense",
              {
                "dt": [
                  [
                    "text",
                    "{bc}{sx|sinus node||}"
                  ]
                ]
              }
            ]
          ]
        ]
      }
    ],
    "date": "1913",
    "shortdef": [
      "sinus node"
    ]
  },
  {
    "meta": {
      "id": "sinus node",
      "uuid": "885e55b4-930e-4172-b4c9-748dc0c6ba50",
      "sort": "194430000",
      "src": "collegiate",
      "section": "alpha",
      "stems": [
        "sinus node",
        "sinus nodes"
      ],
      "offensive": false
    },
    "hwi": {
      "hw": "sinus node"
    },
    "fl": "noun",
    "def": [
      {
        "sseq": [
          [
            [
              "sense",
              {
                "dt": [
                  [
                    "text",
                    "{bc}a small mass of tissue that is embedded in the musculature of the right atrium of higher vertebrates and that originates the impulses stimulating the heartbeat"
                  ]
                ]
              }
            ]
          ]
        ]
      }
    ],
    "date": "1937",
    "shortdef": [
      "a small mass of tissue that is embedded in the musculature of the right atrium of higher vertebrates and that originates the impulses stimulating the heartbeat"
    ]
  }
]