[
  {
    "meta": {
      "id": "noise:1",
      "uuid": "d25e7248-03c3-4ef8-b92a-0bdc88b73cfb",
      "sort": "141186000",
      "src": "collegiate",
      "section": "alpha",
      "stems": [
        "made a lot of noise",
        "made all the right noise",
        "made all the right noises",
        "made noise",
        "made noises",
        "made reassuring noises",
        "made soothing noises",
        "make a lot of noise",
        "make all the right noise",
        "make all the right noises",
        "make noise",
        "make noises",
        "make reassuring noises",
        "make soothing noises",
        "makes a lot of noise",
        "makes all the right noise",
        "makes all the right noises",
        "makes noise",
        "makes noises",
        "makes reassuring noises",
        "makes soothing noises",
        "making a lot of noise",
        "making all the right noise",
        "making all the right noises",
        "making noise",
        "making noises",
        "making reassuring noises",
        "making soothing noises",
        "noise",
        "noiseless",
        "noiselessly",
        "noises"
      ],
      "offensive": false
    },
    "hom": 1,
    "hwi": {
      "hw": "noise",
      "prs": [
        {
          "mw": "\u02c8n\u022fiz",
          "sound": {
            "audio": "noise001",
            "ref": "c",
            "stat": "1"
          }
        }
      ]
    },
    "fl": "noun",
    "ins": [
      {
        "il": "plural",
        "if": "nois*es"
      }
    ],
    "def": [
      {
        "sseq": [
          [
            [
              "sense",
              {
                "sn": "1 a",
                "dt": [
                  [
                    "text",
                    "{bc}{sx|sound:1||} "
                  ],
                  [
                    "vis",
                    [
                      {
                        "t": "We heard unusual {wi}noises{/wi} in the attic."
                      }
                    ]
                  ]
                ],
                "sdsense": {
                  "sd": "especially",
                  "dt": [
                    [
                      "text",
                      "{bc}one that lacks an agreeable quality or is noticeably unpleasant or loud "
                    ],
                    [
                      "vis",
                      [
                        {
                          "t": "traffic {wi}noise{/wi}"
                        },
                        {
                          "t": "\u2026 the City of Los Angeles proper has outlawed the use of blowers, citing the {wi}noise{/wi} and dust they kick up as environmental hazards.",
                          "aq": {
                            "auth": "Marc Cooper"
                          }
                        },
                        {
                          "t": "\u2026 this research doesn't specifically address {wi}noise{/wi}-induced hearing loss, which is either caused by a single exposure to extremely loud sounds such as an explosion or by repeated exposure to loud or very loud sounds, such as blaring music.",
                          "aq": {
                            "source": "{it}Washington Post{/it}"
                          }
                        }
                      ]
                    ],
                    [
                      "text",
                      " {dx}see also {dxt|noise pollution||}{/dx}"
                    ]
                  ]
                }
              }
            ],
            [
              "sense",
              {
                "sn": "b",
                "dt": [
                  [
                    "text",
                    "{bc}any sound that is undesired or interferes with one's hearing of something "
                  ],
                  [
                    "vis",
                    [
                      {
                        "t": "I couldn't hear him over all the {wi}noise{/wi}."
                      }
                    ]
                  ]
                ]
              }
            ],
            [
              "sense",
              {
                "sn": "c",
                "dt": [
                  [
                    "text",
                    "{bc}loud, confused, or senseless shouting or outcry "
                  ],
                  [
                    "vis",
                    [
                      {
                        "t": "the {wi}noise{/wi} of the demonstrators"
                      }
                    ]
                  ]
                ]
              }
            ],
            [
              "sense",
              {
                "sn": "d",
                "dt": [
                  [
                    "text",
                    "{bc}the characteristic natural or routine sound or sounds of something (such as an animal or an environment) "
                  ],
                  [
                    "vis",
                    [
                      {
                        "t": "the {wi}noise{/wi} of the herons"
                      },
                      {
                        "t": "the {wi}noise{/wi} of the bubbling brook"
                      },
                      {
                        "t": "She missed the {wi}noise{/wi} of her hometown."
                      }
                    ]
                  ]
                ]
              }
            ]
          ],
          [
            [
              "sense",
              {
                "sn": "2 a",
                "dt": [
                  [
                    "text",
                    "{bc}an unwanted signal or a disturbance (such as static or a variation of voltage) in an electronic device or instrument (such as a radio or television)"
                  ]
                ],
                "sdsense": {
                  "sd": "broadly",
                  "dt": [
                    [
                      "text",
                      "{bc}a disturbance interfering with the operation of a usually mechanical device or system"
                    ]
                  ]
                }
              }
            ],
            [
              "sense",
              {
                "sn": "b",
                "dt": [
                  [
                    "text",
                    "{bc}{d_link|electromagnetic|electromagnetic} radiation (such as light or radio waves) that is composed of several frequencies {dx_def}see {dxt|frequency||3b}{/dx_def} and that involves random changes in frequency or amplitude {dx_def}see {dxt|amplitude||1b}{/dx_def}"
                  ]
                ]
              }
            ],
            [
              "sense",
              {
                "sn": "c",
                "dt": [
                  [
                    "text",
                    "{bc}irrelevant or meaningless data or output occurring along with desired information "
                  ],
                  [
                    "vis",
                    [
                      {
                        "t": "The initial data includes a lot of {wi}noise{/wi} that needs to be weeded out."
                      },
                      {
                        "t": "Too many variables (what statisticians call {ldquo}{wi}noise{/wi}{rdquo})\u2014occupation, personal habits, diet, the presence of environmental insults other than the chemical in question, and so forth\u2014exist in any given geographic area to allow clear linkages of diseases to specific contaminants.",
                        "aq": {
                          "auth": "Peter Rogers"
                        }
                      }
                    ]
                  ]
                ]
              }
            ]
          ],
          [
            [
              "sense",
              {
                "sn": "3 a",
                "dt": [
                  [
                    "text",
                    "{bc}common talk {bc}{sx|rumor||} "
                  ],
                  [
                    "vis",
                    [
                      {
                        "t": "The {wi}noise{/wi} goes, this: there is among the Greeks / A lord of Troyan blood, nephew to Hector; / They call him Ajax.",
                        "aq": {
                          "auth": "William Shakespeare"
                        }
                      },
                      {
                        "t": "I know the {wi}noise{/wi} is that many players in his position \u2026 would be putting up the insane numbers he has over the last couple of years. I don't agree with that. It takes a special talent to do what he's doing.",
                        "aq": {
                          "auth": "Carlan Gay and Scott Rafferty"
                        }
                      },
                      {
                        "t": "But now folks are {phrase}making noise{/phrase} about an unbeaten season and a national title run.",
                        "aq": {
                          "auth": "Brad Davis"
                        }
                      }
                    ]
                  ]
                ]
              }
            ],
            [
              "sense",
              {
                "sn": "b",
                "dt": [
                  [
                    "text",
                    "{bc}indirect, casual, or unofficial comments "
                  ],
                  [
                    "vis",
                    [
                      {
                        "t": "Owner Ken Behring is {phrase}making noise{/phrase} about moving the team, perhaps to a proposed new stadium in Los Angeles \u2026",
                        "aq": {
                          "auth": "Johnette Howard"
                        }
                      }
                    ]
                  ],
                  [
                    "uns",
                    [
                      [
                        [
                          "text",
                          "usually plural "
                        ],
                        [
                          "vis",
                          [
                            {
                              "t": "She started {phrase}making noises{/phrase} about running for office. {gloss}=she started saying things that showed she was thinking about running for office{/gloss}"
                            }
                          ]
                        ]
                      ]
                    ]
                  ]
                ]
              }
            ],
            [
              "sense",
              {
                "sn": "c",
                "ins": [
                  {
                    "if": "noises",
                    "spl": "plural"
                  }
                ],
                "dt": [
                  [
                    "text",
                    "{bc}statements of a specified kind "
                  ],
                  [
                    "vis",
                    [
                      {
                        "t": "The company has been {phrase}making soothing/reassuring noises{/phrase} to calm the fears of investors."
                      },
                      {
                        "t": "In other words, the brand is definitely {phrase}making all the right noises{/phrase} {gloss}=saying things that sound very appealing{/gloss} for the developer community. But time will tell whether it follows up with solid action in this regard.",
                        "aq": {
                          "auth": "Hadlee Simons"
                        }
                      }
                    ]
                  ]
                ]
              }
            ],
            [
              "sense",
              {
                "sn": "d",
                "dt": [
                  [
                    "text",
                    "{bc}{sx|outcry||}, {sx|protest||} "
                  ],
                  [
                    "vis",
                    [
                      {
                        "t": "People have been {phrase}making (a lot of) noise{/phrase} about the price increases."
                      }
                    ]
                  ]
                ]
              }
            ]
          ],
          [
            [
              "sense",
              {
                "sn": "4",
                "dt": [
                  [
                    "text",
                    "{bc}something that attracts attention "
                  ],
                  [
                    "vis",
                    [
                      {
                        "t": "the play \u2026 will make little {wi}noise{/wi} in the world",
                        "aq": {
                          "auth": "Brendan Gill"
                        }
                      },
                      {
                        "t": "Serious historical research, still far more prevalent in Japan than in China, for obvious reasons, is gradually being drowned out by the {wi}noise{/wi} of political rhetoric.",
                        "aq": {
                          "auth": "Ian Buruma"
                        }
                      }
                    ]
                  ]
                ]
              }
            ]
          ],
          [
            [
              "sense",
              {
                "sn": "5",
                "dt": [
                  [
                    "text",
                    "{bc}something spoken or uttered "
                  ],
                  [
                    "vis",
                    [
                      {
                        "t": "My dad made a loud {wi}noise{/wi} when he hit his finger with the hammer."
                      }
                    ]
                  ]
                ]
              }
            ]
          ],
          [
            [
              "sense",
              {
                "sn": "6",
                "dt": [
                  [
                    "text",
                    "{bc}a style of rock music that is loud, often discordant, and usually uses electronic effects (such as feedback and distortion)"
                  ]
                ]
              }
            ]
          ]
        ]
      }
    ],
    "uros": [
      {
        "ure": "noise*less",
        "prs": [
          {
            "mw": "\u02c8n\u022fiz-l\u0259s",
            "sound": {
              "audio": "noise002",
              "ref": "c",
              "stat": "1"
            }
          }
        ],
        "fl": "adjective"
      },
      {
        "ure": "noise*less*ly",
        "fl": "adverb"
      }
    ],
    "et": [
      [
        "text",
        "Middle English, from Anglo-French, disturbance, noise, from Latin {it}nausea{/it} nausea"
      ]
    ],
    "date": "13th century{ds||1|c|}",
    "shortdef": [
      "sound; especially : one that lacks an agreeable quality or is noticeably unpleasant or loud",
      "any sound that is undesired or interferes with one's hearing of something",
      "loud, confused, or senseless shouting or outcry"
    ]
  },
  {
    "meta": {
      "id": "noise:2",
      "uuid": "b7ce8d06-2128-495e-9658-90a7caf1e35c",
      "sort": "141187000",
      "src": "collegiate",
      "section": "alpha",
      "stems": [
        "noise",
        "noised",
        "noises",
        "noising"
      ],
      "offensive": false
    },
    "hom": 2,
    "hwi": {
      "hw": "noise"
    },
    "fl": "verb",
    "ins": [
      {
        "if": "noised"
      },
      {
        "if": "nois*ing"
      }
    ],
    "def": [
      {
        "vd": "intransitive verb",
        "sseq": [
          [
            [
              "sense",
              {
                "sn": "1",
                "dt": [
                  [
                    "text",
                    "{bc}to talk much or loudly"
                  ]
                ]
              }
            ]
          ],
          [
            [
              "sense",
              {
                "sn": "2",
                "dt": [
                  [
                    "text",
                    "{bc}to make a noise"
                  ]
                ]
              }
            ]
          ]
        ]
      },
      {
        "vd": "transitive verb",
        "sseq": [
          [
            [
              "sense",
              {
                "dt": [
                  [
                    "text",
                    "{bc}to spread by rumor or report "
                  ],
                  [
                    "uns",
                    [
                      [
                        [
                          "text",
                          "usually used with {it}about{/it} or {it}abroad{/it} "
                        ],
                        [
                          "vis",
                          [
                            {
                              "t": "the scandal was quickly {it}noised{/it} about"
                            }
                          ]
                        ]
                      ]
                    ]
                  ]
                ]
              }
            ]
          ]
        ]
      }
    ],
    "et": [
      [
        "text",
        "{dx_ety}see {dxt|noise:1||}{/dx_ety}"
      ]
    ],
    "date": "14th century{ds|i|1||}",
    "shortdef": [
      "to talk much or loudly",
      "to make a noise",
      "to spread by rumor or report \u2014usually used with about or abroad"
    ]
  },
  {
    "meta": {
      "id": "noise pollution",
      "uuid": "43bb12d1-dce7-4da5-a951-94996961d212",
      "sort": "141189000",
      "src": "collegiate",
      "section": "alpha",
      "stems": [
        "noise pollution",
        "noise pollutions"
      ],
      "offensive": false
    },
    "hwi": {
      "hw": "noise pollution"
    },
    "fl": "noun",
    "def": [
      {
        "sseq": [
          [
            [
              "sense",
              {
                "dt": [
                  [
                    "text",
                    "{bc}annoying or harmful noise (as of automobiles or jet airplanes) in an environment"
                  ]
                ]
              }
            ]
          ]
        ]
      }
    ],
    "date": "1966",
    "shortdef": [
      "annoying or harmful noise (as of automobiles or jet airplanes) in an environment"
    ]
  },
  {
    "meta": {
      "id": "anti-noise",
      "uuid": "3049fe36-c52d-437f-a8f0-6b7dc83acfd8",
      "sort": "013160500",
      "src": "collegiate",
      "section": "alpha",
      "stems": [
        "anti-noise"
      ],
      "offensive": false
    },
    "hwi": {
      "hw": "an*ti-noise",
      "prs": [
        {
          "mw": "\u02ccan-t\u0113-\u02c8n\u022fiz",
          "sound": {
            "audio": "anti-noise_1",
            "ref": "owl",
            "stat": "1"
          }
        },
        {
          "mw": "\u02ccan-t\u012b-"
        }
      ]
    },
    "fl": "adjective",
    "def": [
      {
        "sseq": [
          [
            [
              "sense",
              {
                "dt": [
                  [
                    "text",
                    "{bc}designed or acting to reduce or prohibit excessive {d_link|noise|noise:1} "
                  ],
                  [
                    "vis",
                    [
                      {
                        "t": "an {wi}anti-noise{/wi} ordinance"
                      }
                    ]
                  ]
                ]
              }
            ]
          ]
        ]
      }
    ],
    "date": "1839",
    "shortdef": [
      "designed or acting to reduce or prohibit excessive noise"
    ]
  },
  {
    "meta": {
      "id": "cosmic noise",
      "uuid": "c7e1bc16-2a8e-44a2-a389-2995977d2fde",
      "sort": "035635300",
      "src": "collegiate",
      "section": "alpha",
      "stems": [
        "cosmic noise",
        "cosmic noises"
      ],
      "offensive": false
    },
    "hwi": {
      "hw": "cosmic noise"
    },
    "fl": "noun",
    "def": [
      {
        "sseq": [
          [
            [
              "sense",
              {
                "dt": [
                  [
                    "text",
                    "{bc}unidentified celestial radio-frequency radiation"
                  ]
                ],
                "sdsense": {
                  "sd": "especially",
                  "dt": [
                    [
                      "text",
                      "{bc}such radiation originating from outside the Milky Way"
                    ]
                  ]
                }
              }
            ]
          ]
        ]
      }
    ],
    "date": "1947",
    "shortdef": [
      "unidentified celestial radio-frequency radiation; especially : such radiation originating from outside the Milky Way"
    ]
  },
  {
    "meta": {
      "id": "pink noise",
      "uuid": "8f454dc1-541b-4db5-9482-0d5d60db681f",
      "sort": "160318500",
      "src": "collegiate",
      "section": "alpha",
      "stems": [
        "pink noise"
      ],
      "offensive": false
    },
    "hwi": {
      "hw": "pink noise"
    },
    "fl": "noun",
    "def": [
      {
        "sseq": [
          [
            [
              "sense",
              {
                "dt": [
                  [
                    "text",
                    "{bc}a mixture of sound waves with an intensity that diminishes proportionally with frequency to yield approximately equal energy per octave {dx}compare {dxt|white noise||}{/dx}"
                  ]
                ]
              }
            ]
          ]
        ]
      }
    ],
    "date": "1961",
    "shortdef": [
      "a mixture of sound waves with an intensity that diminishes proportionally with frequency to yield approximately equal energy per octave"
    ]
  },
  {
    "meta": {
      "id": "white noise",
      "uuid": "2bfb0eb3-19f9-411e-90c8-9de0d6e903db",
      "sort": "230136200",
      "src": "collegiate",
      "section": "alpha",
      "stems": [
        "white noise",
        "white noises"
      ],
      "offensive": false
    },
    "hwi": {
      "hw": "white noise"
    },
    "fl": "noun",
    "def": [
      {
        "sseq": [
          [
            [
              "sense",
              {
                "sn": "1 a",
                "dt": [
                  [
                    "text",
                    "{bc}a heterogeneous mixture of sound waves extending over a wide frequency range {dx}compare {dxt|pink noise||}{/dx}"
                  ]
                ]
              }
            ],
            [
              "sense",
              {
                "sn": "b",
                "dt": [
                  [
                    "text",
                    "{bc}a constant background noise"
                  ]
                ],
                "sdsense": {
                  "sd": "especially",
                  "dt": [
                    [
                      "text",
                      "{bc}one that drowns out other sounds"
                    ]
                  ]
                }
              }
            ]
          ],
          [
            [
              "sense",
              {
                "sn": "2",
                "dt": [
                  [
                    "text",
                    "{bc}meaningless or distracting commotion, hubbub, or chatter "
                  ],
                  [
                    "vis",
                    [
                      {
                        "t": "the {it}white noise{/it} of policy and politics in America",
                        "aq": {
                          "auth": "Joseph Nocera"
                        }
                      }
                    ]
                  ]
                ]
              }
            ]
          ]
        ]
      }
    ],
    "date": "1943{ds||1|a|}",
    "shortdef": [
      "a heterogeneous mixture of sound waves extending over a wide frequency range",
      "a constant background noise; especially : one that drowns out other sounds",
      "meaningless or distracting commotion, hubbub, or chatter"
    ]
  },
  {
    "meta": {
      "id": "background noise",
      "uuid": "3c459f3d-4bf9-447e-b932-26b952c90ba0",
      "sort": "3001302000",
      "src": "ld",
      "section": "idioms",
      "stems": [
        "background noise"
      ],
      "offensive": false
    },
    "hwi": {
      "hw": "background noise"
    },
    "fl": "noun",
    "def": [
      {
        "sseq": [
          [
            [
              "sense",
              {
                "dt": [
                  [
                    "text",
                    "{bc}undesired sound that is heard in a radio broadcast, a tape recording, etc. "
                  ],
                  [
                    "vis",
                    [
                      {
                        "t": "The recording had a lot of {it}background noise{/it}."
                      }
                    ]
                  ]
                ]
              }
            ]
          ]
        ]
      }
    ],
    "shortdef": [
      "undesired sound that is heard in a radio broadcast, a tape recording, etc."
    ]
  },
  {
    "meta": {
      "id": "big noise",
      "uuid": "7dc40e24-417a-4d7a-ae9e-5e8eab5cd16e",
      "sort": "3001874000",
      "src": "ld",
      "section": "idioms",
      "stems": [
        "big noise"
      ],
      "offensive": false
    },
    "hwi": {
      "hw": "big noise"
    },
    "fl": "noun",
    "def": [
      {
        "sls": [
          "British",
          "informal"
        ],
        "sseq": [
          [
            [
              "sense",
              {
                "dt": [
                  [
                    "text",
                    "{bc}a powerful or important person {bc}big shot "
                  ],
                  [
                    "vis",
                    [
                      {
                        "t": "She's a {it}big noise{/it} in local politics."
                      }
                    ]
                  ]
                ]
              }
            ]
          ]
        ]
      }
    ],
    "shortdef": [
      "a powerful or important person : big shot"
    ]
  }
]