[
  {
    "meta": {
      "id": "nonlinear",
      "uuid": "a0fe7aa4-2ec0-46f5-a84e-cb8778583c4f",
      "sort": "141903000",
      "src": "collegiate",
      "section": "alpha",
      "stems": [
        "nonlinear",
        "nonlinearities",
        "nonlinearity",
        "nonlinearly"
      ],
      "offensive": false
    },
    "hwi": {
      "hw": "non*lin*e*ar",
      "prs": [
        {
          "mw": "\u02ccn\u00e4n-\u02c8li-n\u0113-\u0259r",
          "sound": {
            "audio": "nonlinear_1",
            "ref": "owl",
            "stat": "1"
          }
        }
      ]
    },
    "fl": "adjective",
    "def": [
      {
        "sseq": [
          [
            [
              "sense",
              {
                "dt": [
                  [
                    "text",
                    "{bc}not {d_link|linear|linear} "
                  ],
                  [
                    "vis",
                    [
                      {
                        "t": "{wi}nonlinear{/wi} thinking"
                      },
                      {
                        "t": "a {wi}nonlinear{/wi} narrative"
                      },
                      {
                        "t": "\u2026 I was already interested in the {wi}nonlinear{/wi} manner in which ideas and fashions travel through our culture \u2026",
                        "aq": {
                          "auth": "Lyall Watson"
                        }
                      }
                    ]
                  ]
                ]
              }
            ]
          ]
        ]
      }
    ],
    "uros": [
      {
        "ure": "non*lin*e*ar*i*ty",
        "prs": [
          {
            "mw": "\u02ccn\u00e4n-\u02ccli-n\u0113-\u02c8er-\u0259-t\u0113",
            "sound": {
              "audio": "nonlinearity_1",
              "ref": "owl",
              "stat": "1"
            }
          },
          {
            "mw": "-\u02c8a-r\u0259-"
          }
        ],
        "fl": "noun",
        "ins": [
          {
            "il": "plural",
            "if": "non*lin*e*ar*i*ties"
          }
        ]
      },
      {
        "ure": "non*lin*e*ar*ly",
        "fl": "adverb"
      }
    ],
    "date": "1884",
    "shortdef": [
      "not linear"
    ]
  }
]