[
  {
    "meta": {
      "id": "nurture:1",
      "uuid": "eebfc1c1-0c71-4129-ae21-ded0f7a0aebe",
      "sort": "142802000",
      "src": "collegiate",
      "section": "alpha",
      "stems": [
        "nurture",
        "nurtures"
      ],
      "offensive": false
    },
    "hom": 1,
    "hwi": {
      "hw": "nur*ture",
      "prs": [
        {
          "mw": "\u02c8n\u0259r-ch\u0259r",
          "sound": {
            "audio": "nurtur03",
            "ref": "c",
            "stat": "1"
          }
        }
      ]
    },
    "fl": "noun",
    "def": [
      {
        "sseq": [
          [
            [
              "sense",
              {
                "sn": "1",
                "dt": [
                  [
                    "text",
                    "{bc}{sx|training||}, {sx|upbringing||} "
                  ],
                  [
                    "vis",
                    [
                      {
                        "t": "With proper focus during early {wi}nurture{/wi}, one can grow into a secure being \u2026",
                        "aq": {
                          "auth": "Ella Pearson Mitchell"
                        }
                      }
                    ]
                  ]
                ]
              }
            ]
          ],
          [
            [
              "sense",
              {
                "sn": "2",
                "dt": [
                  [
                    "text",
                    "{bc}something that nourishes {bc}{sx|food||} "
                  ],
                  [
                    "vis",
                    [
                      {
                        "t": "\u2026 fed him well, and nourished himself, and took {wi}nurture{/wi} for the road \u2026",
                        "aq": {
                          "auth": "R. D. Blackmore"
                        }
                      }
                    ]
                  ]
                ]
              }
            ]
          ],
          [
            [
              "sense",
              {
                "sn": "3",
                "dt": [
                  [
                    "text",
                    "{bc}the sum of the environmental factors influencing the behavior and traits expressed by an organism "
                  ],
                  [
                    "vis",
                    [
                      {
                        "t": "Is our character affected more by nature or by {wi}nurture{/wi}?"
                      }
                    ]
                  ]
                ]
              }
            ]
          ]
        ]
      }
    ],
    "et": [
      [
        "text",
        "Middle English {it}norture, nurture{/it}, from Anglo-French {it}nureture{/it}, from Late Latin {it}nutritura{/it} act of nursing, from Latin {it}nutritus{/it}, past participle of {it}nutrire{/it} to suckle, nourish {ma}{mat|nourish|}{/ma}"
      ]
    ],
    "date": "14th century{ds||1||}",
    "shortdef": [
      "training, upbringing",
      "something that nourishes : food",
      "the sum of the environmental factors influencing the behavior and traits expressed by an organism"
    ]
  },
  {
    "meta": {
      "id": "nurture:2",
      "uuid": "46525686-c34b-4043-8118-b2d5716020b8",
      "sort": "142803000",
      "src": "collegiate",
      "section": "alpha",
      "stems": [
        "nurture",
        "nurtured",
        "nurturer",
        "nurturers",
        "nurtures",
        "nurturing"
      ],
      "offensive": false
    },
    "hom": 2,
    "hwi": {
      "hw": "nurture"
    },
    "fl": "verb",
    "ins": [
      {
        "if": "nur*tured"
      },
      {
        "if": "nur*tur*ing",
        "prs": [
          {
            "mw": "\u02c8n\u0259r-ch(\u0259-)ri\u014b",
            "sound": {
              "audio": "nurtur04",
              "ref": "c",
              "stat": "1"
            }
          }
        ]
      }
    ],
    "def": [
      {
        "vd": "transitive verb",
        "sseq": [
          [
            [
              "sense",
              {
                "sn": "1",
                "dt": [
                  [
                    "text",
                    "{bc}to supply with nourishment "
                  ],
                  [
                    "vis",
                    [
                      {
                        "t": "care for and {wi}nurture{/wi} a baby"
                      }
                    ]
                  ]
                ]
              }
            ]
          ],
          [
            [
              "sense",
              {
                "sn": "2",
                "dt": [
                  [
                    "text",
                    "{bc}{sx|educate||} "
                  ],
                  [
                    "vis",
                    [
                      {
                        "t": "\u2026 {wi}nurture{/wi} kids in clean, colorful rooms with the latest books and learning gadgets.",
                        "aq": {
                          "auth": "Sue Shellenbarger"
                        }
                      }
                    ]
                  ]
                ]
              }
            ]
          ],
          [
            [
              "sense",
              {
                "sn": "3",
                "dt": [
                  [
                    "text",
                    "{bc}to further the development of {bc}{sx|foster||} "
                  ],
                  [
                    "vis",
                    [
                      {
                        "t": "\u2026 {wi}nurture{/wi} his intellectual inclinations.",
                        "aq": {
                          "auth": "Ray Olson"
                        }
                      },
                      {
                        "t": "{wi}nurture{/wi} a friendship"
                      }
                    ]
                  ]
                ]
              }
            ]
          ]
        ]
      }
    ],
    "uros": [
      {
        "ure": "nur*tur*er",
        "prs": [
          {
            "mw": "\u02c8n\u0259r-ch\u0259r-\u0259r",
            "sound": {
              "audio": "nurtur05",
              "ref": "c",
              "stat": "1"
            }
          }
        ],
        "fl": "noun"
      }
    ],
    "et": [
      [
        "text",
        "{dx_ety}see {dxt|nurture:1||}{/dx_ety}"
      ]
    ],
    "date": "15th century{ds||1||}",
    "shortdef": [
      "to supply with nourishment",
      "educate",
      "to further the development of : foster"
    ]
  }
]