[
  {
    "meta": {
      "id": "organism",
      "uuid": "f335fb1f-4f8c-48c7-a582-62cd7880022f",
      "sort": "151174000",
      "src": "collegiate",
      "section": "alpha",
      "stems": [
        "organism",
        "organismal",
        "organismic",
        "organismically",
        "organisms"
      ],
      "offensive": false
    },
    "hwi": {
      "hw": "or*gan*ism",
      "prs": [
        {
          "mw": "\u02c8\u022fr-g\u0259-\u02ccni-z\u0259m",
          "sound": {
            "audio": "organi06",
            "ref": "c",
            "stat": "1"
          }
        }
      ]
    },
    "fl": "noun",
    "def": [
      {
        "sseq": [
          [
            [
              "sense",
              {
                "sn": "1",
                "dt": [
                  [
                    "text",
                    "{bc}a complex structure of interdependent and subordinate elements whose relations and properties are largely determined by their function in the whole "
                  ],
                  [
                    "vis",
                    [
                      {
                        "t": "the nation is not merely the sum of individual citizens at any given time, but it is a living {wi}organism{/wi}, a mystical body \u2026 of which the individual is an ephemeral part",
                        "aq": {
                          "auth": "Joseph Rossi"
                        }
                      }
                    ]
                  ]
                ]
              }
            ]
          ],
          [
            [
              "sense",
              {
                "sn": "2",
                "dt": [
                  [
                    "text",
                    "{bc}an individual constituted to carry on the activities of life by means of parts or {a_link|organs} more or less separate in function but mutually dependent {bc}a living being "
                  ],
                  [
                    "vis",
                    [
                      {
                        "t": "a multicellular {wi}organism{/wi}"
                      }
                    ]
                  ]
                ]
              }
            ]
          ]
        ]
      }
    ],
    "uros": [
      {
        "ure": "or*gan*is*mic",
        "prs": [
          {
            "mw": "\u02cc\u022fr-g\u0259-\u02c8niz-mik",
            "sound": {
              "audio": "organi08",
              "ref": "c",
              "stat": "1"
            }
          }
        ],
        "vrs": [
          {
            "vl": "or less commonly",
            "va": "or*gan*is*mal",
            "prs": [
              {
                "mw": "\u02cc\u022fr-g\u0259-\u02c8niz-m\u0259l",
                "sound": {
                  "audio": "organi07",
                  "ref": "c",
                  "stat": "1"
                }
              }
            ]
          }
        ],
        "fl": "adjective"
      },
      {
        "ure": "or*gan*is*mi*cal*ly",
        "prs": [
          {
            "mw": "\u02cc\u022fr-g\u0259-\u02c8niz-mi-k(\u0259-)l\u0113",
            "sound": {
              "audio": "organi09",
              "ref": "c",
              "stat": "1"
            }
          }
        ],
        "fl": "adverb"
      }
    ],
    "date": "circa 1774{ds||1||}",
    "shortdef": [
      "a complex structure of interdependent and subordinate elements whose relations and properties are largely determined by their function in the whole",
      "an individual constituted to carry on the activities of life by means of parts or organs more or less separate in function but mutually dependent : a living being"
    ]
  },
  {
    "meta": {
      "id": "mycoplasma-like organism",
      "uuid": "b610aa40-d1e7-45e3-a3ac-ada669f20aaf",
      "sort": "135025000",
      "src": "collegiate",
      "section": "alpha",
      "stems": [
        "mycoplasma-like organism"
      ],
      "offensive": false
    },
    "hwi": {
      "hw": "mycoplasma-like organism"
    },
    "fl": "noun",
    "def": [
      {
        "sseq": [
          [
            [
              "sense",
              {
                "dt": [
                  [
                    "text",
                    "{bc}{sx|phytoplasma||}"
                  ]
                ]
              }
            ]
          ]
        ]
      }
    ],
    "date": "1967",
    "shortdef": [
      "phytoplasma"
    ]
  },
  {
    "meta": {
      "id": "pleuropneumonia-like organism",
      "uuid": "1094eba7-87ba-4400-afdf-57eedf129a7e",
      "sort": "165126000",
      "src": "collegiate",
      "section": "alpha",
      "stems": [
        "pleuropneumonia-like organism",
        "pleuropneumonia-like organisms"
      ],
      "offensive": false
    },
    "hwi": {
      "hw": "pleuropneumonia-like organism"
    },
    "fl": "noun",
    "def": [
      {
        "sseq": [
          [
            [
              "sense",
              {
                "dt": [
                  [
                    "text",
                    "{bc}{sx|mycoplasma||}"
                  ]
                ]
              }
            ]
          ]
        ]
      }
    ],
    "date": "1935",
    "shortdef": [
      "mycoplasma"
    ]
  },
  {
    "meta": {
      "id": "mycoplasma",
      "uuid": "7c68423d-752f-4896-aac7-5f3077e99e4b",
      "sort": "135024000",
      "src": "collegiate",
      "section": "alpha",
      "stems": [
        "mycoplasm",
        "mycoplasma",
        "mycoplasmal",
        "mycoplasmas",
        "mycoplasmata",
        "pleuropneumonia-like organism"
      ],
      "offensive": false
    },
    "hwi": {
      "hw": "my*co*plas*ma",
      "prs": [
        {
          "mw": "\u02ccm\u012b-k\u014d-\u02c8plaz-m\u0259",
          "sound": {
            "audio": "mycopl01",
            "ref": "c",
            "stat": "1"
          }
        }
      ]
    },
    "fl": "noun",
    "ins": [
      {
        "il": "plural",
        "ifc": "-mas",
        "if": "my*co*plas*mas"
      },
      {
        "il": "also",
        "ifc": "-ma*ta",
        "if": "my*co*plas*ma*ta",
        "prs": [
          {
            "mw": "\u02ccm\u012b-k\u014d-\u02c8plaz-m\u0259-t\u0259",
            "sound": {
              "audio": "mycopl02",
              "ref": "c",
              "stat": "1"
            }
          }
        ]
      }
    ],
    "def": [
      {
        "sseq": [
          [
            [
              "sense",
              {
                "dt": [
                  [
                    "text",
                    "{bc}any of a genus ({it}Mycoplasma{/it} of the family Mycoplasmataceae) of pleomorphic gram-negative chiefly nonmotile bacteria that lack a cell wall and are mostly parasitic usually in mammals "
                  ],
                  [
                    "ca",
                    {
                      "intro": "called also",
                      "cats": [
                        {
                          "cat": "pleuropneumonia-like organism"
                        }
                      ]
                    }
                  ]
                ]
              }
            ]
          ]
        ]
      }
    ],
    "uros": [
      {
        "ure": "my*co*plas*mal",
        "prs": [
          {
            "mw": "\u02ccm\u012b-k\u014d-\u02c8plaz-m\u0259l",
            "sound": {
              "audio": "mycopl03",
              "ref": "c",
              "stat": "1"
            }
          }
        ],
        "fl": "adjective"
      }
    ],
    "et": [
      [
        "text",
        "New Latin"
      ]
    ],
    "date": "1955",
    "shortdef": [
      "any of a genus (Mycoplasma of the family Mycoplasmataceae) of pleomorphic gram-negative chiefly nonmotile bacteria that lack a cell wall and are mostly parasitic usually in mammals \u2014called also pleuropneumonia-like organism"
    ]
  },
  {
    "meta": {
      "id": "phytoplasma",
      "uuid": "bc4424a4-8ef7-444b-b418-16edb9c03992",
      "sort": "160278300",
      "src": "collegiate",
      "section": "alpha",
      "stems": [
        "mycoplasma-like organism",
        "phytoplasma",
        "phytoplasmas"
      ],
      "offensive": false
    },
    "hwi": {
      "hw": "phy*to*plas*ma",
      "prs": [
        {
          "mw": "\u02ccf\u012b-t\u0259-\u02c8plaz-m\u0259",
          "sound": {
            "audio": "phyto02v",
            "ref": "c",
            "stat": "1"
          }
        }
      ]
    },
    "fl": "noun",
    "def": [
      {
        "sseq": [
          [
            [
              "sense",
              {
                "dt": [
                  [
                    "text",
                    "{bc}any of a group of bacteria that are related to {d_link|mycoplasmas|mycoplasma}, cause plant diseases (such as {d_link|aster yellows|aster yellows} or {d_link|elm yellows|elm yellows}) by infecting {d_link|phloem|phloem} tissue, and are transmitted especially by homopteran insect vectors "
                  ],
                  [
                    "snote",
                    [
                      [
                        "t",
                        "Phytoplasmas are assigned temporary taxonomic names because they cannot yet be grown in artificial media as required in bacterial nomenclature for a fully valid name."
                      ]
                    ]
                  ],
                  [
                    "vis",
                    [
                      {
                        "t": "For almost half a century, plant pathologists thought {wi}phytoplasmas{/wi} were viruses. To this day, the inability to grow these bacteria outside plants or insects hinders efforts to get a handle on their biology and genomes.",
                        "aq": {
                          "auth": "Evelyn Strauss"
                        }
                      }
                    ]
                  ],
                  [
                    "ca",
                    {
                      "intro": "called also",
                      "cats": [
                        {
                          "cat": "mycoplasma-like organism"
                        }
                      ]
                    }
                  ]
                ]
              }
            ]
          ]
        ]
      }
    ],
    "et": [
      [
        "text",
        "{et_link|phyto-|phyto-} + {et_link|plasma|plasma} (after {et_link|mycoplasma|mycoplasma}), now taken as a New Latin genus name"
      ],
      [
        "et_snote",
        [
          [
            "t",
            "\"In 1994, the name 'phytoplasma' was adopted by the Phytoplasma Working Team at the 10th Congress of the International Organization of Mycoplasmology to collectively denote MLOs [myoplasma-like organisms].\" (Saskia A. Hougenhout et al., \"Phytoplasmas: bacteria that manipulate plants and insects,\" {it}Molecular Plant Pathology,{/it} vol. 9, no. 4, July, 2008, pp. 403-23.)"
          ]
        ]
      ]
    ],
    "date": "1994",
    "shortdef": [
      "any of a group of bacteria that are related to mycoplasmas, cause plant diseases (such as aster yellows or elm yellows) by infecting phloem tissue, and are transmitted especially by homopteran insect vectors \u2014called also mycoplasma-like organism"
    ]
  }
]