[
  {
    "meta": {
      "id": "oscillation",
      "uuid": "474f437a-87ed-48b6-ab56-c73935b99fa2",
      "sort": "151347000",
      "src": "collegiate",
      "section": "alpha",
      "stems": [
        "oscillation",
        "oscillational",
        "oscillations"
      ],
      "offensive": false
    },
    "hwi": {
      "hw": "os*cil*la*tion",
      "prs": [
        {
          "mw": "\u02cc\u00e4-s\u0259-\u02c8l\u0101-sh\u0259n",
          "sound": {
            "audio": "oscill03",
            "ref": "c",
            "stat": "1"
          }
        }
      ]
    },
    "fl": "noun",
    "def": [
      {
        "sseq": [
          [
            [
              "sense",
              {
                "sn": "1",
                "dt": [
                  [
                    "text",
                    "{bc}the action or state of {d_link|oscillating|oscillate} "
                  ],
                  [
                    "vis",
                    [
                      {
                        "t": "stays can be effectively used to prevent {wi}oscillations{/wi} in new bridges",
                        "aq": {
                          "auth": "D. B. Steinman"
                        }
                      }
                    ]
                  ]
                ]
              }
            ]
          ],
          [
            [
              "sense",
              {
                "sn": "2",
                "dt": [
                  [
                    "text",
                    "{bc}{sx|variation||}, {sx|fluctuation||} "
                  ],
                  [
                    "vis",
                    [
                      {
                        "t": "famines due to excessive storminess and violent {wi}oscillations{/wi} of rain and drought, heat and cold",
                        "aq": {
                          "auth": "Ellsworth Huntington"
                        }
                      }
                    ]
                  ]
                ]
              }
            ]
          ],
          [
            [
              "sense",
              {
                "sn": "3",
                "dt": [
                  [
                    "text",
                    "{bc}a flow of electricity changing periodically from a maximum to a minimum"
                  ]
                ],
                "sdsense": {
                  "sd": "especially",
                  "dt": [
                    [
                      "text",
                      "{bc}a flow periodically changing direction"
                    ]
                  ]
                }
              }
            ]
          ],
          [
            [
              "sense",
              {
                "sn": "4",
                "dt": [
                  [
                    "text",
                    "{bc}a single swing (as of an oscillating body) from one extreme limit to the other "
                  ],
                  [
                    "vis",
                    [
                      {
                        "t": "Each {wi}oscillation{/wi} of the pendulum represents one second."
                      }
                    ]
                  ]
                ]
              }
            ]
          ]
        ]
      }
    ],
    "uros": [
      {
        "ure": "os*cil*la*tion*al",
        "prs": [
          {
            "mw": "\u02cc\u00e4-s\u0259-\u02c8l\u0101-sh(\u0259-)n\u0259l",
            "sound": {
              "audio": "oscill04",
              "ref": "c",
              "stat": "1"
            }
          }
        ],
        "fl": "adjective"
      }
    ],
    "date": "1658{ds||1||}",
    "shortdef": [
      "the action or state of oscillating",
      "variation, fluctuation",
      "a flow of electricity changing periodically from a maximum to a minimum; especially : a flow periodically changing direction"
    ]
  },
  {
    "meta": {
      "id": "Arctic Oscillation",
      "uuid": "a6a3ec0d-7b1c-4a50-9321-229042eee7c4",
      "sort": "013780500",
      "src": "collegiate",
      "section": "alpha",
      "stems": [
        "Arctic Oscillation",
        "Arctic Oscillations"
      ],
      "offensive": false
    },
    "hwi": {
      "hw": "Arctic Oscillation"
    },
    "fl": "noun",
    "def": [
      {
        "sls": [
          "climatology"
        ],
        "sseq": [
          [
            [
              "sense",
              {
                "dt": [
                  [
                    "text",
                    "{bc}the recurring movement of high pressure systems in the atmosphere from the middle latitudes to the polar latitudes and back "
                  ],
                  [
                    "uns",
                    [
                      [
                        [
                          "text",
                          "abbreviation {it}AO{/it}"
                        ]
                      ]
                    ]
                  ],
                  [
                    "text",
                    " {dx}compare {dxt|north atlantic oscillation||}, {dxt|southern oscillation||}{/dx}"
                  ]
                ]
              }
            ]
          ]
        ]
      }
    ],
    "date": "1998",
    "shortdef": [
      "the recurring movement of high pressure systems in the atmosphere from the middle latitudes to the polar latitudes and back \u2014abbreviation AO"
    ]
  },
  {
    "meta": {
      "id": "North Atlantic Oscillation",
      "uuid": "2b647a1a-4164-45c6-965d-bbcda83bea3a",
      "sort": "142425000",
      "src": "collegiate",
      "section": "alpha",
      "stems": [
        "North Atlantic Oscillation",
        "North Atlantic Oscillations"
      ],
      "offensive": false
    },
    "hwi": {
      "hw": "North Atlantic Oscillation"
    },
    "fl": "noun",
    "def": [
      {
        "sls": [
          "climatology"
        ],
        "sseq": [
          [
            [
              "sense",
              {
                "dt": [
                  [
                    "text",
                    "{bc}a periodic seesaw fluctuation in sea-level atmospheric pressures over the northern Atlantic Ocean that is believed to contribute to the {d_link|Arctic Oscillation|Arctic Oscillation} {dx}compare {dxt|arctic oscillation||}, {dxt|southern oscillation||}{/dx}"
                  ]
                ]
              }
            ]
          ]
        ]
      }
    ],
    "date": "1924",
    "shortdef": [
      "a periodic seesaw fluctuation in sea-level atmospheric pressures over the northern Atlantic Ocean that is believed to contribute to the Arctic Oscillation"
    ]
  },
  {
    "meta": {
      "id": "Southern Oscillation",
      "uuid": "377ebabf-deb7-4bd4-988a-d3f541cbaac0",
      "sort": "194615966",
      "src": "collegiate",
      "section": "alpha",
      "stems": [
        "Southern Oscillation",
        "Southern Oscillations"
      ],
      "offensive": false
    },
    "hwi": {
      "hw": "Southern Oscillation"
    },
    "fl": "noun",
    "def": [
      {
        "sls": [
          "climatology"
        ],
        "sseq": [
          [
            [
              "sense",
              {
                "dt": [
                  [
                    "text",
                    "{bc}a periodic seesaw fluctuation in sea-level atmospheric pressures over the southern Pacific and Indian oceans that is believed to be linked to {d_link|El Ni\u00f1o|El Nino} and {d_link|La Ni\u00f1a|La Nina} events {dx}compare {dxt|arctic oscillation||}, {dxt|north atlantic oscillation||}{/dx}"
                  ]
                ]
              }
            ]
          ]
        ]
      }
    ],
    "date": "1923",
    "shortdef": [
      "a periodic seesaw fluctuation in sea-level atmospheric pressures over the southern Pacific and Indian oceans that is believed to be linked to El Ni\u00f1o and La Ni\u00f1a events"
    ]
  }
]