[
  {
    "meta": {
      "id": "parallax",
      "uuid": "35da1f9a-8e8c-4927-96a7-0d1fb5c7189b",
      "sort": "160057800",
      "src": "collegiate",
      "section": "alpha",
      "stems": [
        "parallax",
        "parallaxes"
      ],
      "offensive": false
    },
    "hwi": {
      "hw": "par*al*lax",
      "prs": [
        {
          "mw": "\u02c8per-\u0259-\u02cclaks",
          "sound": {
            "audio": "parall02",
            "ref": "c",
            "stat": "1"
          }
        },
        {
          "mw": "\u02c8pa-r\u0259-"
        }
      ]
    },
    "fl": "noun",
    "def": [
      {
        "sseq": [
          [
            [
              "sense",
              {
                "dt": [
                  [
                    "text",
                    "{bc}the apparent displacement or the difference in apparent direction of an object as seen from two different points not on a straight line with the object"
                  ]
                ],
                "sdsense": {
                  "sd": "especially",
                  "dt": [
                    [
                      "text",
                      "{bc}the angular difference in direction of a celestial body as measured from two points on the earth's orbit"
                    ]
                  ]
                }
              }
            ]
          ]
        ]
      }
    ],
    "et": [
      [
        "text",
        "Middle French {it}parallaxe{/it}, from Greek {it}parallaxis{/it}, from {it}parallassein{/it} to change, from {it}para-{/it} + {it}allassein{/it} to change, from {it}allos{/it} other"
      ]
    ],
    "date": "1580",
    "shortdef": [
      "the apparent displacement or the difference in apparent direction of an object as seen from two different points not on a straight line with the object; especially : the angular difference in direction of a celestial body as measured from two points on the earth's orbit"
    ]
  }
]