[
  {
    "meta": {
      "id": "perception",
      "uuid": "6ff05ebc-889d-4060-8570-f2a4615a5b39",
      "sort": "160177100",
      "src": "collegiate",
      "section": "alpha",
      "stems": [
        "perception",
        "perceptional",
        "perceptions"
      ],
      "offensive": false
    },
    "hwi": {
      "hw": "per*cep*tion",
      "prs": [
        {
          "mw": "p\u0259r-\u02c8sep-sh\u0259n",
          "sound": {
            "audio": "percep05",
            "ref": "c",
            "stat": "1"
          }
        }
      ]
    },
    "fl": "noun",
    "def": [
      {
        "sseq": [
          [
            [
              "sense",
              {
                "sn": "1 a",
                "dt": [
                  [
                    "text",
                    "{bc}a result of {d_link|perceiving|perceive} {bc}{sx|observation||}"
                  ]
                ]
              }
            ],
            [
              "sense",
              {
                "sn": "b",
                "dt": [
                  [
                    "text",
                    "{bc}a mental image {bc}{sx|concept||}"
                  ]
                ]
              }
            ]
          ],
          [
            [
              "sense",
              {
                "sn": "2",
                "sls": [
                  "obsolete"
                ],
                "dt": [
                  [
                    "text",
                    "{bc}{sx|consciousness||}"
                  ]
                ]
              }
            ]
          ],
          [
            [
              "sense",
              {
                "sn": "3 a",
                "dt": [
                  [
                    "text",
                    "{bc}awareness of the elements of environment through physical {d_link|sensation|sensation} "
                  ],
                  [
                    "vis",
                    [
                      {
                        "t": "color {wi}perception{/wi}"
                      }
                    ]
                  ]
                ]
              }
            ],
            [
              "sense",
              {
                "sn": "b",
                "dt": [
                  [
                    "text",
                    "{bc}physical sensation interpreted in the light of experience"
                  ]
                ]
              }
            ]
          ],
          [
            [
              "sense",
              {
                "sn": "4 a",
                "dt": [
                  [
                    "text",
                    "{bc}quick, acute, and intuitive {d_link|cognition|cognition} {bc}{sx|appreciation||}"
                  ]
                ]
              }
            ],
            [
              "sense",
              {
                "sn": "b",
                "dt": [
                  [
                    "text",
                    "{bc}a capacity for comprehension"
                  ]
                ]
              }
            ]
          ]
        ]
      }
    ],
    "uros": [
      {
        "ure": "per*cep*tion*al",
        "prs": [
          {
            "mw": "p\u0259r-\u02c8sep-shn\u0259l",
            "sound": {
              "audio": "percep06",
              "ref": "c",
              "stat": "1"
            }
          },
          {
            "mw": "-sh\u0259-n\u1d4al"
          }
        ],
        "fl": "adjective"
      }
    ],
    "syns": [
      {
        "pl": "synonyms",
        "pt": [
          [
            "text",
            "{sc}discernment{/sc} {sc}discrimination{/sc} {sc}perception{/sc} {sc}penetration{/sc} {sc}insight{/sc} {sc}acumen{/sc} mean a power to see what is not evident to the average mind. {sc}discernment{/sc} stresses accuracy (as in reading character or motives or appreciating art). "
          ],
          [
            "vis",
            [
              {
                "t": "the {it}discernment{/it} to know true friends"
              }
            ]
          ],
          [
            "text",
            " {sc}discrimination{/sc} stresses the power to distinguish and select what is true or appropriate or excellent. "
          ],
          [
            "vis",
            [
              {
                "t": "the {it}discrimination{/it} that develops through listening to a lot of great music"
              }
            ]
          ],
          [
            "text",
            " {sc}perception{/sc} implies quick and often sympathetic discernment (as of shades of feeling). "
          ],
          [
            "vis",
            [
              {
                "t": "a novelist of keen {it}perception{/it} into human motives"
              }
            ]
          ],
          [
            "text",
            " {sc}penetration{/sc} implies a searching mind that goes beyond what is obvious or superficial. "
          ],
          [
            "vis",
            [
              {
                "t": "lacks the {it}penetration{/it} to see the scorn beneath their friendly smiles"
              }
            ]
          ],
          [
            "text",
            " {sc}insight{/sc} suggests depth of discernment coupled with understanding sympathy. "
          ],
          [
            "vis",
            [
              {
                "t": "a documentary providing {it}insight{/it} into the plight of the homeless"
              }
            ]
          ],
          [
            "text",
            " {sc}acumen{/sc} implies characteristic penetration combined with keen practical judgment. "
          ],
          [
            "vis",
            [
              {
                "t": "a director of reliable box-office {it}acumen{/it}"
              }
            ]
          ]
        ]
      }
    ],
    "quotes": [
      {
        "t": "It is ironic that the impact of smoking on nonsmokers, rather than on smokers themselves, is what finally transformed the regulation and cultural {qword}perception{/qword} of the cigarette.",
        "aq": {
          "auth": "Allan M. Brandt",
          "source": "{it}The Cigarette Century{/it}",
          "aqdate": "2007"
        }
      },
      {
        "t": "The urge of these acolytes is not dramatic but mercantile\u2014to traduce all personal history, to subvert all {qword}perception{/qword} or insight, into gain, or the hope of gain.",
        "aq": {
          "auth": "David Mamet",
          "source": "{it}Jafsie and John Henry Essays{/it}",
          "aqdate": "1999"
        }
      },
      {
        "t": "Some drugs cause blurred vision and changes in color {qword}perception{/qword}, or increased tears.",
        "aq": {
          "auth": "Sallie Tisdale",
          "source": "{it}Harper's{/it}",
          "aqdate": "June 2007"
        }
      },
      {
        "t": "Everything is research for the sake of erudition. No one is taught to value himself for nice {qword}perception{/qword} and cultivated taste.",
        "aq": {
          "auth": "Robert Frost",
          "source": "letter",
          "aqdate": "2 Jan. 1915"
        }
      }
    ],
    "et": [
      [
        "text",
        "Latin {it}perception-, perceptio{/it} act of perceiving, from {it}percipere{/it} {dx_ety}see {dxt|perceive||}{/dx_ety}"
      ]
    ],
    "date": "14th century{ds||2||}",
    "shortdef": [
      "a result of perceiving : observation",
      "a mental image : concept",
      "consciousness"
    ]
  },
  {
    "meta": {
      "id": "depth perception",
      "uuid": "4e48023f-38f5-4ca2-8e36-20d52d317761",
      "sort": "041338000",
      "src": "collegiate",
      "section": "alpha",
      "stems": [
        "depth perception",
        "depth perceptions"
      ],
      "offensive": false
    },
    "hwi": {
      "hw": "depth perception"
    },
    "fl": "noun",
    "def": [
      {
        "sseq": [
          [
            [
              "sense",
              {
                "dt": [
                  [
                    "text",
                    "{bc}the ability to judge the distance of objects and the spatial relationship of objects at different distances"
                  ]
                ]
              }
            ]
          ]
        ]
      }
    ],
    "date": "circa 1911",
    "shortdef": [
      "the ability to judge the distance of objects and the spatial relationship of objects at different distances"
    ]
  },
  {
    "meta": {
      "id": "extrasensory perception",
      "uuid": "e31081c1-0c3e-4d80-add0-f9c57806fdc3",
      "sort": "050307200",
      "src": "collegiate",
      "section": "alpha",
      "stems": [
        "ESP",
        "extrasensory perception",
        "extrasensory perceptions"
      ],
      "offensive": false
    },
    "hwi": {
      "hw": "extrasensory perception"
    },
    "fl": "noun",
    "def": [
      {
        "sseq": [
          [
            [
              "sense",
              {
                "dt": [
                  [
                    "text",
                    "{bc}perception (as in telepathy, clairvoyance, and precognition) that involves awareness of information about events external to the self not gained through the senses and not deducible from previous experience "
                  ],
                  [
                    "ca",
                    {
                      "intro": "called also",
                      "cats": [
                        {
                          "cat": "ESP"
                        }
                      ]
                    }
                  ]
                ]
              }
            ]
          ]
        ]
      }
    ],
    "date": "1934",
    "shortdef": [
      "perception (as in telepathy, clairvoyance, and precognition) that involves awareness of information about events external to the self not gained through the senses and not deducible from previous experience \u2014called also ESP"
    ]
  },
  {
    "meta": {
      "id": "self-perception",
      "uuid": "7cfc61a4-7d9b-4fd5-b3a0-ba6489d1b633",
      "sort": "192384000",
      "src": "collegiate",
      "section": "alpha",
      "stems": [
        "self-perception",
        "self-perceptions"
      ],
      "offensive": false
    },
    "hwi": {
      "hw": "self-per*cep*tion",
      "prs": [
        {
          "mw": "\u02ccself-p\u0259r-\u02c8sep-sh\u0259n",
          "sound": {
            "audio": "selfpe01",
            "ref": "c",
            "stat": "1"
          }
        }
      ]
    },
    "fl": "noun",
    "def": [
      {
        "sseq": [
          [
            [
              "sense",
              {
                "dt": [
                  [
                    "text",
                    "{bc}perception of oneself"
                  ]
                ],
                "sdsense": {
                  "sd": "especially",
                  "dt": [
                    [
                      "text",
                      "{bc}{sx|self-concept||}"
                    ]
                  ]
                }
              }
            ]
          ]
        ]
      }
    ],
    "date": "1666",
    "shortdef": [
      "perception of oneself; especially : self-concept"
    ]
  }
]