[
  {
    "meta": {
      "id": "photography",
      "uuid": "6304299a-a5db-4f6f-a721-2dd66f372ffe",
      "sort": "160259100",
      "src": "collegiate",
      "section": "alpha",
      "stems": [
        "photographies",
        "photography"
      ],
      "offensive": false
    },
    "hwi": {
      "hw": "pho*tog*ra*phy",
      "prs": [
        {
          "mw": "f\u0259-\u02c8t\u00e4-gr\u0259-f\u0113",
          "sound": {
            "audio": "photog17",
            "ref": "c",
            "stat": "1"
          }
        }
      ]
    },
    "fl": "noun",
    "def": [
      {
        "sseq": [
          [
            [
              "sense",
              {
                "dt": [
                  [
                    "text",
                    "{bc}the art or process of producing images by the action of radiant energy and especially light on a sensitive surface (such as film or an optical sensor)"
                  ]
                ]
              }
            ]
          ]
        ]
      }
    ],
    "date": "1839",
    "shortdef": [
      "the art or process of producing images by the action of radiant energy and especially light on a sensitive surface (such as film or an optical sensor)"
    ]
  },
  {
    "meta": {
      "id": "Kirlian photography",
      "uuid": "370a605f-6559-4bc6-940c-2f19f17fb608",
      "sort": "110052600",
      "src": "collegiate",
      "section": "alpha",
      "stems": [
        "Kirlian photograph",
        "Kirlian photography"
      ],
      "offensive": false
    },
    "hwi": {
      "hw": "Kir*li*an photography",
      "prs": [
        {
          "mw": "\u02c8kir-l\u0113-\u0259n-",
          "sound": {
            "audio": "kirlia01",
            "ref": "c",
            "stat": "1"
          }
        }
      ]
    },
    "fl": "noun",
    "def": [
      {
        "sseq": [
          [
            [
              "sense",
              {
                "dt": [
                  [
                    "text",
                    "{bc}a process in which an image is obtained by application of a high-frequency electric field to an object so that it radiates a characteristic pattern of luminescence that is recorded on photographic film"
                  ]
                ]
              }
            ]
          ]
        ]
      }
    ],
    "uros": [
      {
        "ure": "Kirlian photograph",
        "fl": "noun"
      }
    ],
    "et": [
      [
        "text",
        "Sem\u00ebn D. {it}Kirlian{/it} \u20201978 and Valentina Kh. {it}Kirlian{/it} \u20201971 Soviet inventors"
      ]
    ],
    "date": "1972",
    "shortdef": [
      "a process in which an image is obtained by application of a high-frequency electric field to an object so that it radiates a characteristic pattern of luminescence that is recorded on photographic film"
    ]
  },
  {
    "meta": {
      "id": "director of photography",
      "uuid": "494a5ff1-4329-4391-90fb-b03552881f71",
      "sort": "3004703000",
      "src": "ld",
      "section": "idioms",
      "stems": [
        "director of photography"
      ],
      "offensive": false
    },
    "hwi": {
      "hw": "director of photography"
    },
    "fl": "noun phrase",
    "def": [
      {
        "sseq": [
          [
            [
              "sense",
              {
                "dt": [
                  [
                    "text",
                    "{bc}the person who is in charge of filming for a movie"
                  ]
                ]
              }
            ]
          ]
        ]
      }
    ],
    "shortdef": [
      "the person who is in charge of filming for a movie"
    ]
  },
  {
    "meta": {
      "id": "trick photography",
      "uuid": "d401cc7e-9787-4106-ac8f-33b45d0d2cc4",
      "sort": "3021464000",
      "src": "ld",
      "section": "idioms",
      "stems": [
        "trick photography"
      ],
      "offensive": false
    },
    "hwi": {
      "hw": "trick photography"
    },
    "fl": "noun",
    "def": [
      {
        "sseq": [
          [
            [
              "sense",
              {
                "dt": [
                  [
                    "text",
                    "{bc}photography that uses special methods to make things that are not real seem to be real"
                  ]
                ]
              }
            ]
          ]
        ]
      }
    ],
    "shortdef": [
      "photography that uses special methods to make things that are not real seem to be real"
    ]
  }
]