[
  {
    "meta": {
      "id": "ping-pong:1",
      "uuid": "7e04c432-8d15-4d14-b212-076323bfcc1d",
      "sort": "160316100",
      "src": "collegiate",
      "section": "alpha",
      "stems": [
        "ping-pong",
        "ping-ponged",
        "ping-ponging",
        "ping-pongs"
      ],
      "offensive": false
    },
    "hom": 1,
    "hwi": {
      "hw": "ping-pong",
      "prs": [
        {
          "mw": "\u02c8pi\u014b-\u02ccp\u00e4\u014b",
          "sound": {
            "audio": "pingpo01",
            "ref": "c",
            "stat": "1"
          }
        },
        {
          "mw": "-\u02ccp\u022f\u014b"
        }
      ]
    },
    "fl": "verb",
    "ins": [
      {
        "if": "ping-ponged"
      },
      {
        "if": "ping-pong*ing"
      },
      {
        "if": "ping-pongs"
      }
    ],
    "def": [
      {
        "sseq": [
          [
            [
              "sense",
              {
                "dt": [
                  [
                    "text",
                    "{bc}{sx|shift||}, {sx|bounce||}"
                  ]
                ]
              }
            ]
          ]
        ]
      }
    ],
    "date": "1902",
    "shortdef": [
      "shift, bounce"
    ]
  },
  {
    "meta": {
      "id": "ping-pong:2",
      "uuid": "d8e868ca-ad8f-42cb-ae95-893d1fd18c1a",
      "sort": "160316200",
      "src": "collegiate",
      "section": "alpha",
      "stems": [
        "ping-pong",
        "ping-pongs"
      ],
      "offensive": false
    },
    "hom": 2,
    "hwi": {
      "hw": "ping-pong"
    },
    "fl": "noun",
    "def": [
      {
        "sseq": [
          [
            [
              "sense",
              {
                "dt": [
                  [
                    "text",
                    "{bc}something resembling a game of table tennis"
                  ]
                ],
                "sdsense": {
                  "sd": "especially",
                  "dt": [
                    [
                      "text",
                      "{bc}a series of usually verbal exchanges between two parties "
                    ],
                    [
                      "vis",
                      [
                        {
                          "t": "a {wi}ping-pong{/wi} of absurdist dialogue",
                          "aq": {
                            "auth": "Lawrence O'Toole"
                          }
                        }
                      ]
                    ]
                  ]
                }
              }
            ]
          ]
        ]
      }
    ],
    "date": "1909",
    "shortdef": [
      "something resembling a game of table tennis; especially : a series of usually verbal exchanges between two parties"
    ]
  },
  {
    "meta": {
      "id": "Ping-Pong",
      "uuid": "f3205eb8-ddf4-4ba3-92c3-768dc20b74ed",
      "sort": "160316300",
      "src": "collegiate",
      "section": "alpha",
      "stems": [
        "Ping-Pong",
        "ping-pongs"
      ],
      "offensive": false
    },
    "hwi": {
      "hw": "Ping-Pong",
      "prs": [
        {
          "mw": "\u02c8pi\u014b-\u02ccp\u00e4\u014b",
          "sound": {
            "audio": "pingpo02",
            "ref": "c",
            "stat": "1"
          }
        },
        {
          "mw": "-\u02ccp\u022f\u014b"
        }
      ]
    },
    "fl": "trademark",
    "def": [
      {
        "sseq": [
          [
            [
              "sense",
              {
                "dt": [
                  [
                    "uns",
                    [
                      [
                        [
                          "text",
                          "used for table tennis"
                        ]
                      ]
                    ]
                  ]
                ]
              }
            ]
          ]
        ]
      }
    ],
    "shortdef": [
      "\u2014used for table tennis"
    ]
  }
]