[
  {
    "meta": {
      "id": "point:1",
      "uuid": "4f81a70c-2b16-4b32-b3a3-dbfb5a4fa6e1",
      "sort": "165399000",
      "src": "collegiate",
      "section": "alpha",
      "stems": [
        "beside the point",
        "in point of",
        "on point",
        "point",
        "points",
        "to the point"
      ],
      "offensive": false
    },
    "hom": 1,
    "hwi": {
      "hw": "point",
      "prs": [
        {
          "mw": "\u02c8p\u022fint",
          "sound": {
            "audio": "point001",
            "ref": "c",
            "stat": "1"
          }
        }
      ]
    },
    "fl": "noun",
    "def": [
      {
        "sseq": [
          [
            [
              "pseq",
              [
                [
                  "sense",
                  {
                    "sn": "1 a (1)",
                    "dt": [
                      [
                        "text",
                        "{bc}an individual detail {bc}{sx|item||}"
                      ]
                    ]
                  }
                ],
                [
                  "sense",
                  {
                    "sn": "(2)",
                    "dt": [
                      [
                        "text",
                        "{bc}a distinguishing detail "
                      ],
                      [
                        "vis",
                        [
                          {
                            "t": "tact is one of her strong {wi}points{/wi}"
                          }
                        ]
                      ]
                    ]
                  }
                ]
              ]
            ],
            [
              "sense",
              {
                "sn": "b",
                "dt": [
                  [
                    "text",
                    "{bc}the most important essential in a discussion or matter "
                  ],
                  [
                    "vis",
                    [
                      {
                        "t": "missed the whole {wi}point{/wi} of the joke"
                      }
                    ]
                  ]
                ]
              }
            ],
            [
              "sense",
              {
                "sn": "c",
                "dt": [
                  [
                    "text",
                    "{bc}{sx|cogency||}"
                  ]
                ]
              }
            ]
          ],
          [
            [
              "sense",
              {
                "sn": "2",
                "sls": [
                  "obsolete"
                ],
                "dt": [
                  [
                    "text",
                    "{bc}physical condition"
                  ]
                ]
              }
            ]
          ],
          [
            [
              "sense",
              {
                "sn": "3",
                "dt": [
                  [
                    "text",
                    "{bc}an end or object to be achieved {bc}{sx|purpose||} "
                  ],
                  [
                    "vis",
                    [
                      {
                        "t": "did not see what {wi}point{/wi} there was in continuing the discussion"
                      }
                    ]
                  ]
                ]
              }
            ]
          ],
          [
            [
              "sense",
              {
                "sn": "4 a",
                "dt": [
                  [
                    "text",
                    "{bc}a geometric element that has zero dimensions and a location determinable by an ordered set of coordinates"
                  ]
                ]
              }
            ],
            [
              "pseq",
              [
                [
                  "sense",
                  {
                    "sn": "b (1)",
                    "dt": [
                      [
                        "text",
                        "{bc}a narrowly localized place having a precisely indicated position "
                      ],
                      [
                        "vis",
                        [
                          {
                            "t": "walked to a {wi}point{/wi} 50 yards north of the building"
                          }
                        ]
                      ]
                    ]
                  }
                ],
                [
                  "sense",
                  {
                    "sn": "(2)",
                    "dt": [
                      [
                        "text",
                        "{bc}a particular place {bc}{sx|locality||} "
                      ],
                      [
                        "vis",
                        [
                          {
                            "t": "have come from distant {wi}points{/wi}"
                          }
                        ]
                      ]
                    ]
                  }
                ]
              ]
            ],
            [
              "pseq",
              [
                [
                  "sense",
                  {
                    "sn": "c (1)",
                    "dt": [
                      [
                        "text",
                        "{bc}an exact moment "
                      ],
                      [
                        "vis",
                        [
                          {
                            "t": "at this {wi}point{/wi} I was interrupted"
                          }
                        ]
                      ]
                    ]
                  }
                ],
                [
                  "sense",
                  {
                    "sn": "(2)",
                    "dt": [
                      [
                        "text",
                        "{bc}a time interval immediately before something indicated {bc}{sx|verge||} "
                      ],
                      [
                        "vis",
                        [
                          {
                            "t": "at the {wi}point{/wi} of death"
                          }
                        ]
                      ]
                    ]
                  }
                ]
              ]
            ],
            [
              "pseq",
              [
                [
                  "sense",
                  {
                    "sn": "d (1)",
                    "dt": [
                      [
                        "text",
                        "{bc}a particular step, stage, or degree in development "
                      ],
                      [
                        "vis",
                        [
                          {
                            "t": "had reached the {wi}point{/wi} where nothing seemed to matter anymore"
                          }
                        ]
                      ]
                    ]
                  }
                ],
                [
                  "sense",
                  {
                    "sn": "(2)",
                    "dt": [
                      [
                        "text",
                        "{bc}a definite position in a scale"
                      ]
                    ]
                  }
                ]
              ]
            ]
          ],
          [
            [
              "sense",
              {
                "sn": "5 a",
                "dt": [
                  [
                    "text",
                    "{bc}the terminal usually sharp or narrowly rounded part of something {bc}{sx|tip||}"
                  ]
                ]
              }
            ],
            [
              "pseq",
              [
                [
                  "bs",
                  {
                    "sense": {
                      "sn": "b",
                      "dt": [
                        [
                          "text",
                          "{bc}a weapon or tool having such a part and used for stabbing or piercing: such as"
                        ]
                      ]
                    }
                  }
                ],
                [
                  "sense",
                  {
                    "sn": "(1)",
                    "dt": [
                      [
                        "text",
                        "{bc}{sx|arrowhead||}"
                      ]
                    ]
                  }
                ],
                [
                  "sense",
                  {
                    "sn": "(2)",
                    "dt": [
                      [
                        "text",
                        "{bc}{sx|spearhead||}"
                      ]
                    ]
                  }
                ]
              ]
            ],
            [
              "pseq",
              [
                [
                  "sense",
                  {
                    "sn": "c (1)",
                    "dt": [
                      [
                        "text",
                        "{bc}the contact or discharge extremity of an electric device (such as a spark plug or distributor)"
                      ]
                    ]
                  }
                ],
                [
                  "sense",
                  {
                    "sn": "(2)",
                    "sls": [
                      "chiefly British"
                    ],
                    "dt": [
                      [
                        "text",
                        "{bc}an electric outlet"
                      ]
                    ]
                  }
                ]
              ]
            ]
          ],
          [
            [
              "sense",
              {
                "sn": "6 a",
                "dt": [
                  [
                    "text",
                    "{bc}a projecting usually tapering piece of land or a sharp prominence"
                  ]
                ]
              }
            ],
            [
              "pseq",
              [
                [
                  "sense",
                  {
                    "sn": "b (1)",
                    "dt": [
                      [
                        "text",
                        "{bc}the tip of a projecting body part"
                      ]
                    ]
                  }
                ],
                [
                  "sense",
                  {
                    "sn": "(2)",
                    "dt": [
                      [
                        "text",
                        "{bc}{sx|tine||2}"
                      ]
                    ]
                  }
                ],
                [
                  "sense",
                  {
                    "sn": "(3)",
                    "ins": [
                      {
                        "if": "points",
                        "spl": "plural"
                      }
                    ],
                    "dt": [
                      [
                        "text",
                        "{bc}the extremities or markings of the extremities of an animal especially when of a color differing from the rest of the body"
                      ]
                    ]
                  }
                ]
              ]
            ],
            [
              "sense",
              {
                "sn": "c",
                "dt": [
                  [
                    "text",
                    "{bc}a railroad switch"
                  ]
                ]
              }
            ],
            [
              "sense",
              {
                "sn": "d",
                "dt": [
                  [
                    "text",
                    "{bc}the head of the bow of a stringed instrument"
                  ]
                ]
              }
            ]
          ],
          [
            [
              "sense",
              {
                "sn": "7",
                "dt": [
                  [
                    "text",
                    "{bc}a short musical phrase"
                  ]
                ],
                "sdsense": {
                  "sd": "especially",
                  "dt": [
                    [
                      "text",
                      "{bc}a phrase in contrapuntal music"
                    ]
                  ]
                }
              }
            ]
          ],
          [
            [
              "sense",
              {
                "sn": "8 a",
                "dt": [
                  [
                    "text",
                    "{bc}a very small mark"
                  ]
                ]
              }
            ],
            [
              "pseq",
              [
                [
                  "sense",
                  {
                    "sn": "b (1)",
                    "dt": [
                      [
                        "text",
                        "{bc}{sx|punctuation mark||}"
                      ]
                    ],
                    "sdsense": {
                      "sd": "especially",
                      "dt": [
                        [
                          "text",
                          "{bc}{sx|period||5a(1)}"
                        ]
                      ]
                    }
                  }
                ],
                [
                  "sense",
                  {
                    "sn": "(2)",
                    "dt": [
                      [
                        "text",
                        "{bc}{sx|decimal point||}"
                      ]
                    ]
                  }
                ]
              ]
            ]
          ],
          [
            [
              "sense",
              {
                "sn": "9",
                "dt": [
                  [
                    "text",
                    "{bc}a lace for tying parts of a garment together used especially in the 16th and 17th centuries"
                  ]
                ]
              }
            ]
          ],
          [
            [
              "sense",
              {
                "sn": "10",
                "dt": [
                  [
                    "text",
                    "{bc}one of usually 11 divisions of a heraldic shield that determines the position of a charge"
                  ]
                ]
              }
            ]
          ],
          [
            [
              "sense",
              {
                "sn": "11 a",
                "dt": [
                  [
                    "text",
                    "{bc}one of the 32 equidistant spots of a compass card for indicating direction"
                  ]
                ]
              }
            ],
            [
              "sense",
              {
                "sn": "b",
                "dt": [
                  [
                    "text",
                    "{bc}the difference of 11\u00b9/\u2084 degrees between two such successive {a_link|points}"
                  ]
                ]
              }
            ],
            [
              "sense",
              {
                "sn": "c",
                "dt": [
                  [
                    "text",
                    "{bc}a direction indicated by a compass point "
                  ],
                  [
                    "vis",
                    [
                      {
                        "t": "from all {wi}points{/wi} of the compass"
                      }
                    ]
                  ]
                ]
              }
            ]
          ],
          [
            [
              "sense",
              {
                "sn": "12",
                "dt": [
                  [
                    "text",
                    "{bc}a small detachment ahead of an advance guard or behind a rear guard"
                  ]
                ]
              }
            ]
          ],
          [
            [
              "sense",
              {
                "sn": "13 a",
                "dt": [
                  [
                    "text",
                    "{bc}{sx|needlepoint||1}"
                  ]
                ]
              }
            ],
            [
              "sense",
              {
                "sn": "b",
                "dt": [
                  [
                    "text",
                    "{bc}lace made with a bobbin"
                  ]
                ]
              }
            ]
          ],
          [
            [
              "sense",
              {
                "sn": "14",
                "dt": [
                  [
                    "text",
                    "{bc}one of 12 spaces marked off on each side of a backgammon board"
                  ]
                ]
              }
            ]
          ],
          [
            [
              "pseq",
              [
                [
                  "bs",
                  {
                    "sense": {
                      "sn": "15",
                      "dt": [
                        [
                          "text",
                          "{bc}a unit of measurement: such as"
                        ]
                      ]
                    }
                  }
                ],
                [
                  "sense",
                  {
                    "sn": "a (1)",
                    "dt": [
                      [
                        "text",
                        "{bc}a unit of counting in the scoring of a game or contest"
                      ]
                    ]
                  }
                ],
                [
                  "sense",
                  {
                    "sn": "(2)",
                    "dt": [
                      [
                        "text",
                        "{bc}a unit used in evaluating the strength of a bridge hand"
                      ]
                    ]
                  }
                ]
              ]
            ],
            [
              "sense",
              {
                "sn": "b",
                "dt": [
                  [
                    "text",
                    "{bc}a unit of academic credit"
                  ]
                ]
              }
            ],
            [
              "pseq",
              [
                [
                  "sense",
                  {
                    "sn": "c (1)",
                    "dt": [
                      [
                        "text",
                        "{bc}a unit used in quoting prices (as of stocks, bonds, and commodities)"
                      ]
                    ]
                  }
                ],
                [
                  "sense",
                  {
                    "sn": "(2)",
                    "ins": [
                      {
                        "if": "points",
                        "spl": "plural"
                      }
                    ],
                    "dt": [
                      [
                        "text",
                        "{bc}a percentage of the face value of a loan often added as a placement fee or service charge"
                      ]
                    ]
                  }
                ],
                [
                  "sense",
                  {
                    "sn": "(3)",
                    "dt": [
                      [
                        "text",
                        "{bc}a percentage of the profits of a business venture (such as a motion-picture production)"
                      ]
                    ]
                  }
                ]
              ]
            ],
            [
              "sense",
              {
                "sn": "d",
                "dt": [
                  [
                    "text",
                    "{bc}a unit of about \u00b9/\u2087\u2082 inch used especially to measure the size of type"
                  ]
                ]
              }
            ]
          ],
          [
            [
              "bs",
              {
                "sense": {
                  "sn": "16",
                  "dt": [
                    [
                      "text",
                      "{bc}the action of {a_link|pointing}: such as"
                    ]
                  ]
                }
              }
            ],
            [
              "sense",
              {
                "sn": "a",
                "dt": [
                  [
                    "text",
                    "{bc}the rigidly intent attitude of a hunting dog marking game for a gunner"
                  ]
                ]
              }
            ],
            [
              "sense",
              {
                "sn": "b",
                "dt": [
                  [
                    "text",
                    "{bc}the action in dancing of extending one leg and arching the foot so that only the tips of the toes touch the floor"
                  ]
                ]
              }
            ]
          ],
          [
            [
              "sense",
              {
                "sn": "17",
                "dt": [
                  [
                    "text",
                    "{bc}a position of a player in various games (such as lacrosse)"
                  ]
                ],
                "sdsense": {
                  "sd": "also",
                  "dt": [
                    [
                      "text",
                      "{bc}the player of such a position"
                    ]
                  ]
                }
              }
            ]
          ],
          [
            [
              "sense",
              {
                "sn": "18",
                "dt": [
                  [
                    "text",
                    "{bc}a number thrown on the first roll of the dice in craps which the player attempts to repeat before throwing a seven {dx}compare {dxt|missout||}, {dxt|pass||13}{/dx}"
                  ]
                ]
              }
            ]
          ],
          [
            [
              "sense",
              {
                "sn": "19",
                "dt": [
                  [
                    "text",
                    "{bc}credit accruing from creating a good impression "
                  ],
                  [
                    "vis",
                    [
                      {
                        "t": "scored {wi}points{/wi} for hard work"
                      }
                    ]
                  ]
                ]
              }
            ]
          ]
        ]
      }
    ],
    "dros": [
      {
        "drp": "beside the point",
        "def": [
          {
            "sseq": [
              [
                [
                  "sense",
                  {
                    "dt": [
                      [
                        "text",
                        "{bc}{sx|irrelevant||}"
                      ]
                    ]
                  }
                ]
              ]
            ]
          }
        ]
      },
      {
        "drp": "in point of",
        "def": [
          {
            "sseq": [
              [
                [
                  "sense",
                  {
                    "dt": [
                      [
                        "text",
                        "{bc}with regard to {bc}in the matter of "
                      ],
                      [
                        "vis",
                        [
                          {
                            "t": "{it}in point of{/it} law"
                          },
                          {
                            "t": "{it}in point of{/it} fact"
                          }
                        ]
                      ]
                    ]
                  }
                ]
              ]
            ]
          }
        ]
      },
      {
        "drp": "to the point",
        "def": [
          {
            "sseq": [
              [
                [
                  "sense",
                  {
                    "dt": [
                      [
                        "text",
                        "{bc}{sx|relevant||}, {sx|pertinent||} "
                      ],
                      [
                        "vis",
                        [
                          {
                            "t": "a suggestion that was {it}to the point{/it}"
                          }
                        ]
                      ]
                    ]
                  }
                ]
              ]
            ]
          }
        ]
      },
      {
        "drp": "on point",
        "def": [
          {
            "sseq": [
              [
                [
                  "sense",
                  {
                    "dt": [
                      [
                        "text",
                        "{bc}relevant to the issue at hand {bc}accurate and appropriate for the purpose or situation "
                      ],
                      [
                        "vis",
                        [
                          {
                            "t": "trying to stay {wi}on point{/wi}"
                          },
                          {
                            "t": "And although much of this criticism is na\u00efve, altogether too much of it is right {wi}on point{/wi}",
                            "aq": {
                              "auth": "Richard Morin"
                            }
                          }
                        ]
                      ]
                    ]
                  }
                ]
              ]
            ]
          }
        ]
      }
    ],
    "et": [
      [
        "text",
        "Middle English, partly from Anglo-French, prick, dot, moment, from Latin {it}punctum{/it}, from neuter of {it}punctus{/it}, past participle of {it}pungere{/it} to prick; partly from Anglo-French {it}pointe{/it} sharp end, from Vulgar Latin {it}*puncta{/it}, from Latin, feminine of {it}punctus{/it}, past participle {ma}{mat|pungent|}{/ma}"
      ]
    ],
    "date": "13th century{ds||1|a|1}",
    "shortdef": [
      "an individual detail : item",
      "a distinguishing detail",
      "the most important essential in a discussion or matter"
    ]
  },
  {
    "meta": {
      "id": "point:2",
      "uuid": "3228de5a-6d22-45a1-b863-e463c57daac9",
      "sort": "165400000",
      "src": "collegiate",
      "section": "alpha",
      "stems": [
        "point",
        "pointed",
        "pointing",
        "points"
      ],
      "offensive": false
    },
    "hom": 2,
    "hwi": {
      "hw": "point"
    },
    "fl": "verb",
    "ins": [
      {
        "if": "point*ed"
      },
      {
        "if": "point*ing"
      },
      {
        "if": "points"
      }
    ],
    "def": [
      {
        "vd": "transitive verb",
        "sseq": [
          [
            [
              "sense",
              {
                "sn": "1 a",
                "dt": [
                  [
                    "text",
                    "{bc}to furnish with a point {bc}{sx|sharpen||} "
                  ],
                  [
                    "vis",
                    [
                      {
                        "t": "{wi}pointing{/wi} a pencil with a knife"
                      }
                    ]
                  ]
                ]
              }
            ],
            [
              "sense",
              {
                "sn": "b",
                "dt": [
                  [
                    "text",
                    "{bc}to give added force, emphasis, or piquancy to "
                  ],
                  [
                    "vis",
                    [
                      {
                        "t": "{wi}point{/wi} up a remark"
                      }
                    ]
                  ]
                ]
              }
            ]
          ],
          [
            [
              "sense",
              {
                "sn": "2",
                "dt": [
                  [
                    "text",
                    "{bc}to scratch out the old mortar from the joints of (something, such as a brick wall) and fill in with new material"
                  ]
                ]
              }
            ]
          ],
          [
            [
              "pseq",
              [
                [
                  "sense",
                  {
                    "sn": "3 a (1)",
                    "dt": [
                      [
                        "text",
                        "{bc}to mark the pauses or grammatical divisions in {bc}{sx|punctuate||}"
                      ]
                    ]
                  }
                ],
                [
                  "sense",
                  {
                    "sn": "(2)",
                    "dt": [
                      [
                        "text",
                        "{bc}to separate (a decimal fraction) from an integer by a decimal point "
                      ],
                      [
                        "uns",
                        [
                          [
                            [
                              "text",
                              "usually used with {it}off{/it}"
                            ]
                          ]
                        ]
                      ]
                    ]
                  }
                ]
              ]
            ],
            [
              "sense",
              {
                "sn": "b",
                "dt": [
                  [
                    "text",
                    "{bc}to mark (words, such as Hebrew words) with diacritics (such as vowel {a_link|points})"
                  ]
                ]
              }
            ]
          ],
          [
            [
              "pseq",
              [
                [
                  "sense",
                  {
                    "sn": "4 a (1)",
                    "dt": [
                      [
                        "text",
                        "{bc}to indicate the position or direction of especially by extending a finger "
                      ],
                      [
                        "vis",
                        [
                          {
                            "t": "{wi}point{/wi} the way home"
                          }
                        ]
                      ]
                    ]
                  }
                ],
                [
                  "sense",
                  {
                    "sn": "(2)",
                    "dt": [
                      [
                        "text",
                        "{bc}to direct someone's attention to "
                      ],
                      [
                        "vis",
                        [
                          {
                            "t": "{wi}point{/wi} the way to new knowledge",
                            "aq": {
                              "auth": "Elizabeth Hall"
                            }
                          }
                        ]
                      ],
                      [
                        "uns",
                        [
                          [
                            [
                              "text",
                              "usually used with {it}out{/it} or {it}up{/it} "
                            ],
                            [
                              "vis",
                              [
                                {
                                  "t": "{wi}point{/wi} out a mistake"
                                },
                                {
                                  "t": "{wi}points{/wi} up the difference"
                                }
                              ]
                            ]
                          ]
                        ]
                      ]
                    ]
                  }
                ]
              ]
            ],
            [
              "sense",
              {
                "sn": "b",
                "sls": [
                  "of a hunting dog"
                ],
                "dt": [
                  [
                    "text",
                    "{bc}to indicate the presence and place of (game) by stiffening into a fixed position with head and gaze directed toward the animal hunted"
                  ]
                ]
              }
            ]
          ],
          [
            [
              "sense",
              {
                "sn": "5 a",
                "dt": [
                  [
                    "text",
                    "{bc}to cause to be turned in a particular direction "
                  ],
                  [
                    "vis",
                    [
                      {
                        "t": "{wi}point{/wi} a gun"
                      },
                      {
                        "t": "{wi}pointed{/wi} the boat upstream"
                      }
                    ]
                  ]
                ]
              }
            ],
            [
              "sense",
              {
                "sn": "b",
                "dt": [
                  [
                    "text",
                    "{bc}to extend (a leg) and arch (the foot) in executing a point in dancing"
                  ]
                ]
              }
            ]
          ]
        ]
      },
      {
        "vd": "intransitive verb",
        "sseq": [
          [
            [
              "sense",
              {
                "sn": "1 a",
                "dt": [
                  [
                    "text",
                    "{bc}to indicate the fact or probability of something specified "
                  ],
                  [
                    "vis",
                    [
                      {
                        "t": "everything {wi}points{/wi} to a bright future"
                      }
                    ]
                  ]
                ]
              }
            ],
            [
              "sense",
              {
                "sn": "b",
                "dt": [
                  [
                    "text",
                    "{bc}to indicate the position or direction of something especially by extending a finger "
                  ],
                  [
                    "vis",
                    [
                      {
                        "t": "{wi}point{/wi} at the map"
                      }
                    ]
                  ]
                ]
              }
            ],
            [
              "sense",
              {
                "sn": "c",
                "dt": [
                  [
                    "text",
                    "{bc}to direct attention "
                  ],
                  [
                    "vis",
                    [
                      {
                        "t": "can {wi}point{/wi} with pride to their own traditions"
                      }
                    ]
                  ]
                ]
              }
            ],
            [
              "sense",
              {
                "sn": "d",
                "dt": [
                  [
                    "text",
                    "{bc}to point game "
                  ],
                  [
                    "vis",
                    [
                      {
                        "t": "a dog that {wi}points{/wi} well"
                      }
                    ]
                  ]
                ]
              }
            ]
          ],
          [
            [
              "sense",
              {
                "sn": "2 a",
                "dt": [
                  [
                    "text",
                    "{bc}to lie extended, aimed, or turned in a particular direction "
                  ],
                  [
                    "vis",
                    [
                      {
                        "t": "a directional arrow that {wi}pointed{/wi} to the north"
                      }
                    ]
                  ]
                ]
              }
            ],
            [
              "sense",
              {
                "sn": "b",
                "dt": [
                  [
                    "text",
                    "{bc}to execute a point in dancing"
                  ]
                ]
              }
            ]
          ],
          [
            [
              "sense",
              {
                "sn": "3",
                "sls": [
                  "of a ship"
                ],
                "dt": [
                  [
                    "text",
                    "{bc}to sail close to the wind"
                  ]
                ]
              }
            ]
          ],
          [
            [
              "sense",
              {
                "sn": "4",
                "dt": [
                  [
                    "text",
                    "{bc}to train for a particular contest"
                  ]
                ]
              }
            ]
          ]
        ]
      }
    ],
    "date": "14th century{ds|t|1|a|}",
    "shortdef": [
      "to furnish with a point : sharpen",
      "to give added force, emphasis, or piquancy to",
      "to scratch out the old mortar from the joints of (something, such as a brick wall) and fill in with new material"
    ]
  },
  {
    "meta": {
      "id": "point-and-click",
      "uuid": "d6c49970-2a8f-4b10-b1f4-9a542377b478",
      "sort": "165401000",
      "src": "collegiate",
      "section": "alpha",
      "stems": [
        "point-and-click"
      ],
      "offensive": false
    },
    "hwi": {
      "hw": "point-and-click",
      "prs": [
        {
          "mw": "\u02c8p\u022fint-\u0259n(d)-\u02c8klik",
          "sound": {
            "audio": "point-and-click",
            "ref": "owl",
            "stat": "1"
          }
        }
      ]
    },
    "fl": "adjective",
    "def": [
      {
        "sseq": [
          [
            [
              "sense",
              {
                "dt": [
                  [
                    "text",
                    "{bc}of, relating to, or being a computer interface that allows the activation of a file or function by selection with a pointing device (such as a mouse)"
                  ]
                ]
              }
            ]
          ]
        ]
      }
    ],
    "date": "1983",
    "shortdef": [
      "of, relating to, or being a computer interface that allows the activation of a file or function by selection with a pointing device (such as a mouse)"
    ]
  },
  {
    "meta": {
      "id": "point-and-shoot",
      "uuid": "c6110c67-17fe-45bf-a06c-979b141be879",
      "sort": "165402000",
      "src": "collegiate",
      "section": "alpha",
      "stems": [
        "point-and-shoot"
      ],
      "offensive": false
    },
    "hwi": {
      "hw": "point-and-shoot",
      "prs": [
        {
          "mw": "\u02c8p\u022fint-\u0259n(d)-\u02c8sh\u00fct",
          "sound": {
            "audio": "point-and-shoot",
            "ref": "owl",
            "stat": "1"
          }
        }
      ]
    },
    "fl": "adjective",
    "def": [
      {
        "sseq": [
          [
            [
              "sense",
              {
                "dt": [
                  [
                    "text",
                    "{bc}having or using preset or automatically adjusted controls (as for focus or shutter speed) "
                  ],
                  [
                    "vis",
                    [
                      {
                        "t": "a {wi}point-and-shoot{/wi} camera"
                      }
                    ]
                  ]
                ]
              }
            ]
          ]
        ]
      }
    ],
    "date": "1964",
    "shortdef": [
      "having or using preset or automatically adjusted controls (as for focus or shutter speed)"
    ]
  },
  {
    "meta": {
      "id": "point-blank",
      "uuid": "afe3dbd2-1683-4376-9f11-cef46058c4b3",
      "sort": "165403000",
      "src": "collegiate",
      "section": "alpha",
      "stems": [
        "point-blank"
      ],
      "offensive": false
    },
    "hwi": {
      "hw": "point-blank",
      "prs": [
        {
          "mw": "\u02c8p\u022fint-\u02c8bla\u014bk",
          "sound": {
            "audio": "pointb01",
            "ref": "c",
            "stat": "1"
          }
        }
      ]
    },
    "fl": "adjective",
    "def": [
      {
        "sseq": [
          [
            [
              "sense",
              {
                "sn": "1 a",
                "dt": [
                  [
                    "text",
                    "{bc}marked by no appreciable drop below initial horizontal line of flight"
                  ]
                ]
              }
            ],
            [
              "sense",
              {
                "sn": "b",
                "dt": [
                  [
                    "text",
                    "{bc}so close to a target that a missile fired will travel in a straight line to the mark"
                  ]
                ]
              }
            ]
          ],
          [
            [
              "sense",
              {
                "sn": "2",
                "dt": [
                  [
                    "text",
                    "{bc}{sx|direct||}, {sx|blunt||} "
                  ],
                  [
                    "vis",
                    [
                      {
                        "t": "a {wi}point-blank{/wi} refusal"
                      }
                    ]
                  ]
                ]
              }
            ]
          ]
        ]
      }
    ],
    "uros": [
      {
        "ure": "point-blank",
        "fl": "adverb"
      }
    ],
    "date": "1591{ds||1|a|}",
    "shortdef": [
      "marked by no appreciable drop below initial horizontal line of flight",
      "so close to a target that a missile fired will travel in a straight line to the mark",
      "direct, blunt"
    ]
  },
  {
    "meta": {
      "id": "point count",
      "uuid": "116ae862-2b49-41a4-84b8-c38fc5c53c26",
      "sort": "165404000",
      "src": "collegiate",
      "section": "alpha",
      "stems": [
        "point count",
        "point counts"
      ],
      "offensive": false
    },
    "hwi": {
      "hw": "point count"
    },
    "fl": "noun",
    "def": [
      {
        "sseq": [
          [
            [
              "sense",
              {
                "dt": [
                  [
                    "text",
                    "{bc}a method of evaluating the strength of a hand in bridge by counting points for each high card and usually for long or short suits"
                  ]
                ],
                "sdsense": {
                  "sd": "also",
                  "dt": [
                    [
                      "text",
                      "{bc}the value of a hand so evaluated"
                    ]
                  ]
                }
              }
            ]
          ]
        ]
      }
    ],
    "date": "1914",
    "shortdef": [
      "a method of evaluating the strength of a hand in bridge by counting points for each high card and usually for long or short suits; also : the value of a hand so evaluated"
    ]
  },
  {
    "meta": {
      "id": "point d'appui",
      "uuid": "76a9fd45-efd9-417c-a196-dfe00e8a08ef",
      "sort": "165405000",
      "src": "collegiate",
      "section": "alpha",
      "stems": [
        "point d'appui",
        "points d'appui"
      ],
      "offensive": false
    },
    "hwi": {
      "hw": "point d'ap*pui",
      "prs": [
        {
          "mw": "\u02ccpwa\u207f(n)-da-\u02c8pw\u0113",
          "sound": {
            "audio": "pointd01",
            "ref": "c",
            "stat": "1"
          }
        }
      ]
    },
    "fl": "noun",
    "ins": [
      {
        "il": "plural",
        "if": "points d'ap*pui",
        "prs": [
          {
            "mw": "\u02ccpwa\u207f(n)-da-\u02c8pw\u0113",
            "sound": {
              "audio": "pointd01",
              "ref": "c",
              "stat": "1"
            }
          }
        ]
      }
    ],
    "def": [
      {
        "sseq": [
          [
            [
              "sense",
              {
                "dt": [
                  [
                    "text",
                    "{bc}{sx|foundation||}, {sx|base||}"
                  ]
                ]
              }
            ]
          ]
        ]
      }
    ],
    "et": [
      [
        "text",
        "French, literally, point of support"
      ]
    ],
    "date": "1781",
    "shortdef": [
      "foundation, base"
    ]
  },
  {
    "meta": {
      "id": "point-device",
      "uuid": "c376101a-34a7-4e1b-9846-77941bb236f6",
      "sort": "165406000",
      "src": "collegiate",
      "section": "alpha",
      "stems": [
        "point-device"
      ],
      "offensive": false
    },
    "hwi": {
      "hw": "point-de*vice",
      "prs": [
        {
          "mw": "\u02ccp\u022fint-di-\u02c8v\u012bs",
          "sound": {
            "audio": "pointd03",
            "ref": "c",
            "stat": "1"
          }
        }
      ]
    },
    "fl": "adjective",
    "def": [
      {
        "sls": [
          "archaic"
        ],
        "sseq": [
          [
            [
              "sense",
              {
                "dt": [
                  [
                    "text",
                    "{bc}marked by punctilious attention to detail {bc}{sx|meticulous||}"
                  ]
                ]
              }
            ]
          ]
        ]
      }
    ],
    "uros": [
      {
        "ure": "point-device",
        "fl": "adverb",
        "sls": [
          "archaic"
        ]
      }
    ],
    "et": [
      [
        "text",
        "Middle English {it}at point devis{/it} at a fixed point"
      ]
    ],
    "date": "circa 1529",
    "shortdef": [
      "marked by punctilious attention to detail : meticulous"
    ]
  },
  {
    "meta": {
      "id": "point estimate",
      "uuid": "9b4b78ce-1c86-47da-8a4b-acf0ec6cc6fb",
      "sort": "165412000",
      "src": "collegiate",
      "section": "alpha",
      "stems": [
        "point estimate",
        "point estimates"
      ],
      "offensive": false
    },
    "hwi": {
      "hw": "point estimate"
    },
    "fl": "noun",
    "def": [
      {
        "sseq": [
          [
            [
              "sense",
              {
                "dt": [
                  [
                    "text",
                    "{bc}the single value assigned to a parameter in point estimation"
                  ]
                ]
              }
            ]
          ]
        ]
      }
    ],
    "date": "1966",
    "shortdef": [
      "the single value assigned to a parameter in point estimation"
    ]
  },
  {
    "meta": {
      "id": "point estimation",
      "uuid": "026e6d42-91cf-49d1-aa17-8dcd1f514005",
      "sort": "165413000",
      "src": "collegiate",
      "section": "alpha",
      "stems": [
        "point estimation",
        "point estimations"
      ],
      "offensive": false
    },
    "hwi": {
      "hw": "point estimation"
    },
    "fl": "noun",
    "def": [
      {
        "sseq": [
          [
            [
              "sense",
              {
                "dt": [
                  [
                    "text",
                    "{bc}estimation in which a single value is assigned to a parameter"
                  ]
                ]
              }
            ]
          ]
        ]
      }
    ],
    "date": "1962",
    "shortdef": [
      "estimation in which a single value is assigned to a parameter"
    ]
  }
]