[
  {
    "meta": {
      "id": "portrait:1",
      "uuid": "a142408b-112b-4f90-9d36-6455b766ce8b",
      "sort": "166009000",
      "src": "collegiate",
      "section": "alpha",
      "stems": [
        "portrait",
        "portraits"
      ],
      "offensive": false
    },
    "hom": 1,
    "hwi": {
      "hw": "por*trait",
      "prs": [
        {
          "mw": "\u02c8p\u022fr-tr\u0259t",
          "sound": {
            "audio": "portra01",
            "ref": "c",
            "stat": "1"
          }
        },
        {
          "mw": "-\u02cctr\u0101t"
        }
      ]
    },
    "fl": "noun",
    "def": [
      {
        "sseq": [
          [
            [
              "sense",
              {
                "sn": "1",
                "dt": [
                  [
                    "text",
                    "{bc}{sx|picture||}"
                  ]
                ],
                "sdsense": {
                  "sd": "especially",
                  "dt": [
                    [
                      "text",
                      "{bc}a pictorial representation of a person usually showing the face"
                    ]
                  ]
                }
              }
            ]
          ],
          [
            [
              "sense",
              {
                "sn": "2",
                "dt": [
                  [
                    "text",
                    "{bc}a sculptured figure {bc}{sx|bust||}"
                  ]
                ]
              }
            ]
          ],
          [
            [
              "sense",
              {
                "sn": "3",
                "dt": [
                  [
                    "text",
                    "{bc}a graphic {a_link|portrayal} in words"
                  ]
                ]
              }
            ]
          ]
        ]
      }
    ],
    "et": [
      [
        "text",
        "Middle French, from past participle of {it}portraire{/it}"
      ]
    ],
    "date": "1570{ds||1||}",
    "shortdef": [
      "picture; especially : a pictorial representation of a person usually showing the face",
      "a sculptured figure : bust",
      "a graphic portrayal in words"
    ]
  },
  {
    "meta": {
      "id": "portrait:2",
      "uuid": "fb86be38-f5cc-40a6-8c9d-6e2ff09c72de",
      "sort": "166010000",
      "src": "collegiate",
      "section": "alpha",
      "stems": [
        "portrait"
      ],
      "offensive": false
    },
    "hom": 2,
    "hwi": {
      "hw": "portrait"
    },
    "fl": "adjective",
    "def": [
      {
        "sseq": [
          [
            [
              "sense",
              {
                "dt": [
                  [
                    "text",
                    "{bc}of, relating to, or being a rectangular document having the vertical dimension longer than the horizontal dimension "
                  ],
                  [
                    "vis",
                    [
                      {
                        "t": "switching from landscape to {wi}portrait{/wi} mode"
                      }
                    ]
                  ],
                  [
                    "text",
                    "{dx}compare {dxt|landscape||3}{/dx}"
                  ]
                ]
              }
            ]
          ]
        ]
      }
    ],
    "date": "1975",
    "shortdef": [
      "of, relating to, or being a rectangular document having the vertical dimension longer than the horizontal dimension"
    ]
  },
  {
    "meta": {
      "id": "self-portrait",
      "uuid": "651feb45-b308-463b-8b24-f83375a9703f",
      "sort": "192397000",
      "src": "collegiate",
      "section": "alpha",
      "stems": [
        "self-portrait",
        "self-portraits"
      ],
      "offensive": false
    },
    "hwi": {
      "hw": "self-por*trait",
      "prs": [
        {
          "mw": "\u02ccself-\u02c8p\u022fr-tr\u0259t",
          "sound": {
            "audio": "selfpo05",
            "ref": "c",
            "stat": "1"
          }
        },
        {
          "mw": "-\u02cctr\u0101t"
        }
      ]
    },
    "fl": "noun",
    "def": [
      {
        "sseq": [
          [
            [
              "sense",
              {
                "dt": [
                  [
                    "text",
                    "{bc}a portrait of oneself done by oneself"
                  ]
                ]
              }
            ]
          ]
        ]
      }
    ],
    "date": "1822",
    "shortdef": [
      "a portrait of oneself done by oneself"
    ]
  }
]