[
  {
    "meta": {
      "id": "potential:1",
      "uuid": "20c18cf7-bef2-45df-8dc7-2e815c746e96",
      "sort": "166379000",
      "src": "collegiate",
      "section": "alpha",
      "stems": [
        "potential"
      ],
      "offensive": false
    },
    "hom": 1,
    "hwi": {
      "hw": "po*ten*tial",
      "prs": [
        {
          "mw": "p\u0259-\u02c8ten(t)-sh\u0259l",
          "sound": {
            "audio": "potent03",
            "ref": "c",
            "stat": "1"
          }
        }
      ]
    },
    "fl": "adjective",
    "def": [
      {
        "sseq": [
          [
            [
              "sense",
              {
                "sn": "1",
                "dt": [
                  [
                    "text",
                    "{bc}existing in possibility {bc}capable of development into actuality "
                  ],
                  [
                    "vis",
                    [
                      {
                        "t": "{wi}potential{/wi} benefits"
                      }
                    ]
                  ]
                ]
              }
            ]
          ],
          [
            [
              "sense",
              {
                "sn": "2",
                "dt": [
                  [
                    "text",
                    "{bc}expressing possibility"
                  ]
                ],
                "sdsense": {
                  "sd": "specifically",
                  "dt": [
                    [
                      "text",
                      "{bc}of, relating to, or constituting a verb phrase expressing possibility, liberty, or power by the use of an auxiliary with the infinitive of the verb (as in \"it may rain\")"
                    ]
                  ]
                }
              }
            ]
          ]
        ]
      }
    ],
    "syns": [
      {
        "pl": "synonyms",
        "pt": [
          [
            "text",
            "{sc}latent{/sc} {sc}dormant{/sc} {sc}quiescent{/sc} {sc}potential{/sc} mean not now showing signs of activity or existence. {sc}latent{/sc} applies to a power or quality that has not yet come forth but may emerge and develop. "
          ],
          [
            "vis",
            [
              {
                "t": "a {it}latent{/it} desire for success"
              }
            ]
          ],
          [
            "text",
            " {sc}dormant{/sc} suggests the inactivity of something (such as a feeling or power) as though sleeping. "
          ],
          [
            "vis",
            [
              {
                "t": "their passion had lain {it}dormant{/it}"
              }
            ]
          ],
          [
            "text",
            " {sc}quiescent{/sc} suggests a usually temporary cessation of activity. "
          ],
          [
            "vis",
            [
              {
                "t": "the disease was {it}quiescent{/it}"
              }
            ]
          ],
          [
            "text",
            " {sc}potential{/sc} applies to what does not yet have existence or effect but is likely soon to have. "
          ],
          [
            "vis",
            [
              {
                "t": "a {it}potential{/it} disaster"
              }
            ]
          ]
        ]
      }
    ],
    "et": [
      [
        "text",
        "Middle English {it}potencial{/it}, from Late Latin {it}potentialis{/it}, from {it}potentia{/it} potentiality, from Latin, power, from {it}potent-, potens{/it}"
      ]
    ],
    "date": "14th century{ds||1||}",
    "shortdef": [
      "existing in possibility : capable of development into actuality",
      "expressing possibility; specifically : of, relating to, or constituting a verb phrase expressing possibility, liberty, or power by the use of an auxiliary with the infinitive of the verb (as in \"it may rain\")"
    ]
  },
  {
    "meta": {
      "id": "potential:2",
      "uuid": "824e71f8-da3c-45f7-8f17-3e89d0b2bdaa",
      "sort": "166380000",
      "src": "collegiate",
      "section": "alpha",
      "stems": [
        "potential",
        "potentials"
      ],
      "offensive": false
    },
    "hom": 2,
    "hwi": {
      "hw": "potential"
    },
    "fl": "noun",
    "def": [
      {
        "sseq": [
          [
            [
              "sense",
              {
                "sn": "1 a",
                "dt": [
                  [
                    "text",
                    "{bc}something that can develop or become actual "
                  ],
                  [
                    "vis",
                    [
                      {
                        "t": "a {wi}potential{/wi} for violence"
                      }
                    ]
                  ]
                ]
              }
            ],
            [
              "sense",
              {
                "sn": "b",
                "dt": [
                  [
                    "text",
                    "{bc}{sx|promise||2}"
                  ]
                ]
              }
            ]
          ],
          [
            [
              "sense",
              {
                "sn": "2 a",
                "dt": [
                  [
                    "text",
                    "{bc}any of various functions from which the intensity or the velocity at any point in a field may be readily calculated"
                  ]
                ]
              }
            ],
            [
              "sense",
              {
                "sn": "b",
                "dt": [
                  [
                    "text",
                    "{bc}the work required to move a unit positive charge from a reference point (as at infinity) to a point in question"
                  ]
                ]
              }
            ],
            [
              "sense",
              {
                "sn": "c",
                "dt": [
                  [
                    "text",
                    "{bc}{sx|potential difference||}"
                  ]
                ]
              }
            ]
          ]
        ]
      }
    ],
    "date": "1587{ds||1|a|}",
    "shortdef": [
      "something that can develop or become actual",
      "promise",
      "any of various functions from which the intensity or the velocity at any point in a field may be readily calculated"
    ]
  },
  {
    "meta": {
      "id": "potential difference",
      "uuid": "89bfeb27-36a2-489f-b85c-3b6792684dc4",
      "sort": "166381000",
      "src": "collegiate",
      "section": "alpha",
      "stems": [
        "potential difference",
        "potential differences"
      ],
      "offensive": false
    },
    "hwi": {
      "hw": "potential difference"
    },
    "fl": "noun",
    "def": [
      {
        "sseq": [
          [
            [
              "sense",
              {
                "dt": [
                  [
                    "text",
                    "{bc}the difference in potential between two points that represents the work involved or the energy released in the transfer of a unit quantity of electricity from one point to the other"
                  ]
                ]
              }
            ]
          ]
        ]
      }
    ],
    "date": "1892",
    "shortdef": [
      "the difference in potential between two points that represents the work involved or the energy released in the transfer of a unit quantity of electricity from one point to the other"
    ]
  },
  {
    "meta": {
      "id": "potential energy",
      "uuid": "789ebbf3-c0f8-4809-a2b6-4fd0df555870",
      "sort": "166382000",
      "src": "collegiate",
      "section": "alpha",
      "stems": [
        "potential energies",
        "potential energy"
      ],
      "offensive": false
    },
    "hwi": {
      "hw": "potential energy"
    },
    "fl": "noun",
    "def": [
      {
        "sseq": [
          [
            [
              "sense",
              {
                "dt": [
                  [
                    "text",
                    "{bc}the energy that a piece of matter has because of its position or nature or because of the arrangement of parts"
                  ]
                ]
              }
            ]
          ]
        ]
      }
    ],
    "date": "1853",
    "shortdef": [
      "the energy that a piece of matter has because of its position or nature or because of the arrangement of parts"
    ]
  },
  {
    "meta": {
      "id": "action potential",
      "uuid": "a33348f2-3450-4460-836a-ee5a8a3e4797",
      "sort": "010698000",
      "src": "collegiate",
      "section": "alpha",
      "stems": [
        "action potential",
        "action potentials"
      ],
      "offensive": false
    },
    "hwi": {
      "hw": "action potential"
    },
    "fl": "noun",
    "def": [
      {
        "sseq": [
          [
            [
              "sense",
              {
                "dt": [
                  [
                    "text",
                    "{bc}a momentary reversal in electrical potential across a plasma membrane (as of a neuron or muscle fiber) that occurs when a cell has been activated by a stimulus"
                  ]
                ]
              }
            ]
          ]
        ]
      }
    ],
    "date": "1913",
    "shortdef": [
      "a momentary reversal in electrical potential across a plasma membrane (as of a neuron or muscle fiber) that occurs when a cell has been activated by a stimulus"
    ]
  },
  {
    "meta": {
      "id": "biotic potential",
      "uuid": "04363f02-35f3-4ef4-b513-5146e13fc61d",
      "sort": "020230500",
      "src": "collegiate",
      "section": "alpha",
      "stems": [
        "biotic potential",
        "biotic potentials"
      ],
      "offensive": false
    },
    "hwi": {
      "hw": "biotic potential"
    },
    "fl": "noun",
    "def": [
      {
        "sseq": [
          [
            [
              "sense",
              {
                "dt": [
                  [
                    "text",
                    "{bc}the inherent capacity of an organism or species to reproduce and survive"
                  ]
                ]
              }
            ]
          ]
        ]
      }
    ],
    "date": "1928",
    "shortdef": [
      "the inherent capacity of an organism or species to reproduce and survive"
    ]
  },
  {
    "meta": {
      "id": "growth potential",
      "uuid": "fe499e59-390c-481c-a460-d803eebaba11",
      "sort": "3007874000",
      "src": "ld",
      "section": "idioms",
      "stems": [
        "growth potential"
      ],
      "offensive": false
    },
    "hwi": {
      "hw": "growth potential"
    },
    "fl": "noun",
    "def": [
      {
        "sseq": [
          [
            [
              "sense",
              {
                "dt": [
                  [
                    "text",
                    "{bc}chance of growing larger "
                  ],
                  [
                    "vis",
                    [
                      {
                        "t": "The company has limited {it}growth potential{/it}."
                      }
                    ]
                  ]
                ]
              }
            ]
          ]
        ]
      }
    ],
    "shortdef": [
      "chance of growing larger"
    ]
  },
  {
    "meta": {
      "id": "reach/realize one's full potential",
      "uuid": "f9900dea-58a5-4a6a-8157-86693842a4c9",
      "sort": "3015915000",
      "src": "ld",
      "section": "idioms",
      "stems": [
        "reach her full potential",
        "reach his full potential",
        "reach one's full potential",
        "reach their full potential",
        "reach/realize one's full potential",
        "realize her full potential",
        "realize his full potential",
        "realize one's full potential",
        "realize their full potential"
      ],
      "offensive": false
    },
    "hwi": {
      "hw": "reach/realize one's full potential"
    },
    "fl": "idiom",
    "def": [
      {
        "sseq": [
          [
            [
              "sense",
              {
                "dt": [
                  [
                    "text",
                    "{bc}to become the best one can be "
                  ],
                  [
                    "vis",
                    [
                      {
                        "t": "The school tries to help students {it}reach/realize their full potential{/it}."
                      }
                    ]
                  ]
                ]
              }
            ]
          ]
        ]
      }
    ],
    "shortdef": [
      "to become the best one can be"
    ]
  }
]