[
  {
    "meta": {
      "id": "principle",
      "uuid": "29cd87f2-047b-4ac6-9e3c-e799033cafda",
      "sort": "167519000",
      "src": "collegiate",
      "section": "alpha",
      "stems": [
        "in principle",
        "principle",
        "principles"
      ],
      "offensive": false
    },
    "hwi": {
      "hw": "prin*ci*ple",
      "prs": [
        {
          "mw": "\u02c8prin(t)-s(\u0259-)p\u0259l",
          "sound": {
            "audio": "princi07",
            "ref": "c",
            "stat": "1"
          }
        },
        {
          "mw": "-s\u0259-b\u0259l"
        }
      ]
    },
    "fl": "noun",
    "def": [
      {
        "sseq": [
          [
            [
              "sense",
              {
                "sn": "1 a",
                "dt": [
                  [
                    "text",
                    "{bc}a comprehensive and fundamental law, doctrine, or assumption"
                  ]
                ]
              }
            ],
            [
              "pseq",
              [
                [
                  "sense",
                  {
                    "sn": "b (1)",
                    "dt": [
                      [
                        "text",
                        "{bc}a rule or {d_link|code|code:1} of conduct"
                      ]
                    ]
                  }
                ],
                [
                  "sense",
                  {
                    "sn": "(2)",
                    "dt": [
                      [
                        "text",
                        "{bc}habitual devotion to right principles "
                      ],
                      [
                        "vis",
                        [
                          {
                            "t": "a man of {wi}principle{/wi}"
                          }
                        ]
                      ]
                    ]
                  }
                ]
              ]
            ],
            [
              "sense",
              {
                "sn": "c",
                "dt": [
                  [
                    "text",
                    "{bc}the laws or facts of nature underlying the working of an artificial device"
                  ]
                ]
              }
            ]
          ],
          [
            [
              "sense",
              {
                "sn": "2",
                "dt": [
                  [
                    "text",
                    "{bc}a primary source {bc}{sx|origin||}"
                  ]
                ]
              }
            ]
          ],
          [
            [
              "sense",
              {
                "sn": "3 a",
                "dt": [
                  [
                    "text",
                    "{bc}an underlying {d_link|faculty|faculty} or {d_link|endowment|endowment} "
                  ],
                  [
                    "vis",
                    [
                      {
                        "t": "such {wi}principles{/wi} of human nature as greed and curiosity"
                      }
                    ]
                  ]
                ]
              }
            ],
            [
              "sense",
              {
                "sn": "b",
                "dt": [
                  [
                    "text",
                    "{bc}an ingredient (such as a chemical) that exhibits or imparts a characteristic quality"
                  ]
                ]
              }
            ]
          ],
          [
            [
              "sense",
              {
                "sn": "4",
                "lbs": [
                  "capitalized"
                ],
                "sls": [
                  "Christian Science"
                ],
                "dt": [
                  [
                    "text",
                    "{bc}a divine principle {bc}{sx|god||}"
                  ]
                ]
              }
            ]
          ]
        ]
      }
    ],
    "dros": [
      {
        "drp": "in principle",
        "def": [
          {
            "sseq": [
              [
                [
                  "sense",
                  {
                    "dt": [
                      [
                        "text",
                        "{bc}with respect to fundamentals "
                      ],
                      [
                        "vis",
                        [
                          {
                            "t": "prepared to accept the proposition {it}in principle{/it}"
                          }
                        ]
                      ]
                    ]
                  }
                ]
              ]
            ]
          }
        ]
      }
    ],
    "usages": [
      {
        "pl": "{parahw}principle{/parahw} vs. {parahw}principal{/parahw}",
        "pt": [
          [
            "text",
            "Evidence of confusion between {it}principle{/it} and {it}principal{/it} can be found even in publications overseen by professional editors. To keep these words straight, remember that {it}principle{/it} functions only as a noun, and in its most common uses refers to a basic rule or law, as in "
          ],
          [
            "vis",
            [
              {
                "t": "a guiding {wi}principle{/wi}"
              }
            ]
          ],
          [
            "text",
            " or "
          ],
          [
            "vis",
            [
              {
                "t": "a matter of {wi}principle{/wi}."
              }
            ]
          ],
          [
            "text",
            " If you are looking for an adjective form of this word, you must use {it}principled{/it}, as in "
          ],
          [
            "vis",
            [
              {
                "t": "taking a {wi}principled{/wi} stand."
              }
            ]
          ],
          [
            "text",
            " {it}Principal{/it} functions as both a noun and an adjective. The noun has various meanings referring to someone with controlling authority "
          ],
          [
            "vis",
            [
              {
                "t": "the school {wi}principal{/wi}"
              }
            ]
          ],
          [
            "text",
            " or in a leading position "
          ],
          [
            "vis",
            [
              {
                "t": "the ballet's two {wi}principals{/wi}"
              }
            ]
          ],
          [
            "text",
            ", but also has meanings relating to finance, law, and architecture. As an adjective, {it}principal{/it} typically means {ldquo}most important,{rdquo} as in "
          ],
          [
            "vis",
            [
              {
                "t": "the {wi}principal{/wi} reason."
              }
            ]
          ]
        ]
      }
    ],
    "quotes": [
      {
        "t": "Better, of course, to take a higher road, operate on the {qword}principle{/qword} of service and see if things don't turn out better \u2026",
        "aq": {
          "auth": "Richard Ford",
          "source": "{it}Independence Day{/it}",
          "aqdate": "1995"
        }
      },
      {
        "t": "Urban guerrilla warfare was futile against a thermonuclear superstate that would stop at nothing to defend the profit {qword}principle{/qword}.",
        "aq": {
          "auth": "Philip Roth",
          "source": "{it}American Pastoral{/it}",
          "aqdate": "1997"
        }
      },
      {
        "t": "Pointlessness was life's {qword}principle{/qword}, and it spread its sadness.",
        "aq": {
          "auth": "Arthur Miller",
          "source": "{it}Timebends{/it}",
          "aqdate": "1987"
        }
      }
    ],
    "et": [
      [
        "text",
        "Middle English, from Middle French {it}principe, principle{/it}, from Old French, from Latin {it}principium{/it} beginning, from {it}princip-, princeps{/it} initiator {ma}{mat|prince|}{/ma}"
      ]
    ],
    "date": "14th century{ds||1|a|}",
    "shortdef": [
      "a comprehensive and fundamental law, doctrine, or assumption",
      "a rule or code of conduct",
      "habitual devotion to right principles"
    ]
  },
  {
    "meta": {
      "id": "acceleration principle",
      "uuid": "32d9cb90-8f2b-4e03-a9be-962c06eec306",
      "sort": "010351000",
      "src": "collegiate",
      "section": "alpha",
      "stems": [
        "acceleration principle",
        "acceleration principles"
      ],
      "offensive": false
    },
    "hwi": {
      "hw": "acceleration principle"
    },
    "fl": "noun",
    "def": [
      {
        "sseq": [
          [
            [
              "sense",
              {
                "dt": [
                  [
                    "text",
                    "{bc}a theory in economics: an increase or decrease in income induces a corresponding but magnified change in investment"
                  ]
                ]
              }
            ]
          ]
        ]
      }
    ],
    "date": "1936",
    "shortdef": [
      "a theory in economics: an increase or decrease in income induces a corresponding but magnified change in investment"
    ]
  },
  {
    "meta": {
      "id": "anthropic principle",
      "uuid": "97d1bc7d-8a19-4774-acb0-e042b8abdf8e",
      "sort": "013045500",
      "src": "collegiate",
      "section": "alpha",
      "stems": [
        "anthropic principle",
        "anthropic principles",
        "strong anthropic principle",
        "weak anthropic principle"
      ],
      "offensive": false
    },
    "hwi": {
      "hw": "anthropic principle"
    },
    "fl": "noun",
    "def": [
      {
        "sseq": [
          [
            [
              "bs",
              {
                "sense": {
                  "dt": [
                    [
                      "text",
                      "{bc}either of two principles in cosmology:"
                    ]
                  ]
                }
              }
            ],
            [
              "sense",
              {
                "sn": "a",
                "dt": [
                  [
                    "text",
                    "{bc}conditions that are observed in the universe must allow the observer to exist "
                  ],
                  [
                    "ca",
                    {
                      "intro": "called also",
                      "cats": [
                        {
                          "cat": "weak anthropic principle"
                        }
                      ]
                    }
                  ]
                ]
              }
            ],
            [
              "sense",
              {
                "sn": "b",
                "dt": [
                  [
                    "text",
                    "{bc}the universe must have properties that make inevitable the existence of intelligent life "
                  ],
                  [
                    "ca",
                    {
                      "intro": "called also",
                      "cats": [
                        {
                          "cat": "strong anthropic principle"
                        }
                      ]
                    }
                  ]
                ]
              }
            ]
          ]
        ]
      }
    ],
    "date": "1974",
    "shortdef": [
      "either of two principles in cosmology:",
      "conditions that are observed in the universe must allow the observer to exist \u2014called also weak anthropic principle",
      "the universe must have properties that make inevitable the existence of intelligent life \u2014called also strong anthropic principle"
    ]
  },
  {
    "meta": {
      "id": "Bernoulli's principle",
      "uuid": "dc417d53-852d-495f-8f2a-f951d2542ed6",
      "sort": "020169300",
      "src": "collegiate",
      "section": "alpha",
      "stems": [
        "Bernoulli's principle",
        "Bernoulli's principles"
      ],
      "offensive": false
    },
    "hwi": {
      "hw": "Ber*noul*li's principle",
      "prs": [
        {
          "mw": "b\u0259r-\u02c8n\u00fc-l\u0113z-",
          "sound": {
            "audio": "bernou01",
            "ref": "c",
            "stat": "1"
          }
        },
        {
          "mw": "\u02ccber-\u02ccn\u00fc-\u02c8l\u0113z-"
        }
      ]
    },
    "fl": "noun",
    "def": [
      {
        "sseq": [
          [
            [
              "sense",
              {
                "dt": [
                  [
                    "text",
                    "{bc}a principle in hydrodynamics: the pressure in a stream of fluid is reduced as the speed of the flow is increased"
                  ]
                ]
              }
            ]
          ]
        ]
      }
    ],
    "et": [
      [
        "text",
        "Daniel {it}Bernoulli{/it} \u20201782 Swiss physicist"
      ]
    ],
    "date": "1910",
    "shortdef": [
      "a principle in hydrodynamics: the pressure in a stream of fluid is reduced as the speed of the flow is increased"
    ]
  },
  {
    "meta": {
      "id": "exclusion principle",
      "uuid": "b4308a1e-7646-48da-85dd-d37fa56cf6d6",
      "sort": "050262200",
      "src": "collegiate",
      "section": "alpha",
      "stems": [
        "Pauli exclusion principle",
        "exclusion principle",
        "exclusion principles"
      ],
      "offensive": false
    },
    "hwi": {
      "hw": "exclusion principle"
    },
    "fl": "noun",
    "def": [
      {
        "sseq": [
          [
            [
              "sense",
              {
                "dt": [
                  [
                    "text",
                    "{bc}a principle in physics: no two particles (such as electrons) in an atom or molecule can have the same set of quantum numbers "
                  ],
                  [
                    "ca",
                    {
                      "intro": "called also",
                      "cats": [
                        {
                          "cat": "Pauli exclusion principle"
                        }
                      ]
                    }
                  ]
                ]
              }
            ]
          ]
        ]
      }
    ],
    "date": "1926",
    "shortdef": [
      "a principle in physics: no two particles (such as electrons) in an atom or molecule can have the same set of quantum numbers \u2014called also Pauli exclusion principle"
    ]
  },
  {
    "meta": {
      "id": "Heisenberg uncertainty principle",
      "uuid": "9cb4e463-1f48-49d5-91be-d8141d5302af",
      "sort": "080120900",
      "src": "collegiate",
      "section": "alpha",
      "stems": [
        "Heisenberg uncertainty principle",
        "Heisenberg's uncertainty principle"
      ],
      "offensive": false
    },
    "hwi": {
      "hw": "Hei*sen*berg uncertainty principle",
      "prs": [
        {
          "mw": "\u02c8h\u012b-z\u1d4an-\u02ccb\u0259rg-",
          "sound": {
            "audio": "heisen01",
            "ref": "c",
            "stat": "1"
          }
        },
        {
          "mw": "-\u02ccb\u0259rk-"
        }
      ]
    },
    "fl": "noun",
    "def": [
      {
        "sseq": [
          [
            [
              "sense",
              {
                "dt": [
                  [
                    "text",
                    "{bc}{sx|uncertainty principle||} "
                  ],
                  [
                    "ca",
                    {
                      "intro": "called also",
                      "cats": [
                        {
                          "cat": "Heisenberg's uncertainty principle"
                        }
                      ]
                    }
                  ]
                ]
              }
            ]
          ]
        ]
      }
    ],
    "et": [
      [
        "text",
        "after Werner {et_link|heisenberg|Heisenberg:b}"
      ]
    ],
    "date": "1939",
    "shortdef": [
      "uncertainty principle \u2014called also Heisenberg's uncertainty principle"
    ]
  },
  {
    "meta": {
      "id": "indeterminacy principle",
      "uuid": "2a6cbdf9-84f4-47d8-9c4e-de3995db7524",
      "sort": "091135000",
      "src": "collegiate",
      "section": "alpha",
      "stems": [
        "indeterminacy principle",
        "indeterminacy principles"
      ],
      "offensive": false
    },
    "hwi": {
      "hw": "indeterminacy principle"
    },
    "fl": "noun",
    "def": [
      {
        "sseq": [
          [
            [
              "sense",
              {
                "dt": [
                  [
                    "text",
                    "{bc}{sx|uncertainty principle||}"
                  ]
                ]
              }
            ]
          ]
        ]
      }
    ],
    "date": "circa 1928",
    "shortdef": [
      "uncertainty principle"
    ]
  },
  {
    "meta": {
      "id": "Pauli exclusion principle",
      "uuid": "11b6152f-6a8f-4f8d-8a22-efe928e9d218",
      "sort": "160118100",
      "src": "collegiate",
      "section": "alpha",
      "stems": [
        "Pauli exclusion principle",
        "Pauli principle"
      ],
      "offensive": false
    },
    "hwi": {
      "hw": "Pau*li exclusion principle",
      "prs": [
        {
          "mw": "\u02c8pau\u0307-l\u0113-",
          "sound": {
            "audio": "paulie01",
            "ref": "c",
            "stat": "1"
          }
        }
      ]
    },
    "fl": "noun",
    "def": [
      {
        "sseq": [
          [
            [
              "sense",
              {
                "dt": [
                  [
                    "text",
                    "{bc}{sx|exclusion principle||} "
                  ],
                  [
                    "ca",
                    {
                      "intro": "called also",
                      "cats": [
                        {
                          "cat": "Pauli principle"
                        }
                      ]
                    }
                  ]
                ]
              }
            ]
          ]
        ]
      }
    ],
    "et": [
      [
        "text",
        "Wolfgang {it}Pauli{/it}"
      ]
    ],
    "date": "1926",
    "shortdef": [
      "exclusion principle \u2014called also Pauli principle"
    ]
  },
  {
    "meta": {
      "id": "Peter Principle",
      "uuid": "82f46f8d-0f80-41ef-a7d4-5ba5b9a299d5",
      "sort": "160216000",
      "src": "collegiate",
      "section": "alpha",
      "stems": [
        "Peter Principle",
        "Peter Principles"
      ],
      "offensive": false
    },
    "hwi": {
      "hw": "Peter Principle"
    },
    "fl": "noun",
    "def": [
      {
        "sseq": [
          [
            [
              "sense",
              {
                "dt": [
                  [
                    "text",
                    "{bc}an observation: in a hierarchy employees tend to rise to the level of their incompetence"
                  ]
                ]
              }
            ]
          ]
        ]
      }
    ],
    "et": [
      [
        "text",
        "Laurence J. {it}Peter{/it} \u20201990 American (Canadian-born) educator"
      ]
    ],
    "date": "1967",
    "shortdef": [
      "an observation: in a hierarchy employees tend to rise to the level of their incompetence"
    ]
  },
  {
    "meta": {
      "id": "pleasure principle",
      "uuid": "51afef74-4f24-4681-b19b-fbe01c009492",
      "sort": "165075000",
      "src": "collegiate",
      "section": "alpha",
      "stems": [
        "pleasure principle",
        "pleasure principles"
      ],
      "offensive": false
    },
    "hwi": {
      "hw": "pleasure principle"
    },
    "fl": "noun",
    "def": [
      {
        "sseq": [
          [
            [
              "sense",
              {
                "dt": [
                  [
                    "text",
                    "{bc}a tendency for individual behavior to be directed toward immediate satisfaction of instinctual drives and immediate relief from pain or discomfort"
                  ]
                ]
              }
            ]
          ]
        ]
      }
    ],
    "date": "1856",
    "shortdef": [
      "a tendency for individual behavior to be directed toward immediate satisfaction of instinctual drives and immediate relief from pain or discomfort"
    ]
  }
]