[
  {
    "meta": {
      "id": "prisoner",
      "uuid": "02a98935-71eb-4224-a742-716bb5085e6f",
      "sort": "167561000",
      "src": "collegiate",
      "section": "alpha",
      "stems": [
        "prisoner",
        "prisoners"
      ],
      "offensive": false
    },
    "hwi": {
      "hw": "pris*on*er",
      "prs": [
        {
          "mw": "\u02c8priz-n\u0259r",
          "sound": {
            "audio": "prison02",
            "ref": "c",
            "stat": "1"
          }
        },
        {
          "mw": "\u02c8pri-z\u1d4an-\u0259r"
        }
      ]
    },
    "fl": "noun",
    "def": [
      {
        "sseq": [
          [
            [
              "sense",
              {
                "sn": "1",
                "dt": [
                  [
                    "text",
                    "{bc}a person deprived of liberty and kept under involuntary restraint, confinement, or custody"
                  ]
                ],
                "sdsense": {
                  "sd": "especially",
                  "dt": [
                    [
                      "text",
                      "{bc}one on trial or in {a_link|prison}"
                    ]
                  ]
                }
              }
            ]
          ],
          [
            [
              "sense",
              {
                "sn": "2",
                "dt": [
                  [
                    "text",
                    "{bc}someone restrained as if in prison "
                  ],
                  [
                    "vis",
                    [
                      {
                        "t": "a {wi}prisoner{/wi} of her own conscience"
                      }
                    ]
                  ]
                ]
              }
            ]
          ]
        ]
      }
    ],
    "dxnls": [
      "see also {dxt|take-no-prisoners||}, {dxt|take no prisoners||}"
    ],
    "date": "14th century{ds||1||}",
    "shortdef": [
      "a person deprived of liberty and kept under involuntary restraint, confinement, or custody; especially : one on trial or in prison",
      "someone restrained as if in prison"
    ]
  },
  {
    "meta": {
      "id": "prisoner of war",
      "uuid": "db28263f-48b5-48e7-b98f-8abfc26e6414",
      "sort": "167562000",
      "src": "collegiate",
      "section": "alpha",
      "stems": [
        "prisoner of war",
        "prisoners of war"
      ],
      "offensive": false
    },
    "hwi": {
      "hw": "prisoner of war"
    },
    "fl": "noun phrase",
    "def": [
      {
        "sseq": [
          [
            [
              "sense",
              {
                "dt": [
                  [
                    "text",
                    "{bc}a person captured in war"
                  ]
                ],
                "sdsense": {
                  "sd": "especially",
                  "dt": [
                    [
                      "text",
                      "{bc}a member of the armed forces of a nation who is taken by the enemy during combat"
                    ]
                  ]
                }
              }
            ]
          ]
        ]
      }
    ],
    "date": "1608",
    "shortdef": [
      "a person captured in war; especially : a member of the armed forces of a nation who is taken by the enemy during combat"
    ]
  },
  {
    "meta": {
      "id": "prisoner's base",
      "uuid": "faa516eb-fc49-4082-bcc1-eef91cb9424d",
      "sort": "167563000",
      "src": "collegiate",
      "section": "alpha",
      "stems": [
        "prisoner's base",
        "prisoner's bases"
      ],
      "offensive": false
    },
    "hwi": {
      "hw": "prisoner's base"
    },
    "fl": "noun",
    "def": [
      {
        "sseq": [
          [
            [
              "sense",
              {
                "dt": [
                  [
                    "text",
                    "{bc}a game in which players on each of two teams seek to tag and imprison players of the other team who have ventured out of their home territory"
                  ]
                ]
              }
            ]
          ]
        ]
      }
    ],
    "date": "circa 1773",
    "shortdef": [
      "a game in which players on each of two teams seek to tag and imprison players of the other team who have ventured out of their home territory"
    ]
  },
  {
    "meta": {
      "id": "prisoner of conscience",
      "uuid": "de4469e4-b114-45d4-9cae-06258f7340ec",
      "sort": "3015341000",
      "src": "ld",
      "section": "idioms",
      "stems": [
        "prisoner of conscience"
      ],
      "offensive": false
    },
    "hwi": {
      "hw": "prisoner of conscience"
    },
    "fl": "noun phrase",
    "def": [
      {
        "sseq": [
          [
            [
              "sense",
              {
                "dt": [
                  [
                    "text",
                    "{bc}someone who is held in prison because of his or her political or religious beliefs"
                  ]
                ]
              }
            ]
          ]
        ]
      }
    ],
    "shortdef": [
      "someone who is held in prison because of his or her political or religious beliefs"
    ]
  },
  {
    "meta": {
      "id": "political prisoner",
      "uuid": "2fcdd47e-8512-47ad-899a-ae6551ccb8e9",
      "sort": "3015046000",
      "src": "ld",
      "section": "idioms",
      "stems": [
        "political prisoner"
      ],
      "offensive": false
    },
    "hwi": {
      "hw": "political prisoner"
    },
    "fl": "noun",
    "def": [
      {
        "sseq": [
          [
            [
              "sense",
              {
                "dt": [
                  [
                    "text",
                    "{bc}a person put in prison because of his or her political beliefs"
                  ]
                ]
              }
            ]
          ]
        ]
      }
    ],
    "shortdef": [
      "a person put in prison because of his or her political beliefs"
    ]
  },
  {
    "meta": {
      "id": "take (someone) prisoner",
      "uuid": "a6098e5a-0d0c-4c18-84f5-bf334b3c675e",
      "sort": "3019372000",
      "src": "ld",
      "section": "idioms",
      "stems": [
        "take (someone) prisoner",
        "take prisoner",
        "take someone prisoner"
      ],
      "offensive": false
    },
    "hwi": {
      "hw": "take (someone) prisoner"
    },
    "fl": "idiom",
    "def": [
      {
        "sseq": [
          [
            [
              "sense",
              {
                "dt": [
                  [
                    "text",
                    "{bc}to capture and make (someone) one's prisoner "
                  ],
                  [
                    "vis",
                    [
                      {
                        "t": "They {it}took{/it} him {it}prisoner{/it}."
                      },
                      {
                        "t": "The pilot was shot down and {it}taken prisoner{/it}."
                      }
                    ]
                  ]
                ]
              }
            ]
          ]
        ]
      }
    ],
    "shortdef": [
      "to capture and make (someone) one's prisoner"
    ]
  },
  {
    "meta": {
      "id": "coprisoner",
      "uuid": "4415db78-3d5f-4db0-a996-d441b1cb67ae",
      "sort": "035597975",
      "src": "collegiate",
      "section": "alpha",
      "stems": [
        "co-prisoner",
        "co-prisoners",
        "coprisoner",
        "coprisoners"
      ],
      "offensive": false
    },
    "hwi": {
      "hw": "co*pris*on*er",
      "prs": [
        {
          "mw": "\u02cck\u014d-\u02c8priz-n\u0259r",
          "sound": {
            "audio": "coprisoner_1",
            "ref": "owl",
            "stat": "1"
          }
        },
        {
          "mw": "-\u02c8pri-z\u1d4an-\u0259r"
        }
      ]
    },
    "vrs": [
      {
        "vl": "or",
        "va": "co-prisoner"
      }
    ],
    "fl": "noun",
    "ins": [
      {
        "il": "plural",
        "if": "coprisoners"
      },
      {
        "il": "or",
        "if": "co-prisoners"
      }
    ],
    "def": [
      {
        "sseq": [
          [
            [
              "sense",
              {
                "dt": [
                  [
                    "text",
                    "{bc}a fellow prisoner "
                  ],
                  [
                    "vis",
                    [
                      {
                        "t": "Among his {wi}co-prisoners{/wi} in Vietnam was future Arizona senator and Republican presidential candidate John McCain, whose Navy aircraft was shot down over Vietnam in 1967. McCain and Bell were in the same compound at one point and had given each other haircuts.",
                        "aq": {
                          "auth": "Bart Barnes"
                        }
                      }
                    ]
                  ]
                ]
              }
            ]
          ]
        ]
      }
    ],
    "date": "1837",
    "shortdef": [
      "a fellow prisoner"
    ]
  }
]