[
  {
    "meta": {
      "id": "prism",
      "uuid": "b6e3dfa0-10a9-4e0b-a7da-fc3c71c3a024",
      "sort": "167554000",
      "src": "collegiate",
      "section": "alpha",
      "stems": [
        "prism",
        "prisms"
      ],
      "offensive": false
    },
    "hwi": {
      "hw": "prism",
      "prs": [
        {
          "mw": "\u02c8pri-z\u0259m",
          "sound": {
            "audio": "prism001",
            "ref": "c",
            "stat": "1"
          }
        }
      ]
    },
    "fl": "noun",
    "def": [
      {
        "sseq": [
          [
            [
              "sense",
              {
                "sn": "1",
                "dt": [
                  [
                    "text",
                    "{bc}a polyhedron with two polygonal faces lying in parallel planes and with the other faces parallelograms"
                  ]
                ]
              }
            ]
          ],
          [
            [
              "sense",
              {
                "sn": "2 a",
                "dt": [
                  [
                    "text",
                    "{bc}a transparent body that is bounded in part by two nonparallel plane faces and is used to refract or disperse a beam of light"
                  ]
                ]
              }
            ],
            [
              "sense",
              {
                "sn": "b",
                "dt": [
                  [
                    "text",
                    "{bc}a prism-shaped decorative glass luster"
                  ]
                ]
              }
            ]
          ],
          [
            [
              "sense",
              {
                "sn": "3",
                "dt": [
                  [
                    "text",
                    "{bc}a crystal form whose faces are parallel to one axis"
                  ]
                ],
                "sdsense": {
                  "sd": "especially",
                  "dt": [
                    [
                      "text",
                      "{bc}one whose faces are parallel to the vertical axis"
                    ]
                  ]
                }
              }
            ]
          ],
          [
            [
              "sense",
              {
                "sn": "4",
                "dt": [
                  [
                    "text",
                    "{bc}a medium that distorts, slants, or colors whatever is viewed through it"
                  ]
                ]
              }
            ]
          ]
        ]
      }
    ],
    "et": [
      [
        "text",
        "Late Latin {it}prismat-, prisma{/it}, from Greek, literally, anything sawn, from {it}priein{/it} to saw"
      ]
    ],
    "date": "1570{ds||1||}",
    "shortdef": [
      "a polyhedron with two polygonal faces lying in parallel planes and with the other faces parallelograms",
      "a transparent body that is bounded in part by two nonparallel plane faces and is used to refract or disperse a beam of light",
      "a prism-shaped decorative glass luster"
    ]
  }
]