[
  {
    "meta": {
      "id": "projection",
      "uuid": "279039c8-737a-4e8a-8979-a0e5203a290d",
      "sort": "167842000",
      "src": "collegiate",
      "section": "alpha",
      "stems": [
        "projection",
        "projectional",
        "projections"
      ],
      "offensive": false
    },
    "hwi": {
      "hw": "pro*jec*tion",
      "prs": [
        {
          "mw": "pr\u0259-\u02c8jek-sh\u0259n",
          "sound": {
            "audio": "projec06",
            "ref": "c",
            "stat": "1"
          }
        }
      ]
    },
    "fl": "noun",
    "def": [
      {
        "sseq": [
          [
            [
              "sense",
              {
                "sn": "1 a",
                "dt": [
                  [
                    "text",
                    "{bc}a systematic presentation of intersecting coordinate lines on a flat surface upon which features from a curved surface (as of the earth or the celestial sphere) may be mapped "
                  ],
                  [
                    "vis",
                    [
                      {
                        "t": "an equal-area map {wi}projection{/wi}"
                      }
                    ]
                  ]
                ]
              }
            ],
            [
              "sense",
              {
                "sn": "b",
                "dt": [
                  [
                    "text",
                    "{bc}the process or technique of reproducing a spatial object upon a plane or curved surface or a line by {a_link|projecting} its points"
                  ]
                ],
                "sdsense": {
                  "sd": "also",
                  "dt": [
                    [
                      "text",
                      "{bc}a graph or figure so formed"
                    ]
                  ]
                }
              }
            ]
          ],
          [
            [
              "sense",
              {
                "sn": "2",
                "dt": [
                  [
                    "text",
                    "{bc}a transforming change"
                  ]
                ]
              }
            ]
          ],
          [
            [
              "sense",
              {
                "sn": "3",
                "dt": [
                  [
                    "text",
                    "{bc}the act of throwing or thrusting forward"
                  ]
                ]
              }
            ]
          ],
          [
            [
              "sense",
              {
                "sn": "4",
                "dt": [
                  [
                    "text",
                    "{bc}the forming of a plan {bc}{sx|scheming|scheme:2|}"
                  ]
                ]
              }
            ]
          ],
          [
            [
              "pseq",
              [
                [
                  "sense",
                  {
                    "sn": "5 a (1)",
                    "dt": [
                      [
                        "text",
                        "{bc}a jutting out"
                      ]
                    ]
                  }
                ],
                [
                  "sense",
                  {
                    "sn": "(2)",
                    "dt": [
                      [
                        "text",
                        "{bc}a part that juts out"
                      ]
                    ]
                  }
                ]
              ]
            ],
            [
              "sense",
              {
                "sn": "b",
                "dt": [
                  [
                    "text",
                    "{bc}a view of a building or architectural element"
                  ]
                ]
              }
            ]
          ],
          [
            [
              "sense",
              {
                "sn": "6 a",
                "dt": [
                  [
                    "text",
                    "{bc}the act of perceiving a mental object as spatially and sensibly objective"
                  ]
                ],
                "sdsense": {
                  "sd": "also",
                  "dt": [
                    [
                      "text",
                      "{bc}something so perceived"
                    ]
                  ]
                }
              }
            ],
            [
              "sense",
              {
                "sn": "b",
                "dt": [
                  [
                    "text",
                    "{bc}the attribution of one's own ideas, feelings, or attitudes to other people or to objects"
                  ]
                ],
                "sdsense": {
                  "sd": "especially",
                  "dt": [
                    [
                      "text",
                      "{bc}the externalization of blame, guilt, or responsibility as a defense against anxiety"
                    ]
                  ]
                }
              }
            ]
          ],
          [
            [
              "sense",
              {
                "sn": "7",
                "dt": [
                  [
                    "text",
                    "{bc}the display of motion pictures by projecting an image from them upon a screen"
                  ]
                ]
              }
            ]
          ],
          [
            [
              "sense",
              {
                "sn": "8 a",
                "dt": [
                  [
                    "text",
                    "{bc}the act of projecting especially to an audience"
                  ]
                ]
              }
            ],
            [
              "sense",
              {
                "sn": "b",
                "dt": [
                  [
                    "text",
                    "{bc}control of the volume, clarity, and distinctness of a voice to gain greater audibility"
                  ]
                ]
              }
            ]
          ],
          [
            [
              "sense",
              {
                "sn": "9",
                "dt": [
                  [
                    "text",
                    "{bc}an estimate of future possibilities based on a current trend"
                  ]
                ]
              }
            ]
          ]
        ]
      }
    ],
    "uros": [
      {
        "ure": "pro*jec*tion*al",
        "prs": [
          {
            "mw": "pr\u0259-\u02c8jek-shn\u0259l",
            "sound": {
              "audio": "projec07",
              "ref": "c",
              "stat": "1"
            }
          },
          {
            "mw": "-sh\u0259-n\u1d4al"
          }
        ],
        "fl": "adjective"
      }
    ],
    "syns": [
      {
        "pl": "synonyms",
        "pt": [
          [
            "text",
            "{sc}projection{/sc} {sc}protrusion{/sc} {sc}protuberance{/sc} {sc}bulge{/sc} mean an extension beyond the normal line or surface. {sc}projection{/sc} implies a jutting out especially at a sharp angle. "
          ],
          [
            "vis",
            [
              {
                "t": "those {it}projections{/it} along the wall are safety hazards"
              }
            ]
          ],
          [
            "text",
            " {sc}protrusion{/sc} suggests a thrusting out so that the extension seems a deformity. "
          ],
          [
            "vis",
            [
              {
                "t": "the bizarre {it}protrusions{/it} of a coral reef"
              }
            ]
          ],
          [
            "text",
            " {sc}protuberance{/sc} implies a growing or swelling out in rounded form. "
          ],
          [
            "vis",
            [
              {
                "t": "a skin disease marked by warty {it}protuberances{/it}"
              }
            ]
          ],
          [
            "text",
            " {sc}bulge{/sc} suggests an expansion caused by internal pressure. "
          ],
          [
            "vis",
            [
              {
                "t": "{it}bulges{/it} in the tile floor"
              }
            ]
          ]
        ]
      }
    ],
    "date": "1551{ds||1|a|}",
    "shortdef": [
      "a systematic presentation of intersecting coordinate lines on a flat surface upon which features from a curved surface (as of the earth or the celestial sphere) may be mapped",
      "the process or technique of reproducing a spatial object upon a plane or curved surface or a line by projecting its points; also : a graph or figure so formed",
      "a transforming change"
    ]
  },
  {
    "meta": {
      "id": "azimuthal equidistant projection",
      "uuid": "8ac29e41-2e9e-4a59-a775-2445f7440b4d",
      "sort": "015109000",
      "src": "collegiate",
      "section": "alpha",
      "stems": [
        "azimuthal equidistant projection",
        "azimuthal equidistant projections"
      ],
      "offensive": false
    },
    "hwi": {
      "hw": "azimuthal equidistant projection"
    },
    "fl": "noun",
    "def": [
      {
        "sseq": [
          [
            [
              "sense",
              {
                "dt": [
                  [
                    "text",
                    "{bc}a map projection of the surface of the earth so centered at any given point that a straight line radiating from the center to any other point represents the shortest distance and can be measured to scale"
                  ]
                ]
              }
            ]
          ]
        ]
      }
    ],
    "art": {
      "artid": "azimuteq",
      "capt": "azimuthal equidistant projection, centered on Washington, D.C.: {it}1{/it} London, {it}2{/it} Algiers, {it}3{/it} Moscow, {it}4{/it} Rio de Janeiro, {it}5{/it} Tokyo, {it}6{/it} Auckland"
    },
    "date": "1921",
    "shortdef": [
      "a map projection of the surface of the earth so centered at any given point that a straight line radiating from the center to any other point represents the shortest distance and can be measured to scale"
    ]
  },
  {
    "meta": {
      "id": "Mercator projection",
      "uuid": "e64cff04-3eff-4443-ab44-8d1d35c845d5",
      "sort": "131919000",
      "src": "collegiate",
      "section": "alpha",
      "stems": [
        "Mercator projection",
        "Mercator projections"
      ],
      "offensive": false
    },
    "hwi": {
      "hw": "Mercator projection"
    },
    "fl": "noun",
    "def": [
      {
        "sseq": [
          [
            [
              "sense",
              {
                "dt": [
                  [
                    "text",
                    "{bc}a conformal map projection of which the meridians are usually drawn parallel to each other and the parallels of latitude are straight lines whose distance from each other increases with their distance from the equator"
                  ]
                ]
              }
            ]
          ]
        ]
      }
    ],
    "art": {
      "artid": "mercator",
      "capt": "Mercator projection"
    },
    "et": [
      [
        "text",
        "Gerardus {it}Mercator{/it}"
      ]
    ],
    "date": "1615",
    "shortdef": [
      "a conformal map projection of which the meridians are usually drawn parallel to each other and the parallels of latitude are straight lines whose distance from each other increases with their distance from the equator"
    ]
  },
  {
    "meta": {
      "id": "orthographic projection",
      "uuid": "082e28e9-1c7f-4006-b6d4-a5961393b68a",
      "sort": "151310000",
      "src": "collegiate",
      "section": "alpha",
      "stems": [
        "orthographic projection",
        "orthographic projections"
      ],
      "offensive": false
    },
    "hwi": {
      "hw": "orthographic projection"
    },
    "fl": "noun",
    "def": [
      {
        "sseq": [
          [
            [
              "sense",
              {
                "sn": "1",
                "dt": [
                  [
                    "text",
                    "{bc}projection of a single view of an object (such as a view of the front) onto a drawing surface in which the lines of projection are perpendicular to the drawing surface"
                  ]
                ]
              }
            ]
          ],
          [
            [
              "sense",
              {
                "sn": "2",
                "dt": [
                  [
                    "text",
                    "{bc}the representation of related views of an object as if they were all in the same plane and projected by orthographic projection"
                  ]
                ]
              }
            ]
          ]
        ]
      }
    ],
    "art": {
      "artid": "orthogra",
      "capt": "orthographic projection 2: object {it}A{/it} with top view, front view, and right view"
    },
    "date": "1668{ds||1||}",
    "shortdef": [
      "projection of a single view of an object (such as a view of the front) onto a drawing surface in which the lines of projection are perpendicular to the drawing surface",
      "the representation of related views of an object as if they were all in the same plane and projected by orthographic projection"
    ]
  },
  {
    "meta": {
      "id": "polyconic projection",
      "uuid": "43454b0b-21cb-4a21-9145-2d65befc24da",
      "sort": "165637000",
      "src": "collegiate",
      "section": "alpha",
      "stems": [
        "polyconic projection",
        "polyconic projections"
      ],
      "offensive": false
    },
    "hwi": {
      "hw": "poly*con*ic projection",
      "prs": [
        {
          "mw": "\u02ccp\u00e4-l\u0113-\u02c8k\u00e4-nik-",
          "sound": {
            "audio": "polyco02",
            "ref": "c",
            "stat": "1"
          }
        }
      ]
    },
    "fl": "noun",
    "def": [
      {
        "sseq": [
          [
            [
              "sense",
              {
                "dt": [
                  [
                    "text",
                    "{bc}a map projection consisting of a composite series of concentric cones each of which before being unrolled has been placed over a sphere so as to be tangent to a different parallel of latitude"
                  ]
                ]
              }
            ]
          ]
        ]
      }
    ],
    "et": [
      [
        "text",
        "{et_link|poly-|poly-} + {et_link|conic:1|conic:1}"
      ]
    ],
    "date": "circa 1864",
    "shortdef": [
      "a map projection consisting of a composite series of concentric cones each of which before being unrolled has been placed over a sphere so as to be tangent to a different parallel of latitude"
    ]
  },
  {
    "meta": {
      "id": "Robinson projection",
      "uuid": "0594425f-122f-47b2-b7be-9a5bab966b37",
      "sort": "183540000",
      "src": "collegiate",
      "section": "alpha",
      "stems": [
        "Robinson projection",
        "Robinson projections"
      ],
      "offensive": false
    },
    "hwi": {
      "hw": "Rob*in*son projection",
      "prs": [
        {
          "mw": "\u02c8r\u00e4-b\u0259n-s\u0259n-",
          "sound": {
            "audio": "robins02",
            "ref": "c",
            "stat": "1"
          }
        }
      ]
    },
    "fl": "noun",
    "def": [
      {
        "sseq": [
          [
            [
              "sense",
              {
                "dt": [
                  [
                    "text",
                    "{bc}a compromise map projection showing the poles as lines rather than points and more accurately portraying high latitude lands and water to land ratio"
                  ]
                ]
              }
            ]
          ]
        ]
      }
    ],
    "et": [
      [
        "text",
        "Arthur H. {it}Robinson born{/it}1915 American geographer"
      ]
    ],
    "date": "1978",
    "shortdef": [
      "a compromise map projection showing the poles as lines rather than points and more accurately portraying high latitude lands and water to land ratio"
    ]
  },
  {
    "meta": {
      "id": "sinusoidal projection",
      "uuid": "f8e78e14-d44c-404d-ab2e-e5ddd3e339b0",
      "sort": "194430300",
      "src": "collegiate",
      "section": "alpha",
      "stems": [
        "sinusoidal projection",
        "sinusoidal projections"
      ],
      "offensive": false
    },
    "hwi": {
      "hw": "sinusoidal projection"
    },
    "fl": "noun",
    "def": [
      {
        "sseq": [
          [
            [
              "sense",
              {
                "dt": [
                  [
                    "text",
                    "{bc}an equal-area map projection capable of showing the entire surface of the earth with all parallels as straight lines evenly spaced, the central meridian as one half the length of the equator, and all other meridians as curved lines"
                  ]
                ]
              }
            ]
          ]
        ]
      }
    ],
    "date": "1944",
    "shortdef": [
      "an equal-area map projection capable of showing the entire surface of the earth with all parallels as straight lines evenly spaced, the central meridian as one half the length of the equator, and all other meridians as curved lines"
    ]
  }
]