[
  {
    "meta": {
      "id": "radiation",
      "uuid": "729bd5be-05bc-4896-84a4-7e2ea63b60fc",
      "sort": "180128000",
      "src": "collegiate",
      "section": "alpha",
      "stems": [
        "radiation",
        "radiational",
        "radiationless",
        "radiations",
        "radiative"
      ],
      "offensive": false
    },
    "hwi": {
      "hw": "ra*di*a*tion",
      "prs": [
        {
          "mw": "\u02ccr\u0101-d\u0113-\u02c8\u0101-sh\u0259n",
          "sound": {
            "audio": "radiat03",
            "ref": "c",
            "stat": "1"
          }
        }
      ]
    },
    "fl": "noun",
    "def": [
      {
        "sseq": [
          [
            [
              "sense",
              {
                "sn": "1 a",
                "dt": [
                  [
                    "text",
                    "{bc}the action or process of {a_link|radiating}"
                  ]
                ]
              }
            ],
            [
              "sense",
              {
                "sn": "b",
                "dt": [
                  [
                    "text",
                    "{bc}the process of emitting {a_link|radiant} energy in the form of waves or particles"
                  ]
                ]
              }
            ],
            [
              "pseq",
              [
                [
                  "sense",
                  {
                    "sn": "c (1)",
                    "dt": [
                      [
                        "text",
                        "{bc}the combined processes of emission, transmission, and absorption of radiant energy"
                      ]
                    ]
                  }
                ],
                [
                  "sense",
                  {
                    "sn": "(2)",
                    "dt": [
                      [
                        "text",
                        "{bc}the transfer of heat by radiation {dx}compare {dxt|conduction||}, {dxt|convection||}{/dx}"
                      ]
                    ]
                  }
                ]
              ]
            ]
          ],
          [
            [
              "sense",
              {
                "sn": "2 a",
                "dt": [
                  [
                    "text",
                    "{bc}something that is {a_link|radiated}"
                  ]
                ]
              }
            ],
            [
              "sense",
              {
                "sn": "b",
                "dt": [
                  [
                    "text",
                    "{bc}energy radiated in the form of waves or particles"
                  ]
                ]
              }
            ]
          ],
          [
            [
              "sense",
              {
                "sn": "3",
                "dt": [
                  [
                    "text",
                    "{bc}{a_link|radial} arrangement"
                  ]
                ]
              }
            ]
          ],
          [
            [
              "sense",
              {
                "sn": "4",
                "dt": [
                  [
                    "text",
                    "{bc}{sx|adaptive radiation||}"
                  ]
                ]
              }
            ]
          ]
        ]
      }
    ],
    "uros": [
      {
        "ure": "ra*di*a*tion*al",
        "prs": [
          {
            "mw": "\u02ccr\u0101-d\u0113-\u02c8\u0101-shn\u0259l",
            "sound": {
              "audio": "radiat04",
              "ref": "c",
              "stat": "1"
            }
          },
          {
            "mw": "-sh\u0259-n\u1d4al"
          }
        ],
        "fl": "adjective"
      },
      {
        "ure": "ra*di*a*tion*less",
        "prs": [
          {
            "mw": "\u02ccr\u0101-d\u0113-\u02c8\u0101-sh\u0259n-l\u0259s",
            "sound": {
              "audio": "radiat05",
              "ref": "c",
              "stat": "1"
            }
          }
        ],
        "fl": "adjective"
      },
      {
        "ure": "ra*di*a*tive",
        "prs": [
          {
            "mw": "\u02c8r\u0101-d\u0113-\u02cc\u0101-tiv",
            "sound": {
              "audio": "radiat06",
              "ref": "c",
              "stat": "1"
            }
          }
        ],
        "fl": "adjective"
      }
    ],
    "date": "15th century{ds||1|a|}",
    "shortdef": [
      "the action or process of radiating",
      "the process of emitting radiant energy in the form of waves or particles",
      "the combined processes of emission, transmission, and absorption of radiant energy"
    ]
  },
  {
    "meta": {
      "id": "radiation sickness",
      "uuid": "3efb8e66-5868-4f69-a332-c244368fb94e",
      "sort": "180129000",
      "src": "collegiate",
      "section": "alpha",
      "stems": [
        "radiation sickness",
        "radiation sicknesses"
      ],
      "offensive": false
    },
    "hwi": {
      "hw": "radiation sickness"
    },
    "fl": "noun",
    "def": [
      {
        "sseq": [
          [
            [
              "sense",
              {
                "dt": [
                  [
                    "text",
                    "{bc}sickness that results from exposure to radiation and is commonly marked by fatigue, nausea, vomiting, loss of teeth and hair, and in more severe cases by damage to blood-forming tissue with decrease in red and white blood cells and with bleeding"
                  ]
                ]
              }
            ]
          ]
        ]
      }
    ],
    "date": "1924",
    "shortdef": [
      "sickness that results from exposure to radiation and is commonly marked by fatigue, nausea, vomiting, loss of teeth and hair, and in more severe cases by damage to blood-forming tissue with decrease in red and white blood cells and with bleeding"
    ]
  },
  {
    "meta": {
      "id": "radiation therapy",
      "uuid": "7d72645e-ead8-4a82-8394-6c3a6de2ce54",
      "sort": "180130000",
      "src": "collegiate",
      "section": "alpha",
      "stems": [
        "radiation therapies",
        "radiation therapy"
      ],
      "offensive": false
    },
    "hwi": {
      "hw": "radiation therapy"
    },
    "fl": "noun",
    "def": [
      {
        "sseq": [
          [
            [
              "sense",
              {
                "dt": [
                  [
                    "text",
                    "{bc}{sx|radiotherapy||}"
                  ]
                ]
              }
            ]
          ]
        ]
      }
    ],
    "date": "1922",
    "shortdef": [
      "radiotherapy"
    ]
  },
  {
    "meta": {
      "id": "adaptive radiation",
      "uuid": "560e0c56-e9de-4216-b7c4-50fa05e2b5f5",
      "sort": "010774000",
      "src": "collegiate",
      "section": "alpha",
      "stems": [
        "adaptive radiation",
        "adaptive radiations"
      ],
      "offensive": false
    },
    "hwi": {
      "hw": "adaptive radiation"
    },
    "fl": "noun",
    "def": [
      {
        "sseq": [
          [
            [
              "sense",
              {
                "dt": [
                  [
                    "text",
                    "{bc}evolutionary diversification of a generalized ancestral form with production of a number of adaptively specialized forms"
                  ]
                ]
              }
            ]
          ]
        ]
      }
    ],
    "date": "1898",
    "shortdef": [
      "evolutionary diversification of a generalized ancestral form with production of a number of adaptively specialized forms"
    ]
  },
  {
    "meta": {
      "id": "anti-radiation",
      "uuid": "f4e107f6-94f8-49f3-a8c7-444f3beeb155",
      "sort": "013203530",
      "src": "collegiate",
      "section": "alpha",
      "stems": [
        "anti-radiation",
        "antiradiation"
      ],
      "offensive": false
    },
    "hwi": {
      "hw": "an*ti-ra*di*a*tion",
      "prs": [
        {
          "mw": "\u02ccan-t\u012b-\u02ccr\u0101-d\u0113-\u02c8\u0101-sh\u0259n"
        },
        {
          "mw": "\u02ccan-t\u0113-",
          "sound": {
            "audio": "antira04",
            "ref": "u",
            "stat": "1"
          }
        }
      ]
    },
    "vrs": [
      {
        "vl": "or less commonly",
        "va": "an*ti*ra*di*a*tion"
      }
    ],
    "fl": "adjective",
    "def": [
      {
        "sseq": [
          [
            [
              "sense",
              {
                "sn": "1",
                "sls": [
                  "military"
                ],
                "dt": [
                  [
                    "text",
                    "{bc}designed to destroy radar or other sources of radio transmissions "
                  ],
                  [
                    "vis",
                    [
                      {
                        "t": "At the same time, {wi}anti-radiation{/wi} missiles (i.e., missiles designed specifically to be used against radar and other electronic sites) were launched from the fighters and followed the radar beam to its source.",
                        "aq": {
                          "auth": "Peter Hellman"
                        }
                      }
                    ]
                  ]
                ]
              }
            ]
          ],
          [
            [
              "sense",
              {
                "sn": "2",
                "sls": [
                  "medical"
                ],
                "dt": [
                  [
                    "text",
                    "{bc}counteracting the harmful effects of {d_link|radiation|radiation} on the body "
                  ],
                  [
                    "vis",
                    [
                      {
                        "t": "The only {wi}anti-radiation{/wi} drug now being stockpiled is potassium iodide, which helps protect against the long-term risk of thyroid cancer.",
                        "aq": {
                          "auth": "Penni Crabtree"
                        }
                      },
                      {
                        "t": "{wi}anti-radiation{/wi} pills"
                      }
                    ]
                  ]
                ]
              }
            ]
          ]
        ]
      }
    ],
    "et": [
      [
        "text",
        "{et_link|anti-|anti-} + {et_link|radiation|radiation}"
      ]
    ],
    "date": "1925{ds||1||}",
    "shortdef": [
      "designed to destroy radar or other sources of radio transmissions",
      "counteracting the harmful effects of radiation on the body"
    ]
  },
  {
    "meta": {
      "id": "background radiation",
      "uuid": "9f25306d-09e4-4713-99e1-ac617241c12b",
      "sort": "020011100",
      "src": "collegiate",
      "section": "alpha",
      "stems": [
        "background radiation",
        "background radiations",
        "cosmic background radiation"
      ],
      "offensive": false
    },
    "hwi": {
      "hw": "background radiation"
    },
    "fl": "noun",
    "def": [
      {
        "sseq": [
          [
            [
              "sense",
              {
                "dt": [
                  [
                    "text",
                    "{bc}the microwave radiation pervading the universe that exhibits a corresponding blackbody temperature of 2.7 K and that is the principal evidence supporting the big bang theory "
                  ],
                  [
                    "ca",
                    {
                      "intro": "called also",
                      "cats": [
                        {
                          "cat": "cosmic background radiation"
                        }
                      ]
                    }
                  ]
                ]
              }
            ]
          ]
        ]
      }
    ],
    "date": "1968",
    "shortdef": [
      "the microwave radiation pervading the universe that exhibits a corresponding blackbody temperature of 2.7 K and that is the principal evidence supporting the big bang theory \u2014called also cosmic background radiation"
    ]
  },
  {
    "meta": {
      "id": "Cerenkov radiation",
      "uuid": "0e54d369-afd9-4aea-93a1-01388ccdd27c",
      "sort": "031878000",
      "src": "collegiate",
      "section": "alpha",
      "stems": [
        "Cerenkov light",
        "Cerenkov radiation"
      ],
      "offensive": false
    },
    "hwi": {
      "hw": "Ce*ren*kov radiation",
      "prs": [
        {
          "mw": "ch\u0259-\u02c8re\u014b-k\u022ff-",
          "sound": {
            "audio": "cerenk01",
            "ref": "c",
            "stat": "1"
          }
        },
        {
          "mw": "ch\u0259r-\u02c8ye\u014b-",
          "sound": {
            "audio": "cerenk02",
            "ref": "c",
            "stat": "1"
          }
        }
      ]
    },
    "fl": "noun",
    "def": [
      {
        "sseq": [
          [
            [
              "sense",
              {
                "dt": [
                  [
                    "text",
                    "{bc}light produced by charged particles (such as electrons) traversing a transparent medium at a speed greater than that of light in the same medium "
                  ],
                  [
                    "ca",
                    {
                      "intro": "called also",
                      "cats": [
                        {
                          "cat": "Cerenkov light"
                        }
                      ]
                    }
                  ]
                ]
              }
            ]
          ]
        ]
      }
    ],
    "et": [
      [
        "text",
        "after P. A. {et_link|cherenkov|Cherenkov:b}"
      ]
    ],
    "date": "1938",
    "shortdef": [
      "light produced by charged particles (such as electrons) traversing a transparent medium at a speed greater than that of light in the same medium \u2014called also Cerenkov light"
    ]
  },
  {
    "meta": {
      "id": "cosmic background radiation",
      "uuid": "e343cbb5-fe6d-4352-b3b8-57ae3e168206",
      "sort": "035635000",
      "src": "collegiate",
      "section": "alpha",
      "stems": [
        "cosmic background radiation",
        "cosmic background radiations"
      ],
      "offensive": false
    },
    "hwi": {
      "hw": "cosmic background radiation"
    },
    "fl": "noun",
    "def": [
      {
        "sseq": [
          [
            [
              "sense",
              {
                "dt": [
                  [
                    "text",
                    "{bc}{sx|background radiation||}"
                  ]
                ]
              }
            ]
          ]
        ]
      }
    ],
    "date": "circa 1976",
    "shortdef": [
      "background radiation"
    ]
  },
  {
    "meta": {
      "id": "electromagnetic radiation",
      "uuid": "1dd45119-01d2-4768-93dd-3a21838ab46b",
      "sort": "050068000",
      "src": "collegiate",
      "section": "alpha",
      "stems": [
        "electromagnetic radiation",
        "electromagnetic radiations"
      ],
      "offensive": false
    },
    "hwi": {
      "hw": "electromagnetic radiation"
    },
    "fl": "noun",
    "def": [
      {
        "sseq": [
          [
            [
              "sense",
              {
                "dt": [
                  [
                    "text",
                    "{bc}energy in the form of {d_link|electromagnetic waves|electromagnetic wave}"
                  ]
                ],
                "sdsense": {
                  "sd": "also",
                  "dt": [
                    [
                      "text",
                      "{bc}a series of electromagnetic waves"
                    ]
                  ]
                }
              }
            ]
          ]
        ]
      }
    ],
    "date": "1891",
    "shortdef": [
      "energy in the form of electromagnetic waves; also : a series of electromagnetic waves"
    ]
  },
  {
    "meta": {
      "id": "gamma radiation",
      "uuid": "e3383aa6-ed47-42d8-b2df-863d459186cd",
      "sort": "070261000",
      "src": "collegiate",
      "section": "alpha",
      "stems": [
        "gamma radiation",
        "gamma radiations",
        "gamma ray"
      ],
      "offensive": false
    },
    "hwi": {
      "hw": "gamma radiation"
    },
    "fl": "noun",
    "def": [
      {
        "sseq": [
          [
            [
              "sense",
              {
                "dt": [
                  [
                    "text",
                    "{bc}radiation composed of gamma rays"
                  ]
                ]
              }
            ]
          ]
        ]
      }
    ],
    "date": "1904",
    "shortdef": [
      "radiation composed of gamma rays"
    ]
  }
]