[
  {
    "meta": {
      "id": "randomness",
      "uuid": "4414b154-e9e9-4515-b246-cb891d2d7403",
      "sort": "180416500",
      "src": "collegiate",
      "section": "alpha",
      "stems": [
        "randomness",
        "randomnesses"
      ],
      "offensive": false
    },
    "hwi": {
      "hw": "ran*dom*ness",
      "prs": [
        {
          "mw": "\u02c8ran-d\u0259m-n\u0259s",
          "sound": {
            "audio": "randomness_1",
            "ref": "u",
            "stat": "1"
          }
        }
      ]
    },
    "fl": "noun",
    "def": [
      {
        "sseq": [
          [
            [
              "sense",
              {
                "dt": [
                  [
                    "text",
                    "{bc}the quality or state of being or seeming {d_link|random|random:2} (as in lacking or seeming to lack a definite plan, purpose, or pattern) "
                  ],
                  [
                    "vis",
                    [
                      {
                        "t": "\u2026 the metaphor of a coin flip for {wi}randomness{/wi} remains unquestioned. We use coin tosses to settle disputes and decide outcomes because we believe they are unbiased, with 50-50 odds. Yet recent research into coin flips has discovered that the laws of mechanics determine the outcome of coin tosses \u2026",
                        "aq": {
                          "auth": "David E. Adler"
                        }
                      },
                      {
                        "t": "the {wi}randomness{/wi} of life"
                      }
                    ]
                  ]
                ]
              }
            ]
          ]
        ]
      }
    ],
    "date": "1803",
    "shortdef": [
      "the quality or state of being or seeming random (as in lacking or seeming to lack a definite plan, purpose, or pattern)"
    ]
  }
]