[
  {
    "meta": {
      "id": "reaction",
      "uuid": "9f7ded8a-d539-4bd5-abb8-f2b87ecafc56",
      "sort": "180699000",
      "src": "collegiate",
      "section": "alpha",
      "stems": [
        "reaction",
        "reactions"
      ],
      "offensive": false
    },
    "hwi": {
      "hw": "re*ac*tion",
      "prs": [
        {
          "mw": "r\u0113-\u02c8ak-sh\u0259n",
          "sound": {
            "audio": "reacti01",
            "ref": "c",
            "stat": "1"
          }
        }
      ]
    },
    "fl": "noun",
    "def": [
      {
        "sseq": [
          [
            [
              "sense",
              {
                "sn": "1 a",
                "dt": [
                  [
                    "text",
                    "{bc}the act or process or an instance of {a_link|reacting}"
                  ]
                ]
              }
            ],
            [
              "sense",
              {
                "sn": "b",
                "dt": [
                  [
                    "text",
                    "{bc}resistance or opposition to a force, influence, or movement"
                  ]
                ],
                "sdsense": {
                  "sd": "especially",
                  "dt": [
                    [
                      "text",
                      "{bc}tendency toward a former and usually outmoded political or social order or policy"
                    ]
                  ]
                }
              }
            ]
          ],
          [
            [
              "sense",
              {
                "sn": "2",
                "dt": [
                  [
                    "text",
                    "{bc}a response to some treatment, situation, or stimulus "
                  ],
                  [
                    "vis",
                    [
                      {
                        "t": "her stunned {wi}reaction{/wi} to the news"
                      }
                    ]
                  ]
                ],
                "sdsense": {
                  "sd": "also",
                  "dt": [
                    [
                      "text",
                      "{bc}such a response expressed verbally "
                    ],
                    [
                      "vis",
                      [
                        {
                          "t": "critical {wi}reaction{/wi} to the play"
                        }
                      ]
                    ]
                  ]
                }
              }
            ]
          ],
          [
            [
              "bs",
              {
                "sense": {
                  "sn": "3",
                  "dt": [
                    [
                      "text",
                      "{bc}bodily response to or activity aroused by a stimulus:"
                    ]
                  ]
                }
              }
            ],
            [
              "sense",
              {
                "sn": "a",
                "dt": [
                  [
                    "text",
                    "{bc}an action induced by vital resistance to another action"
                  ]
                ],
                "sdsense": {
                  "sd": "especially",
                  "dt": [
                    [
                      "text",
                      "{bc}the response of tissues to a foreign substance (such as an antigen or infectious agent)"
                    ]
                  ]
                }
              }
            ],
            [
              "sense",
              {
                "sn": "b",
                "dt": [
                  [
                    "text",
                    "{bc}depression or exhaustion due to excessive exertion or stimulation"
                  ]
                ]
              }
            ],
            [
              "sense",
              {
                "sn": "c",
                "dt": [
                  [
                    "text",
                    "{bc}heightened activity and overaction succeeding depression or shock"
                  ]
                ]
              }
            ],
            [
              "sense",
              {
                "sn": "d",
                "dt": [
                  [
                    "text",
                    "{bc}a mental or emotional disorder forming an individual's response to his or her life situation"
                  ]
                ]
              }
            ]
          ],
          [
            [
              "sense",
              {
                "sn": "4",
                "dt": [
                  [
                    "text",
                    "{bc}the force that a body subjected to the action of a force from another body exerts in the opposite direction"
                  ]
                ]
              }
            ]
          ],
          [
            [
              "pseq",
              [
                [
                  "sense",
                  {
                    "sn": "5 a (1)",
                    "dt": [
                      [
                        "text",
                        "{bc}chemical transformation or change {bc}the interaction of chemical entities"
                      ]
                    ]
                  }
                ],
                [
                  "sense",
                  {
                    "sn": "(2)",
                    "dt": [
                      [
                        "text",
                        "{bc}the state resulting from such a reaction"
                      ]
                    ]
                  }
                ]
              ]
            ],
            [
              "sense",
              {
                "sn": "b",
                "dt": [
                  [
                    "text",
                    "{bc}a process involving change in atomic nuclei"
                  ]
                ]
              }
            ]
          ]
        ]
      }
    ],
    "date": "1585{ds||1|a|}",
    "shortdef": [
      "the act or process or an instance of reacting",
      "resistance or opposition to a force, influence, or movement; especially : tendency toward a former and usually outmoded political or social order or policy",
      "a response to some treatment, situation, or stimulus; also : such a response expressed verbally"
    ]
  },
  {
    "meta": {
      "id": "reaction GIF",
      "uuid": "f26434d8-9bdb-46d3-a0c3-624b53314bbe",
      "sort": "180700500",
      "src": "collegiate",
      "section": "alpha",
      "stems": [
        "reaction GIF",
        "reaction GIFs"
      ],
      "offensive": false
    },
    "hwi": {
      "hw": "reaction GIF"
    },
    "vrs": [
      {
        "vl": "or less commonly",
        "va": "reaction gif"
      }
    ],
    "fl": "noun",
    "ins": [
      {
        "il": "plural",
        "if": "reaction GIFs"
      },
      {
        "il": "also",
        "if": "reaction gifs"
      }
    ],
    "def": [
      {
        "sseq": [
          [
            [
              "sense",
              {
                "dt": [
                  [
                    "text",
                    "{bc}a {d_link|GIF|GIF} of someone or something (such as a celebrity or an animal) that is sent or posted in reply to something (such as a text message or a social media post or comment) and that typically depicts and expresses a reaction "
                  ],
                  [
                    "vis",
                    [
                      {
                        "t": "Now, six seasons in, it's safe to say the legacy of {it}Schitt's Creek{/it} goes far beyond legions of fans using {wi}reaction GIFs{/wi} from the show on Twitter.",
                        "aq": {
                          "auth": "Chris Harnick"
                        }
                      },
                      {
                        "t": "I'll be clear: If you search a word and use a top-10 {wi}reaction GIF{/wi}, you're not being funny. I'll be even more direct: You're not even mildly entertaining anyone with your Jennifer-Lawrence-spit-take reaction.",
                        "aq": {
                          "auth": "Jordan Calhoun"
                        }
                      },
                      {
                        "t": "Or perhaps the warm fuzzy nostalgia we draw from The Simpsons is where we find refuge in an online world that's increasingly divisive, loud and stressful. If we can find empathy in a cartoon {wi}reaction gif{/wi}, maybe that proves that things are never truly that bad.",
                        "aq": {
                          "auth": "Roisin Lanigan"
                        }
                      },
                      {
                        "t": "Grumpy Cat was arguably the world's most famous and popular puss, with more than 2.5 million followers on Instagram. Her permanently scowling, unimpressed face was the original digital language for displeasure, cynicism and apathy and became one of the first {wi}reaction gifs{/wi}.",
                        "aq": {
                          "source": "{it}The New Daily{/it} (Melbourne, Australia)"
                        }
                      },
                      {
                        "t": "{wi}Reaction GIFs{/wi} show up everywhere, both professional and socially, in text messages, emails, social media and, of course, chat-based conversations at work. They have the ability to add context and emotion to words, generally making our statements more engaging.",
                        "aq": {
                          "auth": "Megan Bigelow"
                        }
                      }
                    ]
                  ]
                ]
              }
            ]
          ]
        ]
      }
    ],
    "date": "2012",
    "shortdef": [
      "a GIF of someone or something (such as a celebrity or an animal) that is sent or posted in reply to something (such as a text message or a social media post or comment) and that typically depicts and expresses a reaction"
    ]
  },
  {
    "meta": {
      "id": "alarm reaction",
      "uuid": "a3a0eef4-7e87-43b2-81e7-fe0aace1225e",
      "sort": "011710000",
      "src": "collegiate",
      "section": "alpha",
      "stems": [
        "alarm reaction",
        "alarm reactions"
      ],
      "offensive": false
    },
    "hwi": {
      "hw": "alarm reaction"
    },
    "fl": "noun",
    "def": [
      {
        "sseq": [
          [
            [
              "sense",
              {
                "dt": [
                  [
                    "text",
                    "{bc}the initial reaction of an organism (such as increased hormonal activity) to stress"
                  ]
                ]
              }
            ]
          ]
        ]
      }
    ],
    "date": "1936",
    "shortdef": [
      "the initial reaction of an organism (such as increased hormonal activity) to stress"
    ]
  },
  {
    "meta": {
      "id": "chain reaction",
      "uuid": "44c4c680-df71-4cee-a92f-231952105cf2",
      "sort": "031993000",
      "src": "collegiate",
      "section": "alpha",
      "stems": [
        "chain reaction",
        "chain reactions",
        "chain-react",
        "chain-reacted",
        "chain-reacting",
        "chain-reacts"
      ],
      "offensive": false
    },
    "hwi": {
      "hw": "chain reaction"
    },
    "fl": "noun",
    "def": [
      {
        "sseq": [
          [
            [
              "sense",
              {
                "sn": "1 a",
                "dt": [
                  [
                    "text",
                    "{bc}a series of events so related to each other that each one initiates the next"
                  ]
                ]
              }
            ],
            [
              "sense",
              {
                "sn": "b",
                "dt": [
                  [
                    "text",
                    "{bc}a number of events triggered by the same initial event"
                  ]
                ]
              }
            ]
          ],
          [
            [
              "sense",
              {
                "sn": "2",
                "dt": [
                  [
                    "text",
                    "{bc}a self-sustaining chemical or nuclear reaction yielding energy or products that cause further reactions of the same kind"
                  ]
                ]
              }
            ]
          ]
        ]
      }
    ],
    "uros": [
      {
        "ure": "chain-re*act",
        "prs": [
          {
            "mw": "\u02c8ch\u0101n-r\u0113-\u02c8akt",
            "sound": {
              "audio": "chain_01",
              "ref": "c",
              "stat": "1"
            }
          }
        ],
        "fl": "intransitive verb"
      }
    ],
    "date": "1892{ds||1|a|}",
    "shortdef": [
      "a series of events so related to each other that each one initiates the next",
      "a number of events triggered by the same initial event",
      "a self-sustaining chemical or nuclear reaction yielding energy or products that cause further reactions of the same kind"
    ]
  },
  {
    "meta": {
      "id": "cross-reaction",
      "uuid": "bfa496d6-d688-4569-90e2-e5c761ed51ec",
      "sort": "035734600",
      "src": "collegiate",
      "section": "alpha",
      "stems": [
        "cross-react",
        "cross-reacted",
        "cross-reacting",
        "cross-reaction",
        "cross-reactions",
        "cross-reactive",
        "cross-reactivities",
        "cross-reactivity",
        "cross-reacts"
      ],
      "offensive": false
    },
    "hwi": {
      "hw": "cross-re*ac*tion",
      "prs": [
        {
          "mw": "\u02cckr\u022fs-r\u0113-\u02c8ak-sh\u0259n",
          "sound": {
            "audio": "cross_29",
            "ref": "c",
            "stat": "1"
          }
        }
      ]
    },
    "fl": "noun",
    "def": [
      {
        "sseq": [
          [
            [
              "sense",
              {
                "dt": [
                  [
                    "text",
                    "{bc}reaction of one antigen with antibodies developed against another antigen"
                  ]
                ]
              }
            ]
          ]
        ]
      }
    ],
    "uros": [
      {
        "ure": "cross-re*act",
        "prs": [
          {
            "mw": "\u02cckr\u022fs-r\u0113-\u02c8akt",
            "sound": {
              "audio": "cross_30",
              "ref": "c",
              "stat": "1"
            }
          }
        ],
        "fl": "intransitive verb"
      },
      {
        "ure": "cross-re*ac*tive",
        "prs": [
          {
            "mw": "\u02cckr\u022fs-r\u0113-\u02c8ak-tiv",
            "sound": {
              "audio": "cross_31",
              "ref": "c",
              "stat": "1"
            }
          }
        ],
        "fl": "adjective"
      },
      {
        "ure": "cross-re*ac*tiv*i*ty",
        "prs": [
          {
            "mw": "\u02cckr\u022fs-(\u02cc)r\u0113-\u02ccak-\u02c8ti-v\u0259-t\u0113",
            "sound": {
              "audio": "cross_32",
              "ref": "c",
              "stat": "1"
            }
          }
        ],
        "fl": "noun"
      }
    ],
    "date": "1946",
    "shortdef": [
      "reaction of one antigen with antibodies developed against another antigen"
    ]
  },
  {
    "meta": {
      "id": "dark reaction",
      "uuid": "ee4ea9e0-25de-4197-85e2-702f955d45f4",
      "sort": "040223000",
      "src": "collegiate",
      "section": "alpha",
      "stems": [
        "dark reaction",
        "dark reactions"
      ],
      "offensive": false
    },
    "hwi": {
      "hw": "dark reaction"
    },
    "fl": "noun",
    "def": [
      {
        "sseq": [
          [
            [
              "sense",
              {
                "dt": [
                  [
                    "text",
                    "{bc}any of a series of chemical reactions in photosynthesis not requiring the presence of light and involving the reduction of carbon dioxide to form carbohydrate"
                  ]
                ],
                "sdsense": {
                  "sd": "especially",
                  "dt": [
                    [
                      "text",
                      "{bc}{sx|calvin cycle||}"
                    ]
                  ]
                }
              }
            ]
          ]
        ]
      }
    ],
    "date": "1919",
    "shortdef": [
      "any of a series of chemical reactions in photosynthesis not requiring the presence of light and involving the reduction of carbon dioxide to form carbohydrate; especially : calvin cycle"
    ]
  },
  {
    "meta": {
      "id": "Feulgen reaction",
      "uuid": "4263af94-cfe2-438f-bcba-e65c6ba932f1",
      "sort": "060984000",
      "src": "collegiate",
      "section": "alpha",
      "stems": [
        "Feulgen reaction",
        "Feulgen reactions"
      ],
      "offensive": false
    },
    "hwi": {
      "hw": "Feulgen reaction"
    },
    "fl": "noun",
    "def": [
      {
        "sseq": [
          [
            [
              "sense",
              {
                "dt": [
                  [
                    "text",
                    "{bc}the development of a brilliant purple color by DNA in a microscopic preparation stained with a modified Schiff's reagent"
                  ]
                ]
              }
            ]
          ]
        ]
      }
    ],
    "et": [
      [
        "text",
        "Robert {it}Feulgen{/it} \u20201955 German physiologist"
      ]
    ],
    "date": "1928",
    "shortdef": [
      "the development of a brilliant purple color by DNA in a microscopic preparation stained with a modified Schiff's reagent"
    ]
  },
  {
    "meta": {
      "id": "Hill reaction",
      "uuid": "20c06d30-d257-43aa-ac78-39bb149a61c1",
      "sort": "080191600",
      "src": "collegiate",
      "section": "alpha",
      "stems": [
        "Hill reaction",
        "Hill reactions"
      ],
      "offensive": false
    },
    "hwi": {
      "hw": "Hill reaction",
      "prs": [
        {
          "mw": "\u02c8hil-",
          "sound": {
            "audio": "hillre01",
            "ref": "c",
            "stat": "1"
          }
        }
      ]
    },
    "fl": "noun",
    "def": [
      {
        "sseq": [
          [
            [
              "sense",
              {
                "dt": [
                  [
                    "text",
                    "{bc}the light-dependent transfer of electrons by chloroplasts in photosynthesis that results in the cleavage of water molecules and liberation of oxygen"
                  ]
                ]
              }
            ]
          ]
        ]
      }
    ],
    "et": [
      [
        "text",
        "Robert {it}Hill{/it} \u20201991 British biochemist"
      ]
    ],
    "date": "1950",
    "shortdef": [
      "the light-dependent transfer of electrons by chloroplasts in photosynthesis that results in the cleavage of water molecules and liberation of oxygen"
    ]
  },
  {
    "meta": {
      "id": "light reaction",
      "uuid": "73ed7fe6-85ef-4241-a234-b48424511196",
      "sort": "120158500",
      "src": "collegiate",
      "section": "alpha",
      "stems": [
        "light reaction",
        "light reactions"
      ],
      "offensive": false
    },
    "hwi": {
      "hw": "light reaction"
    },
    "fl": "noun",
    "def": [
      {
        "sseq": [
          [
            [
              "sense",
              {
                "dt": [
                  [
                    "text",
                    "{bc}the phase of photosynthesis that requires the presence of light and that involves photophosphorylation"
                  ]
                ]
              }
            ]
          ]
        ]
      }
    ],
    "date": "1925",
    "shortdef": [
      "the phase of photosynthesis that requires the presence of light and that involves photophosphorylation"
    ]
  },
  {
    "meta": {
      "id": "Maillard reaction",
      "uuid": "aed8b946-80c0-4b0b-9ba1-e23b085e6980",
      "sort": "130326000",
      "src": "collegiate",
      "section": "alpha",
      "stems": [
        "Maillard reaction",
        "Maillard reactions"
      ],
      "offensive": false
    },
    "hwi": {
      "hw": "Mail*lard reaction",
      "prs": [
        {
          "mw": "m\u0259-\u02c8l\u00e4rd-",
          "sound": {
            "audio": "maill02m",
            "ref": "c",
            "stat": "1"
          }
        },
        {
          "mw": "-\u02c8y\u00e4r-"
        }
      ]
    },
    "fl": "noun",
    "def": [
      {
        "sseq": [
          [
            [
              "sense",
              {
                "dt": [
                  [
                    "text",
                    "{bc}a nonenzymatic reaction between sugars and proteins that occurs upon heating and that produces browning of some foods (such as meat and bread)"
                  ]
                ]
              }
            ]
          ]
        ]
      }
    ],
    "et": [
      [
        "text",
        "Louis-Camille {it}Maillard{/it} \u20201936 French biochemist"
      ]
    ],
    "date": "1929",
    "shortdef": [
      "a nonenzymatic reaction between sugars and proteins that occurs upon heating and that produces browning of some foods (such as meat and bread)"
    ]
  }
]