[
  {
    "meta": {
      "id": "real:1",
      "uuid": "8b6e9c7e-8ab3-4f68-8360-9b7bdc7eebe9",
      "sort": "180744000",
      "src": "collegiate",
      "section": "alpha",
      "stems": [
        "all too real",
        "for real",
        "get real",
        "gets real",
        "getting real",
        "got real",
        "keep it real",
        "keeping it real",
        "keeps it real",
        "kept it real",
        "real",
        "real talk",
        "realer",
        "realest",
        "realness",
        "realnesses"
      ],
      "offensive": false
    },
    "hom": 1,
    "hwi": {
      "hw": "re*al",
      "prs": [
        {
          "mw": "\u02c8r\u0113(-\u0259)l",
          "sound": {
            "audio": "real1001",
            "ref": "c",
            "stat": "1"
          }
        }
      ]
    },
    "fl": "adjective",
    "def": [
      {
        "sseq": [
          [
            [
              "sense",
              {
                "sn": "1 a",
                "dt": [
                  [
                    "text",
                    "{bc}having objective independent existence "
                  ],
                  [
                    "vis",
                    [
                      {
                        "t": "unable to believe that what he saw was {wi}real{/wi}"
                      }
                    ]
                  ]
                ]
              }
            ],
            [
              "sense",
              {
                "sn": "b",
                "dt": [
                  [
                    "text",
                    "{bc}not artificial, fraudulent, or illusory {bc}{sx|genuine||} "
                  ],
                  [
                    "vis",
                    [
                      {
                        "t": "{wi}real{/wi} gold"
                      }
                    ]
                  ]
                ],
                "sdsense": {
                  "sd": "also",
                  "dt": [
                    [
                      "text",
                      "{bc}being precisely what the name implies "
                    ],
                    [
                      "vis",
                      [
                        {
                          "t": "a {wi}real{/wi} professional"
                        }
                      ]
                    ]
                  ]
                }
              }
            ],
            [
              "pseq",
              [
                [
                  "sense",
                  {
                    "sn": "c (1)",
                    "dt": [
                      [
                        "text",
                        "{bc}occurring or existing in actuality "
                      ],
                      [
                        "vis",
                        [
                          {
                            "t": "saw a {wi}real{/wi} live celebrity"
                          },
                          {
                            "t": "a story of {wi}real{/wi} life"
                          }
                        ]
                      ]
                    ]
                  }
                ],
                [
                  "sense",
                  {
                    "sn": "(2)",
                    "dt": [
                      [
                        "text",
                        "{bc}of or relating to practical or everyday concerns or activities "
                      ],
                      [
                        "vis",
                        [
                          {
                            "t": "left school to live in the {wi}real{/wi} world"
                          }
                        ]
                      ]
                    ]
                  }
                ],
                [
                  "sense",
                  {
                    "sn": "(3)",
                    "dt": [
                      [
                        "text",
                        "{bc}behaving or presented in a way that feels true, honest, or familiar and without pretension or affectation "
                      ],
                      [
                        "vis",
                        [
                          {
                            "t": "\u2026 That was the tragedy of Nurse Jackie \u2026 Great nurse. Flawed human being, and an irreparable one. That's also what made her {wi}real{/wi}, and relatable, and what Falco brought so fully to the role \u2026",
                            "aq": {
                              "auth": "Verne Gay"
                            }
                          },
                          {
                            "t": "On the afternoon of May 28, resident Rick Grant told {it}The Enterprise{/it} as he waited with other grievers in the town hall's town-board room for his turn before a board, {ldquo}We all want the same thing: Be {wi}real{/wi} on the taxes, do a proper assessment, a fair assessment.{rdquo}",
                            "aq": {
                              "source": "{it}The Altamont Enterprise{/it}"
                            }
                          },
                          {
                            "t": "For every follower of the PEANUTS comics knows about the Little Red-Haired Girl, the character who intrigues a shy Charlie Brown. Hem he does, and haw he will, and every reader fidgets, too, knowing that such moments are utterly human and {phrase}all too real{/phrase}.",
                            "aq": {
                              "auth": "Alysia Gray-Painter"
                            }
                          },
                          {
                            "t": "We're living through strange times in America, but that hasn't stopped Chrissy Teigen from being her wonderfully authentic self on social media\u2014from showing up to husband John Legend's Instagram Live concert in a towel to sharing some {phrase}real talk{/phrase} about childbirth.",
                            "aq": {
                              "auth": "Abby Gardner"
                            }
                          },
                          {
                            "t": "Coach Tucker has always just {phrase}kept it real{/phrase} with me from the start. \u2026 He's been one of the most honest coaches. He's not about the B.S., hype and all that.",
                            "aq": {
                              "auth": "Kameron Allen"
                            }
                          },
                          {
                            "t": "{ldquo}The thing that makes college basketball so fascinating to me is that almost everyone's a hair away from the dream \u2026. And, let's {wi}keep it real{/wi}, a lot of them are in school just for the experience needed to get to the next level.{rdquo}",
                            "aq": {
                              "auth": "LL Cool J"
                            }
                          },
                          {
                            "t": "Do you actually think you left popularity contests behind in high school? Please, {phrase}get real{/phrase}.",
                            "aq": {
                              "auth": "Jillian Mackenzie"
                            }
                          }
                        ]
                      ]
                    ]
                  }
                ],
                [
                  "sense",
                  {
                    "sn": "(4)",
                    "dt": [
                      [
                        "text",
                        "{bc}existing as a physical entity and having properties that deviate from an ideal, law, or standard "
                      ],
                      [
                        "vis",
                        [
                          {
                            "t": "a {wi}real{/wi} gas"
                          }
                        ]
                      ],
                      [
                        "text",
                        " {dx}compare {dxt|ideal||1b}{/dx}"
                      ]
                    ]
                  }
                ]
              ]
            ],
            [
              "sense",
              {
                "sn": "d",
                "dt": [
                  [
                    "text",
                    "{bc}{sx|complete||}, {sx|utter||} "
                  ],
                  [
                    "vis",
                    [
                      {
                        "t": "a {wi}real{/wi} fiasco"
                      }
                    ]
                  ]
                ]
              }
            ],
            [
              "sense",
              {
                "sn": "e",
                "dt": [
                  [
                    "text",
                    "{bc}{sx|fundamental||}, {sx|essential||}"
                  ]
                ]
              }
            ],
            [
              "sense",
              {
                "sn": "f",
                "dt": [
                  [
                    "text",
                    "{bc}measured by purchasing power "
                  ],
                  [
                    "vis",
                    [
                      {
                        "t": "{wi}real{/wi} income"
                      },
                      {
                        "t": "{wi}real{/wi} dollars"
                      }
                    ]
                  ]
                ]
              }
            ],
            [
              "pseq",
              [
                [
                  "sense",
                  {
                    "sn": "g (1)",
                    "dt": [
                      [
                        "text",
                        "{bc}belonging to or having elements or components that belong to the set of real numbers "
                      ],
                      [
                        "vis",
                        [
                          {
                            "t": "the {wi}real{/wi} roots of an equation"
                          },
                          {
                            "t": "a {wi}real{/wi} matrix"
                          }
                        ]
                      ]
                    ]
                  }
                ],
                [
                  "sense",
                  {
                    "sn": "(2)",
                    "dt": [
                      [
                        "text",
                        "{bc}concerned with or containing real numbers "
                      ],
                      [
                        "vis",
                        [
                          {
                            "t": "{wi}real{/wi} analysis"
                          }
                        ]
                      ]
                    ]
                  }
                ],
                [
                  "sense",
                  {
                    "sn": "(3)",
                    "dt": [
                      [
                        "text",
                        "{bc}{sx|real-valued||} "
                      ],
                      [
                        "vis",
                        [
                          {
                            "t": "{wi}real{/wi} variable"
                          }
                        ]
                      ]
                    ]
                  }
                ]
              ]
            ]
          ],
          [
            [
              "sense",
              {
                "sn": "2",
                "dt": [
                  [
                    "text",
                    "{bc}of or relating to fixed, permanent, or immovable things (such as lands or tenements) "
                  ],
                  [
                    "vis",
                    [
                      {
                        "t": "{wi}real{/wi} property"
                      }
                    ]
                  ]
                ]
              }
            ]
          ],
          [
            [
              "sense",
              {
                "sn": "3",
                "sls": [
                  "of a particle"
                ],
                "dt": [
                  [
                    "text",
                    "{bc}capable of being detected {dx}compare {dxt|virtual||4}{/dx}"
                  ]
                ]
              }
            ]
          ]
        ]
      }
    ],
    "uros": [
      {
        "ure": "re*al*ness",
        "fl": "noun"
      }
    ],
    "dros": [
      {
        "drp": "for real",
        "def": [
          {
            "sseq": [
              [
                [
                  "sense",
                  {
                    "sn": "1",
                    "dt": [
                      [
                        "text",
                        "{bc}{sx|genuine||} "
                      ],
                      [
                        "vis",
                        [
                          {
                            "t": "couldn't believe the threats were {it}for real{/it}"
                          }
                        ]
                      ]
                    ]
                  }
                ]
              ],
              [
                [
                  "sense",
                  {
                    "sn": "2",
                    "dt": [
                      [
                        "text",
                        "{bc}genuinely good or capable of success (as in competition) "
                      ],
                      [
                        "vis",
                        [
                          {
                            "t": "not yet sure if this team is {it}for real{/it}"
                          }
                        ]
                      ]
                    ]
                  }
                ]
              ],
              [
                [
                  "sense",
                  {
                    "sn": "3",
                    "dt": [
                      [
                        "text",
                        "{bc}in earnest {bc}{sx|seriously||} "
                      ],
                      [
                        "vis",
                        [
                          {
                            "t": "fighting {it}for real{/it}"
                          }
                        ]
                      ]
                    ]
                  }
                ]
              ]
            ]
          }
        ]
      }
    ],
    "et": [
      [
        "text",
        "Middle English, real, relating to things (in law), from Anglo-French, from Medieval Latin & Late Latin; Medieval Latin {it}realis{/it} relating to things (in law), from Late Latin, real, from Latin {it}res{/it} thing, fact; akin to Sanskrit {it}rayi{/it} property"
      ]
    ],
    "date": "14th century{ds||1|a|}",
    "shortdef": [
      "having objective independent existence",
      "not artificial, fraudulent, or illusory : genuine; also : being precisely what the name implies",
      "occurring or existing in actuality"
    ]
  },
  {
    "meta": {
      "id": "real:2",
      "uuid": "38dcb4fd-6822-4dac-9c1d-8eff54d8f3f8",
      "sort": "180745000",
      "src": "collegiate",
      "section": "alpha",
      "stems": [
        "real"
      ],
      "offensive": false
    },
    "hom": 2,
    "hwi": {
      "hw": "real"
    },
    "fl": "adverb",
    "def": [
      {
        "sls": [
          "chiefly US",
          "informal"
        ],
        "sseq": [
          [
            [
              "sense",
              {
                "dt": [
                  [
                    "text",
                    "{bc}{sx|very||}, {sx|really||} "
                  ],
                  [
                    "uns",
                    [
                      [
                        [
                          "text",
                          "used as an intensifier "
                        ],
                        [
                          "vis",
                          [
                            {
                              "t": "It was a good furnace all last winter, they didn't have a single problem with it: it ran {wi}real{/wi} quiet \u2026",
                              "aq": {
                                "auth": "Garrison Keillor"
                              }
                            },
                            {
                              "t": "\u2026 the magazine isn't {wi}real{/wi} sure who its readers are \u2026",
                              "aq": {
                                "auth": "Tom Carson"
                              }
                            }
                          ]
                        ]
                      ]
                    ]
                  ]
                ]
              }
            ]
          ]
        ]
      }
    ],
    "date": "1718",
    "shortdef": [
      "very, really \u2014used as an intensifier"
    ]
  },
  {
    "meta": {
      "id": "real:3",
      "uuid": "15628248-db52-4e31-bf7b-73340b6e3951",
      "sort": "180746000",
      "src": "collegiate",
      "section": "alpha",
      "stems": [
        "real",
        "reals"
      ],
      "offensive": false
    },
    "hom": 3,
    "hwi": {
      "hw": "real"
    },
    "fl": "noun",
    "def": [
      {
        "sseq": [
          [
            [
              "sense",
              {
                "dt": [
                  [
                    "text",
                    "{bc}a real thing"
                  ]
                ],
                "sdsense": {
                  "sd": "especially",
                  "dt": [
                    [
                      "text",
                      "{bc}a mathematically real quantity"
                    ]
                  ]
                }
              }
            ]
          ]
        ]
      }
    ],
    "date": "circa 1626",
    "shortdef": [
      "a real thing; especially : a mathematically real quantity"
    ]
  },
  {
    "meta": {
      "id": "real:4",
      "uuid": "7ac4255a-4e92-4737-a5f5-2f48a34aa0b8",
      "sort": "180747000",
      "src": "collegiate",
      "section": "alpha",
      "stems": [
        "reais",
        "real",
        "reales",
        "reals",
        "reis"
      ],
      "offensive": false
    },
    "hom": 4,
    "hwi": {
      "hw": "re*al",
      "prs": [
        {
          "mw": "r\u0101-\u02c8\u00e4l",
          "sound": {
            "audio": "real5001",
            "ref": "c",
            "stat": "1"
          }
        }
      ]
    },
    "fl": "noun",
    "def": [
      {
        "sseq": [
          [
            [
              "sense",
              {
                "sn": "1",
                "ins": [
                  {
                    "il": "plural",
                    "if": "reais",
                    "prs": [
                      {
                        "mw": "\u02c8r\u0101sh",
                        "sound": {
                          "audio": "real5002",
                          "ref": "c",
                          "stat": "1"
                        }
                      },
                      {
                        "mw": "\u02c8r\u0101s"
                      },
                      {
                        "mw": "\u02c8r\u0101zh"
                      },
                      {
                        "mw": "\u02c8r\u0101z"
                      }
                    ]
                  },
                  {
                    "il": "or",
                    "if": "reis"
                  },
                  {
                    "il": "also",
                    "if": "reals"
                  }
                ],
                "dt": [
                  [
                    "text",
                    "{bc}the basic monetary unit of Brazil {dx}see {dxt|Money Table|money|table}{/dx}"
                  ]
                ]
              }
            ]
          ],
          [
            [
              "sense",
              {
                "sn": "2",
                "ins": [
                  {
                    "il": "plural",
                    "if": "re*al*es"
                  },
                  {
                    "il": "or",
                    "if": "reis",
                    "prs": [
                      {
                        "mw": "\u02c8r\u0101sh",
                        "sound": {
                          "audio": "real5002",
                          "ref": "c",
                          "stat": "1"
                        }
                      },
                      {
                        "mw": "\u02c8r\u0101s"
                      },
                      {
                        "mw": "\u02c8r\u0101zh"
                      },
                      {
                        "mw": "\u02c8r\u0101z"
                      }
                    ]
                  }
                ],
                "dt": [
                  [
                    "text",
                    "{bc}a former monetary unit and coin of Portugal"
                  ]
                ]
              }
            ]
          ]
        ]
      }
    ],
    "et": [
      [
        "text",
        "Portuguese, from {it}real{/it} royal, from Latin {it}regalis{/it}"
      ]
    ],
    "date": "1951{ds||2||}",
    "shortdef": [
      "the basic monetary unit of Brazil",
      "a former monetary unit and coin of Portugal"
    ]
  },
  {
    "meta": {
      "id": "real:5",
      "uuid": "f7ae67f8-9f95-4423-8d56-7a61c2b72af7",
      "sort": "180748000",
      "src": "collegiate",
      "section": "alpha",
      "stems": [
        "real",
        "reales",
        "reals",
        "reis"
      ],
      "offensive": false
    },
    "hom": 5,
    "hwi": {
      "hw": "re*al",
      "prs": [
        {
          "mw": "r\u0101-\u02c8\u00e4l",
          "sound": {
            "audio": "real4001",
            "ref": "c",
            "stat": "1"
          }
        }
      ]
    },
    "fl": "noun",
    "ins": [
      {
        "il": "plural",
        "if": "re*ales",
        "prs": [
          {
            "mw": "r\u0101-\u02c8\u00e4-(\u02cc)l\u0101s",
            "sound": {
              "audio": "real4002",
              "ref": "c",
              "stat": "1"
            }
          }
        ]
      },
      {
        "il": "or",
        "if": "re*als"
      }
    ],
    "def": [
      {
        "sseq": [
          [
            [
              "sense",
              {
                "dt": [
                  [
                    "text",
                    "{bc}a former monetary unit and coin of Spain and its possessions"
                  ]
                ]
              }
            ]
          ]
        ]
      }
    ],
    "et": [
      [
        "text",
        "Spanish, from {it}real{/it} royal, from Latin {it}regalis{/it} {ma}{mat|royal|}{/ma}"
      ]
    ],
    "date": "1555",
    "shortdef": [
      "a former monetary unit and coin of Spain and its possessions"
    ]
  },
  {
    "meta": {
      "id": "reis",
      "uuid": "2b4cfadb-a29e-492c-a9c1-56ed156820a4",
      "sort": "181798000",
      "src": "collegiate",
      "section": "alpha",
      "stems": [
        "real",
        "reis"
      ],
      "offensive": false
    },
    "hwi": {
      "hw": "reis"
    },
    "cxs": [
      {
        "cxl": "plural of",
        "cxtis": [
          {
            "cxt": "real"
          }
        ]
      }
    ],
    "shortdef": []
  },
  {
    "meta": {
      "id": "rial:1",
      "uuid": "1beb7ec2-84db-4a01-ae57-c0b0cfa31865",
      "sort": "183107000",
      "src": "collegiate",
      "section": "alpha",
      "stems": [
        "real",
        "rial",
        "riales",
        "rials",
        "riyal",
        "riyals",
        "ryal"
      ],
      "offensive": false
    },
    "hom": 1,
    "hwi": {
      "hw": "ri*al",
      "prs": [
        {
          "mw": "r\u0113-\u02c8\u022fl",
          "sound": {
            "audio": "rial0001",
            "ref": "c",
            "stat": "1"
          }
        },
        {
          "mw": "-\u02c8\u00e4l"
        }
      ]
    },
    "vrs": [
      {
        "vl": "or less commonly",
        "va": "ri*yal"
      }
    ],
    "fl": "noun",
    "def": [
      {
        "sseq": [
          [
            [
              "sense",
              {
                "dt": [
                  [
                    "text",
                    "the basic monetary unit of Iran, Oman, and Yemen {dx}see {dxt|Money Table|money|table}{/dx}"
                  ]
                ]
              }
            ]
          ]
        ]
      }
    ],
    "et": [
      [
        "text",
        "Persian, from Arabic {it}riy\u0101l{/it} riyal"
      ]
    ],
    "date": "1930",
    "shortdef": [
      "the basic monetary unit of Iran, Oman, and Yemen"
    ]
  },
  {
    "meta": {
      "id": "riyal:1",
      "uuid": "bde96c80-8d23-461d-b331-add25306e01b",
      "sort": "183461000",
      "src": "collegiate",
      "section": "alpha",
      "stems": [
        "real",
        "rial",
        "riales",
        "rials",
        "riyal",
        "riyals",
        "ryal"
      ],
      "offensive": false
    },
    "hom": 1,
    "hwi": {
      "hw": "ri*yal",
      "prs": [
        {
          "mw": "r\u0113-\u02c8y\u00e4l",
          "sound": {
            "audio": "riyal001",
            "ref": "c",
            "stat": "1"
          }
        },
        {
          "mw": "-\u02c8yal"
        }
      ]
    },
    "vrs": [
      {
        "vl": "or less commonly",
        "va": "ri*al"
      }
    ],
    "fl": "noun",
    "def": [
      {
        "sseq": [
          [
            [
              "sense",
              {
                "dt": [
                  [
                    "text",
                    "the basic monetary unit of Qatar and Saudi Arabia {dx}see {dxt|Money Table|money|table}{/dx}"
                  ]
                ]
              }
            ]
          ]
        ]
      }
    ],
    "et": [
      [
        "text",
        "Arabic {it}riy\u0101l{/it}, from Spanish {it}real{/it} real"
      ]
    ],
    "date": "1856",
    "shortdef": [
      "the basic monetary unit of Qatar and Saudi Arabia"
    ]
  },
  {
    "meta": {
      "id": "real estate",
      "uuid": "4480a3e1-34ea-427a-9b28-6a59bece7c65",
      "sort": "180749000",
      "src": "collegiate",
      "section": "alpha",
      "stems": [
        "real estate",
        "real estates"
      ],
      "offensive": false
    },
    "hwi": {
      "hw": "real estate"
    },
    "fl": "noun",
    "def": [
      {
        "sseq": [
          [
            [
              "sense",
              {
                "sn": "1",
                "dt": [
                  [
                    "text",
                    "{bc}property in buildings and land"
                  ]
                ]
              }
            ]
          ],
          [
            [
              "sense",
              {
                "sn": "2",
                "dt": [
                  [
                    "text",
                    "{bc}{sx|space||}, {sx|capacity||} "
                  ],
                  [
                    "vis",
                    [
                      {
                        "t": "her desktop {it}real estate{/it}"
                      },
                      {
                        "t": "the limited {it}real estate{/it} on hard drives",
                        "aq": {
                          "auth": "Leonard Wiener"
                        }
                      }
                    ]
                  ]
                ]
              }
            ]
          ]
        ]
      }
    ],
    "date": "circa 1642{ds||1||}",
    "shortdef": [
      "property in buildings and land",
      "space, capacity"
    ]
  },
  {
    "meta": {
      "id": "real focus",
      "uuid": "52fa5a5b-f333-420b-9bac-9dea6821b0be",
      "sort": "180750000",
      "src": "collegiate",
      "section": "alpha",
      "stems": [
        "real focus"
      ],
      "offensive": false
    },
    "hwi": {
      "hw": "real focus"
    },
    "fl": "noun",
    "def": [
      {
        "sseq": [
          [
            [
              "sense",
              {
                "dt": [
                  [
                    "text",
                    "{bc}a point at which rays (as of light) converge or from which they diverge"
                  ]
                ]
              }
            ]
          ]
        ]
      }
    ],
    "date": "1740",
    "shortdef": [
      "a point at which rays (as of light) converge or from which they diverge"
    ]
  }
]