[
  {
    "meta": {
      "id": "reflection",
      "uuid": "220471c7-8d45-4edf-9192-5dff5fa9a114",
      "sort": "181508000",
      "src": "collegiate",
      "section": "alpha",
      "stems": [
        "reflection",
        "reflectional",
        "reflections"
      ],
      "offensive": false
    },
    "hwi": {
      "hw": "re*flec*tion",
      "prs": [
        {
          "mw": "ri-\u02c8flek-sh\u0259n",
          "sound": {
            "audio": "reflec03",
            "ref": "c",
            "stat": "1"
          }
        }
      ]
    },
    "fl": "noun",
    "def": [
      {
        "sseq": [
          [
            [
              "sense",
              {
                "sn": "1",
                "dt": [
                  [
                    "text",
                    "{bc}an instance of {a_link|reflecting}"
                  ]
                ],
                "sdsense": {
                  "sd": "especially",
                  "dt": [
                    [
                      "text",
                      "{bc}the return of light or sound waves from a surface"
                    ]
                  ]
                }
              }
            ]
          ],
          [
            [
              "sense",
              {
                "sn": "2",
                "dt": [
                  [
                    "text",
                    "{bc}the production of an image by or as if by a mirror"
                  ]
                ]
              }
            ]
          ],
          [
            [
              "sense",
              {
                "sn": "3 a",
                "dt": [
                  [
                    "text",
                    "{bc}the action of bending or folding back"
                  ]
                ]
              }
            ],
            [
              "sense",
              {
                "sn": "b",
                "dt": [
                  [
                    "text",
                    "{bc}a {a_link|reflected} part {bc}{sx|fold||}"
                  ]
                ]
              }
            ]
          ],
          [
            [
              "bs",
              {
                "sense": {
                  "sn": "4",
                  "dt": [
                    [
                      "text",
                      "{bc}something produced by reflecting: such as"
                    ]
                  ]
                }
              }
            ],
            [
              "sense",
              {
                "sn": "a",
                "dt": [
                  [
                    "text",
                    "{bc}an image given back by a reflecting surface"
                  ]
                ]
              }
            ],
            [
              "sense",
              {
                "sn": "b",
                "dt": [
                  [
                    "text",
                    "{bc}an effect produced by an influence "
                  ],
                  [
                    "vis",
                    [
                      {
                        "t": "the high crime rate is a {wi}reflection{/wi} of our violent society"
                      }
                    ]
                  ]
                ]
              }
            ]
          ],
          [
            [
              "sense",
              {
                "sn": "5",
                "dt": [
                  [
                    "text",
                    "{bc}an often obscure or indirect criticism {bc}{sx|reproach||} "
                  ],
                  [
                    "vis",
                    [
                      {
                        "t": "a {wi}reflection{/wi} on his character"
                      }
                    ]
                  ]
                ]
              }
            ]
          ],
          [
            [
              "sense",
              {
                "sn": "6",
                "dt": [
                  [
                    "text",
                    "{bc}a thought, idea, or opinion formed or a remark made as a result of meditation"
                  ]
                ]
              }
            ]
          ],
          [
            [
              "sense",
              {
                "sn": "7",
                "dt": [
                  [
                    "text",
                    "{bc}consideration of some subject matter, idea, or purpose"
                  ]
                ]
              }
            ]
          ],
          [
            [
              "sense",
              {
                "sn": "8",
                "sls": [
                  "obsolete"
                ],
                "dt": [
                  [
                    "text",
                    "{bc}turning back {bc}{sx|return||}"
                  ]
                ]
              }
            ]
          ],
          [
            [
              "sense",
              {
                "sn": "9 a",
                "dt": [
                  [
                    "text",
                    "{bc}a transformation of a figure in which each point is replaced by a point symmetric with respect to a line or plane"
                  ]
                ]
              }
            ],
            [
              "sense",
              {
                "sn": "b",
                "dt": [
                  [
                    "text",
                    "{bc}a transformation that involves reflection in more than one axis of a rectangular coordinate system"
                  ]
                ]
              }
            ]
          ]
        ]
      }
    ],
    "uros": [
      {
        "ure": "re*flec*tion*al",
        "prs": [
          {
            "mw": "ri-\u02c8flek-shn\u0259l",
            "sound": {
              "audio": "reflec04",
              "ref": "c",
              "stat": "1"
            }
          },
          {
            "mw": "-sh\u0259-n\u1d4al"
          }
        ],
        "fl": "adjective"
      }
    ],
    "et": [
      [
        "text",
        "Middle English, alteration of {it}reflexion{/it}, from Late Latin {it}reflexion-, reflexio{/it} act of bending back, from Latin {it}reflectere{/it}"
      ]
    ],
    "date": "14th century{ds||1||}",
    "shortdef": [
      "an instance of reflecting; especially : the return of light or sound waves from a surface",
      "the production of an image by or as if by a mirror",
      "the action of bending or folding back"
    ]
  },
  {
    "meta": {
      "id": "self-reflection",
      "uuid": "022f4079-ad76-43b0-aab9-00469bee390c",
      "sort": "192431000",
      "src": "collegiate",
      "section": "alpha",
      "stems": [
        "self-reflection",
        "self-reflections"
      ],
      "offensive": false
    },
    "hwi": {
      "hw": "self-re*flec*tion",
      "prs": [
        {
          "mw": "\u02ccself-ri-\u02c8flek-sh\u0259n",
          "sound": {
            "audio": "selfre06",
            "ref": "c",
            "stat": "1"
          }
        }
      ]
    },
    "fl": "noun",
    "def": [
      {
        "sseq": [
          [
            [
              "sense",
              {
                "dt": [
                  [
                    "text",
                    "{bc}{sx|self-examination||1}"
                  ]
                ]
              }
            ]
          ]
        ]
      }
    ],
    "date": "1644",
    "shortdef": [
      "self-examination"
    ]
  }
]