[
  {
    "meta": {
      "id": "refraction",
      "uuid": "203ebeec-0ff6-4a8f-9cd3-c40d689ae501",
      "sort": "181559000",
      "src": "collegiate",
      "section": "alpha",
      "stems": [
        "refraction",
        "refractions"
      ],
      "offensive": false
    },
    "hwi": {
      "hw": "re*frac*tion",
      "prs": [
        {
          "mw": "ri-\u02c8frak-sh\u0259n",
          "sound": {
            "audio": "refrac03",
            "ref": "c",
            "stat": "1"
          }
        }
      ]
    },
    "fl": "noun",
    "def": [
      {
        "sseq": [
          [
            [
              "sense",
              {
                "sn": "1",
                "dt": [
                  [
                    "text",
                    "{bc}deflection from a straight path undergone by a light ray or energy wave in passing obliquely from one medium (such as air) into another (such as glass) in which its velocity is different"
                  ]
                ]
              }
            ]
          ],
          [
            [
              "sense",
              {
                "sn": "2",
                "dt": [
                  [
                    "text",
                    "{bc}the change in the apparent position of a celestial body due to bending of the light rays emanating from it as they pass through the atmosphere"
                  ]
                ],
                "sdsense": {
                  "sd": "also",
                  "dt": [
                    [
                      "text",
                      "{bc}the correction to be applied to the apparent position of a body because of this bending"
                    ]
                  ]
                }
              }
            ]
          ],
          [
            [
              "sense",
              {
                "sn": "3",
                "dt": [
                  [
                    "text",
                    "{bc}the action of distorting an image by viewing through a medium"
                  ]
                ],
                "sdsense": {
                  "sd": "also",
                  "dt": [
                    [
                      "text",
                      "{bc}an instance of this"
                    ]
                  ]
                }
              }
            ]
          ]
        ]
      }
    ],
    "art": {
      "artid": "refracti",
      "capt": "refraction 1: {it}a{/it} light ray, {it}b{/it} reflected ray, {it}c{/it} refracted ray"
    },
    "date": "1603{ds||1||}",
    "shortdef": [
      "deflection from a straight path undergone by a light ray or energy wave in passing obliquely from one medium (such as air) into another (such as glass) in which its velocity is different",
      "the change in the apparent position of a celestial body due to bending of the light rays emanating from it as they pass through the atmosphere; also : the correction to be applied to the apparent position of a body because of this bending",
      "the action of distorting an image by viewing through a medium; also : an instance of this"
    ]
  },
  {
    "meta": {
      "id": "angle of refraction",
      "uuid": "56d0ec34-7c9f-4c29-b1c3-f8beddab5a20",
      "sort": "012771000",
      "src": "collegiate",
      "section": "alpha",
      "stems": [
        "angle of refraction"
      ],
      "offensive": false
    },
    "hwi": {
      "hw": "angle of refraction"
    },
    "fl": "noun phrase",
    "def": [
      {
        "sseq": [
          [
            [
              "sense",
              {
                "dt": [
                  [
                    "text",
                    "{bc}the angle between a refracted ray and the normal drawn at the point of incidence to the interface at which refraction occurs"
                  ]
                ]
              }
            ]
          ]
        ]
      }
    ],
    "date": "1636",
    "shortdef": [
      "the angle between a refracted ray and the normal drawn at the point of incidence to the interface at which refraction occurs"
    ]
  },
  {
    "meta": {
      "id": "double refraction",
      "uuid": "a1179e91-d545-4836-b462-61cbe34aad60",
      "sort": "043572000",
      "src": "collegiate",
      "section": "alpha",
      "stems": [
        "double refraction",
        "double refractions"
      ],
      "offensive": false
    },
    "hwi": {
      "hw": "double refraction"
    },
    "fl": "noun",
    "def": [
      {
        "sseq": [
          [
            [
              "sense",
              {
                "dt": [
                  [
                    "text",
                    "{bc}{sx|birefringence||1}"
                  ]
                ]
              }
            ]
          ]
        ]
      }
    ],
    "date": "1794",
    "shortdef": [
      "birefringence"
    ]
  },
  {
    "meta": {
      "id": "index of refraction",
      "uuid": "524db0c9-f982-4822-ad9c-a5c6ef52d07d",
      "sort": "091147000",
      "src": "collegiate",
      "section": "alpha",
      "stems": [
        "index of refraction"
      ],
      "offensive": false
    },
    "hwi": {
      "hw": "index of refraction"
    },
    "fl": "noun phrase",
    "def": [
      {
        "sseq": [
          [
            [
              "sense",
              {
                "dt": [
                  [
                    "text",
                    "{bc}{sx|refractive index||}"
                  ]
                ]
              }
            ]
          ]
        ]
      }
    ],
    "date": "1829",
    "shortdef": [
      "refractive index"
    ]
  }
]