[
  {
    "meta": {
      "id": "reproduction",
      "uuid": "68d85e07-f4bc-4405-9ec8-4b3cc8cfbabe",
      "sort": "182285000",
      "src": "collegiate",
      "section": "alpha",
      "stems": [
        "reproduction",
        "reproductions"
      ],
      "offensive": false
    },
    "hwi": {
      "hw": "re*pro*duc*tion",
      "prs": [
        {
          "mw": "\u02ccr\u0113-pr\u0259-\u02c8d\u0259k-sh\u0259n",
          "sound": {
            "audio": "reprod05",
            "ref": "c",
            "stat": "1"
          }
        }
      ]
    },
    "fl": "noun",
    "def": [
      {
        "sseq": [
          [
            [
              "sense",
              {
                "sn": "1",
                "dt": [
                  [
                    "text",
                    "{bc}the act or process of {a_link|reproducing}"
                  ]
                ],
                "sdsense": {
                  "sd": "specifically",
                  "dt": [
                    [
                      "text",
                      "{bc}the process by which plants and animals give rise to offspring and which fundamentally consists of the segregation of a portion of the parental body by a sexual or an asexual process and its subsequent growth and differentiation into a new individual"
                    ]
                  ]
                }
              }
            ]
          ],
          [
            [
              "sense",
              {
                "sn": "2",
                "dt": [
                  [
                    "text",
                    "{bc}something {a_link|reproduced} {bc}{sx|copy||}"
                  ]
                ]
              }
            ]
          ],
          [
            [
              "sense",
              {
                "sn": "3",
                "dt": [
                  [
                    "text",
                    "{bc}young seedling trees in a forest"
                  ]
                ]
              }
            ]
          ]
        ]
      }
    ],
    "syns": [
      {
        "pl": "synonyms",
        "pt": [
          [
            "text",
            "{sc}reproduction{/sc} {sc}duplicate{/sc} {sc}copy{/sc} {sc}facsimile{/sc} {sc}replica{/sc} mean a thing made to closely resemble another. {sc}reproduction{/sc} implies an exact or close imitation of an existing thing. "
          ],
          [
            "vis",
            [
              {
                "t": "{it}reproductions{/it} from the museum's furniture collection"
              }
            ]
          ],
          [
            "text",
            " {sc}duplicate{/sc} implies a double or counterpart exactly corresponding to another thing. "
          ],
          [
            "vis",
            [
              {
                "t": "a {it}duplicate{/it} of a house key"
              }
            ]
          ],
          [
            "text",
            " {sc}copy{/sc} applies especially to one of a number of things reproduced mechanically. "
          ],
          [
            "vis",
            [
              {
                "t": "printed 1000 {it}copies{/it} of the lithograph"
              }
            ]
          ],
          [
            "text",
            " {sc}facsimile{/sc} suggests a close reproduction often of graphic matter that may differ in scale. "
          ],
          [
            "vis",
            [
              {
                "t": "a {it}facsimile{/it} of a rare book"
              }
            ]
          ],
          [
            "text",
            " {sc}replica{/sc} implies the exact reproduction of a particular item in all details "
          ],
          [
            "vis",
            [
              {
                "t": "a {it}replica{/it} of the Mayflower"
              }
            ]
          ],
          [
            "text",
            " but not always in the same scale. "
          ],
          [
            "vis",
            [
              {
                "t": "miniature {it}replicas{/it} of classic cars"
              }
            ]
          ]
        ]
      }
    ],
    "date": "circa 1640{ds||1||}",
    "shortdef": [
      "the act or process of reproducing; specifically : the process by which plants and animals give rise to offspring and which fundamentally consists of the segregation of a portion of the parental body by a sexual or an asexual process and its subsequent growth and differentiation into a new individual",
      "something reproduced : copy",
      "young seedling trees in a forest"
    ]
  },
  {
    "meta": {
      "id": "reproduction proof",
      "uuid": "78bc8332-d5a1-4138-a810-0d3cafb1cf66",
      "sort": "182286000",
      "src": "collegiate",
      "section": "alpha",
      "stems": [
        "repro proof",
        "reproduction proof",
        "reproduction proofs"
      ],
      "offensive": false
    },
    "hwi": {
      "hw": "reproduction proof"
    },
    "fl": "noun",
    "def": [
      {
        "sseq": [
          [
            [
              "sense",
              {
                "dt": [
                  [
                    "text",
                    "{bc}{sx|repro||1}"
                  ]
                ]
              }
            ]
          ]
        ]
      }
    ],
    "date": "1945",
    "shortdef": [
      "repro"
    ]
  }
]