[
  {
    "meta": {
      "id": "RGB:1",
      "uuid": "4d2016ca-2852-4270-a873-6f1cd4272bea",
      "sort": "182980000",
      "src": "collegiate",
      "section": "alpha",
      "stems": [
        "RGB"
      ],
      "offensive": false
    },
    "hom": 1,
    "hwi": {
      "hw": "RGB",
      "prs": [
        {
          "mw": "\u02cc\u00e4r-(\u02cc)j\u0113-\u02c8b\u0113",
          "sound": {
            "audio": "rgb_1",
            "ref": "u",
            "stat": "1"
          }
        }
      ]
    },
    "fl": "adjective",
    "def": [
      {
        "sseq": [
          [
            [
              "sense",
              {
                "dt": [
                  [
                    "text",
                    "{bc}being or using a video signal in which each component of the signal (such as chrominance and luminance) is carried over a separate wire "
                  ],
                  [
                    "vis",
                    [
                      {
                        "t": "an {wi}RGB{/wi} computer monitor"
                      }
                    ]
                  ],
                  [
                    "snote",
                    [
                      [
                        "t",
                        "Video and television displays commonly use the {d_link|RGB|RGB:2} color model of combined red, green, and blue light to produce their images. This system is so common that the name for the color model has been adopted to refer to the video signal carrying this information."
                      ]
                    ]
                  ]
                ]
              }
            ]
          ]
        ]
      }
    ],
    "et": [
      [
        "text",
        "{it}r{/it}ed-{it}g{/it}reen-{it}b{/it}lue (colors used in television transmission)"
      ]
    ],
    "date": "1979",
    "shortdef": [
      "being or using a video signal in which each component of the signal (such as chrominance and luminance) is carried over a separate wire"
    ]
  },
  {
    "meta": {
      "id": "RGB:2",
      "uuid": "710a81c7-c703-465b-91b6-9da4c0b1071a",
      "sort": "182981000",
      "src": "collegiate",
      "section": "alpha",
      "stems": [
        "RGB",
        "RGBs"
      ],
      "offensive": false
    },
    "hom": 2,
    "hwi": {
      "hw": "RGB"
    },
    "fl": "noun",
    "def": [
      {
        "sseq": [
          [
            [
              "sense",
              {
                "dt": [
                  [
                    "text",
                    "{bc}the {d_link|color model|color model} of three-color video displays using red, green, and blue light {dx}compare {dxt|cmyk||}{/dx}"
                  ]
                ]
              }
            ]
          ]
        ]
      }
    ],
    "date": "1985",
    "shortdef": [
      "the color model of three-color video displays using red, green, and blue light"
    ]
  }
]