[
  {
    "meta": {
      "id": "rhythm",
      "uuid": "5deb64f3-dec8-4c9b-b250-dabbf7200ee6",
      "sort": "183093000",
      "src": "collegiate",
      "section": "alpha",
      "stems": [
        "rhythm",
        "rhythm section",
        "rhythms"
      ],
      "offensive": false
    },
    "hwi": {
      "hw": "rhythm",
      "prs": [
        {
          "mw": "\u02c8ri-t\u035fh\u0259m",
          "sound": {
            "audio": "rhythm01",
            "ref": "c",
            "stat": "1"
          }
        }
      ]
    },
    "fl": "noun",
    "def": [
      {
        "sseq": [
          [
            [
              "sense",
              {
                "sn": "1 a",
                "dt": [
                  [
                    "text",
                    "{bc}an ordered {d_link|recurrent|recurrent} alternation of strong and weak elements in the flow of sound and silence in speech"
                  ]
                ]
              }
            ],
            [
              "sense",
              {
                "sn": "b",
                "dt": [
                  [
                    "text",
                    "{bc}a particular example or form of rhythm "
                  ],
                  [
                    "vis",
                    [
                      {
                        "t": "iambic {wi}rhythm{/wi}"
                      }
                    ]
                  ]
                ]
              }
            ]
          ],
          [
            [
              "sense",
              {
                "sn": "2 a",
                "dt": [
                  [
                    "text",
                    "{bc}the aspect of music comprising all the elements (such as {d_link|accent|accent:1}, {d_link|meter|meter:1}, and {d_link|tempo|tempo}) that relate to forward movement"
                  ]
                ]
              }
            ],
            [
              "sense",
              {
                "sn": "b",
                "dt": [
                  [
                    "text",
                    "{bc}a characteristic rhythmic pattern "
                  ],
                  [
                    "vis",
                    [
                      {
                        "t": "rumba {wi}rhythm{/wi}"
                      }
                    ]
                  ]
                ],
                "sdsense": {
                  "sd": "also",
                  "dt": [
                    [
                      "text",
                      "{bc}{sx|meter:1||2}"
                    ]
                  ]
                }
              }
            ],
            [
              "sense",
              {
                "sn": "c",
                "dt": [
                  [
                    "text",
                    "{bc}the group of instruments in a band supplying the rhythm "
                  ],
                  [
                    "ca",
                    {
                      "intro": "called also",
                      "cats": [
                        {
                          "cat": "rhythm section"
                        }
                      ]
                    }
                  ]
                ]
              }
            ]
          ],
          [
            [
              "sense",
              {
                "sn": "3 a",
                "dt": [
                  [
                    "text",
                    "{bc}movement, fluctuation, or variation marked by the regular recurrence or natural flow of related elements "
                  ],
                  [
                    "vis",
                    [
                      {
                        "t": "the {wi}rhythms{/wi} of country life"
                      }
                    ]
                  ]
                ]
              }
            ],
            [
              "sense",
              {
                "sn": "b",
                "dt": [
                  [
                    "text",
                    "{bc}the repetition in a literary work of phrase, incident, character type, or symbol"
                  ]
                ]
              }
            ]
          ],
          [
            [
              "sense",
              {
                "sn": "4",
                "dt": [
                  [
                    "text",
                    "{bc}a regularly {d_link|recurrent|recurrent} {d_link|quantitative|quantitative} change in a variable biological process "
                  ],
                  [
                    "vis",
                    [
                      {
                        "t": "a circadian {wi}rhythm{/wi}"
                      }
                    ]
                  ],
                  [
                    "text",
                    " {dx}compare {dxt|biorhythm||}{/dx}"
                  ]
                ]
              }
            ]
          ],
          [
            [
              "sense",
              {
                "sn": "5",
                "dt": [
                  [
                    "text",
                    "{bc}the effect created by the elements in a play, movie, or novel that relate to the {d_link|temporal|temporal:1} development of the action"
                  ]
                ]
              }
            ]
          ],
          [
            [
              "sense",
              {
                "sn": "6",
                "dt": [
                  [
                    "text",
                    "{bc}{sx|rhythm method||}"
                  ]
                ]
              }
            ]
          ]
        ]
      }
    ],
    "quotes": [
      {
        "t": "At that the others began to gibber in unison, also rising to their feet, spreading their hands and swaying their bodies in {qword}rhythm{/qword} with their chant.",
        "aq": {
          "auth": "H. G. Wells",
          "source": "{it}The Island of Doctor Moreau{/it}",
          "aqdate": "1896"
        }
      },
      {
        "t": "She walked as Doctor Reefy thought he had never seen anyone walk before. To her whole body there was a swing, a {qword}rhythm{/qword} that intoxicated him.",
        "aq": {
          "auth": "Sherwood Anderson",
          "source": "{it}Winesburg, Ohio{/it}",
          "aqdate": "1919"
        }
      },
      {
        "t": "I would even say that when the bouncy style is not an attempt to dazzle the reader, or one's self, but to incorporate into American literary prose the {qword}rhythms{/qword}, nuances, and emphases of urban and immigrant speech, the result can sometimes be a language of new and rich emotional subtleties \u2026",
        "aq": {
          "auth": "Philip Roth",
          "source": "{it}Reading Myself and Others{/it}",
          "aqdate": "1975"
        }
      },
      {
        "t": "Jets that cross time zones in a day play havoc with the natural {qword}rhythms{/qword} acquired through evolution.",
        "aq": {
          "auth": "Nancy Shelton",
          "source": "{it}Skeptical Inquirer{/it}",
          "aqdate": "May/June 1996"
        }
      },
      {
        "t": "They shattered punk orthodoxy with radical politics and jagged {qword}rhythms{/qword}, their rage captured in brutally succinct outbursts.",
        "aq": {
          "auth": "Matt Diehl",
          "source": "{it}Rolling Stone{/it}",
          "aqdate": "20 Oct. 1994"
        }
      }
    ],
    "et": [
      [
        "text",
        "Middle French & Latin; Middle French {it}rhythme{/it}, from Latin {it}rhythmus{/it}, from Greek {it}rhythmos{/it}, probably from {it}rhein{/it} to flow {ma}{mat|stream|}{/ma}"
      ]
    ],
    "date": "1560{ds||1|a|}",
    "shortdef": [
      "an ordered recurrent alternation of strong and weak elements in the flow of sound and silence in speech",
      "a particular example or form of rhythm",
      "the aspect of music comprising all the elements (such as accent, meter, and tempo) that relate to forward movement"
    ]
  },
  {
    "meta": {
      "id": "rhythm and blues",
      "uuid": "e8772ef0-276c-420a-85c6-99b4679da2ad",
      "sort": "183094000",
      "src": "collegiate",
      "section": "alpha",
      "stems": [
        "rhythm and blues"
      ],
      "offensive": false
    },
    "hwi": {
      "hw": "rhythm and blues"
    },
    "fl": "noun",
    "def": [
      {
        "sseq": [
          [
            [
              "sense",
              {
                "dt": [
                  [
                    "text",
                    "{bc}popular music typically including elements of blues and African American folk music and marked by a strong beat and simple chord structure"
                  ]
                ]
              }
            ]
          ]
        ]
      }
    ],
    "date": "1933",
    "shortdef": [
      "popular music typically including elements of blues and African American folk music and marked by a strong beat and simple chord structure"
    ]
  },
  {
    "meta": {
      "id": "rhythm band",
      "uuid": "9e84f5f5-74e3-46c5-8cf8-89b1038e468a",
      "sort": "183095000",
      "src": "collegiate",
      "section": "alpha",
      "stems": [
        "rhythm band",
        "rhythm bands"
      ],
      "offensive": false
    },
    "hwi": {
      "hw": "rhythm band"
    },
    "fl": "noun",
    "def": [
      {
        "sseq": [
          [
            [
              "sense",
              {
                "dt": [
                  [
                    "text",
                    "{bc}a band usually composed of schoolchildren who play simple percussion instruments (such as rhythm sticks, sleigh bells, or tambourines) to learn fundamentals of coordination and music"
                  ]
                ]
              }
            ]
          ]
        ]
      }
    ],
    "date": "circa 1943",
    "shortdef": [
      "a band usually composed of schoolchildren who play simple percussion instruments (such as rhythm sticks, sleigh bells, or tambourines) to learn fundamentals of coordination and music"
    ]
  },
  {
    "meta": {
      "id": "rhythm method",
      "uuid": "4b10a992-c85b-4afc-9250-9ad0752ebb64",
      "sort": "183101000",
      "src": "collegiate",
      "section": "alpha",
      "stems": [
        "rhythm method",
        "rhythm methods"
      ],
      "offensive": false
    },
    "hwi": {
      "hw": "rhythm method"
    },
    "fl": "noun",
    "def": [
      {
        "sseq": [
          [
            [
              "sense",
              {
                "dt": [
                  [
                    "text",
                    "{bc}a method of birth control involving abstinence during the period in which ovulation is most likely to occur"
                  ]
                ]
              }
            ]
          ]
        ]
      }
    ],
    "date": "1934",
    "shortdef": [
      "a method of birth control involving abstinence during the period in which ovulation is most likely to occur"
    ]
  },
  {
    "meta": {
      "id": "rhythm stick",
      "uuid": "570a9a45-16d0-4804-9808-3268917deeda",
      "sort": "183102000",
      "src": "collegiate",
      "section": "alpha",
      "stems": [
        "rhythm stick",
        "rhythm sticks"
      ],
      "offensive": false
    },
    "hwi": {
      "hw": "rhythm stick"
    },
    "fl": "noun",
    "def": [
      {
        "sseq": [
          [
            [
              "sense",
              {
                "dt": [
                  [
                    "text",
                    "{bc}one of a pair of plain or notched wood sticks that are struck or rubbed together to produce various percussive sounds and are used especially by young children in rhythm bands"
                  ]
                ]
              }
            ]
          ]
        ]
      }
    ],
    "date": "1927",
    "shortdef": [
      "one of a pair of plain or notched wood sticks that are struck or rubbed together to produce various percussive sounds and are used especially by young children in rhythm bands"
    ]
  },
  {
    "meta": {
      "id": "falling rhythm",
      "uuid": "ea6afc23-022c-427f-bad0-bc0d57069aca",
      "sort": "060234000",
      "src": "collegiate",
      "section": "alpha",
      "stems": [
        "falling rhythm",
        "falling rhythms"
      ],
      "offensive": false
    },
    "hwi": {
      "hw": "falling rhythm"
    },
    "fl": "noun",
    "def": [
      {
        "sseq": [
          [
            [
              "sense",
              {
                "dt": [
                  [
                    "text",
                    "{bc}rhythm with stress occurring regularly on the first syllable of each foot {dx}compare {dxt|rising rhythm||}{/dx}"
                  ]
                ]
              }
            ]
          ]
        ]
      }
    ],
    "date": "1893",
    "shortdef": [
      "rhythm with stress occurring regularly on the first syllable of each foot"
    ]
  },
  {
    "meta": {
      "id": "rising rhythm",
      "uuid": "f7a51067-0d48-4210-9cfe-636a1bbcfd97",
      "sort": "183409000",
      "src": "collegiate",
      "section": "alpha",
      "stems": [
        "rising rhythm",
        "rising rhythms"
      ],
      "offensive": false
    },
    "hwi": {
      "hw": "rising rhythm"
    },
    "fl": "noun",
    "def": [
      {
        "sseq": [
          [
            [
              "sense",
              {
                "dt": [
                  [
                    "text",
                    "{bc}rhythm with stress occurring regularly on the last syllable of each foot {dx}compare {dxt|falling rhythm||}{/dx}"
                  ]
                ]
              }
            ]
          ]
        ]
      }
    ],
    "date": "1881",
    "shortdef": [
      "rhythm with stress occurring regularly on the last syllable of each foot"
    ]
  },
  {
    "meta": {
      "id": "sinus rhythm",
      "uuid": "bc9b8c69-e0d6-4c25-a958-64091e23d581",
      "sort": "194430400",
      "src": "collegiate",
      "section": "alpha",
      "stems": [
        "sinus rhythm"
      ],
      "offensive": false
    },
    "hwi": {
      "hw": "sinus rhythm"
    },
    "fl": "noun",
    "def": [
      {
        "sseq": [
          [
            [
              "sense",
              {
                "dt": [
                  [
                    "text",
                    "{bc}the rhythm of the heart produced by impulses from the sinus node "
                  ],
                  [
                    "vis",
                    [
                      {
                        "t": "restored the patient to normal {it}sinus rhythm{/it}"
                      }
                    ]
                  ]
                ]
              }
            ]
          ]
        ]
      }
    ],
    "date": "1911",
    "shortdef": [
      "the rhythm of the heart produced by impulses from the sinus node"
    ]
  },
  {
    "meta": {
      "id": "sprung rhythm",
      "uuid": "14f86a9d-b058-4cc9-94f0-51a641751ba1",
      "sort": "194709400",
      "src": "collegiate",
      "section": "alpha",
      "stems": [
        "sprung rhythm",
        "sprung rhythms"
      ],
      "offensive": false
    },
    "hwi": {
      "hw": "sprung rhythm"
    },
    "fl": "noun",
    "def": [
      {
        "sseq": [
          [
            [
              "sense",
              {
                "dt": [
                  [
                    "text",
                    "{bc}a poetic rhythm designed to approximate the natural rhythm of speech and characterized by the frequent juxtaposition of single accented syllables and the occurrence of mixed types of feet"
                  ]
                ]
              }
            ]
          ]
        ]
      }
    ],
    "date": "1877",
    "shortdef": [
      "a poetic rhythm designed to approximate the natural rhythm of speech and characterized by the frequent juxtaposition of single accented syllables and the occurrence of mixed types of feet"
    ]
  },
  {
    "meta": {
      "id": "theta rhythm",
      "uuid": "6becf250-8a5d-4849-a0f5-618059a3792d",
      "sort": "200161900",
      "src": "collegiate",
      "section": "alpha",
      "stems": [
        "theta rhythm",
        "theta rhythms",
        "theta wave"
      ],
      "offensive": false
    },
    "hwi": {
      "hw": "theta rhythm"
    },
    "fl": "noun",
    "def": [
      {
        "sseq": [
          [
            [
              "sense",
              {
                "dt": [
                  [
                    "text",
                    "{bc}a relatively high amplitude brain wave pattern between approximately four and nine hertz that is characteristic especially of the hippocampus "
                  ],
                  [
                    "ca",
                    {
                      "intro": "called also",
                      "cats": [
                        {
                          "cat": "theta wave"
                        }
                      ]
                    }
                  ]
                ]
              }
            ]
          ]
        ]
      }
    ],
    "date": "1944",
    "shortdef": [
      "a relatively high amplitude brain wave pattern between approximately four and nine hertz that is characteristic especially of the hippocampus \u2014called also theta wave"
    ]
  }
]