[
  {
    "meta": {
      "id": "rotation",
      "uuid": "f49752ff-99e3-46ea-866c-ac7934bc4da4",
      "sort": "183906000",
      "src": "collegiate",
      "section": "alpha",
      "stems": [
        "rotation",
        "rotational",
        "rotations"
      ],
      "offensive": false
    },
    "hwi": {
      "hw": "ro*ta*tion",
      "prs": [
        {
          "mw": "r\u014d-\u02c8t\u0101-sh\u0259n",
          "sound": {
            "audio": "rotati01",
            "ref": "c",
            "stat": "1"
          }
        }
      ]
    },
    "fl": "noun",
    "def": [
      {
        "sseq": [
          [
            [
              "pseq",
              [
                [
                  "sense",
                  {
                    "sn": "1 a (1)",
                    "dt": [
                      [
                        "text",
                        "{bc}the action or process of {a_link|rotating} on or as if on an axis or center"
                      ]
                    ]
                  }
                ],
                [
                  "sense",
                  {
                    "sn": "(2)",
                    "dt": [
                      [
                        "text",
                        "{bc}the act or an instance of rotating something"
                      ]
                    ]
                  }
                ]
              ]
            ],
            [
              "sense",
              {
                "sn": "b",
                "dt": [
                  [
                    "text",
                    "{bc}one complete turn {bc}the angular displacement required to return a rotating body or figure to its original orientation"
                  ]
                ]
              }
            ]
          ],
          [
            [
              "sense",
              {
                "sn": "2 a",
                "dt": [
                  [
                    "text",
                    "{bc}return or succession in a series "
                  ],
                  [
                    "vis",
                    [
                      {
                        "t": "{wi}rotation{/wi} of the seasons"
                      }
                    ]
                  ]
                ]
              }
            ],
            [
              "sense",
              {
                "sn": "b",
                "dt": [
                  [
                    "text",
                    "{bc}{sx|crop rotation||}"
                  ]
                ]
              }
            ]
          ],
          [
            [
              "sense",
              {
                "sn": "3",
                "dt": [
                  [
                    "text",
                    "{bc}the turning of a body part about its long axis as if on a pivot"
                  ]
                ]
              }
            ]
          ],
          [
            [
              "sense",
              {
                "sn": "4",
                "dt": [
                  [
                    "text",
                    "{bc}a game of pool in which all 15 object balls are shot in numerical order"
                  ]
                ]
              }
            ]
          ],
          [
            [
              "sense",
              {
                "sn": "5",
                "dt": [
                  [
                    "text",
                    "{bc}the series of pitchers on a baseball team who regularly start successive games in turn"
                  ]
                ]
              }
            ]
          ]
        ]
      }
    ],
    "uros": [
      {
        "ure": "ro*ta*tion*al",
        "prs": [
          {
            "mw": "r\u014d-\u02c8t\u0101-shn\u0259l",
            "sound": {
              "audio": "rotati02",
              "ref": "c",
              "stat": "1"
            }
          },
          {
            "mw": "-sh\u0259-n\u1d4al"
          }
        ],
        "fl": "adjective"
      }
    ],
    "date": "circa 1550{ds||1|a|1}",
    "shortdef": [
      "the action or process of rotating on or as if on an axis or center",
      "the act or an instance of rotating something",
      "one complete turn : the angular displacement required to return a rotating body or figure to its original orientation"
    ]
  }
]