[
  {
    "meta": {
      "id": "scale:1",
      "uuid": "d95e32bb-8d8b-402b-8a22-f8ffca0b7462",
      "sort": "190883000",
      "src": "collegiate",
      "section": "alpha",
      "stems": [
        "scale",
        "scaled",
        "scaleless",
        "scales",
        "to scale"
      ],
      "offensive": false
    },
    "hom": 1,
    "hwi": {
      "hw": "scale",
      "prs": [
        {
          "mw": "\u02c8sk\u0101l",
          "sound": {
            "audio": "scale001",
            "ref": "c",
            "stat": "1"
          }
        }
      ]
    },
    "fl": "noun",
    "def": [
      {
        "sseq": [
          [
            [
              "sense",
              {
                "sn": "1",
                "dt": [
                  [
                    "text",
                    "{bc}an instrument or machine for weighing"
                  ]
                ]
              }
            ]
          ],
          [
            [
              "sense",
              {
                "sn": "2 a",
                "dt": [
                  [
                    "text",
                    "{bc}a beam that is supported freely in the center and has two pans of equal weight suspended from its ends "
                  ],
                  [
                    "uns",
                    [
                      [
                        [
                          "text",
                          "usually used in plural"
                        ]
                      ]
                    ]
                  ]
                ]
              }
            ],
            [
              "sense",
              {
                "sn": "b",
                "dt": [
                  [
                    "text",
                    "{bc}either pan or tray of a balance"
                  ]
                ]
              }
            ]
          ]
        ]
      }
    ],
    "et": [
      [
        "text",
        "Middle English {it}scole, scale{/it} bowl, scale of a balance, from Old Norse {it}sk\u0101l{/it}; akin to Old Norse {it}skel{/it} shell {ma}{mat|shell|}{/ma}"
      ]
    ],
    "date": "14th century{ds||2|b|}",
    "shortdef": [
      "an instrument or machine for weighing",
      "a beam that is supported freely in the center and has two pans of equal weight suspended from its ends \u2014usually used in plural",
      "either pan or tray of a balance"
    ]
  },
  {
    "meta": {
      "id": "scale:2",
      "uuid": "59cbd3a4-0ada-4187-ad44-9ec5cffc5f98",
      "sort": "190884000",
      "src": "collegiate",
      "section": "alpha",
      "stems": [
        "scale",
        "scaled",
        "scales",
        "scaling"
      ],
      "offensive": false
    },
    "hom": 2,
    "hwi": {
      "hw": "scale"
    },
    "fl": "verb",
    "ins": [
      {
        "if": "scaled"
      },
      {
        "if": "scal*ing"
      }
    ],
    "def": [
      {
        "vd": "transitive verb",
        "sseq": [
          [
            [
              "sense",
              {
                "dt": [
                  [
                    "text",
                    "{bc}to weigh in {a_link|scales}"
                  ]
                ]
              }
            ]
          ]
        ]
      },
      {
        "vd": "intransitive verb",
        "sseq": [
          [
            [
              "sense",
              {
                "dt": [
                  [
                    "text",
                    "{bc}to have a specified weight on scales"
                  ]
                ]
              }
            ]
          ]
        ]
      }
    ],
    "date": "1691{ds|t|||}",
    "shortdef": [
      "to weigh in scales",
      "to have a specified weight on scales"
    ]
  },
  {
    "meta": {
      "id": "scale:3",
      "uuid": "1e8f7e44-aa71-4960-bd4e-42e2a28e754b",
      "sort": "190885000",
      "src": "collegiate",
      "section": "alpha",
      "stems": [
        "scale",
        "scaled",
        "scaleless",
        "scales",
        "to scale"
      ],
      "offensive": false
    },
    "hom": 3,
    "hwi": {
      "hw": "scale"
    },
    "fl": "noun",
    "def": [
      {
        "sseq": [
          [
            [
              "sense",
              {
                "sn": "1 a",
                "dt": [
                  [
                    "text",
                    "{bc}a small, flattened, rigid, and definitely circumscribed plate forming part of the external body covering especially of a fish"
                  ]
                ]
              }
            ],
            [
              "sense",
              {
                "sn": "b",
                "dt": [
                  [
                    "text",
                    "{bc}a small thin plate suggesting a fish scale "
                  ],
                  [
                    "vis",
                    [
                      {
                        "t": "{wi}scales{/wi} of mica"
                      },
                      {
                        "t": "the {wi}scales{/wi} on a moth's wing"
                      }
                    ]
                  ]
                ]
              }
            ],
            [
              "sense",
              {
                "sn": "c",
                "dt": [
                  [
                    "text",
                    "{bc}the scaly covering of a scaled animal"
                  ]
                ]
              }
            ]
          ],
          [
            [
              "sense",
              {
                "sn": "2",
                "dt": [
                  [
                    "text",
                    "{bc}a small thin dry lamina shed (as in many skin diseases) from the skin"
                  ]
                ]
              }
            ]
          ],
          [
            [
              "bs",
              {
                "sense": {
                  "sn": "3",
                  "dt": [
                    [
                      "text",
                      "{bc}a thin coating, layer, or incrustation: such as"
                    ]
                  ]
                }
              }
            ],
            [
              "sense",
              {
                "sn": "a",
                "dt": [
                  [
                    "text",
                    "{bc}a usually black scaly coating of oxide forming on the surface of a metal (such as iron) when it is heated for processing"
                  ]
                ]
              }
            ],
            [
              "sense",
              {
                "sn": "b",
                "dt": [
                  [
                    "text",
                    "{bc}a hard incrustation usually rich in sulfate of calcium that is deposited on the inside of a vessel (such as a boiler) in which water is heated"
                  ]
                ]
              }
            ]
          ],
          [
            [
              "sense",
              {
                "sn": "4 a",
                "dt": [
                  [
                    "text",
                    "{bc}a modified leaf protecting a seed plant bud before expansion"
                  ]
                ]
              }
            ],
            [
              "sense",
              {
                "sn": "b",
                "dt": [
                  [
                    "text",
                    "{bc}a thin, membranous, chaffy, or woody bract"
                  ]
                ]
              }
            ]
          ],
          [
            [
              "sense",
              {
                "sn": "5 a",
                "dt": [
                  [
                    "text",
                    "{bc}any of the small overlapping usually metal pieces forming the outer surface of scale armor"
                  ]
                ]
              }
            ],
            [
              "sense",
              {
                "sn": "b",
                "dt": [
                  [
                    "text",
                    "{bc}{sx|scale armor||}"
                  ]
                ]
              }
            ]
          ],
          [
            [
              "sense",
              {
                "sn": "6 a",
                "dt": [
                  [
                    "text",
                    "{bc}{sx|scale insect||}"
                  ]
                ]
              }
            ],
            [
              "sense",
              {
                "sn": "b",
                "dt": [
                  [
                    "text",
                    "{bc}infestation with or disease caused by scale insects"
                  ]
                ]
              }
            ]
          ]
        ]
      }
    ],
    "uros": [
      {
        "ure": "scaled",
        "prs": [
          {
            "mw": "\u02c8sk\u0101ld",
            "sound": {
              "audio": "scale002",
              "ref": "c",
              "stat": "1"
            }
          }
        ],
        "fl": "adjective"
      },
      {
        "ure": "scale*less",
        "prs": [
          {
            "mw": "\u02c8sk\u0101l-l\u0259s",
            "sound": {
              "audio": "scale003",
              "ref": "c",
              "stat": "1"
            }
          }
        ],
        "fl": "adjective"
      }
    ],
    "et": [
      [
        "text",
        "Middle English, from Anglo-French {it}escale, eschale{/it}, of Germanic origin; akin to Old English {it}scealu{/it} shell, husk {ma}{mat|shell|}{/ma}"
      ]
    ],
    "date": "14th century{ds||1|a|}",
    "shortdef": [
      "a small, flattened, rigid, and definitely circumscribed plate forming part of the external body covering especially of a fish",
      "a small thin plate suggesting a fish scale",
      "the scaly covering of a scaled animal"
    ]
  },
  {
    "meta": {
      "id": "scale:4",
      "uuid": "f835f840-4afa-4c39-9f54-91b748ac2b90",
      "sort": "190886000",
      "src": "collegiate",
      "section": "alpha",
      "stems": [
        "scale",
        "scaled",
        "scales",
        "scaling"
      ],
      "offensive": false
    },
    "hom": 4,
    "hwi": {
      "hw": "scale"
    },
    "fl": "verb",
    "ins": [
      {
        "if": "scaled"
      },
      {
        "if": "scal*ing"
      }
    ],
    "def": [
      {
        "vd": "transitive verb",
        "sseq": [
          [
            [
              "sense",
              {
                "sn": "1",
                "dt": [
                  [
                    "text",
                    "{bc}to remove the scale or {d_link|scales|scale:3} from (as by scraping) "
                  ],
                  [
                    "vis",
                    [
                      {
                        "t": "{wi}scale{/wi} a fish"
                      }
                    ]
                  ]
                ]
              }
            ]
          ],
          [
            [
              "sense",
              {
                "sn": "2",
                "dt": [
                  [
                    "text",
                    "{bc}to take off in thin layers or scales "
                  ],
                  [
                    "vis",
                    [
                      {
                        "t": "{wi}scale{/wi} tartar from the teeth"
                      }
                    ]
                  ]
                ]
              }
            ]
          ],
          [
            [
              "sense",
              {
                "sn": "3",
                "dt": [
                  [
                    "text",
                    "{bc}to throw (something, such as a thin, flat stone) so that the edge cuts the air or so that it skips on water {bc}{sx|skim||}"
                  ]
                ]
              }
            ]
          ]
        ]
      },
      {
        "vd": "intransitive verb",
        "sseq": [
          [
            [
              "sense",
              {
                "sn": "1",
                "dt": [
                  [
                    "text",
                    "{bc}to separate and come off in scales {bc}{sx|flake||}"
                  ]
                ]
              }
            ]
          ],
          [
            [
              "sense",
              {
                "sn": "2",
                "dt": [
                  [
                    "text",
                    "{bc}to shed scales "
                  ],
                  [
                    "vis",
                    [
                      {
                        "t": "{it}scaling{/it} skin"
                      }
                    ]
                  ]
                ]
              }
            ]
          ]
        ]
      }
    ],
    "date": "15th century{ds|t|1||}",
    "shortdef": [
      "to remove the scale or scales from (as by scraping)",
      "to take off in thin layers or scales",
      "to throw (something, such as a thin, flat stone) so that the edge cuts the air or so that it skips on water : skim"
    ]
  },
  {
    "meta": {
      "id": "scale:5",
      "uuid": "2f891d83-202f-4602-be91-b069a4b1cecf",
      "sort": "190887000",
      "src": "collegiate",
      "section": "alpha",
      "stems": [
        "scale",
        "scaled",
        "scaleless",
        "scales",
        "to scale"
      ],
      "offensive": false
    },
    "hom": 5,
    "hwi": {
      "hw": "scale"
    },
    "fl": "noun",
    "def": [
      {
        "sseq": [
          [
            [
              "sense",
              {
                "sn": "1",
                "dt": [
                  [
                    "text",
                    "{bc}a graduated series of musical tones ascending or descending in order of pitch according to a specified scheme of their intervals"
                  ]
                ]
              }
            ]
          ],
          [
            [
              "bs",
              {
                "sense": {
                  "sn": "2",
                  "dt": [
                    [
                      "text",
                      "{bc}something graduated especially when used as a measure or rule: such as"
                    ]
                  ]
                }
              }
            ],
            [
              "sense",
              {
                "sn": "a",
                "dt": [
                  [
                    "text",
                    "{bc}an indication of the relationship between the distances on a map and the corresponding actual distances"
                  ]
                ]
              }
            ],
            [
              "sense",
              {
                "sn": "b",
                "dt": [
                  [
                    "text",
                    "{bc}a series of marks or points at known intervals used to measure distances (such as the height of the mercury in a thermometer)"
                  ]
                ]
              }
            ],
            [
              "sense",
              {
                "sn": "c",
                "dt": [
                  [
                    "text",
                    "{bc}{sx|ruler||3}"
                  ]
                ]
              }
            ]
          ],
          [
            [
              "sense",
              {
                "sn": "3 a",
                "dt": [
                  [
                    "text",
                    "{bc}a graduated series or scheme of rank or order "
                  ],
                  [
                    "vis",
                    [
                      {
                        "t": "a {wi}scale{/wi} of taxation"
                      }
                    ]
                  ]
                ]
              }
            ],
            [
              "sense",
              {
                "sn": "b",
                "dt": [
                  [
                    "text",
                    "{bc}{sx|minimum wage||2}"
                  ]
                ]
              }
            ]
          ],
          [
            [
              "sense",
              {
                "sn": "4 a",
                "dt": [
                  [
                    "text",
                    "{bc}a proportion between two sets of dimensions (as between those of a drawing and its original)"
                  ]
                ]
              }
            ],
            [
              "sense",
              {
                "sn": "b",
                "dt": [
                  [
                    "text",
                    "{bc}a distinctive relative size, extent, or degree "
                  ],
                  [
                    "vis",
                    [
                      {
                        "t": "projects done on a large {wi}scale{/wi}"
                      }
                    ]
                  ]
                ]
              }
            ]
          ],
          [
            [
              "sense",
              {
                "sn": "5",
                "dt": [
                  [
                    "text",
                    "{bc}a graded series of tests or of performances used in rating individual intelligence or achievement"
                  ]
                ]
              }
            ]
          ],
          [
            [
              "sense",
              {
                "sn": "6 a",
                "sls": [
                  "archaic"
                ],
                "dt": [
                  [
                    "text",
                    "{bc}a means of ascent"
                  ]
                ]
              }
            ],
            [
              "sense",
              {
                "sn": "b",
                "sls": [
                  "obsolete"
                ],
                "dt": [
                  [
                    "text",
                    "{bc}{sx|ladder||}"
                  ]
                ]
              }
            ]
          ]
        ]
      }
    ],
    "uros": [
      {
        "ure": "scale",
        "fl": "adjective"
      }
    ],
    "dros": [
      {
        "drp": "to scale",
        "def": [
          {
            "sseq": [
              [
                [
                  "sense",
                  {
                    "dt": [
                      [
                        "text",
                        "{bc}according to the proportions of an established scale of measurement "
                      ],
                      [
                        "vis",
                        [
                          {
                            "t": "floor plans drawn {it}to scale{/it}"
                          }
                        ]
                      ]
                    ]
                  }
                ]
              ]
            ]
          }
        ]
      }
    ],
    "et": [
      [
        "text",
        "Middle English, from Late Latin {it}scala{/it} ladder, staircase, from Latin {it}scalae{/it}, plural, stairs, rungs, ladder; akin to Latin {it}scandere{/it} to climb {ma}{mat|scan|}{/ma}"
      ]
    ],
    "date": "15th century{ds||6|b|}",
    "shortdef": [
      "a graduated series of musical tones ascending or descending in order of pitch according to a specified scheme of their intervals",
      "something graduated especially when used as a measure or rule: such as",
      "an indication of the relationship between the distances on a map and the corresponding actual distances"
    ]
  },
  {
    "meta": {
      "id": "scale:6",
      "uuid": "5fca6000-7b08-4232-93e0-9f9ffa95c665",
      "sort": "190888000",
      "src": "collegiate",
      "section": "alpha",
      "stems": [
        "scale",
        "scaled",
        "scales",
        "scaling"
      ],
      "offensive": false
    },
    "hom": 6,
    "hwi": {
      "hw": "scale"
    },
    "fl": "verb",
    "ins": [
      {
        "if": "scaled"
      },
      {
        "if": "scal*ing"
      }
    ],
    "def": [
      {
        "vd": "transitive verb",
        "sseq": [
          [
            [
              "sense",
              {
                "sn": "1 a",
                "dt": [
                  [
                    "text",
                    "{bc}to climb up or reach by means of a ladder"
                  ]
                ]
              }
            ],
            [
              "sense",
              {
                "sn": "b",
                "dt": [
                  [
                    "text",
                    "{bc}to attack with or take by means of scaling ladders "
                  ],
                  [
                    "vis",
                    [
                      {
                        "t": "{wi}scale{/wi} a castle wall"
                      }
                    ]
                  ]
                ]
              }
            ],
            [
              "sense",
              {
                "sn": "c",
                "dt": [
                  [
                    "text",
                    "{bc}to reach the highest point of {bc}{sx|surmount||} "
                  ],
                  [
                    "vis",
                    [
                      {
                        "t": "{wi}scale{/wi} a mountain"
                      }
                    ]
                  ]
                ]
              }
            ]
          ],
          [
            [
              "sense",
              {
                "sn": "2 a",
                "dt": [
                  [
                    "text",
                    "{bc}to pattern, make, regulate, set, or estimate according to some rate or standard {bc}{sx|adjust||} "
                  ],
                  [
                    "vis",
                    [
                      {
                        "t": "a production schedule {it}scaled{/it} to actual need"
                      }
                    ]
                  ],
                  [
                    "uns",
                    [
                      [
                        [
                          "text",
                          "often used with {it}back, down{/it}, or {it}up{/it} "
                        ],
                        [
                          "vis",
                          [
                            {
                              "t": "{wi}scale{/wi} down imports"
                            }
                          ]
                        ]
                      ]
                    ]
                  ]
                ]
              }
            ],
            [
              "sense",
              {
                "sn": "b",
                "dt": [
                  [
                    "text",
                    "{bc}to arrange in a graduated series"
                  ]
                ]
              }
            ],
            [
              "pseq",
              [
                [
                  "sense",
                  {
                    "sn": "c (1)",
                    "dt": [
                      [
                        "text",
                        "{bc}to measure by or as if by a scale"
                      ]
                    ]
                  }
                ],
                [
                  "sense",
                  {
                    "sn": "(2)",
                    "dt": [
                      [
                        "text",
                        "{bc}to measure or estimate the sound content of (logs, standing timber, etc.)"
                      ]
                    ]
                  }
                ]
              ]
            ]
          ]
        ]
      },
      {
        "vd": "intransitive verb",
        "sseq": [
          [
            [
              "sense",
              {
                "sn": "1",
                "dt": [
                  [
                    "text",
                    "{bc}to climb by or as if by a ladder"
                  ]
                ]
              }
            ]
          ],
          [
            [
              "sense",
              {
                "sn": "2",
                "dt": [
                  [
                    "text",
                    "{bc}to rise in a graduated series"
                  ]
                ]
              }
            ]
          ],
          [
            [
              "sense",
              {
                "sn": "3",
                "dt": [
                  [
                    "text",
                    "{bc}{sx|measure||}"
                  ]
                ]
              }
            ]
          ]
        ]
      }
    ],
    "et": [
      [
        "text",
        "Middle English, from {et_link|scale:5|scale:5}"
      ]
    ],
    "date": "14th century{ds|t|1|b|}",
    "shortdef": [
      "to climb up or reach by means of a ladder",
      "to attack with or take by means of scaling ladders",
      "to reach the highest point of : surmount"
    ]
  },
  {
    "meta": {
      "id": "scale:7",
      "uuid": "9249e26d-36ba-45a3-9beb-adb1c1240f73",
      "sort": "190889000",
      "src": "collegiate",
      "section": "alpha",
      "stems": [
        "scale",
        "scaled",
        "scaleless",
        "scales",
        "to scale"
      ],
      "offensive": false
    },
    "hom": 7,
    "hwi": {
      "hw": "scale"
    },
    "fl": "noun",
    "def": [
      {
        "sseq": [
          [
            [
              "sense",
              {
                "sn": "1",
                "dt": [
                  [
                    "text",
                    "{bc}an estimate of the amount of sound lumber in logs or standing timber"
                  ]
                ]
              }
            ]
          ],
          [
            [
              "sense",
              {
                "sn": "2",
                "sls": [
                  "obsolete"
                ],
                "dt": [
                  [
                    "text",
                    "{bc}{sx|escalade||}"
                  ]
                ]
              }
            ]
          ]
        ]
      }
    ],
    "et": [
      [
        "text",
        "{et_link|scale:6|scale:6}"
      ]
    ],
    "date": "circa 1587{ds||2||}",
    "shortdef": [
      "an estimate of the amount of sound lumber in logs or standing timber",
      "escalade"
    ]
  },
  {
    "meta": {
      "id": "scale insect",
      "uuid": "0c2b1134-4905-4616-a81b-c12654874fa8",
      "sort": "190892000",
      "src": "collegiate",
      "section": "alpha",
      "stems": [
        "scale",
        "scale insect",
        "scale insects"
      ],
      "offensive": false
    },
    "hwi": {
      "hw": "scale insect"
    },
    "fl": "noun",
    "def": [
      {
        "sseq": [
          [
            [
              "sense",
              {
                "dt": [
                  [
                    "text",
                    "{bc}any of numerous small prolific homopterous insects (superfamily Coccoidea) that have winged males, wingless scale-covered females attached to the host plant, and young that suck the juices of plants and some of which are serious pests"
                  ]
                ]
              }
            ]
          ]
        ]
      }
    ],
    "date": "1840",
    "shortdef": [
      "any of numerous small prolific homopterous insects (superfamily Coccoidea) that have winged males, wingless scale-covered females attached to the host plant, and young that suck the juices of plants and some of which are serious pests"
    ]
  },
  {
    "meta": {
      "id": "scale armor",
      "uuid": "2ea8805a-9617-44aa-9652-3e957077b8d3",
      "sort": "190890000",
      "src": "collegiate",
      "section": "alpha",
      "stems": [
        "scale armor",
        "scale armors"
      ],
      "offensive": false
    },
    "hwi": {
      "hw": "scale armor"
    },
    "fl": "noun",
    "def": [
      {
        "sseq": [
          [
            [
              "sense",
              {
                "dt": [
                  [
                    "text",
                    "{bc}armor of small metallic scales on leather or cloth"
                  ]
                ]
              }
            ]
          ]
        ]
      }
    ],
    "date": "1842",
    "shortdef": [
      "armor of small metallic scales on leather or cloth"
    ]
  },
  {
    "meta": {
      "id": "scale-down",
      "uuid": "1fee7f6e-936c-4b54-8a51-a61afbd6ac81",
      "sort": "190891000",
      "src": "collegiate",
      "section": "alpha",
      "stems": [
        "scale-down",
        "scale-downs"
      ],
      "offensive": false
    },
    "hwi": {
      "hw": "scale-down",
      "prs": [
        {
          "mw": "\u02c8sk\u0101l-\u02ccdau\u0307n",
          "sound": {
            "audio": "scaled01",
            "ref": "c",
            "stat": "1"
          }
        }
      ]
    },
    "fl": "noun",
    "def": [
      {
        "sseq": [
          [
            [
              "sense",
              {
                "dt": [
                  [
                    "text",
                    "{bc}a reduction according to a fixed ratio "
                  ],
                  [
                    "vis",
                    [
                      {
                        "t": "a {wi}scale-down{/wi} of debts"
                      }
                    ]
                  ]
                ]
              }
            ]
          ]
        ]
      }
    ],
    "date": "1931",
    "shortdef": [
      "a reduction according to a fixed ratio"
    ]
  }
]