[
  {
    "meta": {
      "id": "scattering:1",
      "uuid": "d5a05ce5-1b34-48a9-803f-5bc7c9c0f225",
      "sort": "191022000",
      "src": "collegiate",
      "section": "alpha",
      "stems": [
        "scattering",
        "scatterings"
      ],
      "offensive": false
    },
    "hom": 1,
    "hwi": {
      "hw": "scat*ter*ing",
      "prs": [
        {
          "mw": "\u02c8ska-t\u0259-ri\u014b",
          "sound": {
            "audio": "scatt01v",
            "ref": "c",
            "stat": "1"
          }
        }
      ]
    },
    "fl": "noun",
    "def": [
      {
        "sseq": [
          [
            [
              "sense",
              {
                "sn": "1",
                "dt": [
                  [
                    "text",
                    "{bc}an act or process in which something {a_link|scatters} or is {a_link|scattered}"
                  ]
                ]
              }
            ]
          ],
          [
            [
              "bs",
              {
                "sense": {
                  "sn": "2",
                  "dt": [
                    [
                      "text",
                      "{bc}something scattered: such as"
                    ]
                  ]
                }
              }
            ],
            [
              "sense",
              {
                "sn": "a",
                "dt": [
                  [
                    "text",
                    "{bc}a small number or quantity interspersed here and there "
                  ],
                  [
                    "vis",
                    [
                      {
                        "t": "a {wi}scattering{/wi} of visitors"
                      }
                    ]
                  ]
                ]
              }
            ],
            [
              "sense",
              {
                "sn": "b",
                "dt": [
                  [
                    "text",
                    "{bc}the random change in direction of the particles constituting a beam or wave front due to collision with particles of the medium traversed"
                  ]
                ]
              }
            ]
          ]
        ]
      }
    ],
    "date": "14th century{ds||1||}",
    "shortdef": [
      "an act or process in which something scatters or is scattered",
      "something scattered: such as",
      "a small number or quantity interspersed here and there"
    ]
  },
  {
    "meta": {
      "id": "scattering:2",
      "uuid": "d6ab5089-e72b-4615-b9bb-e46a694f25fd",
      "sort": "191023000",
      "src": "collegiate",
      "section": "alpha",
      "stems": [
        "scattering",
        "scatteringly"
      ],
      "offensive": false
    },
    "hom": 2,
    "hwi": {
      "hw": "scattering"
    },
    "fl": "adjective",
    "def": [
      {
        "sseq": [
          [
            [
              "sense",
              {
                "sn": "1",
                "dt": [
                  [
                    "text",
                    "{bc}going in various directions"
                  ]
                ]
              }
            ]
          ],
          [
            [
              "sense",
              {
                "sn": "2",
                "dt": [
                  [
                    "text",
                    "{bc}found or placed far apart and in no order"
                  ]
                ]
              }
            ]
          ],
          [
            [
              "sense",
              {
                "sn": "3",
                "dt": [
                  [
                    "text",
                    "{bc}divided among many or several "
                  ],
                  [
                    "vis",
                    [
                      {
                        "t": "{wi}scattering{/wi} votes"
                      }
                    ]
                  ]
                ]
              }
            ]
          ]
        ]
      }
    ],
    "uros": [
      {
        "ure": "scat*ter*ing*ly",
        "prs": [
          {
            "mw": "\u02c8ska-t\u0259-ri\u014b-l\u0113",
            "sound": {
              "audio": "scatte09",
              "ref": "c",
              "stat": "1"
            }
          }
        ],
        "fl": "adverb"
      }
    ],
    "date": "15th century{ds||1||}",
    "shortdef": [
      "going in various directions",
      "found or placed far apart and in no order",
      "divided among many or several"
    ]
  },
  {
    "meta": {
      "id": "scatter:1",
      "uuid": "d72a0eb4-dbf2-4e37-9d4a-ccb5fb6007ff",
      "sort": "191013000",
      "src": "collegiate",
      "section": "alpha",
      "stems": [
        "scatter",
        "scattered",
        "scatterer",
        "scatterers",
        "scattering",
        "scatters"
      ],
      "offensive": false
    },
    "hom": 1,
    "hwi": {
      "hw": "scat*ter",
      "prs": [
        {
          "mw": "\u02c8ska-t\u0259r",
          "sound": {
            "audio": "scatte01",
            "ref": "c",
            "stat": "1"
          }
        }
      ]
    },
    "fl": "verb",
    "ins": [
      {
        "if": "scat*tered"
      },
      {
        "if": "scat*ter*ing"
      },
      {
        "if": "scat*ters"
      }
    ],
    "def": [
      {
        "vd": "transitive verb",
        "sseq": [
          [
            [
              "sense",
              {
                "sn": "1 a",
                "dt": [
                  [
                    "text",
                    "{bc}to cause to separate widely"
                  ]
                ]
              }
            ],
            [
              "sense",
              {
                "sn": "b",
                "dt": [
                  [
                    "text",
                    "{bc}to cause to vanish"
                  ]
                ]
              }
            ]
          ],
          [
            [
              "sense",
              {
                "sn": "2",
                "sls": [
                  "archaic"
                ],
                "dt": [
                  [
                    "text",
                    "{bc}to fling away heedlessly {bc}{sx|squander||}"
                  ]
                ]
              }
            ]
          ],
          [
            [
              "sense",
              {
                "sn": "3",
                "dt": [
                  [
                    "text",
                    "{bc}to distribute irregularly"
                  ]
                ]
              }
            ]
          ],
          [
            [
              "sense",
              {
                "sn": "4",
                "dt": [
                  [
                    "text",
                    "{bc}to sow by casting in all directions {bc}{sx|strew||}"
                  ]
                ]
              }
            ]
          ],
          [
            [
              "sense",
              {
                "sn": "5 a",
                "dt": [
                  [
                    "text",
                    "{bc}to reflect irregularly and diffusely"
                  ]
                ]
              }
            ],
            [
              "sense",
              {
                "sn": "b",
                "dt": [
                  [
                    "text",
                    "{bc}to cause (a beam of radiation) to diffuse or disperse"
                  ]
                ]
              }
            ]
          ],
          [
            [
              "sense",
              {
                "sn": "6",
                "dt": [
                  [
                    "text",
                    "{bc}to divide into ineffectual small portions"
                  ]
                ]
              }
            ]
          ]
        ]
      },
      {
        "vd": "intransitive verb",
        "sseq": [
          [
            [
              "sense",
              {
                "sn": "1",
                "dt": [
                  [
                    "text",
                    "{bc}to separate and go in various directions {bc}{sx|disperse||}"
                  ]
                ]
              }
            ]
          ],
          [
            [
              "sense",
              {
                "sn": "2",
                "dt": [
                  [
                    "text",
                    "{bc}to occur or fall irregularly or at random"
                  ]
                ]
              }
            ]
          ]
        ]
      }
    ],
    "uros": [
      {
        "ure": "scat*ter*er",
        "prs": [
          {
            "mw": "\u02c8ska-t\u0259r-\u0259r",
            "sound": {
              "audio": "scatte02",
              "ref": "c",
              "stat": "1"
            }
          }
        ],
        "fl": "noun"
      }
    ],
    "syns": [
      {
        "pl": "synonyms",
        "pt": [
          [
            "text",
            "{sc}scatter{/sc} {sc}disperse{/sc} {sc}dissipate{/sc} {sc}dispel{/sc} mean to cause to separate or break up. {sc}scatter{/sc} implies a force that drives parts or units irregularly in many directions. "
          ],
          [
            "vis",
            [
              {
                "t": "the bowling ball {it}scattered{/it} the pins"
              }
            ]
          ],
          [
            "text",
            " {sc}disperse{/sc} implies a wider separation and a complete breaking up of a mass or group. "
          ],
          [
            "vis",
            [
              {
                "t": "police {it}dispersed{/it} the crowd"
              }
            ]
          ],
          [
            "text",
            " {sc}dissipate{/sc} stresses complete disintegration or dissolution and final disappearance. "
          ],
          [
            "vis",
            [
              {
                "t": "the fog was {it}dissipated{/it} by the morning sun"
              }
            ]
          ],
          [
            "text",
            " {sc}dispel{/sc} stresses a driving away or getting rid of as if by scattering. "
          ],
          [
            "vis",
            [
              {
                "t": "an authoritative statement that {it}dispelled{/it} all doubt"
              }
            ]
          ]
        ]
      }
    ],
    "et": [
      [
        "text",
        "Middle English {it}scateren, schateren{/it} to disperse, break up, destroy; akin to Middle Dutch {it}schaderen{/it} to scatter"
      ]
    ],
    "date": "14th century{ds|t|1|a|}",
    "shortdef": [
      "to cause to separate widely",
      "to cause to vanish",
      "to fling away heedlessly : squander"
    ]
  },
  {
    "meta": {
      "id": "elastic scattering",
      "uuid": "3c22e5aa-fd1c-47d0-a6e8-22cc9b1ef6e9",
      "sort": "050058100",
      "src": "collegiate",
      "section": "alpha",
      "stems": [
        "elastic scattering",
        "elastic scatterings"
      ],
      "offensive": false
    },
    "hwi": {
      "hw": "elastic scattering"
    },
    "fl": "noun",
    "def": [
      {
        "sseq": [
          [
            [
              "sense",
              {
                "dt": [
                  [
                    "text",
                    "{bc}a scattering of particles as the result of an elastic collision"
                  ]
                ]
              }
            ]
          ]
        ]
      }
    ],
    "date": "1933",
    "shortdef": [
      "a scattering of particles as the result of an elastic collision"
    ]
  },
  {
    "meta": {
      "id": "inelastic scattering",
      "uuid": "2e8b3358-0b72-4c78-aa69-f98c4fa3ad17",
      "sort": "091358000",
      "src": "collegiate",
      "section": "alpha",
      "stems": [
        "inelastic scattering",
        "inelastic scatterings"
      ],
      "offensive": false
    },
    "hwi": {
      "hw": "inelastic scattering"
    },
    "fl": "noun",
    "def": [
      {
        "sseq": [
          [
            [
              "sense",
              {
                "dt": [
                  [
                    "text",
                    "{bc}a scattering of particles as the result of inelastic collision in which the total kinetic energy of the colliding particles changes"
                  ]
                ]
              }
            ]
          ]
        ]
      }
    ],
    "date": "1938",
    "shortdef": [
      "a scattering of particles as the result of inelastic collision in which the total kinetic energy of the colliding particles changes"
    ]
  },
  {
    "meta": {
      "id": "Rayleigh scattering",
      "uuid": "360b5611-6f6b-4ea2-9eda-abdf71681d96",
      "sort": "180646000",
      "src": "collegiate",
      "section": "alpha",
      "stems": [
        "Rayleigh scattering",
        "Rayleigh scatterings"
      ],
      "offensive": false
    },
    "hwi": {
      "hw": "Ray*leigh scattering",
      "prs": [
        {
          "mw": "\u02c8r\u0101-l\u0113-",
          "sound": {
            "audio": "raylei01",
            "ref": "c",
            "stat": "1"
          }
        }
      ]
    },
    "fl": "noun",
    "def": [
      {
        "sseq": [
          [
            [
              "sense",
              {
                "dt": [
                  [
                    "text",
                    "{bc}scattering of light by particles small enough to render the effect selective so that different colors are deflected through different angles"
                  ]
                ]
              }
            ]
          ]
        ]
      }
    ],
    "et": [
      [
        "text",
        "John W. S. {it}Rayleigh{/it}"
      ]
    ],
    "date": "1925",
    "shortdef": [
      "scattering of light by particles small enough to render the effect selective so that different colors are deflected through different angles"
    ]
  }
]