[
  {
    "meta": {
      "id": "share:1",
      "uuid": "f0e52ce9-593e-4188-bed2-0768aae1c805",
      "sort": "193357000",
      "src": "collegiate",
      "section": "alpha",
      "stems": [
        "share",
        "shared",
        "sharer",
        "sharers",
        "shares",
        "sharing"
      ],
      "offensive": false
    },
    "hom": 1,
    "hwi": {
      "hw": "share",
      "prs": [
        {
          "mw": "\u02c8sher",
          "sound": {
            "audio": "share001",
            "ref": "c",
            "stat": "1"
          }
        }
      ]
    },
    "fl": "verb",
    "ins": [
      {
        "if": "shared"
      },
      {
        "if": "shar*ing"
      },
      {
        "if": "shares"
      }
    ],
    "def": [
      {
        "vd": "transitive verb",
        "sseq": [
          [
            [
              "sense",
              {
                "sn": "1 a",
                "dt": [
                  [
                    "text",
                    "{bc}to partake of, use, experience, occupy, or enjoy with others"
                  ]
                ]
              }
            ],
            [
              "sense",
              {
                "sn": "b",
                "dt": [
                  [
                    "text",
                    "{bc}to have in common "
                  ],
                  [
                    "vis",
                    [
                      {
                        "t": "they {wi}share{/wi} a passion for opera"
                      }
                    ]
                  ]
                ]
              }
            ],
            [
              "sense",
              {
                "sn": "c (1)",
                "dt": [
                  [
                    "text",
                    "{bc}to distribute on the Internet "
                  ],
                  [
                    "vis",
                    [
                      {
                        "t": "\u2026 anyone you {wi}share{/wi} a link with can {wi}share{/wi} that link with someone else if they choose.",
                        "aq": {
                          "auth": "Jeremy Scott"
                        }
                      }
                    ]
                  ]
                ]
              }
            ],
            [
              "sense",
              {
                "sn": "(2)",
                "dt": [
                  [
                    "text",
                    "{bc}to post (something) on a {d_link|social media|social media} platform "
                  ],
                  [
                    "vis",
                    [
                      {
                        "t": "Fans were also quick to screenshot and {wi}share{/wi} the photo.",
                        "aq": {
                          "auth": "Yasmin Quaid"
                        }
                      },
                      {
                        "t": "The collective mind-set feels akin to that old adage about a tree falling in the forest: If you don't {wi}share{/wi} it on Instagram, did it even happen?",
                        "aq": {
                          "auth": "Emily Farra"
                        }
                      },
                      {
                        "t": "It pulls in words and pictures from news and blog feeds as well as from links that your pals {wi}share{/wi} on Facebook and Twitter.",
                        "aq": {
                          "auth": "Harry McCracken"
                        }
                      }
                    ]
                  ]
                ]
              }
            ]
          ],
          [
            [
              "sense",
              {
                "sn": "2",
                "dt": [
                  [
                    "text",
                    "{bc}to grant or give a share in "
                  ],
                  [
                    "uns",
                    [
                      [
                        [
                          "text",
                          "often used with {it}with{/it} "
                        ],
                        [
                          "vis",
                          [
                            {
                              "t": "{it}shared{/it} the last of her water with us"
                            }
                          ]
                        ]
                      ]
                    ]
                  ]
                ]
              }
            ]
          ],
          [
            [
              "sense",
              {
                "sn": "3",
                "dt": [
                  [
                    "text",
                    "{bc}to tell (thoughts, feelings, experiences, etc.) to others "
                  ],
                  [
                    "uns",
                    [
                      [
                        [
                          "text",
                          "often used with {it}with{/it}"
                        ]
                      ]
                    ]
                  ]
                ]
              }
            ]
          ],
          [
            [
              "sense",
              {
                "sn": "4",
                "dt": [
                  [
                    "text",
                    "{bc}to divide and distribute in {a_link|shares} {bc}{sx|apportion||} "
                  ],
                  [
                    "uns",
                    [
                      [
                        [
                          "text",
                          "usually used with {it}out{/it} "
                        ],
                        [
                          "vis",
                          [
                            {
                              "t": "{it}shared{/it} out the land among his heirs"
                            }
                          ]
                        ]
                      ]
                    ]
                  ]
                ]
              }
            ]
          ]
        ]
      },
      {
        "vd": "intransitive verb",
        "sseq": [
          [
            [
              "sense",
              {
                "sn": "1",
                "dt": [
                  [
                    "text",
                    "{bc}to have a share "
                  ],
                  [
                    "uns",
                    [
                      [
                        [
                          "text",
                          "used with {it}in{/it} "
                        ],
                        [
                          "vis",
                          [
                            {
                              "t": "we all {it}shared{/it} in the fruits of our labor"
                            }
                          ]
                        ]
                      ]
                    ]
                  ]
                ]
              }
            ]
          ],
          [
            [
              "sense",
              {
                "sn": "2",
                "dt": [
                  [
                    "text",
                    "{bc}to apportion and take shares of something"
                  ]
                ]
              }
            ]
          ],
          [
            [
              "sense",
              {
                "sn": "3",
                "dt": [
                  [
                    "text",
                    "{bc}to talk about one's thoughts, feelings, or experiences with others"
                  ]
                ]
              }
            ]
          ]
        ]
      }
    ],
    "uros": [
      {
        "ure": "shar*er",
        "fl": "noun"
      }
    ],
    "syns": [
      {
        "pl": "synonyms",
        "pt": [
          [
            "text",
            "{sc}share{/sc} {sc}participate{/sc} {sc}partake{/sc} mean to have, get, or use in common with another or others. {sc}share{/sc} usually implies that one as the original holder grants to another the partial use, enjoyment, or possession of a thing. "
          ],
          [
            "vis",
            [
              {
                "t": "{it}shared{/it} my toys with the others"
              }
            ]
          ],
          [
            "text",
            " {sc}participate{/sc} implies a having or taking part in an undertaking, activity, or discussion. "
          ],
          [
            "vis",
            [
              {
                "t": "{it}participated{/it} in sports"
              }
            ]
          ],
          [
            "text",
            " {sc}partake{/sc} implies accepting or acquiring a share especially of food or drink. "
          ],
          [
            "vis",
            [
              {
                "t": "{it}partook{/it} freely of the refreshments"
              }
            ]
          ]
        ]
      }
    ],
    "date": "1590{ds|t|4||}",
    "shortdef": [
      "to partake of, use, experience, occupy, or enjoy with others",
      "to have in common",
      "to distribute on the Internet"
    ]
  },
  {
    "meta": {
      "id": "sharing economy",
      "uuid": "81337dea-b268-47b7-a720-3ccc71c9d333",
      "sort": "193368000",
      "src": "collegiate",
      "section": "alpha",
      "stems": [
        "sharing economies",
        "sharing economy"
      ],
      "offensive": false
    },
    "hwi": {
      "hw": "sharing economy"
    },
    "fl": "noun",
    "def": [
      {
        "sseq": [
          [
            [
              "sense",
              {
                "dt": [
                  [
                    "text",
                    "{bc}economic activity that involves individuals buying or selling usually temporary access to goods or services especially as arranged through an online company or organization "
                  ],
                  [
                    "vis",
                    [
                      {
                        "t": "Arguably the biggest sector of the {wi}sharing economy{/wi} is travel. People are renting their beds to out-of-towners (Airbnb and Couchsurfer), leading them on guided tours (Vayable and CanaryHop) and hosting meals (Voulez Vous Diner and EatWith), sometimes for free but on most sites for a price\u2014though one far below those found at local hotels.",
                        "aq": {
                          "auth": "Eliana Dockterman"
                        }
                      }
                    ]
                  ]
                ]
              }
            ]
          ]
        ]
      }
    ],
    "date": "2007",
    "shortdef": [
      "economic activity that involves individuals buying or selling usually temporary access to goods or services especially as arranged through an online company or organization"
    ]
  },
  {
    "meta": {
      "id": "bed-sharing",
      "uuid": "3d6b17ea-b288-4d6b-9586-958f6f779372",
      "sort": "020129750",
      "src": "collegiate",
      "section": "alpha",
      "stems": [
        "bed share",
        "bed shared",
        "bed shares",
        "bed sharing",
        "bed-share",
        "bed-shared",
        "bed-shares",
        "bed-sharing"
      ],
      "offensive": false
    },
    "hwi": {
      "hw": "bed-shar*ing",
      "prs": [
        {
          "mw": "\u02c8bed-\u02ccsher-i\u014b",
          "sound": {
            "audio": "bed-sharing_1",
            "ref": "owl",
            "stat": "1"
          }
        }
      ]
    },
    "vrs": [
      {
        "vl": "or",
        "va": "bed sharing"
      }
    ],
    "fl": "noun",
    "def": [
      {
        "sseq": [
          [
            [
              "sense",
              {
                "dt": [
                  [
                    "text",
                    "{bc}the practice of sleeping in the same bed with one's child "
                  ],
                  [
                    "vis",
                    [
                      {
                        "t": "Now the practice of {wi}bed sharing{/wi} appears to be coming back into favor again\u2014and a close look at the science suggests that the context in which parents do it, and the choices they make beforehand, matter a lot in terms of safety.",
                        "aq": {
                          "auth": "Melinda Wenner Moyer"
                        }
                      },
                      {
                        "t": "More and more parents are sleeping next to their infants\u2014the percentage of {wi}bed-sharing{/wi} babies has more than doubled in recent years \u2026",
                        "aq": {
                          "auth": "Karen Springen"
                        }
                      }
                    ]
                  ],
                  [
                    "text",
                    "{dx}compare {dxt|co-sleeping||}{/dx}"
                  ]
                ]
              }
            ]
          ]
        ]
      }
    ],
    "uros": [
      {
        "ure": "bed-share",
        "prs": [
          {
            "mw": "\u02c8bed-\u02ccsher",
            "sound": {
              "audio": "bedshare_1",
              "ref": "owl",
              "stat": "1"
            }
          }
        ],
        "vrs": [
          {
            "vl": "or",
            "va": "bed share"
          }
        ],
        "fl": "intransitive verb",
        "ins": [
          {
            "if": "bed-shared"
          },
          {
            "il": "or",
            "if": "bed shared"
          },
          {
            "if": "bed-sharing"
          },
          {
            "il": "or",
            "if": "bed sharing"
          },
          {
            "if": "bed-shares"
          },
          {
            "il": "or",
            "if": "bed shares"
          }
        ],
        "utxt": [
          [
            "vis",
            [
              {
                "t": "Studies have found that the risk of SIDS [{d_link|sudden infant death syndrome|sudden infant death syndrome}] increases anywhere from two to tenfold when parents {wi}bed-share{/wi}, depending on the bed-sharing situation and the age of the baby.",
                "aq": {
                  "auth": "Jessica Pauline Ogilvie"
                }
              }
            ]
          ]
        ]
      }
    ],
    "date": "1968",
    "shortdef": [
      "the practice of sleeping in the same bed with one's child"
    ]
  },
  {
    "meta": {
      "id": "profit sharing",
      "uuid": "60ee4a3e-e769-4e91-bf60-ba900dd33592",
      "sort": "167777000",
      "src": "collegiate",
      "section": "alpha",
      "stems": [
        "profit sharing",
        "profit sharings"
      ],
      "offensive": false
    },
    "hwi": {
      "hw": "profit sharing"
    },
    "fl": "noun",
    "def": [
      {
        "sseq": [
          [
            [
              "sense",
              {
                "dt": [
                  [
                    "text",
                    "{bc}a system or process under which employees receive a part of the profits of an industrial or commercial enterprise"
                  ]
                ]
              }
            ]
          ]
        ]
      }
    ],
    "date": "1872",
    "shortdef": [
      "a system or process under which employees receive a part of the profits of an industrial or commercial enterprise"
    ]
  },
  {
    "meta": {
      "id": "ride-sharing",
      "uuid": "98ae3cc3-6f80-4223-88bf-09b65c8bba01",
      "sort": "183189750",
      "src": "collegiate",
      "section": "alpha",
      "stems": [
        "ride-sharing"
      ],
      "offensive": false
    },
    "hwi": {
      "hw": "ride-shar*ing",
      "prs": [
        {
          "mw": "\u02c8r\u012bd-\u02ccsher-i\u014b",
          "sound": {
            "audio": "ride-sharing",
            "ref": "owl",
            "stat": "1"
          }
        }
      ]
    },
    "vrs": [
      {
        "vl": "or less commonly",
        "va": "ride*shar*ing"
      },
      {
        "vl": "or",
        "va": "ride sharing"
      }
    ],
    "fl": "noun",
    "def": [
      {
        "sseq": [
          [
            [
              "sense",
              {
                "dt": [
                  [
                    "text",
                    "{bc}the act or practice of sharing automobile trips "
                  ],
                  [
                    "vis",
                    [
                      {
                        "t": "El Camino College is proposing a new $30-a-semester fee for student parking in lots on the campus. \u2026 Under the proposal, those who participate in {wi}ride-sharing{/wi} would pay $20 a semester.",
                        "aq": {
                          "source": "{it}Los Angeles Times{/it}"
                        }
                      }
                    ]
                  ]
                ],
                "sdsense": {
                  "sd": "especially",
                  "dt": [
                    [
                      "text",
                      "{bc}an arrangement in which drivers of usually privately owned vehicles who wish to offer rides and passengers who wish to obtain rides use a network (such as one accessed through an app or a website) to coordinate the sharing of individual automobile trips for which the passengers pay a fare "
                    ],
                    [
                      "vis",
                      [
                        {
                          "t": "The idea of {wi}ride sharing{/wi}, which would leverage smartphones to save people money while offering a taxi-like service, is potentially more disruptive because it cuts out professional drivers altogether.",
                          "aq": {
                            "source": "{it}The New York Times{/it} (online)"
                          }
                        },
                        {
                          "t": "When Mims started working for Uber, it was initially so lucrative that he left his full-time truck driving job to focus on {wi}ridesharing{/wi}.",
                          "aq": {
                            "auth": "Irina Ivanova"
                          }
                        },
                        {
                          "t": "Cab companies worldwide are also facing competitive pressure from {wi}ride-sharing{/wi} firms like Uber and Lyft, where the apps connect riders with private citizens who drive them to their destinations.",
                          "aq": {
                            "auth": "Janet Moore"
                          }
                        }
                      ]
                    ],
                    [
                      "text",
                      "{dx}compare {dxt|car pool||}{/dx}"
                    ]
                  ]
                }
              }
            ]
          ]
        ]
      }
    ],
    "date": "1942",
    "shortdef": [
      "the act or practice of sharing automobile trips; especially : an arrangement in which drivers of usually privately owned vehicles who wish to offer rides and passengers who wish to obtain rides use a network (such as one accessed through an app or a website) to coordinate the sharing of individual automobile trips for which the passengers pay a fare"
    ]
  },
  {
    "meta": {
      "id": "time-sharing",
      "uuid": "bd4d54d8-9197-435e-ac4a-328fe18f082a",
      "sort": "200228400",
      "src": "collegiate",
      "section": "alpha",
      "stems": [
        "time-share",
        "time-shared",
        "time-shares",
        "time-sharing",
        "time-sharings"
      ],
      "offensive": false
    },
    "hwi": {
      "hw": "time-shar*ing",
      "prs": [
        {
          "mw": "\u02c8t\u012bm-\u02ccsher-i\u014b",
          "sound": {
            "audio": "timesh01",
            "ref": "c",
            "stat": "1"
          }
        }
      ]
    },
    "fl": "noun",
    "def": [
      {
        "sseq": [
          [
            [
              "sense",
              {
                "sn": "1",
                "vrs": [
                  {
                    "vl": "or",
                    "va": "time-share",
                    "prs": [
                      {
                        "mw": "\u02c8t\u012bm-\u02ccsher",
                        "sound": {
                          "audio": "timesh02",
                          "ref": "c",
                          "stat": "1"
                        }
                      }
                    ]
                  }
                ],
                "dt": [
                  [
                    "text",
                    "{bc}joint ownership or rental of a vacation lodging (such as a condominium) by several persons with each occupying the premises in turn for short periods"
                  ]
                ]
              }
            ]
          ],
          [
            [
              "sense",
              {
                "sn": "2",
                "dt": [
                  [
                    "text",
                    "{bc}simultaneous use of a central computer by many users at remote locations"
                  ]
                ]
              }
            ]
          ]
        ]
      }
    ],
    "uros": [
      {
        "ure": "time-share",
        "fl": "transitive verb"
      }
    ],
    "date": "1953{ds||2||}",
    "shortdef": [
      "joint ownership or rental of a vacation lodging (such as a condominium) by several persons with each occupying the premises in turn for short periods",
      "simultaneous use of a central computer by many users at remote locations"
    ]
  },
  {
    "meta": {
      "id": "job sharing",
      "uuid": "6d37f672-6cfb-4432-8407-ef3923c34fed",
      "sort": "3010245000",
      "src": "ld",
      "section": "idioms",
      "stems": [
        "job sharing"
      ],
      "offensive": false
    },
    "hwi": {
      "hw": "job sharing"
    },
    "fl": "noun",
    "def": [
      {
        "sseq": [
          [
            [
              "sense",
              {
                "dt": [
                  [
                    "text",
                    "{bc}a situation in which two people share the work, hours, and pay of one job "
                  ],
                  [
                    "vis",
                    [
                      {
                        "t": "{it}Job sharing{/it} is becoming more common."
                      },
                      {
                        "t": "a {it}job-sharing{/it} arrangement"
                      }
                    ]
                  ]
                ]
              }
            ]
          ]
        ]
      }
    ],
    "shortdef": [
      "a situation in which two people share the work, hours, and pay of one job"
    ]
  },
  {
    "meta": {
      "id": "share out",
      "uuid": "3f83660b-2ba1-4eaa-a886-90963e05690b",
      "sort": "3017286000",
      "src": "ld",
      "section": "idioms",
      "stems": [
        "share out",
        "shared out",
        "shares out",
        "sharing out"
      ],
      "offensive": false
    },
    "hwi": {
      "hw": "share out"
    },
    "fl": "phrasal verb",
    "ins": [
      {
        "if": "shared out"
      },
      {
        "if": "shar*ing out"
      },
      {
        "if": "shares out"
      }
    ],
    "def": [
      {
        "sls": [
          "chiefly British"
        ],
        "sseq": [
          [
            [
              "sense",
              {
                "dt": [
                  [
                    "text",
                    "{bc}to divide (something) into parts and give the parts to different people "
                  ],
                  [
                    "vis",
                    [
                      {
                        "t": "In her will, she {it}shared out{/it} her property to her nephews and nieces."
                      }
                    ]
                  ]
                ]
              }
            ]
          ]
        ]
      }
    ],
    "shortdef": [
      "to divide (something) into parts and give the parts to different people"
    ]
  }
]