[
  {
    "meta": {
      "id": "simple:1",
      "uuid": "c505ef81-a16a-4f38-863f-9530c5881145",
      "sort": "194415800",
      "src": "collegiate",
      "section": "alpha",
      "stems": [
        "simple",
        "simpleness",
        "simplenesses",
        "simpler",
        "simplest"
      ],
      "offensive": false
    },
    "hom": 1,
    "hwi": {
      "hw": "sim*ple",
      "prs": [
        {
          "mw": "\u02c8sim-p\u0259l",
          "sound": {
            "audio": "simple01",
            "ref": "c",
            "stat": "1"
          }
        }
      ]
    },
    "fl": "adjective",
    "ins": [
      {
        "if": "sim*pler",
        "prs": [
          {
            "mw": "\u02c8sim-p(\u0259-)l\u0259r",
            "sound": {
              "audio": "simple02",
              "ref": "c",
              "stat": "1"
            }
          }
        ]
      },
      {
        "if": "sim*plest",
        "prs": [
          {
            "mw": "\u02c8sim-p(\u0259-)l\u0259st",
            "sound": {
              "audio": "simple03",
              "ref": "c",
              "stat": "1"
            }
          }
        ]
      }
    ],
    "def": [
      {
        "sseq": [
          [
            [
              "sense",
              {
                "sn": "1",
                "dt": [
                  [
                    "text",
                    "{bc}free from guile {bc}{sx|innocent||}"
                  ]
                ]
              }
            ]
          ],
          [
            [
              "sense",
              {
                "sn": "2 a",
                "dt": [
                  [
                    "text",
                    "{bc}free from vanity {bc}{sx|modest||}"
                  ]
                ]
              }
            ],
            [
              "sense",
              {
                "sn": "b",
                "dt": [
                  [
                    "text",
                    "{bc}free from ostentation or display "
                  ],
                  [
                    "vis",
                    [
                      {
                        "t": "a {wi}simple{/wi} outfit"
                      }
                    ]
                  ]
                ]
              }
            ]
          ],
          [
            [
              "sense",
              {
                "sn": "3",
                "dt": [
                  [
                    "text",
                    "{bc}of humble origin or modest position "
                  ],
                  [
                    "vis",
                    [
                      {
                        "t": "a {wi}simple{/wi} farmer"
                      }
                    ]
                  ]
                ]
              }
            ]
          ],
          [
            [
              "sense",
              {
                "sn": "4 a",
                "dt": [
                  [
                    "text",
                    "{bc}lacking in knowledge or expertise "
                  ],
                  [
                    "vis",
                    [
                      {
                        "t": "a {wi}simple{/wi} amateur of the arts"
                      }
                    ]
                  ]
                ]
              }
            ],
            [
              "sense",
              {
                "sn": "b",
                "dt": [
                  [
                    "text",
                    "{bc}lacking in intelligence {bc}{sx|stupid||}"
                  ]
                ]
              }
            ],
            [
              "sense",
              {
                "sn": "c",
                "dt": [
                  [
                    "text",
                    "{bc}not socially or culturally sophisticated {bc}{sx|naive||}"
                  ]
                ],
                "sdsense": {
                  "sd": "also",
                  "dt": [
                    [
                      "text",
                      "{bc}{sx|credulous||}"
                    ]
                  ]
                }
              }
            ]
          ],
          [
            [
              "sense",
              {
                "sn": "5 a",
                "dt": [
                  [
                    "text",
                    "{bc}{sx|sheer||}, {sx|unmixed||} "
                  ],
                  [
                    "vis",
                    [
                      {
                        "t": "{wi}simple{/wi} honesty"
                      }
                    ]
                  ]
                ]
              }
            ],
            [
              "sense",
              {
                "sn": "b",
                "dt": [
                  [
                    "text",
                    "{bc}free of secondary complications "
                  ],
                  [
                    "vis",
                    [
                      {
                        "t": "a {wi}simple{/wi} vitamin deficiency"
                      }
                    ]
                  ]
                ]
              }
            ],
            [
              "pseq",
              [
                [
                  "sense",
                  {
                    "sn": "c (1)",
                    "dt": [
                      [
                        "text",
                        "{bc}having only one main clause and no subordinate clauses "
                      ],
                      [
                        "vis",
                        [
                          {
                            "t": "a {wi}simple{/wi} sentence"
                          }
                        ]
                      ]
                    ]
                  }
                ],
                [
                  "sense",
                  {
                    "sn": "(2)",
                    "sls": [
                      "of a subject or predicate"
                    ],
                    "dt": [
                      [
                        "text",
                        "{bc}having no modifiers, complements, or objects"
                      ]
                    ]
                  }
                ]
              ]
            ],
            [
              "sense",
              {
                "sn": "d",
                "dt": [
                  [
                    "text",
                    "{bc}constituting a basic element {bc}{sx|fundamental||}"
                  ]
                ]
              }
            ],
            [
              "sense",
              {
                "sn": "e",
                "dt": [
                  [
                    "text",
                    "{bc}not made up of many like units "
                  ],
                  [
                    "vis",
                    [
                      {
                        "t": "a {wi}simple{/wi} eye"
                      }
                    ]
                  ]
                ]
              }
            ]
          ],
          [
            [
              "sense",
              {
                "sn": "6",
                "dt": [
                  [
                    "text",
                    "{bc}free from elaboration or figuration "
                  ],
                  [
                    "vis",
                    [
                      {
                        "t": "{wi}simple{/wi} harmony"
                      }
                    ]
                  ]
                ]
              }
            ]
          ],
          [
            [
              "pseq",
              [
                [
                  "sense",
                  {
                    "sn": "7 a (1)",
                    "dt": [
                      [
                        "text",
                        "{bc}not subdivided into branches or leaflets "
                      ],
                      [
                        "vis",
                        [
                          {
                            "t": "a {wi}simple{/wi} stem"
                          },
                          {
                            "t": "a {wi}simple{/wi} leaf"
                          }
                        ]
                      ]
                    ]
                  }
                ],
                [
                  "sense",
                  {
                    "sn": "(2)",
                    "dt": [
                      [
                        "text",
                        "{bc}consisting of a single carpel"
                      ]
                    ]
                  }
                ],
                [
                  "sense",
                  {
                    "sn": "(3)",
                    "dt": [
                      [
                        "text",
                        "{bc}developing from a single ovary "
                      ],
                      [
                        "vis",
                        [
                          {
                            "t": "a {wi}simple{/wi} fruit"
                          }
                        ]
                      ]
                    ]
                  }
                ]
              ]
            ],
            [
              "sense",
              {
                "sn": "b",
                "dt": [
                  [
                    "text",
                    "{bc}controlled by a single gene "
                  ],
                  [
                    "vis",
                    [
                      {
                        "t": "{wi}simple{/wi} inherited characters"
                      }
                    ]
                  ]
                ]
              }
            ]
          ],
          [
            [
              "sense",
              {
                "sn": "8",
                "dt": [
                  [
                    "text",
                    "{bc}not limited or restricted {bc}{sx|unconditional||} "
                  ],
                  [
                    "vis",
                    [
                      {
                        "t": "a {wi}simple{/wi} obligation"
                      }
                    ]
                  ]
                ]
              }
            ]
          ],
          [
            [
              "sense",
              {
                "sn": "9",
                "dt": [
                  [
                    "text",
                    "{bc}readily understood or performed "
                  ],
                  [
                    "vis",
                    [
                      {
                        "t": "{wi}simple{/wi} directions"
                      },
                      {
                        "t": "the adjustment was {wi}simple{/wi} to make"
                      }
                    ]
                  ]
                ]
              }
            ]
          ],
          [
            [
              "sense",
              {
                "sn": "10",
                "sls": [
                  "of a statistical hypothesis"
                ],
                "dt": [
                  [
                    "text",
                    "{bc}specifying exact values for one or more statistical parameters {dx}compare {dxt|composite||3}{/dx}"
                  ]
                ]
              }
            ]
          ]
        ]
      }
    ],
    "uros": [
      {
        "ure": "sim*ple*ness",
        "prs": [
          {
            "mw": "\u02c8sim-p\u0259l-n\u0259s",
            "sound": {
              "audio": "simple04",
              "ref": "c",
              "stat": "1"
            }
          }
        ],
        "fl": "noun"
      }
    ],
    "syns": [
      {
        "pl": "synonyms",
        "pt": [
          [
            "text",
            "{sc}simple{/sc} {sc}foolish{/sc} {sc}silly{/sc} {sc}fatuous{/sc} {sc}asinine{/sc} mean actually or apparently deficient in intelligence. {sc}simple{/sc} implies a degree of intelligence inadequate to cope with anything complex or involving mental effort. "
          ],
          [
            "vis",
            [
              {
                "t": "considered people {it}simple{/it} who had trouble with computers"
              }
            ]
          ],
          [
            "text",
            " {sc}foolish{/sc} implies the character of being or seeming unable to use judgment, discretion, or good sense. "
          ],
          [
            "vis",
            [
              {
                "t": "{it}foolish{/it} stunts"
              }
            ]
          ],
          [
            "text",
            " {sc}silly{/sc} suggests failure to act as a rational being especially by ridiculous behavior. "
          ],
          [
            "vis",
            [
              {
                "t": "the {it}silly{/it} antics of revelers"
              }
            ]
          ],
          [
            "text",
            " {sc}fatuous{/sc} implies foolishness, inanity, and disregard of reality. "
          ],
          [
            "vis",
            [
              {
                "t": "{it}fatuous{/it} conspiracy theories"
              }
            ]
          ],
          [
            "text",
            " {sc}asinine{/sc} suggests utter and contemptible failure to use normal rationality or perception. "
          ],
          [
            "vis",
            [
              {
                "t": "an {it}asinine{/it} plot"
              }
            ]
          ]
        ],
        "sarefs": [
          "easy"
        ]
      }
    ],
    "et": [
      [
        "text",
        "Middle English, from Anglo-French, from Medieval Latin {it}simplus{/it}, alteration of Latin {it}simplic-, simplex{/it} single, having one ingredient, plain, from {it}sem-, sim-{/it} one + {it}-plic-, -plex{/it} -fold {ma}{mat|same|}, {mat|-fold|}{/ma}"
      ]
    ],
    "date": "13th century{ds||1||}",
    "shortdef": [
      "free from guile : innocent",
      "free from vanity : modest",
      "free from ostentation or display"
    ]
  },
  {
    "meta": {
      "id": "simple:2",
      "uuid": "afb87e52-be21-4acc-b1ef-594e52b7545f",
      "sort": "194415900",
      "src": "collegiate",
      "section": "alpha",
      "stems": [
        "simple",
        "simples"
      ],
      "offensive": false
    },
    "hom": 2,
    "hwi": {
      "hw": "simple"
    },
    "fl": "noun",
    "def": [
      {
        "sseq": [
          [
            [
              "sense",
              {
                "sn": "1 a",
                "dt": [
                  [
                    "text",
                    "{bc}a person of humble birth {bc}{sx|commoner||} "
                  ],
                  [
                    "vis",
                    [
                      {
                        "t": "thought very little of anybody, {wi}simples{/wi} or gentry",
                        "aq": {
                          "auth": "Virginia Woolf"
                        }
                      }
                    ]
                  ]
                ]
              }
            ],
            [
              "pseq",
              [
                [
                  "sense",
                  {
                    "sn": "b (1)",
                    "dt": [
                      [
                        "text",
                        "{bc}a rude or credulous person {bc}{sx|ignoramus||}"
                      ]
                    ]
                  }
                ],
                [
                  "sense",
                  {
                    "sn": "(2)",
                    "dt": [
                      [
                        "text",
                        "{bc}{sx|simpleton||}"
                      ]
                    ]
                  }
                ]
              ]
            ]
          ],
          [
            [
              "sense",
              {
                "sn": "2 a",
                "dt": [
                  [
                    "text",
                    "{bc}a medicinal plant"
                  ]
                ]
              }
            ],
            [
              "sense",
              {
                "sn": "b",
                "dt": [
                  [
                    "text",
                    "{bc}a vegetable drug having only one ingredient"
                  ]
                ]
              }
            ]
          ],
          [
            [
              "sense",
              {
                "sn": "3",
                "dt": [
                  [
                    "text",
                    "{bc}one component of a complex"
                  ]
                ],
                "sdsense": {
                  "sd": "specifically",
                  "dt": [
                    [
                      "text",
                      "{bc}an unanalyzable constituent"
                    ]
                  ]
                }
              }
            ]
          ]
        ]
      }
    ],
    "date": "14th century{ds||1|a|}",
    "shortdef": [
      "a person of humble birth : commoner",
      "a rude or credulous person : ignoramus",
      "simpleton"
    ]
  },
  {
    "meta": {
      "id": "simple closed curve",
      "uuid": "a13144c1-b6ce-4f15-9428-19301d01f27e",
      "sort": "194416000",
      "src": "collegiate",
      "section": "alpha",
      "stems": [
        "Jordan curve",
        "simple closed curve",
        "simple closed curves"
      ],
      "offensive": false
    },
    "hwi": {
      "hw": "simple closed curve"
    },
    "fl": "noun",
    "def": [
      {
        "sseq": [
          [
            [
              "sense",
              {
                "dt": [
                  [
                    "text",
                    "{bc}a closed plane curve (such as a circle or an ellipse) that does not intersect itself "
                  ],
                  [
                    "ca",
                    {
                      "intro": "called also",
                      "cats": [
                        {
                          "cat": "Jordan curve"
                        }
                      ]
                    }
                  ]
                ]
              }
            ]
          ]
        ]
      }
    ],
    "date": "1919",
    "shortdef": [
      "a closed plane curve (such as a circle or an ellipse) that does not intersect itself \u2014called also Jordan curve"
    ]
  },
  {
    "meta": {
      "id": "simple equation",
      "uuid": "41b04de8-1e67-464c-b658-d74153774d76",
      "sort": "194416100",
      "src": "collegiate",
      "section": "alpha",
      "stems": [
        "simple equation",
        "simple equations"
      ],
      "offensive": false
    },
    "hwi": {
      "hw": "simple equation"
    },
    "fl": "noun",
    "def": [
      {
        "sseq": [
          [
            [
              "sense",
              {
                "dt": [
                  [
                    "text",
                    "{bc}a linear equation"
                  ]
                ]
              }
            ]
          ]
        ]
      }
    ],
    "date": "1727",
    "shortdef": [
      "a linear equation"
    ]
  },
  {
    "meta": {
      "id": "simple fraction",
      "uuid": "d593a877-6c6b-445b-a3c0-fb2f96f6761c",
      "sort": "194416200",
      "src": "collegiate",
      "section": "alpha",
      "stems": [
        "simple fraction",
        "simple fractions"
      ],
      "offensive": false
    },
    "hwi": {
      "hw": "simple fraction"
    },
    "fl": "noun",
    "def": [
      {
        "sseq": [
          [
            [
              "sense",
              {
                "dt": [
                  [
                    "text",
                    "{bc}a fraction having whole numbers for the numerator and denominator {dx}compare {dxt|complex fraction||}{/dx}"
                  ]
                ]
              }
            ]
          ]
        ]
      }
    ],
    "date": "1570",
    "shortdef": [
      "a fraction having whole numbers for the numerator and denominator"
    ]
  },
  {
    "meta": {
      "id": "simple fracture",
      "uuid": "47372b2f-4841-4562-87e5-2b608b11dadc",
      "sort": "194416300",
      "src": "collegiate",
      "section": "alpha",
      "stems": [
        "simple fracture",
        "simple fractures"
      ],
      "offensive": false
    },
    "hwi": {
      "hw": "simple fracture"
    },
    "fl": "noun",
    "def": [
      {
        "sseq": [
          [
            [
              "sense",
              {
                "dt": [
                  [
                    "text",
                    "{bc}a fracture that does not penetrate or protrude through the skin {bc}{sx|closed fracture||} {dx}compare {dxt|compound fracture||}{/dx}"
                  ]
                ]
              }
            ]
          ]
        ]
      }
    ],
    "date": "1563",
    "shortdef": [
      "a fracture that does not penetrate or protrude through the skin : closed fracture"
    ]
  },
  {
    "meta": {
      "id": "simple interest",
      "uuid": "9affb2ab-6161-4bd4-9a47-79cc738f0968",
      "sort": "194416400",
      "src": "collegiate",
      "section": "alpha",
      "stems": [
        "simple interest",
        "simple interests"
      ],
      "offensive": false
    },
    "hwi": {
      "hw": "simple interest"
    },
    "fl": "noun",
    "def": [
      {
        "sseq": [
          [
            [
              "sense",
              {
                "dt": [
                  [
                    "text",
                    "{bc}interest paid or computed on the original principal only of a loan or on the amount of an account"
                  ]
                ]
              }
            ]
          ]
        ]
      }
    ],
    "date": "1622",
    "shortdef": [
      "interest paid or computed on the original principal only of a loan or on the amount of an account"
    ]
  },
  {
    "meta": {
      "id": "simple machine",
      "uuid": "88016a96-bb4d-4d3a-8e88-42230c25d1a2",
      "sort": "194416500",
      "src": "collegiate",
      "section": "alpha",
      "stems": [
        "simple machine",
        "simple machines"
      ],
      "offensive": false
    },
    "hwi": {
      "hw": "simple machine"
    },
    "fl": "noun",
    "def": [
      {
        "sseq": [
          [
            [
              "sense",
              {
                "dt": [
                  [
                    "text",
                    "{bc}any of various elementary mechanisms formerly considered as the elements of which all machines are composed and including the lever, the wheel and axle, the pulley, the inclined plane, the wedge, and the screw"
                  ]
                ]
              }
            ]
          ]
        ]
      }
    ],
    "date": "1702",
    "shortdef": [
      "any of various elementary mechanisms formerly considered as the elements of which all machines are composed and including the lever, the wheel and axle, the pulley, the inclined plane, the wedge, and the screw"
    ]
  },
  {
    "meta": {
      "id": "simple protein",
      "uuid": "48247502-8b89-4e30-90dd-968b255bef59",
      "sort": "194416700",
      "src": "collegiate",
      "section": "alpha",
      "stems": [
        "simple protein",
        "simple proteins"
      ],
      "offensive": false
    },
    "hwi": {
      "hw": "simple protein"
    },
    "fl": "noun",
    "def": [
      {
        "sseq": [
          [
            [
              "sense",
              {
                "dt": [
                  [
                    "text",
                    "{bc}a protein (such as a globulin) that yields amino acids as the chief or only products of complete hydrolysis {dx}compare {dxt|conjugated protein||}{/dx}"
                  ]
                ]
              }
            ]
          ]
        ]
      }
    ],
    "date": "1908",
    "shortdef": [
      "a protein (such as a globulin) that yields amino acids as the chief or only products of complete hydrolysis"
    ]
  },
  {
    "meta": {
      "id": "simple sugar",
      "uuid": "022f4c82-8ddc-41b6-8d23-191c290cde4b",
      "sort": "194416800",
      "src": "collegiate",
      "section": "alpha",
      "stems": [
        "simple sugar"
      ],
      "offensive": false
    },
    "hwi": {
      "hw": "simple sugar"
    },
    "fl": "noun",
    "def": [
      {
        "sseq": [
          [
            [
              "sense",
              {
                "dt": [
                  [
                    "text",
                    "{bc}{sx|monosaccharide||}"
                  ]
                ]
              }
            ]
          ]
        ]
      }
    ],
    "date": "1942",
    "shortdef": [
      "monosaccharide"
    ]
  }
]