[
  {
    "meta": {
      "id": "soap:1",
      "uuid": "452429e9-edac-4666-a420-0647829945b8",
      "sort": "194544900",
      "src": "collegiate",
      "section": "alpha",
      "stems": [
        "soap",
        "soaps"
      ],
      "offensive": false
    },
    "hom": 1,
    "hwi": {
      "hw": "soap",
      "prs": [
        {
          "mw": "\u02c8s\u014dp",
          "sound": {
            "audio": "soap0001",
            "ref": "c",
            "stat": "1"
          }
        }
      ]
    },
    "fl": "noun",
    "def": [
      {
        "sseq": [
          [
            [
              "sense",
              {
                "sn": "1 a",
                "dt": [
                  [
                    "text",
                    "{bc}a cleansing and emulsifying agent made usually by action of alkali on fat or fatty acids and consisting essentially of sodium or potassium salts of such acids"
                  ]
                ]
              }
            ],
            [
              "sense",
              {
                "sn": "b",
                "dt": [
                  [
                    "text",
                    "{bc}a salt of a fatty acid and a metal"
                  ]
                ]
              }
            ]
          ],
          [
            [
              "sense",
              {
                "sn": "2",
                "dt": [
                  [
                    "text",
                    "{bc}{sx|soap opera||}"
                  ]
                ]
              }
            ]
          ]
        ]
      }
    ],
    "et": [
      [
        "text",
        "Middle English {it}sope{/it}, from Old English {it}s\u0101pe{/it}; akin to Old High German {it}seifa{/it} soap"
      ]
    ],
    "date": "before 12th century{ds||1|a|}",
    "shortdef": [
      "a cleansing and emulsifying agent made usually by action of alkali on fat or fatty acids and consisting essentially of sodium or potassium salts of such acids",
      "a salt of a fatty acid and a metal",
      "soap opera"
    ]
  },
  {
    "meta": {
      "id": "soap:2",
      "uuid": "0bd6084a-47e2-4030-9be0-a55ae823b966",
      "sort": "194545000",
      "src": "collegiate",
      "section": "alpha",
      "stems": [
        "soap",
        "soaped",
        "soaping",
        "soaps"
      ],
      "offensive": false
    },
    "hom": 2,
    "hwi": {
      "hw": "soap"
    },
    "fl": "verb",
    "ins": [
      {
        "if": "soaped"
      },
      {
        "if": "soap*ing"
      },
      {
        "if": "soaps"
      }
    ],
    "def": [
      {
        "vd": "transitive verb",
        "sseq": [
          [
            [
              "sense",
              {
                "sn": "1",
                "dt": [
                  [
                    "text",
                    "{bc}to rub soap over or into"
                  ]
                ]
              }
            ]
          ],
          [
            [
              "sense",
              {
                "sn": "2",
                "dt": [
                  [
                    "text",
                    "{bc}{sx|flatter||}"
                  ]
                ]
              }
            ]
          ]
        ]
      }
    ],
    "date": "1585{ds||1||}",
    "shortdef": [
      "to rub soap over or into",
      "flatter"
    ]
  },
  {
    "meta": {
      "id": "soap bubble",
      "uuid": "6da17131-0faf-40ff-a659-9396a9b38775",
      "sort": "194545400",
      "src": "collegiate",
      "section": "alpha",
      "stems": [
        "soap bubble",
        "soap bubbles"
      ],
      "offensive": false
    },
    "hwi": {
      "hw": "soap bubble"
    },
    "fl": "noun",
    "def": [
      {
        "sseq": [
          [
            [
              "sense",
              {
                "dt": [
                  [
                    "text",
                    "{bc}a hollow iridescent globe formed by blowing a film of soapsuds (as from a pipe)"
                  ]
                ]
              }
            ]
          ]
        ]
      }
    ],
    "date": "1639",
    "shortdef": [
      "a hollow iridescent globe formed by blowing a film of soapsuds (as from a pipe)"
    ]
  },
  {
    "meta": {
      "id": "soap opera",
      "uuid": "be2e213c-f7a9-4ba0-843f-f84a4eab1854",
      "sort": "194545600",
      "src": "collegiate",
      "section": "alpha",
      "stems": [
        "soap opera",
        "soap operas",
        "soap-operatic"
      ],
      "offensive": false
    },
    "hwi": {
      "hw": "soap opera"
    },
    "fl": "noun",
    "def": [
      {
        "sseq": [
          [
            [
              "sense",
              {
                "sn": "1 a",
                "dt": [
                  [
                    "text",
                    "{bc}a serial drama performed originally on a daytime radio or television program and chiefly characterized by tangled interpersonal situations and melodramatic or sentimental treatment"
                  ]
                ]
              }
            ],
            [
              "sense",
              {
                "sn": "b",
                "dt": [
                  [
                    "text",
                    "{bc}a series of real-life events resembling a soap opera"
                  ]
                ]
              }
            ]
          ],
          [
            [
              "sense",
              {
                "sn": "2",
                "dt": [
                  [
                    "text",
                    "{bc}the melodrama and sentimentality characteristic of a soap opera "
                  ],
                  [
                    "vis",
                    [
                      {
                        "t": "even cops need a little {it}soap opera{/it} in their lives",
                        "aq": {
                          "auth": "Joseph Wambaugh"
                        }
                      }
                    ]
                  ]
                ],
                "sdsense": {
                  "sd": "also",
                  "dt": [
                    [
                      "text",
                      "{bc}something (such as a novel) having such qualities"
                    ]
                  ]
                }
              }
            ]
          ]
        ]
      }
    ],
    "uros": [
      {
        "ure": "soap-op*er*at*ic",
        "prs": [
          {
            "mw": "\u02c8s\u014dp-\u02cc\u00e4-p\u0259-\u02c8ra-tik",
            "sound": {
              "audio": "soapo01v",
              "ref": "c",
              "stat": "1"
            }
          }
        ],
        "fl": "adjective"
      }
    ],
    "et": [
      [
        "text",
        "from its sponsorship by soap manufacturers"
      ]
    ],
    "date": "1938{ds||1|a|}",
    "shortdef": [
      "a serial drama performed originally on a daytime radio or television program and chiefly characterized by tangled interpersonal situations and melodramatic or sentimental treatment",
      "a series of real-life events resembling a soap opera",
      "the melodrama and sentimentality characteristic of a soap opera; also : something (such as a novel) having such qualities"
    ]
  },
  {
    "meta": {
      "id": "soap plant",
      "uuid": "0635b160-f61d-4e2f-b080-0b3e563052ad",
      "sort": "194545700",
      "src": "collegiate",
      "section": "alpha",
      "stems": [
        "soap plant",
        "soap plants"
      ],
      "offensive": false
    },
    "hwi": {
      "hw": "soap plant"
    },
    "fl": "noun",
    "def": [
      {
        "sseq": [
          [
            [
              "sense",
              {
                "dt": [
                  [
                    "text",
                    "{bc}a plant having a part (such as a root or fruit) that may be used in place of soap"
                  ]
                ],
                "sdsense": {
                  "sd": "especially",
                  "dt": [
                    [
                      "text",
                      "{bc}a California plant ({it}Chlorogalum pomeridianum{/it}) of the lily family"
                    ]
                  ]
                }
              }
            ]
          ]
        ]
      }
    ],
    "date": "1844",
    "shortdef": [
      "a plant having a part (such as a root or fruit) that may be used in place of soap; especially : a California plant (Chlorogalum pomeridianum) of the lily family"
    ]
  },
  {
    "meta": {
      "id": "soap powder",
      "uuid": "ee4c7c23-c5f9-44e6-9d2a-87e5f999866a",
      "sort": "3017932000",
      "src": "ld",
      "section": "idioms",
      "stems": [
        "soap powder"
      ],
      "offensive": false
    },
    "hwi": {
      "hw": "soap powder"
    },
    "fl": "noun",
    "def": [
      {
        "sls": [
          "chiefly British"
        ],
        "sseq": [
          [
            [
              "sense",
              {
                "dt": [
                  [
                    "text",
                    "{bc}a powder that is made from soap and other substances and used for washing clothes"
                  ]
                ]
              }
            ]
          ]
        ]
      }
    ],
    "shortdef": [
      "a powder that is made from soap and other substances and used for washing clothes"
    ]
  },
  {
    "meta": {
      "id": "bar soap",
      "uuid": "659446e2-2c2e-40ab-91b3-693af5302069",
      "sort": "020078950",
      "src": "collegiate",
      "section": "alpha",
      "stems": [
        "bar soap",
        "bar soaps"
      ],
      "offensive": false
    },
    "hwi": {
      "hw": "bar soap"
    },
    "fl": "noun",
    "ins": [
      {
        "il": "plural",
        "if": "bar soaps"
      }
    ],
    "def": [
      {
        "sseq": [
          [
            [
              "sense",
              {
                "dt": [
                  [
                    "text",
                    "{bc}soap in the form of solid usually oblong or rectangular cakes "
                  ],
                  [
                    "vis",
                    [
                      {
                        "t": "According to the American Society of Plastic and Reconstructive Surgeons, cuts and scrapes actually heal better when cleansed with mild {wi}bar soap{/wi} and water \u2026",
                        "aq": {
                          "auth": "Barbara Sande Dimmitt"
                        }
                      }
                    ]
                  ],
                  [
                    "text",
                    "{dx}compare {dxt|soft soap|soft soap|}{/dx}"
                  ]
                ]
              }
            ]
          ]
        ]
      }
    ],
    "date": "1776",
    "shortdef": [
      "soap in the form of solid usually oblong or rectangular cakes"
    ]
  },
  {
    "meta": {
      "id": "castile soap",
      "uuid": "5afc3077-87ac-49c1-8522-ca4c3c34d9ff",
      "sort": "031273000",
      "src": "collegiate",
      "section": "alpha",
      "stems": [
        "castile",
        "castile soap",
        "castile soaps"
      ],
      "offensive": false
    },
    "hwi": {
      "hw": "cas*tile soap",
      "prs": [
        {
          "mw": "(\u02cc)ka-\u02c8st\u0113l-",
          "sound": {
            "audio": "castil01",
            "ref": "c",
            "stat": "1"
          }
        }
      ]
    },
    "fl": "noun",
    "lbs": [
      "often capitalized C"
    ],
    "def": [
      {
        "sseq": [
          [
            [
              "sense",
              {
                "dt": [
                  [
                    "text",
                    "{bc}a fine hard bland soap made from olive oil and sodium hydroxide"
                  ]
                ],
                "sdsense": {
                  "sd": "also",
                  "dt": [
                    [
                      "text",
                      "{bc}any of various similar soaps"
                    ]
                  ]
                }
              }
            ]
          ]
        ]
      }
    ],
    "et": [
      [
        "text",
        "Middle English {it}castell sope{/it}, from {it}Castell{/it} Castile"
      ]
    ],
    "date": "15th century",
    "shortdef": [
      "a fine hard bland soap made from olive oil and sodium hydroxide; also : any of various similar soaps"
    ]
  },
  {
    "meta": {
      "id": "green soap",
      "uuid": "d3d928a9-c128-4bf4-ba93-cedc44977a85",
      "sort": "072436000",
      "src": "collegiate",
      "section": "alpha",
      "stems": [
        "green soap",
        "green soaps"
      ],
      "offensive": false
    },
    "hwi": {
      "hw": "green soap"
    },
    "fl": "noun",
    "def": [
      {
        "sseq": [
          [
            [
              "sense",
              {
                "dt": [
                  [
                    "text",
                    "{bc}a soft soap made from vegetable oils and used especially in the treatment of skin diseases"
                  ]
                ]
              }
            ]
          ]
        ]
      }
    ],
    "date": "circa 1840",
    "shortdef": [
      "a soft soap made from vegetable oils and used especially in the treatment of skin diseases"
    ]
  },
  {
    "meta": {
      "id": "saddle soap",
      "uuid": "c428ce7d-b416-4a51-9080-f1e8cd4de5f5",
      "sort": "190131000",
      "src": "collegiate",
      "section": "alpha",
      "stems": [
        "saddle soap",
        "saddle soaps"
      ],
      "offensive": false
    },
    "hwi": {
      "hw": "saddle soap"
    },
    "fl": "noun",
    "def": [
      {
        "sseq": [
          [
            [
              "sense",
              {
                "dt": [
                  [
                    "text",
                    "{bc}a mild soap used for cleansing and conditioning leather"
                  ]
                ]
              }
            ]
          ]
        ]
      }
    ],
    "date": "1878",
    "shortdef": [
      "a mild soap used for cleansing and conditioning leather"
    ]
  }
]