[
  {
    "meta": {
      "id": "social:1",
      "uuid": "bdd5e79a-c8ac-4733-8462-491a9f893839",
      "sort": "194548900",
      "src": "collegiate",
      "section": "alpha",
      "stems": [
        "social"
      ],
      "offensive": false
    },
    "hom": 1,
    "hwi": {
      "hw": "so*cial",
      "prs": [
        {
          "mw": "\u02c8s\u014d-sh\u0259l",
          "sound": {
            "audio": "social01",
            "ref": "c",
            "stat": "1"
          }
        }
      ]
    },
    "fl": "adjective",
    "def": [
      {
        "sseq": [
          [
            [
              "sense",
              {
                "sn": "1",
                "dt": [
                  [
                    "text",
                    "{bc}involving allies or confederates "
                  ],
                  [
                    "vis",
                    [
                      {
                        "t": "the {it}Social{/it} War between the Athenians and their allies"
                      }
                    ]
                  ]
                ]
              }
            ]
          ],
          [
            [
              "sense",
              {
                "sn": "2 a",
                "dt": [
                  [
                    "text",
                    "{bc}marked by or passed in pleasant companionship with friends or associates "
                  ],
                  [
                    "vis",
                    [
                      {
                        "t": "an active {wi}social{/wi} life"
                      }
                    ]
                  ]
                ]
              }
            ],
            [
              "sense",
              {
                "sn": "b",
                "dt": [
                  [
                    "text",
                    "{bc}{sx|sociable||}"
                  ]
                ]
              }
            ],
            [
              "sense",
              {
                "sn": "c",
                "dt": [
                  [
                    "text",
                    "{bc}of, relating to, or designed for {a_link|sociability} "
                  ],
                  [
                    "vis",
                    [
                      {
                        "t": "a {wi}social{/wi} club"
                      }
                    ]
                  ]
                ]
              }
            ]
          ],
          [
            [
              "sense",
              {
                "sn": "3",
                "dt": [
                  [
                    "text",
                    "{bc}of or relating to human {a_link|society}, the interaction of the individual and the group, or the welfare of human beings as members of society "
                  ],
                  [
                    "vis",
                    [
                      {
                        "t": "{wi}social{/wi} institutions"
                      }
                    ]
                  ]
                ]
              }
            ]
          ],
          [
            [
              "sense",
              {
                "sn": "4 a",
                "dt": [
                  [
                    "text",
                    "{bc}tending to form cooperative and interdependent relationships with others "
                  ],
                  [
                    "vis",
                    [
                      {
                        "t": "Infants can become {wi}social{/wi} beings only through interaction with others.",
                        "aq": {
                          "auth": "Gerald R. Leslie and Sheila K. Korman"
                        }
                      }
                    ]
                  ]
                ]
              }
            ],
            [
              "sense",
              {
                "sn": "b",
                "dt": [
                  [
                    "text",
                    "{bc}living and breeding in more or less organized communities especially for the purposes of cooperation and mutual benefit {bc}not {d_link|solitary|solitary:1} "
                  ],
                  [
                    "vis",
                    [
                      {
                        "t": "Of the canid family, the {it}wolf{/it} is one of the most {wi}social{/wi} species, since it is a pack hunter.",
                        "aq": {
                          "auth": "Michael W. Fox"
                        }
                      },
                      {
                        "t": "The evolutionary theory of {d_link|kin selection|kin selection} requires that {wi}social{/wi} animals recognize their relatives so that altruistic behavior can be displayed preferentially toward kin.",
                        "aq": {
                          "source": "{it}Science{/it}"
                        }
                      }
                    ]
                  ],
                  [
                    "text",
                    "{dx}see also {dxt|social insect||}{/dx}"
                  ]
                ]
              }
            ],
            [
              "sense",
              {
                "sn": "c",
                "sls": [
                  "of a plant"
                ],
                "dt": [
                  [
                    "text",
                    "{bc}tending to grow in groups or masses so as to form a pure stand"
                  ]
                ]
              }
            ]
          ],
          [
            [
              "sense",
              {
                "sn": "5 a",
                "dt": [
                  [
                    "text",
                    "{bc}of, relating to, or based on rank or status in a particular society "
                  ],
                  [
                    "vis",
                    [
                      {
                        "t": "a member of our {wi}social{/wi} set"
                      }
                    ]
                  ]
                ]
              }
            ],
            [
              "sense",
              {
                "sn": "b",
                "dt": [
                  [
                    "text",
                    "{bc}of, relating to, or characteristic of the upper classes"
                  ]
                ]
              }
            ],
            [
              "sense",
              {
                "sn": "c",
                "dt": [
                  [
                    "text",
                    "{bc}{sx|formal||}"
                  ]
                ]
              }
            ]
          ],
          [
            [
              "sense",
              {
                "sn": "6",
                "dt": [
                  [
                    "text",
                    "{bc}being such in social situations "
                  ],
                  [
                    "vis",
                    [
                      {
                        "t": "a {wi}social{/wi} drinker"
                      }
                    ]
                  ]
                ]
              }
            ]
          ]
        ]
      }
    ],
    "et": [
      [
        "text",
        "Middle English, from Latin {it}socialis{/it}, from {it}socius{/it} companion, ally, associate; akin to Old English {it}secg{/it} man, companion, Latin {it}sequi{/it} to follow {ma}{mat|sue|}{/ma}"
      ]
    ],
    "date": "14th century{ds||1||}",
    "shortdef": [
      "involving allies or confederates",
      "marked by or passed in pleasant companionship with friends or associates",
      "sociable"
    ]
  },
  {
    "meta": {
      "id": "social:2",
      "uuid": "2e6ccc95-8497-4ab3-ae91-11bde5df8d47",
      "sort": "194549000",
      "src": "collegiate",
      "section": "alpha",
      "stems": [
        "social",
        "socials"
      ],
      "offensive": false
    },
    "hom": 2,
    "hwi": {
      "hw": "social"
    },
    "fl": "noun",
    "def": [
      {
        "sseq": [
          [
            [
              "sense",
              {
                "dt": [
                  [
                    "text",
                    "{bc}{sx|sociable||}"
                  ]
                ]
              }
            ]
          ]
        ]
      }
    ],
    "date": "1857",
    "shortdef": [
      "sociable"
    ]
  },
  {
    "meta": {
      "id": "social climber",
      "uuid": "60127879-5009-4680-8afa-ea4b89e2435c",
      "sort": "194549100",
      "src": "collegiate",
      "section": "alpha",
      "stems": [
        "social climber",
        "social climbers",
        "social climbing"
      ],
      "offensive": false
    },
    "hwi": {
      "hw": "social climber"
    },
    "fl": "noun",
    "def": [
      {
        "sseq": [
          [
            [
              "sense",
              {
                "dt": [
                  [
                    "text",
                    "{bc}one who attempts to gain a higher social position or acceptance in fashionable society"
                  ]
                ]
              }
            ]
          ]
        ]
      }
    ],
    "uros": [
      {
        "ure": "social climbing",
        "fl": "noun"
      }
    ],
    "date": "1894",
    "shortdef": [
      "one who attempts to gain a higher social position or acceptance in fashionable society"
    ]
  },
  {
    "meta": {
      "id": "social contract",
      "uuid": "f125165f-253e-451d-9782-0e8d7a3d774e",
      "sort": "194549200",
      "src": "collegiate",
      "section": "alpha",
      "stems": [
        "social contract",
        "social contracts"
      ],
      "offensive": false
    },
    "hwi": {
      "hw": "social contract"
    },
    "fl": "noun",
    "def": [
      {
        "sseq": [
          [
            [
              "sense",
              {
                "dt": [
                  [
                    "text",
                    "{bc}an actual or hypothetical agreement among the members of an organized society or between a community and its ruler that defines and limits the rights and duties of each"
                  ]
                ]
              }
            ]
          ]
        ]
      }
    ],
    "date": "1660",
    "shortdef": [
      "an actual or hypothetical agreement among the members of an organized society or between a community and its ruler that defines and limits the rights and duties of each"
    ]
  },
  {
    "meta": {
      "id": "social Darwinism",
      "uuid": "dac72ad9-5bc1-4ddd-a41f-4e6865f408b6",
      "sort": "194549300",
      "src": "collegiate",
      "section": "alpha",
      "stems": [
        "social Darwinism",
        "social Darwinist"
      ],
      "offensive": false
    },
    "hwi": {
      "hw": "social Darwinism"
    },
    "fl": "noun",
    "def": [
      {
        "sseq": [
          [
            [
              "sense",
              {
                "dt": [
                  [
                    "text",
                    "{bc}an extension of Darwinism to social phenomena"
                  ]
                ],
                "sdsense": {
                  "sd": "specifically",
                  "dt": [
                    [
                      "text",
                      "{bc}a sociological theory that sociocultural advance is the product of intergroup conflict and competition and the socially elite classes (such as those possessing wealth and power) possess biological superiority in the struggle for existence"
                    ]
                  ]
                }
              }
            ]
          ]
        ]
      }
    ],
    "uros": [
      {
        "ure": "social Darwinist",
        "fl": "noun or adjective"
      }
    ],
    "date": "1877",
    "shortdef": [
      "an extension of Darwinism to social phenomena; specifically : a sociological theory that sociocultural advance is the product of intergroup conflict and competition and the socially elite classes (such as those possessing wealth and power) possess biological superiority in the struggle for existence"
    ]
  },
  {
    "meta": {
      "id": "social democracy",
      "uuid": "5d63891c-0b20-4787-9745-ec14650172a1",
      "sort": "194549400",
      "src": "collegiate",
      "section": "alpha",
      "stems": [
        "social democracies",
        "social democracy",
        "social democrat",
        "social democratic",
        "social democrats"
      ],
      "offensive": false
    },
    "hwi": {
      "hw": "social democracy"
    },
    "fl": "noun",
    "def": [
      {
        "sseq": [
          [
            [
              "sense",
              {
                "sn": "1",
                "dt": [
                  [
                    "text",
                    "{bc}a political movement advocating a gradual and peaceful transition from capitalism to socialism by democratic means"
                  ]
                ]
              }
            ]
          ],
          [
            [
              "sense",
              {
                "sn": "2",
                "dt": [
                  [
                    "text",
                    "{bc}a democratic welfare state that incorporates both capitalist and socialist practices"
                  ]
                ]
              }
            ]
          ]
        ]
      }
    ],
    "uros": [
      {
        "ure": "social democrat",
        "fl": "noun"
      },
      {
        "ure": "social democratic",
        "fl": "adjective"
      }
    ],
    "usages": [
      {
        "pl": "{parahw}socialism{/parahw} vs. {parahw}social democracy{/parahw}",
        "pt": [
          [
            "text",
            "In the many years since {i_link|socialism|socialism} entered English around 1830, it has acquired several different meanings. It refers to a system of social organization in which private property and the distribution of income are subject to social control, but the conception of that control has varied, and the term has been interpreted in widely diverging ways, ranging from {d_link|statist|statism} to libertarian, from {d_link|Marxist|Marxism} to liberal. In the modern era, \"pure\" socialism has been seen only rarely and usually briefly in a few Communist regimes. Far more common are systems of {i_link|social democracy|social democracy}, now often referred to as {it}democratic socialism{/it}, in which extensive state regulation, with limited state ownership, has been employed by democratically elected governments (as in Sweden and Denmark) in the belief that it produces a fair distribution of income without impairing economic growth."
          ]
        ]
      }
    ],
    "date": "1848{ds||1||}",
    "shortdef": [
      "a political movement advocating a gradual and peaceful transition from capitalism to socialism by democratic means",
      "a democratic welfare state that incorporates both capitalist and socialist practices"
    ]
  },
  {
    "meta": {
      "id": "social disease",
      "uuid": "c3a5f05e-b7b1-4789-8826-13a76e676a82",
      "sort": "194549500",
      "src": "collegiate",
      "section": "alpha",
      "stems": [
        "social disease",
        "social diseases"
      ],
      "offensive": false
    },
    "hwi": {
      "hw": "social disease"
    },
    "fl": "noun",
    "def": [
      {
        "sseq": [
          [
            [
              "sense",
              {
                "sn": "1",
                "dt": [
                  [
                    "text",
                    "{bc}{sx|venereal disease||}"
                  ]
                ]
              }
            ]
          ],
          [
            [
              "sense",
              {
                "sn": "2",
                "dt": [
                  [
                    "text",
                    "{bc}a disease (such as tuberculosis) whose incidence is directly related to social and economic factors"
                  ]
                ]
              }
            ]
          ]
        ]
      }
    ],
    "date": "1871{ds||1||}",
    "shortdef": [
      "venereal disease",
      "a disease (such as tuberculosis) whose incidence is directly related to social and economic factors"
    ]
  },
  {
    "meta": {
      "id": "social distance",
      "uuid": "869b54cc-6e48-4073-800f-ce09b323839e",
      "sort": "194549530",
      "src": "collegiate",
      "section": "alpha",
      "stems": [
        "social distance"
      ],
      "offensive": false
    },
    "hwi": {
      "hw": "social distance"
    },
    "fl": "noun",
    "def": [
      {
        "sseq": [
          [
            [
              "sense",
              {
                "sn": "1",
                "dt": [
                  [
                    "text",
                    "{bc}the degree of acceptance or rejection of social interaction between individuals and especially those belonging to different social groups (such as those based on race, ethnicity, class, or gender) "
                  ],
                  [
                    "vis",
                    [
                      {
                        "t": "There is a very large body of sociological research showing that a lessening of {wi}social distance{/wi} among groups typically decreases prejudice and improves the ability to understand the concerns of the {ldquo}other.{rdquo}",
                        "aq": {
                          "auth": "Jean Reith Schroedel"
                        }
                      },
                      {
                        "t": "The purpose of this study was to evaluate whether an elective psychiatric course with outcomes designed to target stigmatization and dispel myths could reduce student {wi}social distance{/wi} toward patients with severe mental illness.",
                        "aq": {
                          "auth": "Bethany A. Dipaula et al."
                        }
                      }
                    ]
                  ]
                ]
              }
            ]
          ],
          [
            [
              "sense",
              {
                "sn": "2",
                "sls": [
                  "medical"
                ],
                "dt": [
                  [
                    "text",
                    "{bc}the avoidance of close contact with other people during the outbreak of a contagious disease in order to minimize exposure and reduce the transmission of infection "
                  ],
                  [
                    "vis",
                    [
                      {
                        "t": "If this year's \u2026 flu becomes more severe, additional steps may be taken to prevent spread of the virus. These include finding ways to increase {wi}social distance{/wi} in classrooms, or holding outdoor classes, and utilizing distance learning methods.",
                        "aq": {
                          "auth": "Debra Winters"
                        }
                      },
                      {
                        "t": "{lsquo}Saturday Night Live{rsquo} host Daniel Craig and Kate McKinnon had fun with maintaining {lsquo}{wi}social distance{/wi}{rsquo} and spraying antiseptic in a sketch about soap opera love in the coronavirus era.",
                        "aq": {
                          "auth": "Mary Papenfuss"
                        }
                      }
                    ]
                  ],
                  [
                    "text",
                    "{dx}compare {dxt|physical distance||}{/dx}"
                  ]
                ]
              }
            ]
          ]
        ]
      }
    ],
    "date": "1824{ds||1||}",
    "shortdef": [
      "the degree of acceptance or rejection of social interaction between individuals and especially those belonging to different social groups (such as those based on race, ethnicity, class, or gender)",
      "the avoidance of close contact with other people during the outbreak of a contagious disease in order to minimize exposure and reduce the transmission of infection"
    ]
  },
  {
    "meta": {
      "id": "social distancing",
      "uuid": "9d1ade16-4647-4241-91d0-526a43798bda",
      "sort": "194549570",
      "src": "collegiate",
      "section": "alpha",
      "stems": [
        "social distancing"
      ],
      "offensive": false
    },
    "hwi": {
      "hw": "social distancing"
    },
    "fl": "noun",
    "def": [
      {
        "sls": [
          "medical"
        ],
        "sseq": [
          [
            [
              "sense",
              {
                "dt": [
                  [
                    "text",
                    "{bc}the practice of maintaining a greater than usual physical distance (such as six feet or more) from other people or of avoiding direct contact with people or objects in public places during the outbreak of a contagious disease in order to minimize exposure and reduce the transmission of infection {bc}{sx|physical distancing||} "
                  ],
                  [
                    "vis",
                    [
                      {
                        "t": "San Francisco issued recommendations for {wi}social distancing{/wi} on Friday, advising residents to stay home as much as possible and avoid congregating in large groups.",
                        "aq": {
                          "auth": "Taryn Luna and Melody Gutierrez"
                        }
                      },
                      {
                        "t": "Under a new {ldquo}{wi}social distancing{/wi}{rdquo} strategy, handshaking could be discouraged, with other, less tactile forms of greeting taking its place.",
                        "aq": {
                          "auth": "Rosa Silverman"
                        }
                      },
                      {
                        "t": "The term {wi}social distancing{/wi} may be foreign to some, but the concept is one often practiced during the flu season, said Dora Anne Mills, the state's former top health official and currently chief health improvement officer for MaineHealth.",
                        "aq": {
                          "auth": "Gillian Graham"
                        }
                      }
                    ]
                  ]
                ]
              }
            ]
          ]
        ]
      }
    ],
    "date": "2003",
    "shortdef": [
      "the practice of maintaining a greater than usual physical distance (such as six feet or more) from other people or of avoiding direct contact with people or objects in public places during the outbreak of a contagious disease in order to minimize exposure and reduce the transmission of infection : physical distancing"
    ]
  },
  {
    "meta": {
      "id": "social engineering",
      "uuid": "c27d5deb-ac11-44b4-b662-fadf1d137ccc",
      "sort": "194549600",
      "src": "collegiate",
      "section": "alpha",
      "stems": [
        "social engineer",
        "social engineering",
        "social engineerings",
        "social engineers"
      ],
      "offensive": false
    },
    "hwi": {
      "hw": "social engineering"
    },
    "fl": "noun",
    "def": [
      {
        "sseq": [
          [
            [
              "sense",
              {
                "sn": "1",
                "dt": [
                  [
                    "text",
                    "{bc}management of human beings in accordance with their place and function in society {bc}applied social science"
                  ]
                ]
              }
            ]
          ],
          [
            [
              "sense",
              {
                "sn": "2",
                "dt": [
                  [
                    "text",
                    "{bc}social methods (such as {d_link|phishing|phishing}) that are used to obtain personal or confidential information which can then be used illicitly "
                  ],
                  [
                    "vis",
                    [
                      {
                        "t": "The previously noted trend of switching from {wi}social engineering{/wi} to hacking methods in attacks on organizations strengthened \u2026",
                        "aq": {
                          "source": "{it}San Fernando Valley (California) Business Journal{/it}"
                        }
                      }
                    ]
                  ]
                ]
              }
            ]
          ]
        ]
      }
    ],
    "uros": [
      {
        "ure": "social engineer",
        "fl": "noun",
        "ins": [
          {
            "il": "plural",
            "if": "social engineers"
          }
        ]
      }
    ],
    "date": "1899{ds||1||}",
    "shortdef": [
      "management of human beings in accordance with their place and function in society : applied social science",
      "social methods (such as phishing) that are used to obtain personal or confidential information which can then be used illicitly"
    ]
  }
]