[
  {
    "meta": {
      "id": "spatial",
      "uuid": "1b2d1d33-61d7-4458-926a-84831652b01b",
      "sort": "194635000",
      "src": "collegiate",
      "section": "alpha",
      "stems": [
        "spacial",
        "spaciality",
        "spacially",
        "spatial",
        "spatialities",
        "spatiality",
        "spatially"
      ],
      "offensive": false
    },
    "hwi": {
      "hw": "spa*tial",
      "prs": [
        {
          "mw": "\u02c8sp\u0101-sh\u0259l",
          "sound": {
            "audio": "spatia01",
            "ref": "c",
            "stat": "1"
          }
        }
      ]
    },
    "vrs": [
      {
        "vl": "or less commonly",
        "va": "spa*cial"
      }
    ],
    "fl": "adjective",
    "def": [
      {
        "sseq": [
          [
            [
              "sense",
              {
                "sn": "1",
                "dt": [
                  [
                    "text",
                    "{bc}relating to, occupying, or having the character of space"
                  ]
                ]
              }
            ]
          ],
          [
            [
              "sense",
              {
                "sn": "2",
                "dt": [
                  [
                    "text",
                    "{bc}of, relating to, or involved in the perception of relationships (as of objects) in space "
                  ],
                  [
                    "vis",
                    [
                      {
                        "t": "tests of {wi}spatial{/wi} ability"
                      },
                      {
                        "t": "{wi}spatial{/wi} memory"
                      }
                    ]
                  ]
                ]
              }
            ]
          ]
        ]
      }
    ],
    "uros": [
      {
        "ure": "spa*ti*al*i*ty",
        "prs": [
          {
            "mw": "\u02ccsp\u0101-sh\u0113-\u02c8a-l\u0259-t\u0113",
            "sound": {
              "audio": "spatia02",
              "ref": "c",
              "stat": "1"
            }
          }
        ],
        "vrs": [
          {
            "vl": "or less commonly",
            "va": "spa*ci*al*i*ty"
          }
        ],
        "fl": "noun"
      },
      {
        "ure": "spa*tial*ly",
        "prs": [
          {
            "mw": "\u02c8sp\u0101-sh(\u0259-)l\u0113",
            "sound": {
              "audio": "spatia03",
              "ref": "c",
              "stat": "1"
            }
          }
        ],
        "vrs": [
          {
            "vl": "or less commonly",
            "va": "spa*cial*ly"
          }
        ],
        "fl": "adverb"
      }
    ],
    "quotes": [
      {
        "t": "Williams syndrome, which was first described in 1961, results when a group of genes on one copy of chromosome 7 is deleted during embryonic development. Most people with Williams resemble each other more than they do their families, with wide-set hazel eyes, upturned noses, and wide mouths. They also share a peculiar set of mental impairments. Most stumble over the simplest {qword}spatial{/qword} tasks, such as putting together a puzzle, and many not read or write beyond the level of a first grader.",
        "aq": {
          "source": "{it}U.S. News & World Report{/it}",
          "aqdate": "15 June 1998"
        }
      },
      {
        "t": "When patients have this kind of problem, they can't feel the relationship between their body and their feet, so they must rely on visual cues to keep themselves upright. Without these cues, they lose their {qword}spatial{/qword} orientation and fall.",
        "aq": {
          "auth": "John Pettinato",
          "source": "{it}Discover{/it}",
          "aqdate": "October 2004"
        }
      },
      {
        "t": "Several new ground-based and orbiting astronomical facilities that could provide high {qword}spatial{/qword} and spectral resolution appear technologically ready for development during the next several decades.",
        "aq": {
          "auth": "Robert D. Gehrz et al.",
          "source": "{it}Science{/it}",
          "aqdate": "25 May 1984"
        }
      }
    ],
    "et": [
      [
        "text",
        "Latin {it}spatium{/it} space"
      ]
    ],
    "date": "1847{ds||1||}",
    "shortdef": [
      "relating to, occupying, or having the character of space",
      "of, relating to, or involved in the perception of relationships (as of objects) in space"
    ]
  },
  {
    "meta": {
      "id": "spatial summation",
      "uuid": "6aca42c4-9ace-4b5a-b9e5-1712db633158",
      "sort": "194635100",
      "src": "collegiate",
      "section": "alpha",
      "stems": [
        "spatial summation",
        "spatial summations"
      ],
      "offensive": false
    },
    "hwi": {
      "hw": "spatial summation"
    },
    "fl": "noun",
    "def": [
      {
        "sseq": [
          [
            [
              "sense",
              {
                "dt": [
                  [
                    "text",
                    "{bc}sensory summation that involves stimulation of several spatially separated neurons at the same time"
                  ]
                ]
              }
            ]
          ]
        ]
      }
    ],
    "date": "1968",
    "shortdef": [
      "sensory summation that involves stimulation of several spatially separated neurons at the same time"
    ]
  }
]