[
  {
    "meta": {
      "id": "spectrum",
      "uuid": "05ef678b-4472-46e3-82dc-284d4851d566",
      "sort": "194647200",
      "src": "collegiate",
      "section": "alpha",
      "stems": [
        "spectra",
        "spectrum",
        "spectrums"
      ],
      "offensive": false
    },
    "hwi": {
      "hw": "spec*trum",
      "prs": [
        {
          "mw": "\u02c8spek-tr\u0259m",
          "sound": {
            "audio": "spectr29",
            "ref": "c",
            "stat": "1"
          }
        }
      ]
    },
    "fl": "noun",
    "ins": [
      {
        "il": "plural",
        "if": "spec*tra",
        "prs": [
          {
            "mw": "\u02c8spek-tr\u0259",
            "sound": {
              "audio": "spectr30",
              "ref": "c",
              "stat": "1"
            }
          }
        ]
      },
      {
        "il": "or",
        "if": "spec*trums"
      }
    ],
    "def": [
      {
        "sseq": [
          [
            [
              "sense",
              {
                "sn": "1 a",
                "dt": [
                  [
                    "text",
                    "{bc}a continuum of color formed when a beam of white light is dispersed (as by passage through a prism) so that its component wavelengths are arranged in order"
                  ]
                ]
              }
            ],
            [
              "pseq",
              [
                [
                  "bs",
                  {
                    "sense": {
                      "sn": "b",
                      "dt": [
                        [
                          "text",
                          "{bc}any of various continua that resemble a color spectrum in consisting of an ordered arrangement by a particular characteristic (such as frequency or energy): such as"
                        ]
                      ]
                    }
                  }
                ],
                [
                  "sense",
                  {
                    "sn": "(1)",
                    "dt": [
                      [
                        "text",
                        "{bc}{sx|electromagnetic spectrum||}"
                      ]
                    ]
                  }
                ],
                [
                  "sense",
                  {
                    "sn": "(2)",
                    "dt": [
                      [
                        "text",
                        "{bc}{sx|radio spectrum||}"
                      ]
                    ]
                  }
                ],
                [
                  "sense",
                  {
                    "sn": "(3)",
                    "dt": [
                      [
                        "text",
                        "{bc}the range of frequencies of sound waves"
                      ]
                    ]
                  }
                ],
                [
                  "sense",
                  {
                    "sn": "(4)",
                    "dt": [
                      [
                        "text",
                        "{bc}{sx|mass spectrum||}"
                      ]
                    ]
                  }
                ]
              ]
            ],
            [
              "sense",
              {
                "sn": "c",
                "dt": [
                  [
                    "text",
                    "{bc}the representation (such as a plot) of a spectrum"
                  ]
                ]
              }
            ]
          ],
          [
            [
              "sense",
              {
                "sn": "2 a",
                "dt": [
                  [
                    "text",
                    "{bc}a continuous sequence or range "
                  ],
                  [
                    "vis",
                    [
                      {
                        "t": "a wide {wi}spectrum{/wi} of interests"
                      },
                      {
                        "t": "opposite ends of the political {wi}spectrum{/wi}"
                      }
                    ]
                  ]
                ]
              }
            ],
            [
              "sense",
              {
                "sn": "b",
                "dt": [
                  [
                    "text",
                    "{bc}kinds of organisms associated with a particular situation (such as an environment)"
                  ]
                ]
              }
            ],
            [
              "sense",
              {
                "sn": "c",
                "dt": [
                  [
                    "text",
                    "{bc}a range of effectiveness against pathogenic organisms "
                  ],
                  [
                    "vis",
                    [
                      {
                        "t": "an antibiotic with a broad {wi}spectrum{/wi}"
                      }
                    ]
                  ]
                ]
              }
            ]
          ]
        ]
      }
    ],
    "dros": [
      {
        "drp": "on the spectrum",
        "def": [
          {
            "sseq": [
              [
                [
                  "sense",
                  {
                    "dt": [
                      [
                        "text",
                        "{bc}exhibiting traits associated with {d_link|autism spectrum disorder|autism spectrum disorder} "
                      ],
                      [
                        "vis",
                        [
                          {
                            "t": "\u2026 quiet areas and sensory bags with headphones \u2026 and other ways to help kids who are {wi}on the spectrum{/wi} cope with unfamiliar, noisy surroundings.",
                            "aq": {
                              "auth": "Rachel Molenda"
                            }
                          },
                          {
                            "t": "\u2026 Stephanie Adams, cofounder of the Autism and Asperger's Society, said: {ldquo}We started the society because we wanted to make a place where people {wi}on the spectrum{/wi} can spend their time and not feel isolated. \u2026{rdquo}",
                            "aq": {
                              "auth": "Kelsey Maxwell"
                            }
                          }
                        ]
                      ]
                    ]
                  }
                ]
              ]
            ]
          }
        ]
      }
    ],
    "et": [
      [
        "text",
        "New Latin, from Latin, appearance {ma}{mat|specter|}{/ma}"
      ]
    ],
    "date": "1672{ds||1|a|}",
    "shortdef": [
      "a continuum of color formed when a beam of white light is dispersed (as by passage through a prism) so that its component wavelengths are arranged in order",
      "any of various continua that resemble a color spectrum in consisting of an ordered arrangement by a particular characteristic (such as frequency or energy): such as",
      "electromagnetic spectrum"
    ]
  },
  {
    "meta": {
      "id": "absorption spectrum",
      "uuid": "a8387738-ad7b-4b73-8087-b8f251a8bc9f",
      "sort": "010266000",
      "src": "collegiate",
      "section": "alpha",
      "stems": [
        "absorption spectra",
        "absorption spectrum",
        "absorption spectrums"
      ],
      "offensive": false
    },
    "hwi": {
      "hw": "absorption spectrum"
    },
    "fl": "noun",
    "def": [
      {
        "sseq": [
          [
            [
              "sense",
              {
                "dt": [
                  [
                    "text",
                    "{bc}an electromagnetic spectrum in which a decrease in intensity of radiation at specific wavelengths or ranges of wavelengths characteristic of an absorbing substance is manifested especially as a pattern of dark lines or bands"
                  ]
                ]
              }
            ]
          ]
        ]
      }
    ],
    "date": "1833",
    "shortdef": [
      "an electromagnetic spectrum in which a decrease in intensity of radiation at specific wavelengths or ranges of wavelengths characteristic of an absorbing substance is manifested especially as a pattern of dark lines or bands"
    ]
  },
  {
    "meta": {
      "id": "autism spectrum disorder",
      "uuid": "a1ac659d-1556-4251-9c8a-cf3883fdd3e8",
      "sort": "014828000",
      "src": "collegiate",
      "section": "alpha",
      "stems": [
        "autism spectrum disorder",
        "autism spectrum disorders",
        "autistic spectrum disorder",
        "autistic spectrum disorders",
        "pervasive developmental disorder",
        "pervasive developmental disorders"
      ],
      "offensive": false
    },
    "hwi": {
      "hw": "autism spectrum disorder"
    },
    "vrs": [
      {
        "vl": "or less commonly",
        "va": "autistic spectrum disorder"
      }
    ],
    "fl": "noun",
    "def": [
      {
        "sseq": [
          [
            [
              "sense",
              {
                "dt": [
                  [
                    "text",
                    "{bc}any of a group of {d_link|developmental disorders|developmental disorder} (such as autism and Asperger's syndrome) marked by impairments in the ability to communicate and interact socially and by the presence of repetitive behaviors or restricted interests "
                  ],
                  [
                    "ca",
                    {
                      "intro": "called also",
                      "cats": [
                        {
                          "cat": "pervasive developmental disorder"
                        }
                      ]
                    }
                  ]
                ]
              }
            ]
          ]
        ]
      }
    ],
    "date": "1981",
    "shortdef": [
      "any of a group of developmental disorders (such as autism and Asperger's syndrome) marked by impairments in the ability to communicate and interact socially and by the presence of repetitive behaviors or restricted interests \u2014called also pervasive developmental disorder"
    ]
  },
  {
    "meta": {
      "id": "broad-spectrum",
      "uuid": "cba87298-84dc-4bf9-b03d-b8b4a0f4ebb2",
      "sort": "020432200",
      "src": "collegiate",
      "section": "alpha",
      "stems": [
        "broad-spectrum"
      ],
      "offensive": false
    },
    "hwi": {
      "hw": "broad-spec*trum",
      "prs": [
        {
          "mw": "\u02c8br\u022fd-\u02c8spek-tr\u0259m",
          "sound": {
            "audio": "broad-spectrum_1",
            "ref": "owl",
            "stat": "1"
          }
        }
      ]
    },
    "fl": "adjective",
    "def": [
      {
        "sseq": [
          [
            [
              "sense",
              {
                "sn": "1",
                "dt": [
                  [
                    "text",
                    "{bc}effective against a wide range of organisms (such as insects or bacteria) "
                  ],
                  [
                    "vis",
                    [
                      {
                        "t": "a {wi}broad-spectrum{/wi} antibiotic"
                      }
                    ]
                  ]
                ]
              }
            ]
          ],
          [
            [
              "sense",
              {
                "sn": "2",
                "dt": [
                  [
                    "text",
                    "{bc}effective in protecting skin from ultraviolet radiation by absorbing or blocking both {d_link|UVA|UVA} and {d_link|UVB|UVB} rays "
                  ],
                  [
                    "vis",
                    [
                      {
                        "t": "{wi}broad-spectrum{/wi} sunscreens"
                      }
                    ]
                  ]
                ]
              }
            ]
          ]
        ]
      }
    ],
    "date": "1950{ds||1||}",
    "shortdef": [
      "effective against a wide range of organisms (such as insects or bacteria)",
      "effective in protecting skin from ultraviolet radiation by absorbing or blocking both UVA and UVB rays"
    ]
  },
  {
    "meta": {
      "id": "electromagnetic spectrum",
      "uuid": "85405023-6529-4afc-8393-de9b7e0791a6",
      "sort": "050068100",
      "src": "collegiate",
      "section": "alpha",
      "stems": [
        "electromagnetic spectra",
        "electromagnetic spectrum",
        "electromagnetic spectrums"
      ],
      "offensive": false
    },
    "hwi": {
      "hw": "electromagnetic spectrum"
    },
    "fl": "noun",
    "def": [
      {
        "sseq": [
          [
            [
              "sense",
              {
                "dt": [
                  [
                    "text",
                    "{bc}the entire range of wavelengths or frequencies of electromagnetic radiation extending from gamma rays to the longest radio waves and including visible light"
                  ]
                ]
              }
            ]
          ]
        ]
      }
    ],
    "date": "1924",
    "shortdef": [
      "the entire range of wavelengths or frequencies of electromagnetic radiation extending from gamma rays to the longest radio waves and including visible light"
    ]
  },
  {
    "meta": {
      "id": "mass spectrum",
      "uuid": "fd3ce80f-d340-4860-aaee-2294c1444c82",
      "sort": "131156000",
      "src": "collegiate",
      "section": "alpha",
      "stems": [
        "mass spectra",
        "mass spectrum",
        "mass spectrums"
      ],
      "offensive": false
    },
    "hwi": {
      "hw": "mass spectrum"
    },
    "fl": "noun",
    "def": [
      {
        "sseq": [
          [
            [
              "sense",
              {
                "dt": [
                  [
                    "text",
                    "{bc}the spectrum of a stream of gaseous ions separated according to their differing mass and charge"
                  ]
                ]
              }
            ]
          ]
        ]
      }
    ],
    "date": "1920",
    "shortdef": [
      "the spectrum of a stream of gaseous ions separated according to their differing mass and charge"
    ]
  },
  {
    "meta": {
      "id": "radio spectrum",
      "uuid": "88b8a6de-b355-4b42-af50-cd17f5ab1293",
      "sort": "180197000",
      "src": "collegiate",
      "section": "alpha",
      "stems": [
        "radio spectra",
        "radio spectrum",
        "radio spectrums"
      ],
      "offensive": false
    },
    "hwi": {
      "hw": "radio spectrum"
    },
    "fl": "noun",
    "def": [
      {
        "sseq": [
          [
            [
              "sense",
              {
                "dt": [
                  [
                    "text",
                    "{bc}the region of the electromagnetic spectrum spanning the radio frequency range"
                  ]
                ]
              }
            ]
          ]
        ]
      }
    ],
    "date": "1927",
    "shortdef": [
      "the region of the electromagnetic spectrum spanning the radio frequency range"
    ]
  },
  {
    "meta": {
      "id": "a broad spectrum",
      "uuid": "185e2cd3-484b-4bed-82e5-e06f645d491f",
      "sort": "3000044000",
      "src": "ld",
      "section": "idioms",
      "stems": [
        "a broad spectrum"
      ],
      "offensive": false
    },
    "hwi": {
      "hw": "a broad spectrum"
    },
    "fl": "noun",
    "def": [
      {
        "sseq": [
          [
            [
              "sense",
              {
                "dt": [
                  [
                    "text",
                    "{bc}a range of many different kinds "
                  ],
                  [
                    "vis",
                    [
                      {
                        "t": "The conference was attended by {it}a broad spectrum{/it} of religious leaders."
                      }
                    ]
                  ]
                ]
              }
            ]
          ]
        ]
      }
    ],
    "shortdef": [
      "a range of many different kinds"
    ]
  }
]