[
  {
    "meta": {
      "id": "spinning",
      "uuid": "02d4eeae-ff42-476a-b54e-3aeb5813786b",
      "sort": "194669800",
      "src": "collegiate",
      "section": "alpha",
      "stems": [
        "spinning",
        "spinnings"
      ],
      "offensive": false
    },
    "hwi": {
      "hw": "spin*ning",
      "prs": [
        {
          "mw": "\u02c8spi-ni\u014b",
          "sound": {
            "audio": "spinning_1",
            "ref": "owl",
            "stat": "1"
          }
        }
      ]
    },
    "fl": "noun",
    "def": [
      {
        "sseq": [
          [
            [
              "sense",
              {
                "dt": [
                  [
                    "text",
                    "{bc}a method of fishing in which a lure is cast by use of a light flexible rod, a spinning reel, and a light line"
                  ]
                ]
              }
            ]
          ]
        ]
      }
    ],
    "date": "1855",
    "shortdef": [
      "a method of fishing in which a lure is cast by use of a light flexible rod, a spinning reel, and a light line"
    ]
  },
  {
    "meta": {
      "id": "spin:1",
      "uuid": "e971ffe2-363a-440f-9b40-85ca7d0d40e4",
      "sort": "194666100",
      "src": "collegiate",
      "section": "alpha",
      "stems": [
        "spin",
        "spin her wheels",
        "spin his wheels",
        "spin its wheels",
        "spin my wheels",
        "spin one's wheels",
        "spin our wheels",
        "spin their wheels",
        "spin your wheels",
        "spinning",
        "spinning her wheels",
        "spinning his wheels",
        "spinning its wheels",
        "spinning my wheels",
        "spinning our wheels",
        "spinning their wheels",
        "spinning your wheels",
        "spins",
        "spins her wheels",
        "spins his wheels",
        "spins its wheels",
        "spun",
        "spun her wheels",
        "spun his wheels",
        "spun its wheels",
        "spun my wheels",
        "spun our wheels",
        "spun their wheels",
        "spun your wheels"
      ],
      "offensive": false
    },
    "hom": 1,
    "hwi": {
      "hw": "spin",
      "prs": [
        {
          "mw": "\u02c8spin",
          "sound": {
            "audio": "spin0001",
            "ref": "c",
            "stat": "1"
          }
        }
      ]
    },
    "fl": "verb",
    "ins": [
      {
        "if": "spun",
        "prs": [
          {
            "mw": "\u02c8sp\u0259n",
            "sound": {
              "audio": "spin0002",
              "ref": "c",
              "stat": "1"
            }
          }
        ]
      },
      {
        "if": "spin*ning"
      }
    ],
    "def": [
      {
        "vd": "intransitive verb",
        "sseq": [
          [
            [
              "sense",
              {
                "sn": "1",
                "dt": [
                  [
                    "text",
                    "{bc}to draw out and twist fiber into yarn or thread"
                  ]
                ]
              }
            ]
          ],
          [
            [
              "sense",
              {
                "sn": "2",
                "dt": [
                  [
                    "text",
                    "{bc}to form a thread by extruding a viscous rapidly hardening fluid "
                  ],
                  [
                    "uns",
                    [
                      [
                        [
                          "text",
                          "used especially of a spider or insect"
                        ]
                      ]
                    ]
                  ]
                ]
              }
            ]
          ],
          [
            [
              "sense",
              {
                "sn": "3 a",
                "dt": [
                  [
                    "text",
                    "{bc}to revolve rapidly {bc}{sx|gyrate||}"
                  ]
                ]
              }
            ],
            [
              "sense",
              {
                "sn": "b",
                "dt": [
                  [
                    "text",
                    "{bc}to feel as if in a whirl {bc}{sx|reel||} "
                  ],
                  [
                    "vis",
                    [
                      {
                        "t": "my head is {it}spinning{/it}"
                      }
                    ]
                  ]
                ]
              }
            ]
          ],
          [
            [
              "sense",
              {
                "sn": "4",
                "dt": [
                  [
                    "text",
                    "{bc}to move swiftly especially on or as if on wheels or in a vehicle"
                  ]
                ]
              }
            ]
          ],
          [
            [
              "sense",
              {
                "sn": "5",
                "dt": [
                  [
                    "text",
                    "{bc}to fish with {a_link|spinning} bait {bc}{sx|troll||}"
                  ]
                ]
              }
            ]
          ],
          [
            [
              "sense",
              {
                "sn": "6 a",
                "sls": [
                  "of an airplane"
                ],
                "dt": [
                  [
                    "text",
                    "{bc}to fall in a spin"
                  ]
                ]
              }
            ],
            [
              "sense",
              {
                "sn": "b",
                "dt": [
                  [
                    "text",
                    "{bc}to plunge helplessly and out of control"
                  ]
                ]
              }
            ]
          ],
          [
            [
              "sense",
              {
                "sn": "7",
                "dt": [
                  [
                    "text",
                    "{bc}to engage in spin control (as in politics)"
                  ]
                ]
              }
            ]
          ]
        ]
      },
      {
        "vd": "transitive verb",
        "sseq": [
          [
            [
              "sense",
              {
                "sn": "1 a",
                "dt": [
                  [
                    "text",
                    "{bc}to draw out and twist into yarns or threads"
                  ]
                ]
              }
            ],
            [
              "sense",
              {
                "sn": "b",
                "dt": [
                  [
                    "text",
                    "{bc}to produce by drawing out and twisting a fibrous material"
                  ]
                ]
              }
            ]
          ],
          [
            [
              "sense",
              {
                "sn": "2",
                "dt": [
                  [
                    "text",
                    "{bc}to form (something, such as a web or cocoon) by spinning"
                  ]
                ]
              }
            ]
          ],
          [
            [
              "sense",
              {
                "sn": "3 a",
                "dt": [
                  [
                    "text",
                    "{bc}to stretch out or extend (something, such as a story) lengthily {bc}{sx|protract||} "
                  ],
                  [
                    "uns",
                    [
                      [
                        [
                          "text",
                          "usually used with {it}out{/it}"
                        ]
                      ]
                    ]
                  ]
                ]
              }
            ],
            [
              "sense",
              {
                "sn": "b",
                "dt": [
                  [
                    "text",
                    "{bc}to evolve, express, or fabricate by processes of mind or imagination "
                  ],
                  [
                    "vis",
                    [
                      {
                        "t": "{wi}spin{/wi} a yarn"
                      }
                    ]
                  ]
                ]
              }
            ]
          ],
          [
            [
              "sense",
              {
                "sn": "4",
                "dt": [
                  [
                    "text",
                    "{bc}to cause to whirl {bc}impart spin to "
                  ],
                  [
                    "vis",
                    [
                      {
                        "t": "{wi}spin{/wi} a top"
                      }
                    ]
                  ]
                ]
              }
            ]
          ],
          [
            [
              "sense",
              {
                "sn": "5",
                "dt": [
                  [
                    "text",
                    "{bc}to shape into threadlike form in manufacture"
                  ]
                ],
                "sdsense": {
                  "sd": "also",
                  "dt": [
                    [
                      "text",
                      "{bc}to manufacture by a whirling process"
                    ]
                  ]
                }
              }
            ]
          ],
          [
            [
              "sense",
              {
                "sn": "6",
                "dt": [
                  [
                    "text",
                    "{bc}to set (records or compact discs) rotating on a player {bc}{sx|play||} "
                  ],
                  [
                    "vis",
                    [
                      {
                        "t": "{wi}spin{/wi} some discs"
                      }
                    ]
                  ]
                ]
              }
            ]
          ],
          [
            [
              "sense",
              {
                "sn": "7",
                "dt": [
                  [
                    "text",
                    "{bc}to present (information) with a particular spin "
                  ],
                  [
                    "vis",
                    [
                      {
                        "t": "{wi}spin{/wi} the statistics"
                      }
                    ]
                  ]
                ]
              }
            ]
          ]
        ]
      }
    ],
    "dros": [
      {
        "drp": "spin one's wheels",
        "def": [
          {
            "sseq": [
              [
                [
                  "sense",
                  {
                    "dt": [
                      [
                        "text",
                        "{bc}to make futile efforts to achieve progress"
                      ]
                    ]
                  }
                ]
              ]
            ]
          }
        ]
      }
    ],
    "et": [
      [
        "text",
        "Middle English {it}spinnen{/it}, from Old English {it}spinnan{/it}; akin to Old High German {it}spinnan{/it} to spin and perhaps to Lithuanian {it}sp\u0119sti{/it} to set (a trap)"
      ]
    ],
    "date": "before 12th century{ds|i|1||}",
    "shortdef": [
      "to draw out and twist fiber into yarn or thread",
      "to form a thread by extruding a viscous rapidly hardening fluid \u2014used especially of a spider or insect",
      "to revolve rapidly : gyrate"
    ]
  },
  {
    "meta": {
      "id": "spinning frame",
      "uuid": "93ec0f7e-c183-4354-a22e-04fd1403f006",
      "sort": "194669900",
      "src": "collegiate",
      "section": "alpha",
      "stems": [
        "spinning frame",
        "spinning frames"
      ],
      "offensive": false
    },
    "hwi": {
      "hw": "spinning frame"
    },
    "fl": "noun",
    "def": [
      {
        "sseq": [
          [
            [
              "sense",
              {
                "dt": [
                  [
                    "text",
                    "{bc}a machine that draws, twists, and winds yarn"
                  ]
                ]
              }
            ]
          ]
        ]
      }
    ],
    "date": "1825",
    "shortdef": [
      "a machine that draws, twists, and winds yarn"
    ]
  },
  {
    "meta": {
      "id": "spinning jenny",
      "uuid": "ef2369c5-d275-4904-b3d1-1953d354047d",
      "sort": "194670000",
      "src": "collegiate",
      "section": "alpha",
      "stems": [
        "spinning jennies",
        "spinning jenny"
      ],
      "offensive": false
    },
    "hwi": {
      "hw": "spinning jen*ny",
      "prs": [
        {
          "mw": "-\u02ccje-n\u0113",
          "sound": {
            "audio": "spinni02",
            "ref": "c",
            "stat": "1"
          }
        }
      ]
    },
    "fl": "noun",
    "def": [
      {
        "sseq": [
          [
            [
              "sense",
              {
                "dt": [
                  [
                    "text",
                    "{bc}an early multiple-spindle machine for spinning wool or cotton"
                  ]
                ]
              }
            ]
          ]
        ]
      }
    ],
    "et": [
      [
        "text",
        "{it}Jenny{/it}, nickname for {it}Jane{/it}"
      ]
    ],
    "date": "1783",
    "shortdef": [
      "an early multiple-spindle machine for spinning wool or cotton"
    ]
  },
  {
    "meta": {
      "id": "spinning reel",
      "uuid": "7512e898-35ab-4ce6-89f1-34c85e72ebb4",
      "sort": "194670100",
      "src": "collegiate",
      "section": "alpha",
      "stems": [
        "spinning reel",
        "spinning reels"
      ],
      "offensive": false
    },
    "hwi": {
      "hw": "spinning reel"
    },
    "fl": "noun",
    "def": [
      {
        "sseq": [
          [
            [
              "sense",
              {
                "dt": [
                  [
                    "text",
                    "{bc}a fishing reel with a nonmoving spool on which the line is wound by means of a revolving arm which can be disengaged to allow the line to spiral freely off the spool during casting"
                  ]
                ]
              }
            ]
          ]
        ]
      }
    ],
    "date": "1950",
    "shortdef": [
      "a fishing reel with a nonmoving spool on which the line is wound by means of a revolving arm which can be disengaged to allow the line to spiral freely off the spool during casting"
    ]
  },
  {
    "meta": {
      "id": "spinning rod",
      "uuid": "cd248a68-7239-44e6-9104-5588b9198e57",
      "sort": "194670200",
      "src": "collegiate",
      "section": "alpha",
      "stems": [
        "spinning rod",
        "spinning rods"
      ],
      "offensive": false
    },
    "hwi": {
      "hw": "spinning rod"
    },
    "fl": "noun",
    "def": [
      {
        "sseq": [
          [
            [
              "sense",
              {
                "dt": [
                  [
                    "text",
                    "{bc}a light flexible fishing rod used with a spinning reel"
                  ]
                ]
              }
            ]
          ]
        ]
      }
    ],
    "date": "1870",
    "shortdef": [
      "a light flexible fishing rod used with a spinning reel"
    ]
  },
  {
    "meta": {
      "id": "spinning wheel",
      "uuid": "288be2b2-d9a2-44c8-a5d6-da238f6c81f4",
      "sort": "194670300",
      "src": "collegiate",
      "section": "alpha",
      "stems": [
        "spinning wheel",
        "spinning wheels"
      ],
      "offensive": false
    },
    "hwi": {
      "hw": "spinning wheel"
    },
    "fl": "noun",
    "def": [
      {
        "sseq": [
          [
            [
              "sense",
              {
                "dt": [
                  [
                    "text",
                    "{bc}a small domestic hand-driven or foot-driven machine for spinning yarn or thread"
                  ]
                ]
              }
            ]
          ]
        ]
      }
    ],
    "date": "15th century",
    "shortdef": [
      "a small domestic hand-driven or foot-driven machine for spinning yarn or thread"
    ]
  },
  {
    "meta": {
      "id": "someone's head is spinning",
      "uuid": "d8ccf275-e61d-4d9c-b6fd-4c60d5e5248f",
      "sort": "3018032000",
      "src": "ld",
      "section": "idioms",
      "stems": [
        "someone's head is spinning"
      ],
      "offensive": false
    },
    "hwi": {
      "hw": "someone's head is spinning"
    },
    "fl": "idiom",
    "def": [
      {
        "sseq": [
          [
            [
              "sense",
              {
                "dt": [
                  [
                    "uns",
                    [
                      [
                        [
                          "text",
                          "used to say that someone feels dizzy"
                        ]
                      ]
                    ]
                  ]
                ]
              }
            ]
          ]
        ]
      }
    ],
    "shortdef": [
      "\u2014used to say that someone feels dizzy"
    ]
  },
  {
    "meta": {
      "id": "money-spinner",
      "uuid": "b6193eff-9429-495d-8229-f576fddb8e2a",
      "sort": "133699000",
      "src": "collegiate",
      "section": "alpha",
      "stems": [
        "money-spinner",
        "money-spinners",
        "money-spinning",
        "money-spinnings"
      ],
      "offensive": false
    },
    "hwi": {
      "hw": "mon*ey-spin*ner",
      "prs": [
        {
          "mw": "\u02c8m\u0259-n\u0113-\u02ccspi-n\u0259r",
          "sound": {
            "audio": "moneys01",
            "ref": "c",
            "stat": "1"
          }
        }
      ]
    },
    "fl": "noun",
    "def": [
      {
        "sls": [
          "chiefly British"
        ],
        "sseq": [
          [
            [
              "sense",
              {
                "dt": [
                  [
                    "text",
                    "{bc}{sx|moneymaker||}"
                  ]
                ]
              }
            ]
          ]
        ]
      }
    ],
    "uros": [
      {
        "ure": "mon*ey-spin*ning",
        "prs": [
          {
            "mw": "\u02c8m\u0259-n\u0113-\u02ccspi-ni\u014b",
            "sound": {
              "audio": "moneys02",
              "ref": "c",
              "stat": "1"
            }
          }
        ],
        "fl": "adjective or noun",
        "sls": [
          "chiefly British"
        ]
      }
    ],
    "date": "1859",
    "shortdef": [
      "moneymaker"
    ]
  },
  {
    "meta": {
      "id": "spin off",
      "uuid": "870a7f7f-d4e4-4ad8-906a-0f7a1c0fb41f",
      "sort": "194670500",
      "src": "collegiate",
      "section": "alpha",
      "stems": [
        "spin off",
        "spinning off",
        "spins off",
        "spun off"
      ],
      "offensive": false
    },
    "hwi": {
      "hw": "spin off"
    },
    "fl": "verb",
    "ins": [
      {
        "if": "spun off"
      },
      {
        "if": "spin*ning off"
      },
      {
        "if": "spins off"
      }
    ],
    "def": [
      {
        "vd": "transitive verb",
        "sseq": [
          [
            [
              "sense",
              {
                "dt": [
                  [
                    "text",
                    "{bc}to establish or produce as a spin-off "
                  ],
                  [
                    "vis",
                    [
                      {
                        "t": "the company {it}spun off{/it} its computer division"
                      },
                      {
                        "t": "{it}spin off{/it} a new TV series"
                      }
                    ]
                  ]
                ]
              }
            ]
          ]
        ]
      },
      {
        "vd": "intransitive verb",
        "sseq": [
          [
            [
              "sense",
              {
                "dt": [
                  [
                    "text",
                    "{bc}to establish or become a spin-off"
                  ]
                ]
              }
            ]
          ]
        ]
      }
    ],
    "date": "1950{ds|t|||}",
    "shortdef": [
      "to establish or produce as a spin-off",
      "to establish or become a spin-off"
    ]
  }
]