[
  {
    "meta": {
      "id": "standing:1",
      "uuid": "77d9355f-bd76-41e3-960f-c150fcc49777",
      "sort": "194747800",
      "src": "collegiate",
      "section": "alpha",
      "stems": [
        "standing"
      ],
      "offensive": false
    },
    "hom": 1,
    "hwi": {
      "hw": "stand*ing",
      "prs": [
        {
          "mw": "\u02c8stan-di\u014b",
          "sound": {
            "audio": "standi02",
            "ref": "c",
            "stat": "1"
          }
        }
      ]
    },
    "fl": "adjective",
    "def": [
      {
        "sseq": [
          [
            [
              "sense",
              {
                "sn": "1 a",
                "dt": [
                  [
                    "text",
                    "{bc}not yet cut or harvested "
                  ],
                  [
                    "vis",
                    [
                      {
                        "t": "{wi}standing{/wi} timber"
                      },
                      {
                        "t": "{wi}standing{/wi} grain"
                      }
                    ]
                  ]
                ]
              }
            ],
            [
              "sense",
              {
                "sn": "b",
                "dt": [
                  [
                    "text",
                    "{bc}upright on the feet or base {bc}{sx|erect||} "
                  ],
                  [
                    "vis",
                    [
                      {
                        "t": "the {wi}standing{/wi} audience"
                      }
                    ]
                  ]
                ]
              }
            ]
          ],
          [
            [
              "sense",
              {
                "sn": "2",
                "dt": [
                  [
                    "text",
                    "{bc}not flowing {bc}{sx|stagnant||} "
                  ],
                  [
                    "vis",
                    [
                      {
                        "t": "{wi}standing{/wi} water"
                      }
                    ]
                  ]
                ]
              }
            ]
          ],
          [
            [
              "sense",
              {
                "sn": "3 a",
                "dt": [
                  [
                    "text",
                    "{bc}remaining at the same level, degree, or amount for an indeterminate period "
                  ],
                  [
                    "vis",
                    [
                      {
                        "t": "a {wi}standing{/wi} offer"
                      }
                    ]
                  ]
                ]
              }
            ],
            [
              "sense",
              {
                "sn": "b",
                "dt": [
                  [
                    "text",
                    "{bc}continuing in existence or use indefinitely "
                  ],
                  [
                    "vis",
                    [
                      {
                        "t": "a {wi}standing{/wi} joke"
                      }
                    ]
                  ]
                ]
              }
            ]
          ],
          [
            [
              "sense",
              {
                "sn": "4",
                "dt": [
                  [
                    "text",
                    "{bc}established by law or custom"
                  ]
                ]
              }
            ]
          ],
          [
            [
              "sense",
              {
                "sn": "5",
                "dt": [
                  [
                    "text",
                    "{bc}not movable"
                  ]
                ]
              }
            ]
          ],
          [
            [
              "sense",
              {
                "sn": "6",
                "dt": [
                  [
                    "text",
                    "{bc}done from a standing position "
                  ],
                  [
                    "vis",
                    [
                      {
                        "t": "a {wi}standing{/wi} jump"
                      },
                      {
                        "t": "a {wi}standing{/wi} ovation"
                      }
                    ]
                  ]
                ]
              }
            ]
          ]
        ]
      }
    ],
    "date": "14th century{ds||1|a|}",
    "shortdef": [
      "not yet cut or harvested",
      "upright on the feet or base : erect",
      "not flowing : stagnant"
    ]
  },
  {
    "meta": {
      "id": "standing:2",
      "uuid": "f4f6fef7-3748-4cf8-96df-643ac265c58c",
      "sort": "194747900",
      "src": "collegiate",
      "section": "alpha",
      "stems": [
        "standing",
        "standings"
      ],
      "offensive": false
    },
    "hom": 2,
    "hwi": {
      "hw": "standing"
    },
    "fl": "noun",
    "def": [
      {
        "sseq": [
          [
            [
              "sense",
              {
                "sn": "1 a",
                "dt": [
                  [
                    "text",
                    "{bc}a place to {a_link|stand} in {bc}{sx|location||}"
                  ]
                ]
              }
            ],
            [
              "sense",
              {
                "sn": "b",
                "dt": [
                  [
                    "text",
                    "{bc}a position from which one may assert or enforce legal rights and duties"
                  ]
                ]
              }
            ]
          ],
          [
            [
              "sense",
              {
                "sn": "2 a",
                "dt": [
                  [
                    "text",
                    "{bc}length of service or experience especially as determining rank, pay, or privilege"
                  ]
                ]
              }
            ],
            [
              "sense",
              {
                "sn": "b",
                "dt": [
                  [
                    "text",
                    "{bc}position or condition in society or in a profession"
                  ]
                ],
                "sdsense": {
                  "sd": "especially",
                  "dt": [
                    [
                      "text",
                      "{bc}good reputation "
                    ],
                    [
                      "vis",
                      [
                        {
                          "t": "a member in good {wi}standing{/wi}"
                        }
                      ]
                    ]
                  ]
                }
              }
            ],
            [
              "sense",
              {
                "sn": "c",
                "dt": [
                  [
                    "text",
                    "{bc}position relative to a {a_link|standard} of achievement or to achievements of competitors"
                  ]
                ],
                "sdsense": {
                  "sd": "also",
                  "ins": [
                    {
                      "if": "stand*ings",
                      "spl": "plural"
                    }
                  ],
                  "dt": [
                    [
                      "text",
                      "{bc}a listing of the {a_link|standings} of individuals or teams (as in a league)"
                    ]
                  ]
                }
              }
            ]
          ],
          [
            [
              "sense",
              {
                "sn": "3",
                "dt": [
                  [
                    "text",
                    "{bc}maintenance of position or condition {bc}{sx|duration||} "
                  ],
                  [
                    "vis",
                    [
                      {
                        "t": "a custom of long {wi}standing{/wi}"
                      }
                    ]
                  ]
                ]
              }
            ]
          ]
        ]
      }
    ],
    "date": "15th century{ds||1|a|}",
    "shortdef": [
      "a place to stand in : location",
      "a position from which one may assert or enforce legal rights and duties",
      "length of service or experience especially as determining rank, pay, or privilege"
    ]
  },
  {
    "meta": {
      "id": "stand:1",
      "uuid": "8f2bd404-492d-4371-a3a8-440000122f71",
      "sort": "194744700",
      "src": "collegiate",
      "section": "alpha",
      "stems": [
        "stand",
        "stand a chance",
        "stand for",
        "stand on",
        "stand on her own feet",
        "stand on his own feet",
        "stand on its own feet",
        "stand on my own feet",
        "stand on one's own feet",
        "stand on our own feet",
        "stand on their own feet",
        "stand on your own feet",
        "stand one's ground",
        "stand tall",
        "stand treat",
        "stander",
        "standers",
        "standing",
        "standing a chance",
        "standing for",
        "standing n its own feet",
        "standing on",
        "standing on her own feet",
        "standing on his own feet",
        "standing on my own feet",
        "standing on our own feet",
        "standing on their own feet",
        "standing on your own feet",
        "standing tall",
        "standing treat",
        "stands",
        "stands a chance",
        "stands for",
        "stands on",
        "stands on her own feet",
        "stands on his own feet",
        "stands on its own feet",
        "stands tall",
        "stands treat",
        "stood",
        "stood a chance",
        "stood for",
        "stood on",
        "stood on her own feet",
        "stood on his own feet",
        "stood on its own feet",
        "stood on my own feet",
        "stood on our own feet",
        "stood on their own feet",
        "stood on your own feet",
        "stood tall",
        "stood treat"
      ],
      "offensive": false
    },
    "hom": 1,
    "hwi": {
      "hw": "stand",
      "prs": [
        {
          "mw": "\u02c8stand",
          "sound": {
            "audio": "stand001",
            "ref": "c",
            "stat": "1"
          }
        }
      ]
    },
    "fl": "verb",
    "ins": [
      {
        "if": "stood",
        "prs": [
          {
            "mw": "\u02c8stu\u0307d",
            "sound": {
              "audio": "stand002",
              "ref": "c",
              "stat": "1"
            }
          }
        ]
      },
      {
        "if": "stand*ing"
      }
    ],
    "def": [
      {
        "vd": "intransitive verb",
        "sseq": [
          [
            [
              "sense",
              {
                "sn": "1 a",
                "dt": [
                  [
                    "text",
                    "{bc}to support oneself on the feet in an erect position"
                  ]
                ]
              }
            ],
            [
              "sense",
              {
                "sn": "b",
                "dt": [
                  [
                    "text",
                    "{bc}to be a specified height when fully erect "
                  ],
                  [
                    "vis",
                    [
                      {
                        "t": "{wi}stands{/wi} six feet two"
                      }
                    ]
                  ]
                ]
              }
            ],
            [
              "sense",
              {
                "sn": "c",
                "dt": [
                  [
                    "text",
                    "{bc}to rise to an erect position"
                  ]
                ]
              }
            ]
          ],
          [
            [
              "sense",
              {
                "sn": "2 a",
                "dt": [
                  [
                    "text",
                    "{bc}to take up or maintain a specified position or posture "
                  ],
                  [
                    "vis",
                    [
                      {
                        "t": "{wi}stand{/wi} aside"
                      },
                      {
                        "t": "can you {wi}stand{/wi} on your head"
                      }
                    ]
                  ]
                ]
              }
            ],
            [
              "sense",
              {
                "sn": "b",
                "dt": [
                  [
                    "text",
                    "{bc}to maintain one's position "
                  ],
                  [
                    "vis",
                    [
                      {
                        "t": "{wi}stand{/wi} firm"
                      }
                    ]
                  ]
                ]
              }
            ]
          ],
          [
            [
              "sense",
              {
                "sn": "3",
                "dt": [
                  [
                    "text",
                    "{bc}to be in a particular state or situation "
                  ],
                  [
                    "vis",
                    [
                      {
                        "t": "{wi}stands{/wi} accused"
                      }
                    ]
                  ]
                ]
              }
            ]
          ],
          [
            [
              "sense",
              {
                "sn": "4",
                "dt": [
                  [
                    "text",
                    "{bc}to hold a course at sea"
                  ]
                ]
              }
            ]
          ],
          [
            [
              "sense",
              {
                "sn": "5",
                "sls": [
                  "obsolete"
                ],
                "dt": [
                  [
                    "text",
                    "{bc}{sx|hesitate||}"
                  ]
                ]
              }
            ]
          ],
          [
            [
              "sense",
              {
                "sn": "6 a",
                "dt": [
                  [
                    "text",
                    "{bc}to have or maintain a relative position in or as if in a graded scale "
                  ],
                  [
                    "vis",
                    [
                      {
                        "t": "{wi}stands{/wi} first in the class"
                      }
                    ]
                  ]
                ]
              }
            ],
            [
              "sense",
              {
                "sn": "b",
                "dt": [
                  [
                    "text",
                    "{bc}to be in a position to gain or lose because of an action taken or a commitment made "
                  ],
                  [
                    "vis",
                    [
                      {
                        "t": "{wi}stands{/wi} to make quite a profit"
                      }
                    ]
                  ]
                ]
              }
            ]
          ],
          [
            [
              "sense",
              {
                "sn": "7",
                "sls": [
                  "chiefly British"
                ],
                "dt": [
                  [
                    "text",
                    "{bc}to be a candidate {bc}{sx|run||}"
                  ]
                ]
              }
            ]
          ],
          [
            [
              "sense",
              {
                "sn": "8 a",
                "dt": [
                  [
                    "text",
                    "{bc}to rest or remain upright on a base or lower end "
                  ],
                  [
                    "vis",
                    [
                      {
                        "t": "a clock {it}stood{/it} on the mantle"
                      }
                    ]
                  ]
                ]
              }
            ],
            [
              "sense",
              {
                "sn": "b",
                "dt": [
                  [
                    "text",
                    "{bc}to occupy a place or location "
                  ],
                  [
                    "vis",
                    [
                      {
                        "t": "the house {wi}stands{/wi} on a knoll"
                      }
                    ]
                  ]
                ]
              }
            ]
          ],
          [
            [
              "sense",
              {
                "sn": "9 a",
                "dt": [
                  [
                    "text",
                    "{bc}to remain stationary or inactive "
                  ],
                  [
                    "vis",
                    [
                      {
                        "t": "the car {it}stood{/it} in the garage for a week"
                      }
                    ]
                  ]
                ]
              }
            ],
            [
              "sense",
              {
                "sn": "b",
                "dt": [
                  [
                    "text",
                    "{bc}to gather slowly and remain "
                  ],
                  [
                    "vis",
                    [
                      {
                        "t": "tears {wi}standing{/wi} in her eyes"
                      }
                    ]
                  ]
                ]
              }
            ]
          ],
          [
            [
              "sense",
              {
                "sn": "10",
                "dt": [
                  [
                    "text",
                    "{bc}{sx|agree||}, {sx|accord||} "
                  ],
                  [
                    "uns",
                    [
                      [
                        [
                          "text",
                          "used chiefly in the expression {it}it stands to reason{/it}"
                        ]
                      ]
                    ]
                  ]
                ]
              }
            ]
          ],
          [
            [
              "sense",
              {
                "sn": "11 a",
                "dt": [
                  [
                    "text",
                    "{bc}to exist in a definite written or printed form "
                  ],
                  [
                    "vis",
                    [
                      {
                        "t": "copy a passage exactly as it {wi}stands{/wi}"
                      }
                    ]
                  ]
                ]
              }
            ],
            [
              "sense",
              {
                "sn": "b",
                "dt": [
                  [
                    "text",
                    "{bc}to remain valid or efficacious "
                  ],
                  [
                    "vis",
                    [
                      {
                        "t": "the order given last week still {wi}stands{/wi}"
                      }
                    ]
                  ]
                ]
              }
            ]
          ],
          [
            [
              "sense",
              {
                "sn": "12",
                "sls": [
                  "of a male animal"
                ],
                "dt": [
                  [
                    "text",
                    "{bc}to be available as a sire "
                  ],
                  [
                    "uns",
                    [
                      [
                        [
                          "text",
                          "used especially of horses"
                        ]
                      ]
                    ]
                  ]
                ]
              }
            ]
          ],
          [
            [
              "sense",
              {
                "sn": "13",
                "dt": [
                  [
                    "text",
                    "{bc}to refuse additional cards (as in blackjack)"
                  ]
                ]
              }
            ]
          ]
        ]
      },
      {
        "vd": "transitive verb",
        "sseq": [
          [
            [
              "sense",
              {
                "sn": "1 a",
                "dt": [
                  [
                    "text",
                    "{bc}to endure or undergo successfully "
                  ],
                  [
                    "vis",
                    [
                      {
                        "t": "this book will {wi}stand{/wi} the test of time"
                      }
                    ]
                  ]
                ]
              }
            ],
            [
              "sense",
              {
                "sn": "b",
                "dt": [
                  [
                    "text",
                    "{bc}to tolerate without flinching {bc}bear courageously "
                  ],
                  [
                    "vis",
                    [
                      {
                        "t": "{wi}stands{/wi} pain well"
                      }
                    ]
                  ]
                ]
              }
            ],
            [
              "sense",
              {
                "sn": "c",
                "dt": [
                  [
                    "text",
                    "{bc}to endure the presence or personality of "
                  ],
                  [
                    "vis",
                    [
                      {
                        "t": "can't {wi}stand{/wi} the boss"
                      }
                    ]
                  ]
                ]
              }
            ],
            [
              "sense",
              {
                "sn": "d",
                "dt": [
                  [
                    "text",
                    "{bc}to derive benefit or enjoyment from "
                  ],
                  [
                    "vis",
                    [
                      {
                        "t": "you look like you could {wi}stand{/wi} a drink"
                      }
                    ]
                  ]
                ]
              }
            ]
          ],
          [
            [
              "sense",
              {
                "sn": "2",
                "dt": [
                  [
                    "text",
                    "{bc}to remain firm in the face of "
                  ],
                  [
                    "vis",
                    [
                      {
                        "t": "{wi}stand{/wi} a siege"
                      }
                    ]
                  ]
                ]
              }
            ]
          ],
          [
            [
              "sense",
              {
                "sn": "3",
                "dt": [
                  [
                    "text",
                    "{bc}to submit to "
                  ],
                  [
                    "vis",
                    [
                      {
                        "t": "{wi}stand{/wi} trial"
                      }
                    ]
                  ]
                ]
              }
            ]
          ],
          [
            [
              "sense",
              {
                "sn": "4 a",
                "dt": [
                  [
                    "text",
                    "{bc}to perform the duty of "
                  ],
                  [
                    "vis",
                    [
                      {
                        "t": "{wi}stand{/wi} guard"
                      }
                    ]
                  ]
                ]
              }
            ],
            [
              "sense",
              {
                "sn": "b",
                "dt": [
                  [
                    "text",
                    "{bc}to participate in (a military formation)"
                  ]
                ]
              }
            ]
          ],
          [
            [
              "sense",
              {
                "sn": "5",
                "dt": [
                  [
                    "text",
                    "{bc}to pay the cost of (a treat) {bc}pay for "
                  ],
                  [
                    "vis",
                    [
                      {
                        "t": "I'll {wi}stand{/wi} you a dinner"
                      },
                      {
                        "t": "{wi}stand{/wi} drinks"
                      }
                    ]
                  ]
                ]
              }
            ]
          ],
          [
            [
              "sense",
              {
                "sn": "6",
                "dt": [
                  [
                    "text",
                    "{bc}to cause to stand {bc}set upright"
                  ]
                ]
              }
            ]
          ],
          [
            [
              "sense",
              {
                "sn": "7",
                "dt": [
                  [
                    "text",
                    "{bc}to make available for breeding "
                  ],
                  [
                    "vis",
                    [
                      {
                        "t": "{wi}stand{/wi} a stallion"
                      }
                    ]
                  ]
                ]
              }
            ]
          ]
        ]
      }
    ],
    "uros": [
      {
        "ure": "stand*er",
        "fl": "noun"
      }
    ],
    "dros": [
      {
        "drp": "stand a chance",
        "def": [
          {
            "sseq": [
              [
                [
                  "sense",
                  {
                    "dt": [
                      [
                        "text",
                        "{bc}to have a chance"
                      ]
                    ]
                  }
                ]
              ]
            ]
          }
        ]
      },
      {
        "drp": "stand for",
        "def": [
          {
            "sseq": [
              [
                [
                  "sense",
                  {
                    "sn": "1",
                    "dt": [
                      [
                        "text",
                        "{bc}to be a symbol for {bc}{sx|represent||}"
                      ]
                    ]
                  }
                ]
              ],
              [
                [
                  "sense",
                  {
                    "sn": "2",
                    "dt": [
                      [
                        "text",
                        "{bc}to put up with {bc}{sx|permit||}"
                      ]
                    ]
                  }
                ]
              ]
            ]
          }
        ]
      },
      {
        "drp": "stand on",
        "def": [
          {
            "sseq": [
              [
                [
                  "sense",
                  {
                    "sn": "1",
                    "dt": [
                      [
                        "text",
                        "{bc}to depend on"
                      ]
                    ]
                  }
                ]
              ],
              [
                [
                  "sense",
                  {
                    "sn": "2",
                    "dt": [
                      [
                        "text",
                        "{bc}to insist on "
                      ],
                      [
                        "vis",
                        [
                          {
                            "t": "never {it}stands on{/it} ceremony"
                          }
                        ]
                      ]
                    ]
                  }
                ]
              ]
            ]
          }
        ]
      },
      {
        "drp": "stand one's ground",
        "def": [
          {
            "sseq": [
              [
                [
                  "sense",
                  {
                    "dt": [
                      [
                        "text",
                        "{bc}to maintain one's position"
                      ]
                    ]
                  }
                ]
              ]
            ]
          }
        ]
      },
      {
        "drp": "stand on one's own feet",
        "def": [
          {
            "sseq": [
              [
                [
                  "sense",
                  {
                    "dt": [
                      [
                        "text",
                        "{bc}to think or act independently"
                      ]
                    ]
                  }
                ]
              ]
            ]
          }
        ]
      },
      {
        "drp": "stand tall",
        "def": [
          {
            "sseq": [
              [
                [
                  "sense",
                  {
                    "dt": [
                      [
                        "text",
                        "{bc}to exhibit courage, strength, or calm especially in the face of adversity"
                      ]
                    ]
                  }
                ]
              ]
            ]
          }
        ]
      },
      {
        "drp": "stand treat",
        "def": [
          {
            "sseq": [
              [
                [
                  "sense",
                  {
                    "dt": [
                      [
                        "text",
                        "{bc}to pay the cost of food, drink, or entertainment for others in a group"
                      ]
                    ]
                  }
                ]
              ]
            ]
          }
        ]
      }
    ],
    "syns": [
      {
        "pl": "synonyms",
        "pt": [
          [
            "text",
            "{sc}bear{/sc} {sc}suffer{/sc} {sc}endure{/sc} {sc}abide{/sc} {sc}tolerate{/sc} {sc}stand{/sc} mean to put up with something trying or painful. {sc}bear{/sc} usually implies the power to sustain without flinching or breaking. "
          ],
          [
            "vis",
            [
              {
                "t": "forced to {it}bear{/it} a tragic loss"
              }
            ]
          ],
          [
            "text",
            " {sc}suffer{/sc} often suggests acceptance or passivity rather than courage or patience in bearing. "
          ],
          [
            "vis",
            [
              {
                "t": "{it}suffering{/it} many insults"
              }
            ]
          ],
          [
            "text",
            " {sc}endure{/sc} implies continuing firm or resolute through trials and difficulties. "
          ],
          [
            "vis",
            [
              {
                "t": "{it}endured{/it} years of rejection"
              }
            ]
          ],
          [
            "text",
            " {sc}abide{/sc} suggests acceptance without resistance or protest. "
          ],
          [
            "vis",
            [
              {
                "t": "cannot {it}abide{/it} their rudeness"
              }
            ]
          ],
          [
            "text",
            " {sc}tolerate{/sc} suggests overcoming or successfully controlling an impulse to resist, avoid, or resent something injurious or distasteful. "
          ],
          [
            "vis",
            [
              {
                "t": "refused to {it}tolerate{/it} such treatment"
              }
            ]
          ],
          [
            "text",
            " {sc}stand{/sc} emphasizes even more strongly the ability to bear without discomposure or flinching. "
          ],
          [
            "vis",
            [
              {
                "t": "unable to {it}stand{/it} teasing"
              }
            ]
          ]
        ]
      }
    ],
    "et": [
      [
        "text",
        "Middle English, from Old English {it}standan{/it}; akin to Old High German {it}stantan, st\u0101n{/it} to stand, Latin {it}stare{/it}, Greek {it}histanai{/it} to cause to stand, set, {it}histasthai{/it} to stand, be standing"
      ]
    ],
    "date": "before 12th century{ds|i|1|a|}",
    "shortdef": [
      "to support oneself on the feet in an erect position",
      "to be a specified height when fully erect",
      "to rise to an erect position"
    ]
  },
  {
    "meta": {
      "id": "standing army",
      "uuid": "f7458b96-4bf1-41ad-9ab1-790009dae19b",
      "sort": "194748000",
      "src": "collegiate",
      "section": "alpha",
      "stems": [
        "standing armies",
        "standing army"
      ],
      "offensive": false
    },
    "hwi": {
      "hw": "standing army"
    },
    "fl": "noun",
    "def": [
      {
        "sseq": [
          [
            [
              "sense",
              {
                "dt": [
                  [
                    "text",
                    "{bc}a permanent army of paid soldiers"
                  ]
                ]
              }
            ]
          ]
        ]
      }
    ],
    "date": "1603",
    "shortdef": [
      "a permanent army of paid soldiers"
    ]
  },
  {
    "meta": {
      "id": "standing committee",
      "uuid": "a74ef491-713f-419c-b01b-2f0a15816e58",
      "sort": "194748100",
      "src": "collegiate",
      "section": "alpha",
      "stems": [
        "standing committee",
        "standing committees"
      ],
      "offensive": false
    },
    "hwi": {
      "hw": "standing committee"
    },
    "fl": "noun",
    "def": [
      {
        "sseq": [
          [
            [
              "sense",
              {
                "dt": [
                  [
                    "text",
                    "{bc}a permanent committee especially of a legislative body"
                  ]
                ]
              }
            ]
          ]
        ]
      }
    ],
    "date": "circa 1636",
    "shortdef": [
      "a permanent committee especially of a legislative body"
    ]
  },
  {
    "meta": {
      "id": "standing crop",
      "uuid": "c804d0fe-0b46-4a26-8079-13e2649d67ae",
      "sort": "194748200",
      "src": "collegiate",
      "section": "alpha",
      "stems": [
        "standing crop",
        "standing crops"
      ],
      "offensive": false
    },
    "hwi": {
      "hw": "standing crop"
    },
    "fl": "noun",
    "def": [
      {
        "sseq": [
          [
            [
              "sense",
              {
                "dt": [
                  [
                    "text",
                    "{bc}the total amount or number of living things or of one kind of living thing (such as an uncut farm crop, the fish in a pond, or organisms in an ecosystem) in a particular area at any given time"
                  ]
                ]
              }
            ]
          ]
        ]
      }
    ],
    "date": "1861",
    "shortdef": [
      "the total amount or number of living things or of one kind of living thing (such as an uncut farm crop, the fish in a pond, or organisms in an ecosystem) in a particular area at any given time"
    ]
  },
  {
    "meta": {
      "id": "standing O",
      "uuid": "1ff0a3e9-6dfd-4bf4-a13f-e725e3f891d5",
      "sort": "194748300",
      "src": "collegiate",
      "section": "alpha",
      "stems": [
        "standing O"
      ],
      "offensive": false
    },
    "hwi": {
      "hw": "stand*ing O",
      "prs": [
        {
          "mw": "\u02c8stan-di\u014b-\u02c8\u014d",
          "sound": {
            "audio": "standi03",
            "ref": "c",
            "stat": "1"
          }
        }
      ]
    },
    "fl": "noun",
    "def": [
      {
        "sseq": [
          [
            [
              "sense",
              {
                "dt": [
                  [
                    "text",
                    "{bc}a standing ovation"
                  ]
                ]
              }
            ]
          ]
        ]
      }
    ],
    "et": [
      [
        "text",
        "{it}o{/it}vation"
      ]
    ],
    "date": "1975",
    "shortdef": [
      "a standing ovation"
    ]
  },
  {
    "meta": {
      "id": "standing order",
      "uuid": "4a515da8-5f96-4d41-bcbe-1579da7ec2a0",
      "sort": "194748400",
      "src": "collegiate",
      "section": "alpha",
      "stems": [
        "standing order",
        "standing orders"
      ],
      "offensive": false
    },
    "hwi": {
      "hw": "standing order"
    },
    "fl": "noun",
    "def": [
      {
        "sseq": [
          [
            [
              "sense",
              {
                "dt": [
                  [
                    "text",
                    "{bc}an instruction or prescribed procedure in force permanently or until changed or canceled"
                  ]
                ],
                "sdsense": {
                  "sd": "especially",
                  "dt": [
                    [
                      "text",
                      "{bc}any of the rules for the guidance and government of parliamentary procedure which endure through successive sessions until vacated or repealed"
                    ]
                  ]
                }
              }
            ]
          ]
        ]
      }
    ],
    "date": "1702",
    "shortdef": [
      "an instruction or prescribed procedure in force permanently or until changed or canceled; especially : any of the rules for the guidance and government of parliamentary procedure which endure through successive sessions until vacated or repealed"
    ]
  },
  {
    "meta": {
      "id": "standing room",
      "uuid": "bb9d4014-aece-416a-aca7-5e91cf69699c",
      "sort": "194748500",
      "src": "collegiate",
      "section": "alpha",
      "stems": [
        "standing room",
        "standing rooms"
      ],
      "offensive": false
    },
    "hwi": {
      "hw": "standing room"
    },
    "fl": "noun",
    "def": [
      {
        "sseq": [
          [
            [
              "sense",
              {
                "dt": [
                  [
                    "text",
                    "{bc}space for standing"
                  ]
                ],
                "sdsense": {
                  "sd": "especially",
                  "dt": [
                    [
                      "text",
                      "{bc}accommodation available for spectators or passengers after all seats are filled"
                    ]
                  ]
                }
              }
            ]
          ]
        ]
      }
    ],
    "date": "1603",
    "shortdef": [
      "space for standing; especially : accommodation available for spectators or passengers after all seats are filled"
    ]
  },
  {
    "meta": {
      "id": "standing wave",
      "uuid": "8b286f82-1750-4abd-a251-c3fa6a026229",
      "sort": "194748600",
      "src": "collegiate",
      "section": "alpha",
      "stems": [
        "standing wave",
        "standing waves"
      ],
      "offensive": false
    },
    "hwi": {
      "hw": "standing wave"
    },
    "fl": "noun",
    "def": [
      {
        "sseq": [
          [
            [
              "sense",
              {
                "dt": [
                  [
                    "text",
                    "{bc}a single-frequency mode of vibration of a body or physical system in which the amplitude varies from place to place, is constantly zero at fixed points, and has maxima at other points"
                  ]
                ]
              }
            ]
          ]
        ]
      }
    ],
    "date": "1896",
    "shortdef": [
      "a single-frequency mode of vibration of a body or physical system in which the amplitude varies from place to place, is constantly zero at fixed points, and has maxima at other points"
    ]
  }
]