[
  {
    "meta": {
      "id": "state:1",
      "uuid": "c4f323f1-e76a-41e7-ba44-23a3ce307c2c",
      "sort": "194761300",
      "src": "collegiate",
      "section": "alpha",
      "stems": [
        "States",
        "state",
        "states"
      ],
      "offensive": false
    },
    "hom": 1,
    "hwi": {
      "hw": "state",
      "prs": [
        {
          "mw": "\u02c8st\u0101t",
          "sound": {
            "audio": "state001",
            "ref": "c",
            "stat": "1"
          }
        }
      ]
    },
    "fl": "noun",
    "lbs": [
      "often attributive"
    ],
    "def": [
      {
        "sseq": [
          [
            [
              "sense",
              {
                "sn": "1 a",
                "dt": [
                  [
                    "text",
                    "{bc}mode or condition of being "
                  ],
                  [
                    "vis",
                    [
                      {
                        "t": "a {wi}state{/wi} of readiness"
                      }
                    ]
                  ]
                ]
              }
            ],
            [
              "pseq",
              [
                [
                  "sense",
                  {
                    "sn": "b (1)",
                    "dt": [
                      [
                        "text",
                        "{bc}condition of mind or temperament "
                      ],
                      [
                        "vis",
                        [
                          {
                            "t": "in a highly nervous {wi}state{/wi}"
                          }
                        ]
                      ]
                    ]
                  }
                ],
                [
                  "sense",
                  {
                    "sn": "(2)",
                    "dt": [
                      [
                        "text",
                        "{bc}a condition of abnormal tension or excitement"
                      ]
                    ]
                  }
                ]
              ]
            ]
          ],
          [
            [
              "sense",
              {
                "sn": "2 a",
                "dt": [
                  [
                    "text",
                    "{bc}a condition or stage in the physical being of something "
                  ],
                  [
                    "vis",
                    [
                      {
                        "t": "insects in the larval {wi}state{/wi}"
                      },
                      {
                        "t": "the gaseous {wi}state{/wi} of water"
                      }
                    ]
                  ]
                ]
              }
            ],
            [
              "sense",
              {
                "sn": "b",
                "dt": [
                  [
                    "text",
                    "{bc}any of various conditions characterized by definite quantities (as of energy, angular momentum, or magnetic moment) in which an atomic system may exist"
                  ]
                ]
              }
            ]
          ],
          [
            [
              "sense",
              {
                "sn": "3 a",
                "dt": [
                  [
                    "text",
                    "{bc}social position"
                  ]
                ],
                "sdsense": {
                  "sd": "especially",
                  "dt": [
                    [
                      "text",
                      "{bc}high rank"
                    ]
                  ]
                }
              }
            ],
            [
              "pseq",
              [
                [
                  "sense",
                  {
                    "sn": "b (1)",
                    "dt": [
                      [
                        "text",
                        "{bc}elaborate or luxurious style of living"
                      ]
                    ]
                  }
                ],
                [
                  "sense",
                  {
                    "sn": "(2)",
                    "dt": [
                      [
                        "text",
                        "{bc}formal dignity {bc}{sx|pomp||} "
                      ],
                      [
                        "uns",
                        [
                          [
                            [
                              "text",
                              "usually used with {it}in{/it}"
                            ]
                          ]
                        ]
                      ]
                    ]
                  }
                ]
              ]
            ]
          ],
          [
            [
              "sense",
              {
                "sn": "4 a",
                "dt": [
                  [
                    "text",
                    "{bc}a body of persons constituting a special class in a society {bc}{sx|estate||3}"
                  ]
                ]
              }
            ],
            [
              "sense",
              {
                "sn": "b",
                "ins": [
                  {
                    "if": "states",
                    "spl": "plural"
                  }
                ],
                "dt": [
                  [
                    "text",
                    "{bc}the members or representatives of the governing classes assembled in a legislative body"
                  ]
                ]
              }
            ],
            [
              "sense",
              {
                "sn": "c",
                "sls": [
                  "obsolete"
                ],
                "dt": [
                  [
                    "text",
                    "{bc}a person of high rank (as a noble)"
                  ]
                ]
              }
            ]
          ],
          [
            [
              "sense",
              {
                "sn": "5 a",
                "dt": [
                  [
                    "text",
                    "{bc}a politically organized body of people usually occupying a definite territory"
                  ]
                ],
                "sdsense": {
                  "sd": "especially",
                  "dt": [
                    [
                      "text",
                      "{bc}one that is sovereign"
                    ]
                  ]
                }
              }
            ],
            [
              "sense",
              {
                "sn": "b",
                "dt": [
                  [
                    "text",
                    "{bc}the political organization of such a body of people"
                  ]
                ]
              }
            ],
            [
              "sense",
              {
                "sn": "c",
                "dt": [
                  [
                    "text",
                    "{bc}a government or politically organized society having a particular character "
                  ],
                  [
                    "vis",
                    [
                      {
                        "t": "a police {wi}state{/wi}"
                      },
                      {
                        "t": "the welfare {wi}state{/wi}"
                      }
                    ]
                  ]
                ]
              }
            ]
          ],
          [
            [
              "sense",
              {
                "sn": "6",
                "dt": [
                  [
                    "text",
                    "{bc}the operations or concerns of the government of a country"
                  ]
                ]
              }
            ]
          ],
          [
            [
              "sense",
              {
                "sn": "7 a",
                "dt": [
                  [
                    "text",
                    "{bc}one of the constituent units of a nation having a federal government "
                  ],
                  [
                    "vis",
                    [
                      {
                        "t": "the fifty {wi}states{/wi}"
                      }
                    ]
                  ]
                ]
              }
            ],
            [
              "sense",
              {
                "sn": "b",
                "ins": [
                  {
                    "if": "States",
                    "spl": "plural"
                  }
                ],
                "dt": [
                  [
                    "text",
                    "{bc}The United States of America"
                  ]
                ]
              }
            ]
          ],
          [
            [
              "sense",
              {
                "sn": "8",
                "dt": [
                  [
                    "text",
                    "{bc}the territory of a state"
                  ]
                ]
              }
            ]
          ]
        ]
      }
    ],
    "et": [
      [
        "text",
        "Middle English {it}stat{/it}, from Anglo-French & Latin; Anglo-French {it}estat{/it}, from Latin {it}status{/it}, from {it}stare{/it} to stand {ma}{mat|stand|}{/ma}"
      ]
    ],
    "date": "13th century{ds||1|a|}",
    "shortdef": [
      "mode or condition of being",
      "condition of mind or temperament",
      "a condition of abnormal tension or excitement"
    ]
  },
  {
    "meta": {
      "id": "state:2",
      "uuid": "5f2254a9-dcfd-4d76-9036-894bb3c8be53",
      "sort": "194761400",
      "src": "collegiate",
      "section": "alpha",
      "stems": [
        "statable",
        "state",
        "stateable",
        "stated",
        "states",
        "stating"
      ],
      "offensive": false
    },
    "hom": 2,
    "hwi": {
      "hw": "state"
    },
    "fl": "verb",
    "ins": [
      {
        "if": "stat*ed"
      },
      {
        "if": "stat*ing"
      }
    ],
    "def": [
      {
        "vd": "transitive verb",
        "sseq": [
          [
            [
              "sense",
              {
                "sn": "1",
                "dt": [
                  [
                    "text",
                    "{bc}to set by regulation or authority"
                  ]
                ]
              }
            ]
          ],
          [
            [
              "sense",
              {
                "sn": "2",
                "dt": [
                  [
                    "text",
                    "{bc}to express the particulars of especially in words {bc}{sx|report||}"
                  ]
                ],
                "sdsense": {
                  "sd": "broadly",
                  "dt": [
                    [
                      "text",
                      "{bc}to express in words"
                    ]
                  ]
                }
              }
            ]
          ]
        ]
      }
    ],
    "uros": [
      {
        "ure": "stat*able",
        "vrs": [
          {
            "vl": "or",
            "va": "state*able",
            "prs": [
              {
                "mw": "\u02c8st\u0101-t\u0259-b\u0259l",
                "sound": {
                  "audio": "state002",
                  "ref": "c",
                  "stat": "1"
                }
              }
            ]
          }
        ],
        "fl": "adjective"
      }
    ],
    "date": "1647{ds||1||}",
    "shortdef": [
      "to set by regulation or authority",
      "to express the particulars of especially in words : report; broadly : to express in words"
    ]
  },
  {
    "meta": {
      "id": "state aid",
      "uuid": "bfff3e12-05b6-4f58-aaff-5041f676669a",
      "sort": "194761500",
      "src": "collegiate",
      "section": "alpha",
      "stems": [
        "state aid",
        "state aids"
      ],
      "offensive": false
    },
    "hwi": {
      "hw": "state aid"
    },
    "fl": "noun",
    "def": [
      {
        "sseq": [
          [
            [
              "sense",
              {
                "dt": [
                  [
                    "text",
                    "{bc}public monies appropriated by a state government for the partial support or improvement of a public local institution"
                  ]
                ]
              }
            ]
          ]
        ]
      }
    ],
    "date": "1855",
    "shortdef": [
      "public monies appropriated by a state government for the partial support or improvement of a public local institution"
    ]
  },
  {
    "meta": {
      "id": "state bank",
      "uuid": "1683be8a-a194-4fe0-9575-648902796ca7",
      "sort": "194761600",
      "src": "collegiate",
      "section": "alpha",
      "stems": [
        "state bank",
        "state banks"
      ],
      "offensive": false
    },
    "hwi": {
      "hw": "state bank"
    },
    "fl": "noun",
    "def": [
      {
        "sseq": [
          [
            [
              "sense",
              {
                "sn": "1",
                "dt": [
                  [
                    "text",
                    "{bc}{sx|central bank||}"
                  ]
                ]
              }
            ]
          ],
          [
            [
              "sense",
              {
                "sn": "2",
                "dt": [
                  [
                    "text",
                    "{bc}a bank chartered by and operating under the laws of a state of the U.S."
                  ]
                ]
              }
            ]
          ]
        ]
      }
    ],
    "date": "1702{ds||1||}",
    "shortdef": [
      "central bank",
      "a bank chartered by and operating under the laws of a state of the U.S."
    ]
  },
  {
    "meta": {
      "id": "state bird",
      "uuid": "8795bb25-7e57-4f9d-a9e4-18173aca4df1",
      "sort": "194761700",
      "src": "collegiate",
      "section": "alpha",
      "stems": [
        "state bird",
        "state birds"
      ],
      "offensive": false
    },
    "hwi": {
      "hw": "state bird"
    },
    "fl": "noun",
    "def": [
      {
        "sseq": [
          [
            [
              "sense",
              {
                "dt": [
                  [
                    "text",
                    "{bc}a bird selected (as by the legislature) as an emblem of a state of the U.S."
                  ]
                ]
              }
            ]
          ]
        ]
      }
    ],
    "date": "1910",
    "shortdef": [
      "a bird selected (as by the legislature) as an emblem of a state of the U.S."
    ]
  },
  {
    "meta": {
      "id": "state capitalism",
      "uuid": "dc2edf7a-0927-408f-9985-83596f81cc69",
      "sort": "194761800",
      "src": "collegiate",
      "section": "alpha",
      "stems": [
        "state capitalism",
        "state capitalisms"
      ],
      "offensive": false
    },
    "hwi": {
      "hw": "state capitalism"
    },
    "fl": "noun",
    "def": [
      {
        "sseq": [
          [
            [
              "sense",
              {
                "dt": [
                  [
                    "text",
                    "{bc}an economic system in which private capitalism is modified by a varying degree of government ownership and control"
                  ]
                ]
              }
            ]
          ]
        ]
      }
    ],
    "date": "circa 1886",
    "shortdef": [
      "an economic system in which private capitalism is modified by a varying degree of government ownership and control"
    ]
  },
  {
    "meta": {
      "id": "state church",
      "uuid": "abda2686-2c6e-4b04-8366-296bc3049e6c",
      "sort": "194761900",
      "src": "collegiate",
      "section": "alpha",
      "stems": [
        "state church",
        "state churches"
      ],
      "offensive": false
    },
    "hwi": {
      "hw": "state church"
    },
    "fl": "noun",
    "lbs": [
      "often capitalized S&C"
    ],
    "def": [
      {
        "sseq": [
          [
            [
              "sense",
              {
                "dt": [
                  [
                    "text",
                    "{bc}{sx|established church||}"
                  ]
                ]
              }
            ]
          ]
        ]
      }
    ],
    "date": "1644",
    "shortdef": [
      "established church"
    ]
  },
  {
    "meta": {
      "id": "state college",
      "uuid": "d0b032e0-4618-4ddb-82fa-fa9de3939814",
      "sort": "194762000",
      "src": "collegiate",
      "section": "alpha",
      "stems": [
        "state college",
        "state colleges"
      ],
      "offensive": false
    },
    "hwi": {
      "hw": "state college"
    },
    "fl": "noun",
    "def": [
      {
        "sseq": [
          [
            [
              "sense",
              {
                "dt": [
                  [
                    "text",
                    "{bc}a college that is financially supported by a state government, often specializes in a branch of technical or professional education, and often forms part of the state university"
                  ]
                ]
              }
            ]
          ]
        ]
      }
    ],
    "date": "1806",
    "shortdef": [
      "a college that is financially supported by a state government, often specializes in a branch of technical or professional education, and often forms part of the state university"
    ]
  },
  {
    "meta": {
      "id": "state flower",
      "uuid": "5d23c61f-8368-4b7d-bee9-6179bdf1abbe",
      "sort": "194762400",
      "src": "collegiate",
      "section": "alpha",
      "stems": [
        "state flower",
        "state flowers"
      ],
      "offensive": false
    },
    "hwi": {
      "hw": "state flower"
    },
    "fl": "noun",
    "def": [
      {
        "sseq": [
          [
            [
              "sense",
              {
                "dt": [
                  [
                    "text",
                    "{bc}a flowering plant selected (as by the legislature) as an emblem of a state of the U.S."
                  ]
                ]
              }
            ]
          ]
        ]
      }
    ],
    "date": "1898",
    "shortdef": [
      "a flowering plant selected (as by the legislature) as an emblem of a state of the U.S."
    ]
  },
  {
    "meta": {
      "id": "state of the art",
      "uuid": "2d2fcc07-7e3d-45ea-be75-6fd39fe4e4f1",
      "sort": "194763000",
      "src": "collegiate",
      "section": "alpha",
      "stems": [
        "state of the art",
        "state-of-the-art"
      ],
      "offensive": false
    },
    "hwi": {
      "hw": "state of the art"
    },
    "fl": "noun phrase",
    "def": [
      {
        "sseq": [
          [
            [
              "sense",
              {
                "dt": [
                  [
                    "text",
                    "{bc}the level of development (as of a device, procedure, process, technique, or science) reached at any particular time usually as a result of modern methods"
                  ]
                ]
              }
            ]
          ]
        ]
      }
    ],
    "uros": [
      {
        "ure": "state-of-the-art",
        "prs": [
          {
            "mw": "\u02c8st\u0101t-\u0259v-\u1e6fh\u0331\u0113-\u02c8\u00e4rt",
            "sound": {
              "audio": "state-of-the-ar_1",
              "ref": "u",
              "stat": "1"
            }
          }
        ],
        "fl": "adjective"
      }
    ],
    "date": "1910",
    "shortdef": [
      "the level of development (as of a device, procedure, process, technique, or science) reached at any particular time usually as a result of modern methods"
    ]
  }
]