[
  {
    "meta": {
      "id": "sublimate:1",
      "uuid": "d32a1bf1-bcbe-4499-b3d4-330ba6931886",
      "sort": "194897000",
      "src": "collegiate",
      "section": "alpha",
      "stems": [
        "sublimate",
        "sublimated",
        "sublimates",
        "sublimating",
        "sublimation",
        "sublimations"
      ],
      "offensive": false
    },
    "hom": 1,
    "hwi": {
      "hw": "sub*li*mate",
      "prs": [
        {
          "mw": "\u02c8s\u0259-bl\u0259-\u02ccm\u0101t",
          "sound": {
            "audio": "sublim01",
            "ref": "c",
            "stat": "1"
          }
        }
      ]
    },
    "fl": "verb",
    "ins": [
      {
        "ifc": "-mat*ed",
        "if": "sub*li*mat*ed"
      },
      {
        "ifc": "-mat*ing",
        "if": "sub*li*mat*ing"
      }
    ],
    "def": [
      {
        "vd": "transitive verb",
        "sseq": [
          [
            [
              "sense",
              {
                "sn": "1 a",
                "dt": [
                  [
                    "text",
                    "{bc}{sx|sublime||1}"
                  ]
                ]
              }
            ],
            [
              "sense",
              {
                "sn": "b",
                "sls": [
                  "archaic"
                ],
                "dt": [
                  [
                    "text",
                    "{bc}to improve or refine as if by {a_link|subliming}"
                  ]
                ]
              }
            ]
          ],
          [
            [
              "sense",
              {
                "sn": "2",
                "dt": [
                  [
                    "text",
                    "{bc}to divert the expression of (an instinctual desire or impulse) from its unacceptable form to one that is considered more socially or culturally acceptable"
                  ]
                ]
              }
            ]
          ]
        ]
      },
      {
        "vd": "intransitive verb",
        "sseq": [
          [
            [
              "sense",
              {
                "dt": [
                  [
                    "text",
                    "{bc}to pass directly from the solid to the vapor state {bc}{sx|sublime||}"
                  ]
                ]
              }
            ]
          ]
        ]
      }
    ],
    "uros": [
      {
        "ure": "sub*li*ma*tion",
        "prs": [
          {
            "mw": "\u02ccs\u0259-bl\u0259-\u02c8m\u0101-sh\u0259n",
            "sound": {
              "audio": "sublim02",
              "ref": "c",
              "stat": "1"
            }
          }
        ],
        "fl": "noun"
      }
    ],
    "et": [
      [
        "text",
        "Middle English, from Medieval Latin {it}sublimatus{/it}, past participle of {it}sublimare{/it}"
      ]
    ],
    "date": "1559{ds|t|1|a|}",
    "shortdef": [
      "sublime",
      "to improve or refine as if by subliming",
      "to divert the expression of (an instinctual desire or impulse) from its unacceptable form to one that is considered more socially or culturally acceptable"
    ]
  }
]