[
  {
    "meta": {
      "id": "sun:1",
      "uuid": "da4b9a3f-6e8e-4eef-93ab-03a69b6ec046",
      "sort": "194940700",
      "src": "collegiate",
      "section": "alpha",
      "stems": [
        "in the sun",
        "sun",
        "suns",
        "under the sun"
      ],
      "offensive": false
    },
    "hom": 1,
    "hwi": {
      "hw": "sun",
      "prs": [
        {
          "mw": "\u02c8s\u0259n",
          "sound": {
            "audio": "sun00001",
            "ref": "c",
            "stat": "1"
          }
        }
      ]
    },
    "fl": "noun",
    "def": [
      {
        "sseq": [
          [
            [
              "sense",
              {
                "sn": "1 a",
                "lbs": [
                  "often capitalized"
                ],
                "dt": [
                  [
                    "text",
                    "{bc}the luminous celestial body around which the earth and other planets revolve, from which they receive heat and light, which is composed mainly of hydrogen and helium, and which has a mean distance from earth of about 93,000,000 miles (150,000,000 kilometers), a linear diameter of 864,000 miles (1,390,000 kilometers), and a mass 332,000 times greater than earth"
                  ]
                ]
              }
            ],
            [
              "sense",
              {
                "sn": "b",
                "dt": [
                  [
                    "text",
                    "{bc}a celestial body like the sun {bc}{sx|star||}"
                  ]
                ]
              }
            ]
          ],
          [
            [
              "sense",
              {
                "sn": "2",
                "dt": [
                  [
                    "text",
                    "{bc}the heat or light radiated from the sun "
                  ],
                  [
                    "vis",
                    [
                      {
                        "t": "played in the {wi}sun{/wi} all day"
                      }
                    ]
                  ]
                ]
              }
            ]
          ],
          [
            [
              "sense",
              {
                "sn": "3",
                "dt": [
                  [
                    "text",
                    "{bc}one resembling the sun (as in warmth or brilliance)"
                  ]
                ]
              }
            ]
          ],
          [
            [
              "sense",
              {
                "sn": "4",
                "dt": [
                  [
                    "text",
                    "{bc}the rising or setting of the sun "
                  ],
                  [
                    "vis",
                    [
                      {
                        "t": "from {wi}sun{/wi} to {wi}sun{/wi}"
                      }
                    ]
                  ]
                ]
              }
            ]
          ],
          [
            [
              "sense",
              {
                "sn": "5",
                "dt": [
                  [
                    "text",
                    "{bc}{sx|glory||}, {sx|splendor||}"
                  ]
                ]
              }
            ]
          ]
        ]
      }
    ],
    "dros": [
      {
        "drp": "in the sun",
        "def": [
          {
            "sseq": [
              [
                [
                  "sense",
                  {
                    "dt": [
                      [
                        "text",
                        "{bc}in the public eye"
                      ]
                    ]
                  }
                ]
              ]
            ]
          }
        ]
      },
      {
        "drp": "under the sun",
        "def": [
          {
            "sseq": [
              [
                [
                  "sense",
                  {
                    "dt": [
                      [
                        "text",
                        "{bc}in the world {bc}on earth"
                      ]
                    ]
                  }
                ]
              ]
            ]
          }
        ]
      }
    ],
    "et": [
      [
        "text",
        "Middle English {it}sunne{/it}, from Old English; akin to Old High German {it}sunna{/it} sun, Latin {it}sol{/it} {ma}{mat|solar|}{/ma}"
      ]
    ],
    "date": "before 12th century{ds||1|a|}",
    "shortdef": [
      "the luminous celestial body around which the earth and other planets revolve, from which they receive heat and light, which is composed mainly of hydrogen and helium, and which has a mean distance from earth of about 93,000,000 miles (150,000,000 kilometers), a linear diameter of 864,000 miles (1,390,000 kilometers), and a mass 332,000 times greater than earth",
      "a celestial body like the sun : star",
      "the heat or light radiated from the sun"
    ]
  },
  {
    "meta": {
      "id": "sun:2",
      "uuid": "1b7e86be-c69b-490f-be52-2a1fdce8f9d1",
      "sort": "194940800",
      "src": "collegiate",
      "section": "alpha",
      "stems": [
        "sun",
        "sunned",
        "sunning",
        "suns"
      ],
      "offensive": false
    },
    "hom": 2,
    "hwi": {
      "hw": "sun"
    },
    "fl": "verb",
    "ins": [
      {
        "if": "sunned"
      },
      {
        "if": "sun*ning"
      }
    ],
    "def": [
      {
        "vd": "transitive verb",
        "sseq": [
          [
            [
              "sense",
              {
                "dt": [
                  [
                    "text",
                    "{bc}to expose to or as if to the rays of the sun"
                  ]
                ]
              }
            ]
          ]
        ]
      },
      {
        "vd": "intransitive verb",
        "sseq": [
          [
            [
              "sense",
              {
                "dt": [
                  [
                    "text",
                    "{bc}to sun oneself"
                  ]
                ]
              }
            ]
          ]
        ]
      }
    ],
    "date": "15th century{ds|t|||}",
    "shortdef": [
      "to expose to or as if to the rays of the sun",
      "to sun oneself"
    ]
  },
  {
    "meta": {
      "id": "Sun",
      "uuid": "b846ec6d-9c32-4e3f-8cd3-1f27a8d40b73",
      "sort": "194940900",
      "src": "collegiate",
      "section": "alpha",
      "stems": [
        "Sun"
      ],
      "offensive": false
    },
    "hwi": {
      "hw": "Sun"
    },
    "fl": "abbreviation",
    "def": [
      {
        "sseq": [
          [
            [
              "sense",
              {
                "dt": [
                  [
                    "text",
                    "Sunday"
                  ]
                ]
              }
            ]
          ]
        ]
      }
    ],
    "shortdef": [
      "Sunday"
    ]
  },
  {
    "meta": {
      "id": "sun bear",
      "uuid": "71641cb6-916d-4bee-be07-35781e84d415",
      "sort": "194941400",
      "src": "collegiate",
      "section": "alpha",
      "stems": [
        "sun bear",
        "sun bears"
      ],
      "offensive": false
    },
    "hwi": {
      "hw": "sun bear"
    },
    "fl": "noun",
    "def": [
      {
        "sseq": [
          [
            [
              "sense",
              {
                "dt": [
                  [
                    "text",
                    "{bc}a small forest-dwelling bear ({it}Ursus malayanus{/it} synonym {it}Helarctos malayanus{/it}) of southeastern Asia that has short glossy black fur with a lighter muzzle and often an orange or white breast mark"
                  ]
                ]
              }
            ]
          ]
        ]
      }
    ],
    "date": "1833",
    "shortdef": [
      "a small forest-dwelling bear (Ursus malayanus synonym Helarctos malayanus) of southeastern Asia that has short glossy black fur with a lighter muzzle and often an orange or white breast mark"
    ]
  },
  {
    "meta": {
      "id": "sun dance",
      "uuid": "3d90d548-dcb7-412c-a5dc-c09edd1f749a",
      "sort": "194942400",
      "src": "collegiate",
      "section": "alpha",
      "stems": [
        "sun dance",
        "sun dances"
      ],
      "offensive": false
    },
    "hwi": {
      "hw": "sun dance"
    },
    "fl": "noun",
    "lbs": [
      "often capitalized S&D"
    ],
    "def": [
      {
        "sseq": [
          [
            [
              "sense",
              {
                "dt": [
                  [
                    "text",
                    "{bc}a solo or group solstice rite of American Indians"
                  ]
                ]
              }
            ]
          ]
        ]
      }
    ],
    "date": "1849",
    "shortdef": [
      "a solo or group solstice rite of American Indians"
    ]
  },
  {
    "meta": {
      "id": "sun disk",
      "uuid": "44879b5f-29a2-4d03-ac22-05ac1a2240b9",
      "sort": "194943400",
      "src": "collegiate",
      "section": "alpha",
      "stems": [
        "sun disk",
        "sun disks"
      ],
      "offensive": false
    },
    "hwi": {
      "hw": "sun disk"
    },
    "fl": "noun",
    "def": [
      {
        "sseq": [
          [
            [
              "sense",
              {
                "dt": [
                  [
                    "text",
                    "{bc}an ancient Near Eastern symbol consisting of a disk with conventionalized wings emblematic of the sun god (such as Ra in Egypt)"
                  ]
                ]
              }
            ]
          ]
        ]
      }
    ],
    "art": {
      "artid": "sundisk",
      "capt": "sun disk"
    },
    "date": "1850",
    "shortdef": [
      "an ancient Near Eastern symbol consisting of a disk with conventionalized wings emblematic of the sun god (such as Ra in Egypt)"
    ]
  },
  {
    "meta": {
      "id": "sun dog",
      "uuid": "5639b0fa-cb94-4a91-99e1-c8d45339e4be",
      "sort": "194943500",
      "src": "collegiate",
      "section": "alpha",
      "stems": [
        "sun dog",
        "sun dogs"
      ],
      "offensive": false
    },
    "hwi": {
      "hw": "sun dog"
    },
    "fl": "noun",
    "def": [
      {
        "sseq": [
          [
            [
              "sense",
              {
                "sn": "1",
                "dt": [
                  [
                    "text",
                    "{bc}{sx|parhelion||}"
                  ]
                ]
              }
            ]
          ],
          [
            [
              "sense",
              {
                "sn": "2",
                "dt": [
                  [
                    "text",
                    "{bc}a small nearly round halo on the parhelic circle most frequently just outside the halo of 22 degrees"
                  ]
                ]
              }
            ]
          ]
        ]
      }
    ],
    "date": "1635{ds||1||}",
    "shortdef": [
      "parhelion",
      "a small nearly round halo on the parhelic circle most frequently just outside the halo of 22 degrees"
    ]
  },
  {
    "meta": {
      "id": "sun god",
      "uuid": "dfdf639e-ed23-4ccd-b4ff-625f5c4fa409",
      "sort": "194945000",
      "src": "collegiate",
      "section": "alpha",
      "stems": [
        "sun god"
      ],
      "offensive": false
    },
    "hwi": {
      "hw": "sun god"
    },
    "fl": "noun",
    "lbs": [
      "often capitalized S&G"
    ],
    "def": [
      {
        "sseq": [
          [
            [
              "sense",
              {
                "dt": [
                  [
                    "text",
                    "{bc}a god that represents or personifies the sun in various religions"
                  ]
                ]
              }
            ]
          ]
        ]
      }
    ],
    "date": "circa 1592",
    "shortdef": [
      "a god that represents or personifies the sun in various religions"
    ]
  },
  {
    "meta": {
      "id": "sun goddess",
      "uuid": "1c2c3345-ead7-4535-9a42-34258638b585",
      "sort": "194945100",
      "src": "collegiate",
      "section": "alpha",
      "stems": [
        "sun goddess"
      ],
      "offensive": false
    },
    "hwi": {
      "hw": "sun goddess"
    },
    "fl": "noun",
    "lbs": [
      "often capitalized S&G"
    ],
    "def": [
      {
        "sseq": [
          [
            [
              "sense",
              {
                "dt": [
                  [
                    "text",
                    "{bc}a goddess that represents or personifies the sun in various religions"
                  ]
                ]
              }
            ]
          ]
        ]
      }
    ],
    "date": "1839",
    "shortdef": [
      "a goddess that represents or personifies the sun in various religions"
    ]
  },
  {
    "meta": {
      "id": "sun-grebe",
      "uuid": "c219a292-ae57-4ee1-b77d-8fd8f9ebd8f8",
      "sort": "194945200",
      "src": "collegiate",
      "section": "alpha",
      "stems": [
        "sun-grebe",
        "sun-grebes"
      ],
      "offensive": false
    },
    "hwi": {
      "hw": "sun-grebe",
      "prs": [
        {
          "mw": "\u02c8s\u0259n-\u02ccgr\u0113b",
          "sound": {
            "audio": "sungre01",
            "ref": "c",
            "stat": "1"
          }
        }
      ]
    },
    "fl": "noun",
    "def": [
      {
        "sseq": [
          [
            [
              "sense",
              {
                "dt": [
                  [
                    "text",
                    "{bc}any of a small family (Heliornithidae) of semiaquatic African, Asian, and American tropical birds that have lobed feet and are related to the rails"
                  ]
                ]
              }
            ]
          ]
        ]
      }
    ],
    "date": "1851",
    "shortdef": [
      "any of a small family (Heliornithidae) of semiaquatic African, Asian, and American tropical birds that have lobed feet and are related to the rails"
    ]
  }
]