[
  {
    "meta": {
      "id": "superposition",
      "uuid": "0448880d-4575-463e-a541-2ea8c223477e",
      "sort": "194962650",
      "src": "collegiate",
      "section": "alpha",
      "stems": [
        "superposition",
        "superpositions"
      ],
      "offensive": false
    },
    "hwi": {
      "hw": "su*per*po*si*tion",
      "prs": [
        {
          "mw": "\u02ccs\u00fc-p\u0259r-p\u0259-\u02c8zi-sh\u0259n",
          "sound": {
            "audio": "superp08",
            "ref": "c",
            "stat": "1"
          }
        }
      ]
    },
    "fl": "noun",
    "ins": [
      {
        "il": "plural",
        "if": "su*per*po*si*tions"
      }
    ],
    "def": [
      {
        "sseq": [
          [
            [
              "sense",
              {
                "dt": [
                  [
                    "text",
                    "{bc}the placement of one thing above or on top of another "
                  ],
                  [
                    "vis",
                    [
                      {
                        "t": "The principle used to determine whether one sedimentary rock is older than another is very simple, and is known as the law of {wi}superposition{/wi}. Here is an example: A deposit of mud laid down this year in, say, the Gulf of Mexico will rest on top of a layer that was deposited last year.",
                        "aq": {
                          "auth": "Sheldon Judson and Marvin E. Kauffman"
                        }
                      }
                    ]
                  ]
                ],
                "sdsense": {
                  "sd": "especially",
                  "sls": [
                    "physics"
                  ],
                  "dt": [
                    [
                      "text",
                      "{bc}the combination of two distinct physical phenomena of the same type (such as spin or wavelength) so that they coexist as part of the same event "
                    ],
                    [
                      "vis",
                      [
                        {
                          "t": "Schr\u00f6dinger perversely suggested that until the box was opened and the outcome of the experiment observed, the particle must remain suspended in a {wi}superposition{/wi} of two states: simultaneously going through both holes.",
                          "aq": {
                            "auth": "George Johnson"
                          }
                        },
                        {
                          "t": "In a quantum computer, however, the \"transistors\" remain in a {wi}superposition{/wi} of 0 and 1 \u2026",
                          "aq": {
                            "auth": "Philip Yam"
                          }
                        }
                      ]
                    ]
                  ]
                }
              }
            ]
          ]
        ]
      }
    ],
    "date": "1656",
    "shortdef": [
      "the placement of one thing above or on top of another; especially, physics : the combination of two distinct physical phenomena of the same type (such as spin or wavelength) so that they coexist as part of the same event"
    ]
  }
]