[
  {
    "meta": {
      "id": "surface tension",
      "uuid": "29fadd93-dbc4-47d0-96cf-a2e9dcd3e7d0",
      "sort": "194977100",
      "src": "collegiate",
      "section": "alpha",
      "stems": [
        "surface tension",
        "surface tensions"
      ],
      "offensive": false
    },
    "hwi": {
      "hw": "surface tension"
    },
    "fl": "noun",
    "def": [
      {
        "sseq": [
          [
            [
              "sense",
              {
                "dt": [
                  [
                    "text",
                    "{bc}the attractive force exerted upon the surface molecules of a liquid by the molecules beneath that tends to draw the surface molecules into the bulk of the liquid and makes the liquid assume the shape having the least surface area"
                  ]
                ]
              }
            ]
          ]
        ]
      }
    ],
    "date": "1876",
    "shortdef": [
      "the attractive force exerted upon the surface molecules of a liquid by the molecules beneath that tends to draw the surface molecules into the bulk of the liquid and makes the liquid assume the shape having the least surface area"
    ]
  }
]