[
  {
    "meta": {
      "id": "symmetry",
      "uuid": "075e1b83-400f-42c1-a75e-d604ddfaaacb",
      "sort": "195028500",
      "src": "collegiate",
      "section": "alpha",
      "stems": [
        "symmetries",
        "symmetry"
      ],
      "offensive": false
    },
    "hwi": {
      "hw": "sym*me*try",
      "prs": [
        {
          "mw": "\u02c8si-m\u0259-tr\u0113",
          "sound": {
            "audio": "symmet08",
            "ref": "c",
            "stat": "1"
          }
        }
      ]
    },
    "fl": "noun",
    "ins": [
      {
        "il": "plural",
        "ifc": "-tries",
        "if": "sym*me*tries"
      }
    ],
    "def": [
      {
        "sseq": [
          [
            [
              "sense",
              {
                "sn": "1",
                "dt": [
                  [
                    "text",
                    "{bc}balanced proportions"
                  ]
                ],
                "sdsense": {
                  "sd": "also",
                  "dt": [
                    [
                      "text",
                      "{bc}beauty of form arising from balanced proportions"
                    ]
                  ]
                }
              }
            ]
          ],
          [
            [
              "sense",
              {
                "sn": "2",
                "dt": [
                  [
                    "text",
                    "{bc}the property of being {a_link|symmetrical}"
                  ]
                ],
                "sdsense": {
                  "sd": "especially",
                  "dt": [
                    [
                      "text",
                      "{bc}correspondence in size, shape, and relative position of parts on opposite sides of a dividing line or median plane or about a center or axis {dx}compare {dxt|bilateral symmetry||}, {dxt|radial symmetry||}{/dx}"
                    ]
                  ]
                }
              }
            ]
          ],
          [
            [
              "sense",
              {
                "sn": "3",
                "dt": [
                  [
                    "text",
                    "{bc}a rigid motion of a geometric figure that determines a one-to-one mapping onto itself"
                  ]
                ]
              }
            ]
          ],
          [
            [
              "sense",
              {
                "sn": "4",
                "dt": [
                  [
                    "text",
                    "{bc}the property of remaining invariant under certain changes (as of orientation in space, of the sign of the electric charge, of parity, or of the direction of time flow) "
                  ],
                  [
                    "uns",
                    [
                      [
                        [
                          "text",
                          "used of physical phenomena and of equations describing them"
                        ]
                      ]
                    ]
                  ]
                ]
              }
            ]
          ]
        ]
      }
    ],
    "et": [
      [
        "text",
        "Latin {it}symmetria{/it}, from Greek, from {it}symmetros{/it} symmetrical, from {it}syn-{/it} + {it}metron{/it} measure {ma}{mat|measure|}{/ma}"
      ]
    ],
    "date": "1563{ds||1||}",
    "shortdef": [
      "balanced proportions; also : beauty of form arising from balanced proportions",
      "the property of being symmetrical; especially : correspondence in size, shape, and relative position of parts on opposite sides of a dividing line or median plane or about a center or axis",
      "a rigid motion of a geometric figure that determines a one-to-one mapping onto itself"
    ]
  },
  {
    "meta": {
      "id": "bilateral symmetry",
      "uuid": "49e9a69a-9d06-4a8d-8eb5-17546a96b4fc",
      "sort": "020205300",
      "src": "collegiate",
      "section": "alpha",
      "stems": [
        "bilateral symmetries",
        "bilateral symmetry"
      ],
      "offensive": false
    },
    "hwi": {
      "hw": "bilateral symmetry"
    },
    "fl": "noun",
    "def": [
      {
        "sseq": [
          [
            [
              "sense",
              {
                "dt": [
                  [
                    "text",
                    "{bc}symmetry in which similar anatomical parts are arranged on opposite sides of a median axis so that only one plane can divide the individual into essentially identical halves"
                  ]
                ]
              }
            ]
          ]
        ]
      }
    ],
    "date": "1828",
    "shortdef": [
      "symmetry in which similar anatomical parts are arranged on opposite sides of a median axis so that only one plane can divide the individual into essentially identical halves"
    ]
  },
  {
    "meta": {
      "id": "center of symmetry",
      "uuid": "37fbe379-a267-4581-a15c-af16e203a9af",
      "sort": "031764500",
      "src": "collegiate",
      "section": "alpha",
      "stems": [
        "center of symmetry"
      ],
      "offensive": false
    },
    "hwi": {
      "hw": "center of symmetry"
    },
    "fl": "noun phrase",
    "def": [
      {
        "sseq": [
          [
            [
              "sense",
              {
                "dt": [
                  [
                    "text",
                    "{bc}{sx|center:1|center:1|1a}"
                  ]
                ]
              }
            ]
          ]
        ]
      }
    ],
    "date": "1891",
    "shortdef": [
      "center"
    ]
  },
  {
    "meta": {
      "id": "radial symmetry",
      "uuid": "1d59e961-49a5-4fbf-a48b-bba4bff024ae",
      "sort": "180117000",
      "src": "collegiate",
      "section": "alpha",
      "stems": [
        "radial symmetries",
        "radial symmetry",
        "radially symmetrical"
      ],
      "offensive": false
    },
    "hwi": {
      "hw": "radial symmetry"
    },
    "fl": "noun",
    "def": [
      {
        "sseq": [
          [
            [
              "sense",
              {
                "dt": [
                  [
                    "text",
                    "{bc}the condition of having similar parts regularly arranged around a central axis"
                  ]
                ]
              }
            ]
          ]
        ]
      }
    ],
    "uros": [
      {
        "ure": "radially symmetrical",
        "fl": "adjective"
      }
    ],
    "date": "1872",
    "shortdef": [
      "the condition of having similar parts regularly arranged around a central axis"
    ]
  },
  {
    "meta": {
      "id": "axis",
      "uuid": "8ac84b8f-ea64-4a0d-a384-b8f74cbc4474",
      "sort": "015069000",
      "src": "collegiate",
      "section": "alpha",
      "stems": [
        "axes",
        "axis",
        "axis of symmetry"
      ],
      "offensive": false
    },
    "hwi": {
      "hw": "ax*is",
      "prs": [
        {
          "mw": "\u02c8ak-s\u0259s",
          "sound": {
            "audio": "axis0001",
            "ref": "c",
            "stat": "1"
          }
        }
      ]
    },
    "fl": "noun",
    "ins": [
      {
        "il": "plural",
        "if": "ax*es",
        "prs": [
          {
            "mw": "\u02c8ak-\u02ccs\u0113z",
            "sound": {
              "audio": "axis0002",
              "ref": "c",
              "stat": "1"
            }
          }
        ]
      }
    ],
    "def": [
      {
        "sseq": [
          [
            [
              "sense",
              {
                "sn": "1 a",
                "dt": [
                  [
                    "text",
                    "{bc}a straight line about which a body or a geometric figure rotates or may be supposed to rotate "
                  ],
                  [
                    "vis",
                    [
                      {
                        "t": "the Earth's {wi}axis{/wi}"
                      }
                    ]
                  ]
                ]
              }
            ],
            [
              "sense",
              {
                "sn": "b",
                "dt": [
                  [
                    "text",
                    "{bc}a straight line with respect to which a body or figure is symmetrical "
                  ],
                  [
                    "vis",
                    [
                      {
                        "t": "the {wi}axis{/wi} of a cone"
                      }
                    ]
                  ],
                  [
                    "ca",
                    {
                      "intro": "called also",
                      "cats": [
                        {
                          "cat": "axis of symmetry"
                        }
                      ]
                    }
                  ]
                ]
              }
            ],
            [
              "sense",
              {
                "sn": "c",
                "dt": [
                  [
                    "text",
                    "{bc}a straight line that bisects at right angles a system of parallel chords of a curve and divides the curve into two symmetrical parts"
                  ]
                ]
              }
            ],
            [
              "sense",
              {
                "sn": "d",
                "dt": [
                  [
                    "text",
                    "{bc}one of the reference lines of a coordinate system {dx_def}see {dxt|coordinate:3||1a}{/dx_def}"
                  ]
                ]
              }
            ]
          ],
          [
            [
              "sen",
              {
                "sn": "2",
                "sls": [
                  "anatomy"
                ]
              }
            ],
            [
              "sense",
              {
                "sn": "a",
                "dt": [
                  [
                    "text",
                    "{bc}the second vertebra of the neck on which the head and first vertebra turn as on a pivot"
                  ]
                ]
              }
            ],
            [
              "sense",
              {
                "sn": "b",
                "dt": [
                  [
                    "text",
                    "{bc}any of various central, fundamental, or axial parts"
                  ]
                ]
              }
            ]
          ],
          [
            [
              "sense",
              {
                "sn": "3",
                "sls": [
                  "botany"
                ],
                "dt": [
                  [
                    "text",
                    "{bc}a plant stem"
                  ]
                ]
              }
            ]
          ],
          [
            [
              "sense",
              {
                "sn": "4",
                "sls": [
                  "crystallography"
                ],
                "dt": [
                  [
                    "text",
                    "{bc}one of several imaginary lines assumed in describing the positions of the planes by which a crystal is bounded and the positions of atoms in the structure of the crystal"
                  ]
                ]
              }
            ]
          ],
          [
            [
              "sense",
              {
                "sn": "5",
                "dt": [
                  [
                    "text",
                    "{bc}a main line of direction, motion, growth, or extension "
                  ],
                  [
                    "vis",
                    [
                      {
                        "t": "the {wi}axis{/wi} of a city"
                      }
                    ]
                  ]
                ]
              }
            ]
          ],
          [
            [
              "sense",
              {
                "sn": "6 a",
                "dt": [
                  [
                    "text",
                    "{bc}an implied line in painting or sculpture through a composition to which elements in the composition are referred "
                  ],
                  [
                    "vis",
                    [
                      {
                        "t": "fruit and flowers arranged about a diagonal {wi}axis{/wi}"
                      }
                    ]
                  ]
                ]
              }
            ],
            [
              "sense",
              {
                "sn": "b",
                "dt": [
                  [
                    "text",
                    "{bc}a line actually drawn and used as the basis of measurements in an architectural or other working drawing"
                  ]
                ]
              }
            ]
          ],
          [
            [
              "sense",
              {
                "sn": "7",
                "sls": [
                  "aviation"
                ],
                "dt": [
                  [
                    "text",
                    "{bc}any of three fixed lines of reference in an aircraft that run in the longitudinal, lateral, and vertical directions, are mutually perpendicular, and usually pass through the aircraft's center of gravity"
                  ]
                ]
              }
            ]
          ],
          [
            [
              "sense",
              {
                "sn": "8",
                "dt": [
                  [
                    "text",
                    "{bc}{sx|partnership||}, {sx|alliance||} "
                  ],
                  [
                    "vis",
                    [
                      {
                        "t": "an {wi}axis{/wi} of countries"
                      }
                    ]
                  ]
                ]
              }
            ]
          ],
          [
            [
              "sense",
              {
                "sn": "9",
                "dt": [
                  [
                    "text",
                    "{bc}a point or continuum on which something centers "
                  ],
                  [
                    "vis",
                    [
                      {
                        "t": "an {wi}axis{/wi} of social power"
                      }
                    ]
                  ]
                ]
              }
            ]
          ]
        ]
      }
    ],
    "et": [
      [
        "text",
        "Middle English, \"imaginary line passing through the center of a body, celestial axis,\" borrowed from Latin, \"axletree, axle, chariot, celestial axis,\" going back to Indo-European {it}*h{inf}2{/inf}e\u1e31s-{/it} \"axle,\" whence also, with varying thematic derivation, Germanic {it}*ahs\u014d{/it} (whence Old English {it}eax{/it} \"axle,\" Old Saxon & Old High German {it}ahsa{/it}), Old Russian/Eastern Church Slavic {it}os\u012d{/it} \"axle,\" Bosnian-Croatian-Serbian {it}\u00f4s,{/it} Lithuanian {it}a\u0161\u00ecs,{/it} Old Prussian {it}assis,{/it} Greek {it}axon-, \u00e1x\u014dn,{/it} Sanskrit {it}\u00e1k\u1e63a\u1e25,{/it} Avestan {it}a\u0161a-{/it} \"armpit\""
      ],
      [
        "et_snote",
        [
          [
            "t",
            "The Indo-European base {it}*h{inf}2{/inf}e\u1e31s-{/it} also has derivatives with a suffixal {it}l,{/it} for which see {et_link|ala|ala}, {et_link|axletree|axletree}; compare also Welsh {it}echel{/it} \"axle, pivot,\" Breton {it}ahel,{/it} which may go back to {it}*aksel\u0101.{/it} The various thematic forms and extensions of {it}h{inf}2{/inf}e\u1e31s-{/it} may reflect a root noun rather than an i-stem as in Latin; see E. Hamp, \"Refining Indo-European Lexical Entries,\" {it}Zeitschrift f\u00fcr vergleichende Sprachforschung,{/it} 95. Band, 1. Heft (1981), pp. 81-83. The original meaning of the noun may have been \"shoulder joint\"\u2014if so, Avestan would be the only language to preserve this sense. It has been suggested that {it}*h{inf}2{/inf}e\u1e31s-{/it} was formed by a {ldquo}root extension{rdquo} {it}-s-{/it} from the verbal base {it}*h{inf}2{/inf}e\u01f5-{/it} \"drive (cattle, etc.), set in motion (see {et_link|agent|agent})."
          ]
        ]
      ]
    ],
    "date": "14th century{ds||1|a|}",
    "shortdef": [
      "a straight line about which a body or a geometric figure rotates or may be supposed to rotate",
      "a straight line with respect to which a body or figure is symmetrical \u2014called also axis of symmetry",
      "a straight line that bisects at right angles a system of parallel chords of a curve and divides the curve into two symmetrical parts"
    ]
  },
  {
    "meta": {
      "id": "center:1",
      "uuid": "fe4c2378-c463-43d6-9913-1ffff855d828",
      "sort": "031755000",
      "src": "collegiate",
      "section": "alpha",
      "stems": [
        "center",
        "center of symmetry",
        "centerless",
        "centers"
      ],
      "offensive": false
    },
    "hom": 1,
    "hwi": {
      "hw": "cen*ter",
      "prs": [
        {
          "mw": "\u02c8sen-t\u0259r",
          "sound": {
            "audio": "center01",
            "ref": "c",
            "stat": "1"
          }
        },
        {
          "mw": "\u02c8se-n\u0259r"
        }
      ]
    },
    "fl": "noun",
    "def": [
      {
        "sseq": [
          [
            [
              "sense",
              {
                "sn": "1 a",
                "dt": [
                  [
                    "text",
                    "{bc}the point around which a circle or sphere is described"
                  ]
                ],
                "sdsense": {
                  "sd": "broadly",
                  "dt": [
                    [
                      "text",
                      "{bc}a point that is related to a geometrical figure in such a way that for any point on the figure there is another point on the figure such that a straight line joining the two points is bisected by the original point "
                    ],
                    [
                      "ca",
                      {
                        "intro": "called also",
                        "cats": [
                          {
                            "cat": "center of symmetry"
                          }
                        ]
                      }
                    ]
                  ]
                }
              }
            ],
            [
              "sense",
              {
                "sn": "b",
                "dt": [
                  [
                    "text",
                    "{bc}the center of the circle inscribed in a regular {dx_def}see {dxt|regular:1||3b}{/dx_def} {d_link|polygon|polygon}"
                  ]
                ]
              }
            ]
          ],
          [
            [
              "sense",
              {
                "sn": "2 a",
                "dt": [
                  [
                    "text",
                    "{bc}a point, area, person, or thing that is most important or pivotal in relation to an indicated activity, interest, or condition "
                  ],
                  [
                    "vis",
                    [
                      {
                        "t": "a railroad {wi}center{/wi}"
                      },
                      {
                        "t": "the {wi}center{/wi} of the controversy"
                      }
                    ]
                  ]
                ]
              }
            ],
            [
              "sense",
              {
                "sn": "b",
                "dt": [
                  [
                    "text",
                    "{bc}a source from which something originates "
                  ],
                  [
                    "vis",
                    [
                      {
                        "t": "a propaganda {wi}center{/wi}"
                      }
                    ]
                  ]
                ]
              }
            ],
            [
              "sense",
              {
                "sn": "c",
                "dt": [
                  [
                    "text",
                    "{bc}a group of {d_link|neurons|neuron} having a common function "
                  ],
                  [
                    "vis",
                    [
                      {
                        "t": "respiratory {wi}center{/wi}"
                      }
                    ]
                  ]
                ]
              }
            ],
            [
              "sense",
              {
                "sn": "d",
                "dt": [
                  [
                    "text",
                    "{bc}a region of concentrated population "
                  ],
                  [
                    "vis",
                    [
                      {
                        "t": "an urban {wi}center{/wi}"
                      }
                    ]
                  ]
                ]
              }
            ],
            [
              "sense",
              {
                "sn": "e",
                "dt": [
                  [
                    "text",
                    "{bc}a facility providing a place for a particular activity or service "
                  ],
                  [
                    "vis",
                    [
                      {
                        "t": "a day-care {wi}center{/wi}"
                      },
                      {
                        "t": "a shopping {wi}center{/wi}"
                      },
                      {
                        "t": "a medical {wi}center{/wi}"
                      }
                    ]
                  ]
                ]
              }
            ]
          ],
          [
            [
              "sense",
              {
                "sn": "3 a",
                "dt": [
                  [
                    "text",
                    "{bc}the middle part (as of the forehead or a stage)"
                  ]
                ]
              }
            ],
            [
              "sen",
              {
                "sn": "b",
                "lbs": [
                  "often capitalized"
                ]
              }
            ],
            [
              "pseq",
              [
                [
                  "sense",
                  {
                    "sn": "(1)",
                    "dt": [
                      [
                        "text",
                        "{bc}a grouping of political figures holding moderate views especially between those of conservatives and liberals"
                      ]
                    ]
                  }
                ],
                [
                  "sense",
                  {
                    "sn": "(2)",
                    "dt": [
                      [
                        "text",
                        "{bc}the views of such politicians "
                      ],
                      [
                        "vis",
                        [
                          {
                            "t": "The party's new policies show a shift toward the {wi}center{/wi}."
                          }
                        ]
                      ]
                    ]
                  }
                ],
                [
                  "sense",
                  {
                    "sn": "(3)",
                    "dt": [
                      [
                        "text",
                        "{bc}the adherents of such views"
                      ]
                    ]
                  }
                ]
              ]
            ]
          ],
          [
            [
              "pseq",
              [
                [
                  "bs",
                  {
                    "sense": {
                      "sn": "4 a",
                      "dt": [
                        [
                          "text",
                          "{bc}a player occupying a middle position on a team: such as"
                        ]
                      ]
                    }
                  }
                ],
                [
                  "sense",
                  {
                    "sn": "(1)",
                    "dt": [
                      [
                        "text",
                        "{bc}the football player in the middle of a line who passes the ball between his legs to a back to start a down"
                      ]
                    ]
                  }
                ],
                [
                  "sense",
                  {
                    "sn": "(2)",
                    "dt": [
                      [
                        "text",
                        "{bc}the usually tallest player on a basketball team who usually plays near the basket"
                      ]
                    ]
                  }
                ]
              ]
            ],
            [
              "sense",
              {
                "sn": "b",
                "dt": [
                  [
                    "text",
                    "{bc}{sx|center field||}"
                  ]
                ]
              }
            ]
          ],
          [
            [
              "sense",
              {
                "sn": "5 a",
                "dt": [
                  [
                    "text",
                    "{bc}either of two tapered rods which support work in a {d_link|lathe|lathe:1} or grinding machine and about or with which the work revolves"
                  ]
                ]
              }
            ],
            [
              "sense",
              {
                "sn": "b",
                "dt": [
                  [
                    "text",
                    "{bc}a conical recess in the end of work (such as a shaft) for receiving such a center"
                  ]
                ]
              }
            ]
          ]
        ]
      }
    ],
    "uros": [
      {
        "ure": "cen*ter*less",
        "prs": [
          {
            "mw": "\u02c8sen-t\u0259r-l\u0259s",
            "sound": {
              "audio": "center02",
              "ref": "c",
              "stat": "1"
            }
          },
          {
            "mw": "\u02c8se-n\u0259r-"
          }
        ],
        "fl": "adjective"
      }
    ],
    "et": [
      [
        "text",
        "Middle English {it}centre{/it}, borrowed from Anglo-French, borrowed from Latin {it}centrum{/it} \"point of the stationary leg of a pair of compasses, midpoint of a circle or sphere,\" borrowed from Greek {it}k\u00e9ntron{/it} \"sting, goad, point, stationary point of a pair of compasses, midpoint of a circle or sphere,\" probably reshaping (after the base verb {it}kente\u00een{/it}) of {it}k\u00e9stron{/it} \"toothed implement, name for several nettle-like plants,\" from {it}kent\u00e9\u014d, kente\u00een{/it} \"to sting, goad, prick\" (going back to Indo-European {it}*k\u0301ent-, *k\u0301nt-{/it} \"sting, prick,\" whence Old High German {it}hantag{/it} \"pointed,\" Latvian {it}s\u012bts{/it} \"hunting spear\") + {it}-tron{/it}, suffix of instruments"
      ]
    ],
    "date": "14th century{ds||1|a|}",
    "shortdef": [
      "the point around which a circle or sphere is described; broadly : a point that is related to a geometrical figure in such a way that for any point on the figure there is another point on the figure such that a straight line joining the two points is bisected by the original point \u2014called also center of symmetry",
      "the center of the circle inscribed in a regular polygon",
      "a point, area, person, or thing that is most important or pivotal in relation to an indicated activity, interest, or condition"
    ]
  }
]