[
  {
    "meta": {
      "id": "task:1",
      "uuid": "bc70ec81-a965-4f51-9f33-aa56aeda6b3a",
      "sort": "200050800",
      "src": "collegiate",
      "section": "alpha",
      "stems": [
        "bring to task",
        "bringing to task",
        "brings to task",
        "brought to task",
        "call to task",
        "called to task",
        "calling to task",
        "calls to task",
        "task",
        "tasks"
      ],
      "offensive": false
    },
    "hom": 1,
    "hwi": {
      "hw": "task",
      "prs": [
        {
          "mw": "\u02c8task",
          "sound": {
            "audio": "task0001",
            "ref": "c",
            "stat": "1"
          }
        }
      ]
    },
    "fl": "noun",
    "ins": [
      {
        "il": "plural",
        "if": "tasks"
      }
    ],
    "def": [
      {
        "sseq": [
          [
            [
              "sense",
              {
                "sn": "1 a",
                "dt": [
                  [
                    "text",
                    "{bc}a usually assigned piece of work often to be finished within a certain time"
                  ]
                ]
              }
            ],
            [
              "sense",
              {
                "sn": "b",
                "dt": [
                  [
                    "text",
                    "{bc}something hard or unpleasant that has to be done"
                  ]
                ]
              }
            ],
            [
              "sense",
              {
                "sn": "c",
                "dt": [
                  [
                    "text",
                    "{bc}{sx|duty||}, {sx|function||}"
                  ]
                ]
              }
            ]
          ],
          [
            [
              "sense",
              {
                "sn": "2",
                "dt": [
                  [
                    "text",
                    "{bc}subjection to adverse criticism {bc}{sx|reprimand||} "
                  ],
                  [
                    "vis",
                    [
                      {
                        "t": "\u2026 the state government was {phrase}called to task{/phrase} for not doing more to help the area around the casinos.",
                        "aq": {
                          "auth": "Stephanie Powers"
                        }
                      },
                      {
                        "t": "In the NFL, coaches often aren't {phrase}brought to task{/phrase} for their worst decisions even after games.",
                        "aq": {
                          "auth": "Rodger Sherman"
                        }
                      }
                    ]
                  ],
                  [
                    "text",
                    " {dx}see also {dxt|take to task||}{/dx}"
                  ]
                ]
              }
            ]
          ]
        ]
      }
    ],
    "syns": [
      {
        "pl": "synonyms",
        "pt": [
          [
            "text",
            "{sc}task{/sc} {sc}duty{/sc} {sc}job{/sc} {sc}chore{/sc} {sc}stint{/sc} {sc}assignment{/sc} mean a piece of work to be done. {sc}task{/sc} implies work imposed by a person in authority or an employer or by circumstance. "
          ],
          [
            "vis",
            [
              {
                "t": "charged with a variety of {it}tasks{/it}"
              }
            ]
          ],
          [
            "text",
            " {sc}duty{/sc} implies an obligation to perform or responsibility for performance. "
          ],
          [
            "vis",
            [
              {
                "t": "the {it}duties{/it} of a lifeguard"
              }
            ]
          ],
          [
            "text",
            " {sc}job{/sc} applies to a piece of work voluntarily performed; it may sometimes suggest difficulty or importance. "
          ],
          [
            "vis",
            [
              {
                "t": "the {it}job{/it} of turning the company around"
              }
            ]
          ],
          [
            "text",
            " {sc}chore{/sc} implies a minor routine activity necessary for maintaining a household or farm. "
          ],
          [
            "vis",
            [
              {
                "t": "every child was assigned {it}chores{/it}"
              }
            ]
          ],
          [
            "text",
            " {sc}stint{/sc} implies a carefully allotted or measured quantity of assigned work or service. "
          ],
          [
            "vis",
            [
              {
                "t": "a 2-month {it}stint{/it} as a reporter"
              }
            ]
          ],
          [
            "text",
            " {sc}assignment{/sc} implies a definite limited task assigned by one in authority. "
          ],
          [
            "vis",
            [
              {
                "t": "a reporter's {it}assignment{/it}"
              }
            ]
          ]
        ]
      }
    ],
    "et": [
      [
        "text",
        "Middle English {it}taske{/it}, from Middle French dialect (Picardy, Flanders) {it}tasque{/it}, from Medieval Latin {it}tasca{/it} tax or service imposed by a feudal superior, alteration of {it}*taxa{/it}, from {it}taxare{/it} to tax"
      ]
    ],
    "date": "14th century{ds||1|a|}",
    "shortdef": [
      "a usually assigned piece of work often to be finished within a certain time",
      "something hard or unpleasant that has to be done",
      "duty, function"
    ]
  },
  {
    "meta": {
      "id": "task:2",
      "uuid": "c583bdf2-0a62-435d-823c-63f4e4fa8e62",
      "sort": "200050900",
      "src": "collegiate",
      "section": "alpha",
      "stems": [
        "task",
        "tasked",
        "tasking",
        "tasks"
      ],
      "offensive": false
    },
    "hom": 2,
    "hwi": {
      "hw": "task"
    },
    "fl": "verb",
    "ins": [
      {
        "if": "tasked"
      },
      {
        "if": "task*ing"
      },
      {
        "if": "tasks"
      }
    ],
    "def": [
      {
        "vd": "transitive verb",
        "sseq": [
          [
            [
              "sense",
              {
                "sn": "1",
                "dt": [
                  [
                    "text",
                    "{bc}to assign a task to "
                  ],
                  [
                    "vis",
                    [
                      {
                        "t": "employees {wi}tasked{/wi} with updating the files"
                      }
                    ]
                  ]
                ]
              }
            ]
          ],
          [
            [
              "sense",
              {
                "sn": "2",
                "dt": [
                  [
                    "text",
                    "{bc}to oppress with great labor "
                  ],
                  [
                    "vis",
                    [
                      {
                        "t": "{wi}tasks{/wi} his mind with petty details"
                      }
                    ]
                  ]
                ]
              }
            ]
          ],
          [
            [
              "sense",
              {
                "sn": "3",
                "sls": [
                  "obsolete"
                ],
                "dt": [
                  [
                    "text",
                    "{bc}to impose a tax on"
                  ]
                ]
              }
            ]
          ]
        ]
      }
    ],
    "date": "14th century{ds||1||}",
    "shortdef": [
      "to assign a task to",
      "to oppress with great labor",
      "to impose a tax on"
    ]
  },
  {
    "meta": {
      "id": "task bar",
      "uuid": "ea2a7bfb-a9cb-4e67-bf8e-7368d0571837",
      "sort": "200050950",
      "src": "collegiate",
      "section": "alpha",
      "stems": [
        "task bar",
        "task bars"
      ],
      "offensive": false
    },
    "hwi": {
      "hw": "task bar"
    },
    "fl": "noun",
    "def": [
      {
        "sseq": [
          [
            [
              "sense",
              {
                "dt": [
                  [
                    "text",
                    "{bc}a strip of icons usually at the bottom of a computer screen showing programs that may be used by selecting their icons"
                  ]
                ]
              }
            ]
          ]
        ]
      }
    ],
    "date": "1994",
    "shortdef": [
      "a strip of icons usually at the bottom of a computer screen showing programs that may be used by selecting their icons"
    ]
  },
  {
    "meta": {
      "id": "task force",
      "uuid": "aeefeaac-8ee9-4b2b-b6e1-ddedac79b274",
      "sort": "200051000",
      "src": "collegiate",
      "section": "alpha",
      "stems": [
        "task force",
        "task forces"
      ],
      "offensive": false
    },
    "hwi": {
      "hw": "task force"
    },
    "fl": "noun",
    "def": [
      {
        "sseq": [
          [
            [
              "sense",
              {
                "dt": [
                  [
                    "text",
                    "{bc}a temporary grouping under one leader for the purpose of accomplishing a definite objective"
                  ]
                ]
              }
            ]
          ]
        ]
      }
    ],
    "date": "1941",
    "shortdef": [
      "a temporary grouping under one leader for the purpose of accomplishing a definite objective"
    ]
  },
  {
    "meta": {
      "id": "take to task",
      "uuid": "0cd6472c-da9f-49ea-9508-2a87c9a4bcb0",
      "sort": "200020765",
      "src": "collegiate",
      "section": "alpha",
      "stems": [
        "take to task",
        "taken to task",
        "takes to task",
        "taking to task",
        "took to task"
      ],
      "offensive": false
    },
    "hwi": {
      "hw": "take to task"
    },
    "fl": "idiomatic phrase",
    "def": [
      {
        "sseq": [
          [
            [
              "sense",
              {
                "dt": [
                  [
                    "text",
                    "{bc}to call (someone) to account for a shortcoming {bc}to criticize or correct (someone) for some fault or failing "
                  ],
                  [
                    "vis",
                    [
                      {
                        "t": "The aunt had quarrelled years before with her brother-in-law, after the death of her sister, {wi}taking{/wi} him {wi}to task{/wi} for the manner in which he brought up his three girls.",
                        "aq": {
                          "auth": "Henry James"
                        }
                      },
                      {
                        "t": "\u2026 I \u2026 gently {wi}took{/wi} him {wi}to task{/wi} for forgetting my instructions \u2026",
                        "aq": {
                          "auth": "Agatha Christie"
                        }
                      },
                      {
                        "t": "\u2026 Lawrence Solan \u2026 {wi}takes to task{/wi} the Supreme Court of the United States for its incorrect linguistic analysis in three cases \u2026",
                        "aq": {
                          "auth": "Bethany K. Dumas"
                        }
                      },
                      {
                        "t": "\u2026 two board members {wi}took{/wi} group administrators {wi}to task{/wi} for causing undue chaos in a public health crisis.",
                        "aq": {
                          "auth": "P. C. Robinson"
                        }
                      }
                    ]
                  ]
                ]
              }
            ]
          ]
        ]
      }
    ],
    "date": "1740",
    "shortdef": [
      "to call (someone) to account for a shortcoming : to criticize or correct (someone) for some fault or failing"
    ]
  },
  {
    "meta": {
      "id": "the task at hand",
      "uuid": "29059341-95f0-4e9b-960e-7ffb1fbc94b3",
      "sort": "3020644000",
      "src": "ld",
      "section": "idioms",
      "stems": [
        "the task at hand"
      ],
      "offensive": false
    },
    "hwi": {
      "hw": "the task at hand"
    },
    "fl": "noun phrase",
    "def": [
      {
        "sseq": [
          [
            [
              "sense",
              {
                "dt": [
                  [
                    "text",
                    "{bc}the work someone is doing now "
                  ],
                  [
                    "vis",
                    [
                      {
                        "t": "I need to concentrate on {it}the task at hand{/it}."
                      }
                    ]
                  ]
                ]
              }
            ]
          ]
        ]
      }
    ],
    "shortdef": [
      "the work someone is doing now"
    ]
  },
  {
    "meta": {
      "id": "subtask",
      "uuid": "0a102385-54e7-40ff-9b23-78d4278e4b37",
      "sort": "194911167",
      "src": "collegiate",
      "section": "alpha",
      "stems": [
        "sub-task",
        "sub-tasks",
        "subtask",
        "subtasks"
      ],
      "offensive": false
    },
    "hwi": {
      "hw": "sub*task",
      "prs": [
        {
          "mw": "\u02c8s\u0259b-\u02cctask",
          "sound": {
            "audio": "subtask_1",
            "ref": "owl",
            "stat": "1"
          }
        }
      ]
    },
    "vrs": [
      {
        "vl": "or",
        "va": "sub-task"
      }
    ],
    "fl": "noun",
    "ins": [
      {
        "il": "plural",
        "if": "sub*tasks"
      },
      {
        "il": "or",
        "if": "sub-tasks"
      }
    ],
    "def": [
      {
        "sseq": [
          [
            [
              "sense",
              {
                "dt": [
                  [
                    "text",
                    "{bc}a {d_link|task|task:1} that is part of a more complex task "
                  ],
                  [
                    "vis",
                    [
                      {
                        "t": "\u2026 I typed up a long list of every single task and even {wi}subtask{/wi} I thought it would involve, from shopping for fixtures to picking up materials to installation.",
                        "aq": {
                          "auth": "Matthew Vest"
                        }
                      }
                    ]
                  ]
                ]
              }
            ]
          ]
        ]
      }
    ],
    "date": "1912",
    "shortdef": [
      "a task that is part of a more complex task"
    ]
  }
]