[
  {
    "meta": {
      "id": "temperature",
      "uuid": "cff21312-3ade-4739-8d6b-9cfb7c914c01",
      "sort": "200093900",
      "src": "collegiate",
      "section": "alpha",
      "stems": [
        "temperature",
        "temperatures"
      ],
      "offensive": false
    },
    "hwi": {
      "hw": "tem*per*a*ture",
      "prs": [
        {
          "mw": "\u02c8tem-p\u0259r-\u02ccchu\u0307r",
          "sound": {
            "audio": "temper12",
            "ref": "c",
            "stat": "1"
          }
        },
        {
          "mw": "\u02c8tem-p\u0259-"
        },
        {
          "mw": "-p(\u0259-)r\u0259-"
        },
        {
          "mw": "-ch\u0259r"
        },
        {
          "mw": "-\u02cctyu\u0307r"
        },
        {
          "mw": "-\u02cctu\u0307r",
          "sound": {
            "audio": "temper11",
            "ref": "c",
            "stat": "1"
          }
        }
      ]
    },
    "fl": "noun",
    "def": [
      {
        "sseq": [
          [
            [
              "sense",
              {
                "sn": "1 a",
                "dt": [
                  [
                    "text",
                    "{bc}degree of hotness or coldness measured on a definite scale"
                  ]
                ]
              }
            ],
            [
              "sense",
              {
                "sn": "b",
                "dt": [
                  [
                    "text",
                    "{bc}the degree of heat that is natural to the body of a living being"
                  ]
                ]
              }
            ],
            [
              "sense",
              {
                "sn": "c",
                "dt": [
                  [
                    "text",
                    "{bc}abnormally high body heat "
                  ],
                  [
                    "vis",
                    [
                      {
                        "t": "running a {wi}temperature{/wi}"
                      }
                    ]
                  ]
                ]
              }
            ]
          ],
          [
            [
              "sense",
              {
                "sn": "2 a",
                "dt": [
                  [
                    "text",
                    "{bc}relative state of emotional warmth "
                  ],
                  [
                    "vis",
                    [
                      {
                        "t": "scandals raised the political {wi}temperature{/wi}"
                      }
                    ]
                  ]
                ]
              }
            ],
            [
              "sense",
              {
                "sn": "b",
                "dt": [
                  [
                    "text",
                    "{bc}{sx|mood||} "
                  ],
                  [
                    "vis",
                    [
                      {
                        "t": "testing the {wi}temperature{/wi} of voters"
                      }
                    ]
                  ]
                ]
              }
            ]
          ],
          [
            [
              "sen",
              {
                "sn": "3",
                "sls": [
                  "archaic"
                ]
              }
            ],
            [
              "sense",
              {
                "sn": "a",
                "dt": [
                  [
                    "text",
                    "{bc}{sx|complexion||1}"
                  ]
                ]
              }
            ],
            [
              "sense",
              {
                "sn": "b",
                "dt": [
                  [
                    "text",
                    "{bc}{sx|temperament||1a}"
                  ]
                ]
              }
            ]
          ]
        ]
      }
    ],
    "et": [
      [
        "text",
        "borrowed from Latin {it}temper\u0101t\u016bra{/it} \"mixture of substances in proper proportion, adjustment between extremes, mean,\" from {it}temper\u0101tus,{/it} past participle of {it}temper\u0101re{/it} \"to moderate, bring to a proper strength or consistency by mixing, maintain in a state of balance\" + {it}-\u016bra{/it} {et_link|-ure|-ure} {ma}{mat|temper:2|}{/ma}"
      ]
    ],
    "date": "1533{ds||3||}",
    "shortdef": [
      "degree of hotness or coldness measured on a definite scale",
      "the degree of heat that is natural to the body of a living being",
      "abnormally high body heat"
    ]
  },
  {
    "meta": {
      "id": "temperature inversion",
      "uuid": "56d4378d-0df6-4c23-80fa-a9e6df39bff1",
      "sort": "200094000",
      "src": "collegiate",
      "section": "alpha",
      "stems": [
        "temperature inversion",
        "temperature inversions"
      ],
      "offensive": false
    },
    "hwi": {
      "hw": "temperature inversion"
    },
    "fl": "noun",
    "def": [
      {
        "sseq": [
          [
            [
              "sense",
              {
                "dt": [
                  [
                    "text",
                    "{bc}{sx|inversion||5}"
                  ]
                ]
              }
            ]
          ]
        ]
      }
    ],
    "date": "1921",
    "shortdef": [
      "inversion"
    ]
  },
  {
    "meta": {
      "id": "color temperature",
      "uuid": "9bb7ddfe-3ca1-4657-9aa5-bebea96535ff",
      "sort": "035449500",
      "src": "collegiate",
      "section": "alpha",
      "stems": [
        "color temperature",
        "color temperatures"
      ],
      "offensive": false
    },
    "hwi": {
      "hw": "color temperature"
    },
    "fl": "noun",
    "def": [
      {
        "sseq": [
          [
            [
              "sense",
              {
                "dt": [
                  [
                    "text",
                    "{bc}the temperature at which a blackbody emits radiant energy competent to evoke a color the same as that evoked by radiant energy from a given source (such as a lamp)"
                  ]
                ]
              }
            ]
          ]
        ]
      }
    ],
    "date": "1916",
    "shortdef": [
      "the temperature at which a blackbody emits radiant energy competent to evoke a color the same as that evoked by radiant energy from a given source (such as a lamp)"
    ]
  },
  {
    "meta": {
      "id": "body temperature",
      "uuid": "dce328d2-4f2e-42cc-a69b-0f6c5a180704",
      "sort": "3002110000",
      "src": "ld",
      "section": "idioms",
      "stems": [
        "body temperature"
      ],
      "offensive": false
    },
    "hwi": {
      "hw": "body temperature"
    },
    "fl": "noun",
    "def": [
      {
        "sseq": [
          [
            [
              "sense",
              {
                "dt": [
                  [
                    "text",
                    "{bc}the normal temperature of the human body "
                  ],
                  [
                    "vis",
                    [
                      {
                        "t": "A person's normal {it}body temperature{/it} is 98.6 degrees Fahrenheit or 37 degrees Celsius."
                      }
                    ]
                  ]
                ]
              }
            ]
          ]
        ]
      }
    ],
    "shortdef": [
      "the normal temperature of the human body"
    ]
  },
  {
    "meta": {
      "id": "raise/lower the temperature",
      "uuid": "35874746-da9a-4961-b4d2-d79db326b534",
      "sort": "3015841000",
      "src": "ld",
      "section": "idioms",
      "stems": [
        "lower the temperature",
        "raise the temperature",
        "raise/lower the temperature"
      ],
      "offensive": false
    },
    "hwi": {
      "hw": "raise/lower the temperature"
    },
    "fl": "idiom",
    "def": [
      {
        "sseq": [
          [
            [
              "sense",
              {
                "dt": [
                  [
                    "text",
                    "{bc}to make people more/less angry about a situation "
                  ],
                  [
                    "vis",
                    [
                      {
                        "t": "The governor's speech {it}raised/lowered the{/it} political {it}temperature{/it}."
                      }
                    ]
                  ]
                ]
              }
            ]
          ]
        ]
      }
    ],
    "shortdef": [
      "to make people more/less angry about a situation"
    ]
  },
  {
    "meta": {
      "id": "room temperature",
      "uuid": "f4155d1b-5d6b-4900-b8ad-36c5301f4ab7",
      "sort": "3016386000",
      "src": "ld",
      "section": "idioms",
      "stems": [
        "room temperature"
      ],
      "offensive": false
    },
    "hwi": {
      "hw": "room temperature"
    },
    "fl": "noun",
    "def": [
      {
        "sseq": [
          [
            [
              "sense",
              {
                "dt": [
                  [
                    "text",
                    "{bc}a comfortable temperature that is not too hot or too cold"
                  ]
                ]
              }
            ]
          ]
        ]
      }
    ],
    "shortdef": [
      "a comfortable temperature that is not too hot or too cold"
    ]
  },
  {
    "meta": {
      "id": "take someone's temperature",
      "uuid": "492795be-7bc7-47dd-8d40-9da8996edd66",
      "sort": "3019380000",
      "src": "ld",
      "section": "idioms",
      "stems": [
        "take someone's temperature"
      ],
      "offensive": false
    },
    "hwi": {
      "hw": "take someone's temperature"
    },
    "fl": "idiom",
    "def": [
      {
        "sseq": [
          [
            [
              "sense",
              {
                "dt": [
                  [
                    "text",
                    "{bc}to use a thermometer to find out if someone has a fever"
                  ]
                ]
              }
            ]
          ]
        ]
      }
    ],
    "shortdef": [
      "to use a thermometer to find out if someone has a fever"
    ]
  },
  {
    "meta": {
      "id": "Curie point",
      "uuid": "4ab93f5f-bdb4-440e-a5f9-a7792bd14491",
      "sort": "035779900",
      "src": "collegiate",
      "section": "alpha",
      "stems": [
        "Curie point",
        "Curie temperature"
      ],
      "offensive": false
    },
    "hwi": {
      "hw": "Curie point"
    },
    "fl": "noun",
    "def": [
      {
        "sseq": [
          [
            [
              "sense",
              {
                "sn": "1",
                "dt": [
                  [
                    "text",
                    "{bc}the temperature at which there is a transition between the ferromagnetic and paramagnetic phases"
                  ]
                ]
              }
            ]
          ],
          [
            [
              "sense",
              {
                "sn": "2",
                "dt": [
                  [
                    "text",
                    "{bc}a temperature at which the anomalies that characterize a ferroelectric substance disappear "
                  ],
                  [
                    "ca",
                    {
                      "intro": "called also",
                      "cats": [
                        {
                          "cat": "Curie temperature"
                        }
                      ]
                    }
                  ]
                ]
              }
            ]
          ]
        ]
      }
    ],
    "date": "1911{ds||1||}",
    "shortdef": [
      "the temperature at which there is a transition between the ferromagnetic and paramagnetic phases",
      "a temperature at which the anomalies that characterize a ferroelectric substance disappear \u2014called also Curie temperature"
    ]
  },
  {
    "meta": {
      "id": "run:1",
      "uuid": "2607a285-3693-4c9f-b0d1-be656f1bfae2",
      "sort": "184270000",
      "src": "collegiate",
      "section": "alpha",
      "stems": [
        "ran",
        "ran a fever",
        "ran a temperature",
        "ran a tight ship",
        "ran across",
        "ran after",
        "ran against",
        "ran by",
        "ran circles around",
        "ran dry",
        "ran her mouth",
        "ran his mouth",
        "ran interference",
        "ran into",
        "ran low on",
        "ran my mouth",
        "ran one's mouth",
        "ran our mouth",
        "ran our mouths",
        "ran past",
        "ran rings around",
        "ran riot",
        "ran short",
        "ran short of",
        "ran the numbers",
        "ran the table",
        "ran their mouth",
        "ran their mouths",
        "ran to",
        "ran upon",
        "ran with",
        "ran your mouth",
        "ran your mouths",
        "run",
        "run a fever",
        "run a temperature",
        "run a tight ship",
        "run across",
        "run after",
        "run against",
        "run by",
        "run circles around",
        "run dry",
        "run her mouth",
        "run his mouth",
        "run interference",
        "run into",
        "run low on",
        "run my mouth",
        "run one's mouth",
        "run our mouth",
        "run our mouths",
        "run past",
        "run rings around",
        "run riot",
        "run short",
        "run short of",
        "run the numbers",
        "run the table",
        "run their mouth",
        "run their mouths",
        "run to",
        "run upon",
        "run with",
        "run your mouth",
        "run your mouths",
        "running",
        "running a fever",
        "running a temperature",
        "running a tight ship",
        "running across",
        "running after",
        "running against",
        "running by",
        "running circles around",
        "running dry",
        "running her mouth",
        "running his mouth",
        "running interference",
        "running into",
        "running low on",
        "running my mouth",
        "running one's mouth",
        "running our mouth",
        "running our mouths",
        "running past",
        "running rings around",
        "running riot",
        "running short",
        "running short of",
        "running the numbers",
        "running the table",
        "running their mouth",
        "running their mouths",
        "running to",
        "running upon",
        "running with",
        "running your mouth",
        "running your mouths",
        "runs",
        "runs a fever",
        "runs a temperature",
        "runs a tight ship",
        "runs across",
        "runs after",
        "runs against",
        "runs by",
        "runs circles around",
        "runs dry",
        "runs her mouth",
        "runs his mouth",
        "runs interference",
        "runs into",
        "runs low on",
        "runs one's mouth",
        "runs past",
        "runs rings around",
        "runs riot",
        "runs short",
        "runs short of",
        "runs the numbers",
        "runs the table",
        "runs to",
        "runs upon",
        "runs with"
      ],
      "offensive": false
    },
    "hom": 1,
    "hwi": {
      "hw": "run",
      "prs": [
        {
          "mw": "\u02c8r\u0259n",
          "sound": {
            "audio": "run00001",
            "ref": "c",
            "stat": "1"
          }
        }
      ]
    },
    "fl": "verb",
    "ins": [
      {
        "if": "ran",
        "prs": [
          {
            "mw": "\u02c8ran",
            "sound": {
              "audio": "run00002",
              "ref": "c",
              "stat": "1"
            }
          }
        ]
      },
      {
        "il": "also chiefly dialectal",
        "if": "run"
      },
      {
        "if": "run"
      },
      {
        "if": "run*ning"
      }
    ],
    "def": [
      {
        "vd": "intransitive verb",
        "sseq": [
          [
            [
              "sense",
              {
                "sn": "1 a",
                "dt": [
                  [
                    "text",
                    "{bc}to go faster than a walk"
                  ]
                ],
                "sdsense": {
                  "sd": "specifically",
                  "dt": [
                    [
                      "text",
                      "{bc}to go steadily by springing steps so that both feet leave the ground for an instant in each step"
                    ]
                  ]
                }
              }
            ],
            [
              "sense",
              {
                "sn": "b",
                "sls": [
                  "of a horse"
                ],
                "dt": [
                  [
                    "text",
                    "{bc}to move at a fast gallop"
                  ]
                ]
              }
            ],
            [
              "sense",
              {
                "sn": "c",
                "dt": [
                  [
                    "text",
                    "{bc}{sx|flee||}, {sx|retreat||}, {sx|escape||} "
                  ],
                  [
                    "vis",
                    [
                      {
                        "t": "dropped the gun and {it}ran{/it}"
                      }
                    ]
                  ]
                ]
              }
            ],
            [
              "sense",
              {
                "sn": "d",
                "dt": [
                  [
                    "text",
                    "{bc}to utilize a running play on offense "
                  ],
                  [
                    "uns",
                    [
                      [
                        [
                          "text",
                          "used of a football team"
                        ]
                      ]
                    ]
                  ]
                ]
              }
            ]
          ],
          [
            [
              "sense",
              {
                "sn": "2 a",
                "dt": [
                  [
                    "text",
                    "{bc}to go without restraint {bc}move freely about at will "
                  ],
                  [
                    "vis",
                    [
                      {
                        "t": "let chickens {wi}run{/wi} loose"
                      }
                    ]
                  ]
                ]
              }
            ],
            [
              "sense",
              {
                "sn": "b",
                "dt": [
                  [
                    "text",
                    "{bc}to keep company {bc}{sx|consort||} "
                  ],
                  [
                    "vis",
                    [
                      {
                        "t": "a ram {it}running{/it} with ewes"
                      },
                      {
                        "t": "{it}ran{/it} with a wild crowd when he was young"
                      }
                    ]
                  ]
                ]
              }
            ],
            [
              "sense",
              {
                "sn": "c",
                "dt": [
                  [
                    "text",
                    "{bc}to sail before the wind in distinction from reaching or sailing close-hauled"
                  ]
                ]
              }
            ],
            [
              "sense",
              {
                "sn": "d",
                "dt": [
                  [
                    "text",
                    "{bc}{sx|roam||}, {sx|rove||} "
                  ],
                  [
                    "vis",
                    [
                      {
                        "t": "{it}running{/it} about with no overcoat"
                      }
                    ]
                  ]
                ]
              }
            ]
          ],
          [
            [
              "sense",
              {
                "sn": "3 a",
                "dt": [
                  [
                    "text",
                    "{bc}to go rapidly or hurriedly {bc}{sx|hasten||} "
                  ],
                  [
                    "vis",
                    [
                      {
                        "t": "{wi}run{/wi} and fetch the doctor"
                      }
                    ]
                  ]
                ]
              }
            ],
            [
              "sense",
              {
                "sn": "b",
                "dt": [
                  [
                    "text",
                    "{bc}to go in urgency or distress {bc}{sx|resort||} "
                  ],
                  [
                    "vis",
                    [
                      {
                        "t": "{wi}runs{/wi} to mother at every little difficulty"
                      }
                    ]
                  ]
                ]
              }
            ],
            [
              "sense",
              {
                "sn": "c",
                "dt": [
                  [
                    "text",
                    "{bc}to make a quick, easy, or casual trip or visit "
                  ],
                  [
                    "vis",
                    [
                      {
                        "t": "{it}ran{/it} over to borrow some sugar"
                      }
                    ]
                  ]
                ]
              }
            ]
          ],
          [
            [
              "sense",
              {
                "sn": "4 a",
                "dt": [
                  [
                    "text",
                    "{bc}to contend in a race"
                  ]
                ]
              }
            ],
            [
              "sense",
              {
                "sn": "b",
                "dt": [
                  [
                    "text",
                    "{bc}to enter into an election contest "
                  ],
                  [
                    "vis",
                    [
                      {
                        "t": "will {wi}run{/wi} for mayor"
                      }
                    ]
                  ]
                ]
              }
            ]
          ],
          [
            [
              "sense",
              {
                "sn": "5 a",
                "dt": [
                  [
                    "text",
                    "{bc}to move on or as if on wheels {bc}{sx|glide||} "
                  ],
                  [
                    "vis",
                    [
                      {
                        "t": "file drawers {it}running{/it} on ball bearings"
                      }
                    ]
                  ]
                ]
              }
            ],
            [
              "sense",
              {
                "sn": "b",
                "dt": [
                  [
                    "text",
                    "{bc}to roll forward rapidly or freely"
                  ]
                ]
              }
            ],
            [
              "sense",
              {
                "sn": "c",
                "dt": [
                  [
                    "text",
                    "{bc}to pass or slide freely "
                  ],
                  [
                    "vis",
                    [
                      {
                        "t": "a rope {wi}runs{/wi} through the pulley"
                      }
                    ]
                  ]
                ]
              }
            ],
            [
              "sense",
              {
                "sn": "d",
                "dt": [
                  [
                    "text",
                    "{bc}to ravel lengthwise "
                  ],
                  [
                    "vis",
                    [
                      {
                        "t": "stockings guaranteed not to {wi}run{/wi}"
                      }
                    ]
                  ]
                ]
              }
            ]
          ],
          [
            [
              "sense",
              {
                "sn": "6",
                "dt": [
                  [
                    "text",
                    "{bc}to sing or play a musical passage quickly "
                  ],
                  [
                    "vis",
                    [
                      {
                        "t": "{wi}run{/wi} up the scale"
                      }
                    ]
                  ]
                ]
              }
            ]
          ],
          [
            [
              "sense",
              {
                "sn": "7 a",
                "dt": [
                  [
                    "text",
                    "{bc}to go back and forth {bc}{sx|ply||} "
                  ],
                  [
                    "vis",
                    [
                      {
                        "t": "the train {wi}runs{/wi} between New York and Washington"
                      }
                    ]
                  ]
                ]
              }
            ],
            [
              "sense",
              {
                "sn": "b",
                "sls": [
                  "of fish"
                ],
                "dt": [
                  [
                    "text",
                    "{bc}to migrate or move in considerable numbers"
                  ]
                ],
                "sdsense": {
                  "sd": "especially",
                  "dt": [
                    [
                      "text",
                      "{bc}to move up or down a river to spawn"
                    ]
                  ]
                }
              }
            ]
          ],
          [
            [
              "sense",
              {
                "sn": "8 a",
                "dt": [
                  [
                    "text",
                    "{bc}{sx|turn||}, {sx|rotate||} "
                  ],
                  [
                    "vis",
                    [
                      {
                        "t": "a swiftly {it}running{/it} grindstone"
                      }
                    ]
                  ]
                ]
              }
            ],
            [
              "sense",
              {
                "sn": "b",
                "dt": [
                  [
                    "text",
                    "{bc}{sx|function||}, {sx|operate||} "
                  ],
                  [
                    "vis",
                    [
                      {
                        "t": "the engine {wi}runs{/wi} on gasoline"
                      },
                      {
                        "t": "software that {wi}runs{/wi} on her computer"
                      }
                    ]
                  ]
                ]
              }
            ]
          ],
          [
            [
              "pseq",
              [
                [
                  "sense",
                  {
                    "sn": "9 a (1)",
                    "dt": [
                      [
                        "text",
                        "{bc}to continue in force, operation, or production "
                      ],
                      [
                        "vis",
                        [
                          {
                            "t": "the contract has two more years to {wi}run{/wi}"
                          },
                          {
                            "t": "the play {it}ran{/it} for six months"
                          }
                        ]
                      ]
                    ]
                  }
                ],
                [
                  "sense",
                  {
                    "sn": "(2)",
                    "dt": [
                      [
                        "text",
                        "{bc}to have a specified duration, extent, or length "
                      ],
                      [
                        "vis",
                        [
                          {
                            "t": "the manuscript {wi}runs{/wi} nearly 500 pages"
                          }
                        ]
                      ]
                    ]
                  }
                ]
              ]
            ],
            [
              "sense",
              {
                "sn": "b",
                "dt": [
                  [
                    "text",
                    "{bc}to accompany as a valid obligation or right "
                  ],
                  [
                    "vis",
                    [
                      {
                        "t": "a right-of-way that {wi}runs{/wi} with the land"
                      }
                    ]
                  ]
                ]
              }
            ],
            [
              "sense",
              {
                "sn": "c",
                "dt": [
                  [
                    "text",
                    "{bc}to continue to accrue or become payable "
                  ],
                  [
                    "vis",
                    [
                      {
                        "t": "interest on the loan {wi}runs{/wi} from July 1"
                      }
                    ]
                  ]
                ]
              }
            ]
          ],
          [
            [
              "sense",
              {
                "sn": "10",
                "dt": [
                  [
                    "text",
                    "{bc}to pass from one state to another "
                  ],
                  [
                    "vis",
                    [
                      {
                        "t": "{wi}run{/wi} into debt"
                      }
                    ]
                  ]
                ]
              }
            ]
          ],
          [
            [
              "sense",
              {
                "sn": "11 a",
                "dt": [
                  [
                    "text",
                    "{bc}to flow rapidly or under pressure"
                  ]
                ]
              }
            ],
            [
              "sense",
              {
                "sn": "b",
                "dt": [
                  [
                    "text",
                    "{bc}{sx|melt||}, {sx|fuse||}"
                  ]
                ]
              }
            ],
            [
              "sense",
              {
                "sn": "c",
                "dt": [
                  [
                    "text",
                    "{bc}{sx|spread||}, {sx|dissolve||} "
                  ],
                  [
                    "vis",
                    [
                      {
                        "t": "colors guaranteed not to {wi}run{/wi}"
                      }
                    ]
                  ]
                ]
              }
            ],
            [
              "sense",
              {
                "sn": "d",
                "dt": [
                  [
                    "text",
                    "{bc}to discharge liquid (such as pus or serum) "
                  ],
                  [
                    "vis",
                    [
                      {
                        "t": "a {it}running{/it} sore"
                      }
                    ]
                  ]
                ]
              }
            ]
          ],
          [
            [
              "sense",
              {
                "sn": "12 a",
                "dt": [
                  [
                    "text",
                    "{bc}to develop rapidly in some specific direction"
                  ]
                ],
                "sdsense": {
                  "sd": "especially",
                  "dt": [
                    [
                      "text",
                      "{bc}to throw out an elongated shoot of growth"
                    ]
                  ]
                }
              }
            ],
            [
              "sense",
              {
                "sn": "b",
                "dt": [
                  [
                    "text",
                    "{bc}to tend to produce or develop a specified quality or feature "
                  ],
                  [
                    "vis",
                    [
                      {
                        "t": "they {wi}run{/wi} to big noses in that family"
                      }
                    ]
                  ]
                ]
              }
            ]
          ],
          [
            [
              "sense",
              {
                "sn": "13 a",
                "dt": [
                  [
                    "text",
                    "{bc}to lie in or take a certain direction "
                  ],
                  [
                    "vis",
                    [
                      {
                        "t": "the boundary line {wi}runs{/wi} east"
                      }
                    ]
                  ]
                ]
              }
            ],
            [
              "sense",
              {
                "sn": "b",
                "dt": [
                  [
                    "text",
                    "{bc}to lie or extend in relation to something"
                  ]
                ]
              }
            ],
            [
              "sense",
              {
                "sn": "c",
                "dt": [
                  [
                    "text",
                    "{bc}to go back {bc}{sx|reach||}"
                  ]
                ]
              }
            ],
            [
              "pseq",
              [
                [
                  "sense",
                  {
                    "sn": "d (1)",
                    "dt": [
                      [
                        "text",
                        "{bc}to be in a certain form or expression "
                      ],
                      [
                        "vis",
                        [
                          {
                            "t": "the letter {wi}runs{/wi} as follows"
                          }
                        ]
                      ]
                    ]
                  }
                ],
                [
                  "sense",
                  {
                    "sn": "(2)",
                    "dt": [
                      [
                        "text",
                        "{bc}to be in a certain order of succession"
                      ]
                    ]
                  }
                ]
              ]
            ]
          ],
          [
            [
              "sense",
              {
                "sn": "14 a",
                "dt": [
                  [
                    "text",
                    "{bc}to occur persistently "
                  ],
                  [
                    "vis",
                    [
                      {
                        "t": "musical talent {wi}runs{/wi} in the family"
                      }
                    ]
                  ]
                ]
              }
            ],
            [
              "pseq",
              [
                [
                  "sense",
                  {
                    "sn": "b (1)",
                    "dt": [
                      [
                        "text",
                        "{bc}to remain of a specified size, amount, character, or quality "
                      ],
                      [
                        "vis",
                        [
                          {
                            "t": "profits were {it}running{/it} high"
                          }
                        ]
                      ]
                    ]
                  }
                ],
                [
                  "sense",
                  {
                    "sn": "(2)",
                    "dt": [
                      [
                        "text",
                        "{bc}to have or maintain a relative position or condition (as in a race) "
                      ],
                      [
                        "vis",
                        [
                          {
                            "t": "{it}ran{/it} third"
                          },
                          {
                            "t": "{it}running{/it} late"
                          }
                        ]
                      ]
                    ]
                  }
                ]
              ]
            ],
            [
              "sense",
              {
                "sn": "c",
                "dt": [
                  [
                    "text",
                    "{bc}to exist or occur in a continuous range of variation "
                  ],
                  [
                    "vis",
                    [
                      {
                        "t": "shades {wi}run{/wi} from white to dark gray"
                      }
                    ]
                  ]
                ]
              }
            ]
          ],
          [
            [
              "sense",
              {
                "sn": "15 a",
                "dt": [
                  [
                    "text",
                    "{bc}to spread or pass quickly from point to point "
                  ],
                  [
                    "vis",
                    [
                      {
                        "t": "chills {it}ran{/it} up her spine"
                      }
                    ]
                  ]
                ]
              }
            ],
            [
              "sense",
              {
                "sn": "b",
                "dt": [
                  [
                    "text",
                    "{bc}to be current {bc}{sx|circulate||} "
                  ],
                  [
                    "vis",
                    [
                      {
                        "t": "speculation {it}ran{/it} rife"
                      }
                    ]
                  ]
                ]
              }
            ]
          ]
        ]
      },
      {
        "vd": "transitive verb",
        "sseq": [
          [
            [
              "sense",
              {
                "sn": "1 a",
                "dt": [
                  [
                    "text",
                    "{bc}to cause (an animal) to go rapidly {bc}ride or drive fast"
                  ]
                ]
              }
            ],
            [
              "sense",
              {
                "sn": "b",
                "dt": [
                  [
                    "text",
                    "{bc}to bring to a specified condition by or as if by running "
                  ],
                  [
                    "vis",
                    [
                      {
                        "t": "{it}ran{/it} himself to death"
                      }
                    ]
                  ]
                ]
              }
            ],
            [
              "sense",
              {
                "sn": "c",
                "dt": [
                  [
                    "text",
                    "{bc}to go in pursuit of {bc}{sx|hunt||}, {sx|chase||} "
                  ],
                  [
                    "vis",
                    [
                      {
                        "t": "dogs that {wi}run{/wi} deer"
                      }
                    ]
                  ]
                ]
              }
            ],
            [
              "sense",
              {
                "sn": "d",
                "dt": [
                  [
                    "text",
                    "{bc}to follow the trail of backward {bc}{sx|trace||} "
                  ],
                  [
                    "vis",
                    [
                      {
                        "t": "{it}ran{/it} the rumor to its source"
                      }
                    ]
                  ]
                ]
              }
            ],
            [
              "sense",
              {
                "sn": "e",
                "dt": [
                  [
                    "text",
                    "{bc}to enter, register, or enroll as a contestant in a race"
                  ]
                ]
              }
            ],
            [
              "sense",
              {
                "sn": "f",
                "dt": [
                  [
                    "text",
                    "{bc}to put forward as a candidate for office"
                  ]
                ]
              }
            ],
            [
              "sense",
              {
                "sn": "g",
                "dt": [
                  [
                    "text",
                    "{bc}to carry (the football) on a running play"
                  ]
                ]
              }
            ]
          ],
          [
            [
              "sense",
              {
                "sn": "2 a",
                "dt": [
                  [
                    "text",
                    "{bc}to drive (livestock) especially to a grazing place"
                  ]
                ]
              }
            ],
            [
              "sense",
              {
                "sn": "b",
                "dt": [
                  [
                    "text",
                    "{bc}to provide pasturage for (livestock)"
                  ]
                ]
              }
            ],
            [
              "sense",
              {
                "sn": "c",
                "dt": [
                  [
                    "text",
                    "{bc}to keep or maintain (livestock) on or as if on pasturage"
                  ]
                ]
              }
            ]
          ],
          [
            [
              "pseq",
              [
                [
                  "sense",
                  {
                    "sn": "3 a (1)",
                    "dt": [
                      [
                        "text",
                        "{bc}to pass over or traverse with speed"
                      ]
                    ]
                  }
                ],
                [
                  "sense",
                  {
                    "sn": "(2)",
                    "dt": [
                      [
                        "text",
                        "{bc}to run on or over in athletic competition "
                      ],
                      [
                        "vis",
                        [
                          {
                            "t": "{wi}runs{/wi} the bases well"
                          },
                          {
                            "t": "{wi}run{/wi} the floor"
                          }
                        ]
                      ]
                    ]
                  }
                ]
              ]
            ],
            [
              "sense",
              {
                "sn": "b",
                "dt": [
                  [
                    "text",
                    "{bc}to accomplish or perform by or as if by running "
                  ],
                  [
                    "vis",
                    [
                      {
                        "t": "{it}ran{/it} a great race"
                      },
                      {
                        "t": "{wi}run{/wi} errands"
                      }
                    ]
                  ]
                ]
              }
            ],
            [
              "sense",
              {
                "sn": "c",
                "dt": [
                  [
                    "text",
                    "{bc}to slip or go through or past "
                  ],
                  [
                    "vis",
                    [
                      {
                        "t": "{wi}run{/wi} a blockade"
                      },
                      {
                        "t": "{wi}run{/wi} a red light"
                      }
                    ]
                  ]
                ]
              }
            ],
            [
              "sense",
              {
                "sn": "d",
                "dt": [
                  [
                    "text",
                    "{bc}to travel on in a boat "
                  ],
                  [
                    "vis",
                    [
                      {
                        "t": "{wi}run{/wi} the rapids"
                      }
                    ]
                  ]
                ]
              }
            ]
          ],
          [
            [
              "sense",
              {
                "sn": "4 a",
                "dt": [
                  [
                    "text",
                    "{bc}to cause to penetrate or enter {bc}{sx|thrust||} "
                  ],
                  [
                    "vis",
                    [
                      {
                        "t": "{it}ran{/it} a splinter into her toe"
                      }
                    ]
                  ]
                ]
              }
            ],
            [
              "sense",
              {
                "sn": "b",
                "dt": [
                  [
                    "text",
                    "{bc}{sx|stitch||}"
                  ]
                ]
              }
            ],
            [
              "sense",
              {
                "sn": "c",
                "dt": [
                  [
                    "text",
                    "{bc}to cause to pass {bc}{sx|lead||} "
                  ],
                  [
                    "vis",
                    [
                      {
                        "t": "{wi}run{/wi} a wire in from the antenna"
                      }
                    ]
                  ]
                ]
              }
            ],
            [
              "sense",
              {
                "sn": "d",
                "dt": [
                  [
                    "text",
                    "{bc}to cause to collide "
                  ],
                  [
                    "vis",
                    [
                      {
                        "t": "{it}ran{/it} his head into a post"
                      }
                    ]
                  ]
                ]
              }
            ],
            [
              "sense",
              {
                "sn": "e",
                "dt": [
                  [
                    "text",
                    "{bc}{sx|smuggle||} "
                  ],
                  [
                    "vis",
                    [
                      {
                        "t": "{wi}run{/wi} guns"
                      }
                    ]
                  ]
                ]
              }
            ]
          ],
          [
            [
              "sense",
              {
                "sn": "5",
                "dt": [
                  [
                    "text",
                    "{bc}to cause to pass lightly or quickly over, along, or into something "
                  ],
                  [
                    "vis",
                    [
                      {
                        "t": "{it}ran{/it} her eye down the list"
                      }
                    ]
                  ]
                ]
              }
            ]
          ],
          [
            [
              "sense",
              {
                "sn": "6 a",
                "dt": [
                  [
                    "text",
                    "{bc}to cause or allow (a vehicle or a vessel) to go in a specified manner or direction "
                  ],
                  [
                    "vis",
                    [
                      {
                        "t": "{it}ran{/it} the car off the road"
                      }
                    ]
                  ]
                ]
              }
            ],
            [
              "sense",
              {
                "sn": "b",
                "dt": [
                  [
                    "text",
                    "{bc}{sx|operate||} "
                  ],
                  [
                    "vis",
                    [
                      {
                        "t": "{wi}run{/wi} a lathe"
                      }
                    ]
                  ]
                ]
              }
            ],
            [
              "sense",
              {
                "sn": "c",
                "dt": [
                  [
                    "text",
                    "{bc}to direct the business or activities of {bc}{sx|manage||}, {sx|conduct||} "
                  ],
                  [
                    "vis",
                    [
                      {
                        "t": "{wi}run{/wi} a factory"
                      }
                    ]
                  ]
                ]
              }
            ],
            [
              "sense",
              {
                "sn": "d",
                "dt": [
                  [
                    "text",
                    "{bc}to employ or supervise in espionage "
                  ],
                  [
                    "vis",
                    [
                      {
                        "t": "{wi}run{/wi} an agent"
                      }
                    ]
                  ]
                ]
              }
            ]
          ],
          [
            [
              "sense",
              {
                "sn": "7 a",
                "dt": [
                  [
                    "text",
                    "{bc}to be full of or drenched with "
                  ],
                  [
                    "vis",
                    [
                      {
                        "t": "streets {it}ran{/it} blood"
                      }
                    ]
                  ]
                ]
              }
            ],
            [
              "sense",
              {
                "sn": "b",
                "dt": [
                  [
                    "text",
                    "{bc}{sx|contain||}, {sx|assay||}"
                  ]
                ]
              }
            ]
          ],
          [
            [
              "sense",
              {
                "sn": "8 a",
                "dt": [
                  [
                    "text",
                    "{bc}to cause to move or flow in a specified way or into a specified position "
                  ],
                  [
                    "vis",
                    [
                      {
                        "t": "{wi}run{/wi} cards into a file"
                      }
                    ]
                  ]
                ]
              }
            ],
            [
              "sense",
              {
                "sn": "b",
                "dt": [
                  [
                    "text",
                    "{bc}to cause to produce a flow (as of water) "
                  ],
                  [
                    "vis",
                    [
                      {
                        "t": "{wi}run{/wi} the faucet"
                      }
                    ]
                  ]
                ],
                "sdsense": {
                  "sd": "also",
                  "dt": [
                    [
                      "text",
                      "{bc}to prepare by running a faucet "
                    ],
                    [
                      "vis",
                      [
                        {
                          "t": "{wi}run{/wi} a hot bath"
                        }
                      ]
                    ]
                  ]
                }
              }
            ]
          ],
          [
            [
              "sense",
              {
                "sn": "9 a",
                "dt": [
                  [
                    "text",
                    "{bc}to melt and cast in a mold "
                  ],
                  [
                    "vis",
                    [
                      {
                        "t": "{wi}run{/wi} bullets"
                      }
                    ]
                  ]
                ]
              }
            ],
            [
              "sense",
              {
                "sn": "b",
                "dt": [
                  [
                    "text",
                    "{bc}{sx|treat||}, {sx|process||}, {sx|refine||} "
                  ],
                  [
                    "vis",
                    [
                      {
                        "t": "{wi}run{/wi} oil in a still"
                      },
                      {
                        "t": "{wi}run{/wi} a problem through a computer"
                      }
                    ]
                  ]
                ]
              }
            ]
          ],
          [
            [
              "sense",
              {
                "sn": "10",
                "dt": [
                  [
                    "text",
                    "{bc}to make oneself liable to {bc}{sx|incur||} "
                  ],
                  [
                    "vis",
                    [
                      {
                        "t": "{it}ran{/it} the risk of discovery"
                      }
                    ]
                  ]
                ]
              }
            ]
          ],
          [
            [
              "sense",
              {
                "sn": "11",
                "dt": [
                  [
                    "text",
                    "{bc}to mark out {bc}{sx|draw||} "
                  ],
                  [
                    "vis",
                    [
                      {
                        "t": "{wi}run{/wi} a contour line on a map"
                      }
                    ]
                  ]
                ]
              }
            ]
          ],
          [
            [
              "sense",
              {
                "sn": "12 a",
                "dt": [
                  [
                    "text",
                    "{bc}to permit (charges) to accumulate before settling "
                  ],
                  [
                    "vis",
                    [
                      {
                        "t": "{wi}run{/wi} a tab at the bar"
                      }
                    ]
                  ],
                  [
                    "uns",
                    [
                      [
                        [
                          "text",
                          "often used with {it}up{/it} "
                        ],
                        [
                          "vis",
                          [
                            {
                              "t": "{it}ran{/it} up a large phone bill"
                            }
                          ]
                        ]
                      ]
                    ]
                  ]
                ]
              }
            ],
            [
              "sense",
              {
                "sn": "b",
                "dt": [
                  [
                    "text",
                    "{bc}{sx|cost||1} "
                  ],
                  [
                    "vis",
                    [
                      {
                        "t": "rooms that {wi}run{/wi} $50 a night"
                      }
                    ]
                  ]
                ]
              }
            ]
          ],
          [
            [
              "sense",
              {
                "sn": "13 a",
                "dt": [
                  [
                    "text",
                    "{bc}to produce by or as if by printing "
                  ],
                  [
                    "uns",
                    [
                      [
                        [
                          "text",
                          "usually used with {it}off{/it} "
                        ],
                        [
                          "vis",
                          [
                            {
                              "t": "{it}ran{/it} off 10,000 copies of the first edition"
                            }
                          ]
                        ]
                      ]
                    ]
                  ]
                ]
              }
            ],
            [
              "sense",
              {
                "sn": "b",
                "dt": [
                  [
                    "text",
                    "{bc}to carry in a printed medium {bc}{sx|print||} "
                  ],
                  [
                    "vis",
                    [
                      {
                        "t": "every newspaper {it}ran{/it} the story"
                      }
                    ]
                  ]
                ]
              }
            ]
          ],
          [
            [
              "sense",
              {
                "sn": "14 a",
                "dt": [
                  [
                    "text",
                    "{bc}to make (a series of counts) without a miss "
                  ],
                  [
                    "vis",
                    [
                      {
                        "t": "{wi}run{/wi} 19 in an inning in billiards"
                      }
                    ]
                  ]
                ]
              }
            ],
            [
              "sense",
              {
                "sn": "b",
                "dt": [
                  [
                    "text",
                    "{bc}to lead winning cards of (a suit) successively"
                  ]
                ]
              }
            ],
            [
              "sense",
              {
                "sn": "c",
                "dt": [
                  [
                    "text",
                    "{bc}to alter by addition "
                  ],
                  [
                    "vis",
                    [
                      {
                        "t": "{it}ran{/it} his record to six wins and four losses"
                      }
                    ]
                  ]
                ]
              }
            ]
          ],
          [
            [
              "sense",
              {
                "sn": "15",
                "dt": [
                  [
                    "text",
                    "{bc}to make (a golf ball) roll forward after alighting"
                  ]
                ]
              }
            ]
          ],
          [
            [
              "sense",
              {
                "sn": "16",
                "sls": [
                  "baseball"
                ],
                "dt": [
                  [
                    "text",
                    "{bc}to eject (a player, coach, or manager) from a game "
                  ],
                  [
                    "vis",
                    [
                      {
                        "t": "Ron Luciano {wi}ran{/wi} Weaver early in game one of a doubleheader in 1975, and then {wi}ran{/wi} him again during the lineup meeting prior to the start of game two.",
                        "aq": {
                          "auth": "Jeff Burd"
                        }
                      }
                    ]
                  ]
                ]
              }
            ]
          ]
        ]
      }
    ],
    "dros": [
      {
        "drp": "run across",
        "def": [
          {
            "sseq": [
              [
                [
                  "sense",
                  {
                    "dt": [
                      [
                        "text",
                        "{bc}to meet with or discover by chance"
                      ]
                    ]
                  }
                ]
              ]
            ]
          }
        ]
      },
      {
        "drp": "run a fever",
        "vrs": [
          {
            "vl": "or",
            "va": "run a temperature"
          }
        ],
        "def": [
          {
            "sseq": [
              [
                [
                  "sense",
                  {
                    "dt": [
                      [
                        "text",
                        "{bc}to have a fever"
                      ]
                    ]
                  }
                ]
              ]
            ]
          }
        ]
      },
      {
        "drp": "run after",
        "def": [
          {
            "sseq": [
              [
                [
                  "sense",
                  {
                    "sn": "1",
                    "dt": [
                      [
                        "text",
                        "{bc}{sx|pursue||}, {sx|chase||}"
                      ]
                    ],
                    "sdsense": {
                      "sd": "especially",
                      "dt": [
                        [
                          "text",
                          "{bc}to seek the company of"
                        ]
                      ]
                    }
                  }
                ]
              ],
              [
                [
                  "sense",
                  {
                    "sn": "2",
                    "dt": [
                      [
                        "text",
                        "{bc}to take up with {bc}{sx|follow||} "
                      ],
                      [
                        "vis",
                        [
                          {
                            "t": "{it}run after{/it} new theories"
                          }
                        ]
                      ]
                    ]
                  }
                ]
              ]
            ]
          }
        ]
      },
      {
        "drp": "run against",
        "def": [
          {
            "sseq": [
              [
                [
                  "sense",
                  {
                    "sn": "1",
                    "dt": [
                      [
                        "text",
                        "{bc}to meet suddenly or unexpectedly"
                      ]
                    ]
                  }
                ]
              ],
              [
                [
                  "sense",
                  {
                    "sn": "2",
                    "dt": [
                      [
                        "text",
                        "{bc}to work or take effect unfavorably to {bc}{sx|disfavor||}, {sx|oppose||}"
                      ]
                    ]
                  }
                ]
              ]
            ]
          }
        ]
      },
      {
        "drp": "run a tight ship",
        "def": [
          {
            "sseq": [
              [
                [
                  "sense",
                  {
                    "dt": [
                      [
                        "text",
                        "{bc}to have strict and exacting standards in controlling or managing something (such as a business)"
                      ]
                    ]
                  }
                ]
              ]
            ]
          }
        ]
      },
      {
        "drp": "run by",
        "vrs": [
          {
            "vl": "or",
            "va": "run past"
          }
        ],
        "def": [
          {
            "sseq": [
              [
                [
                  "sense",
                  {
                    "dt": [
                      [
                        "text",
                        "{bc}to present to (as for evaluation) "
                      ],
                      [
                        "vis",
                        [
                          {
                            "t": "{it}ran{/it} some ideas {it}by{/it} her"
                          }
                        ]
                      ]
                    ]
                  }
                ]
              ]
            ]
          }
        ]
      },
      {
        "drp": "run circles around",
        "vrs": [
          {
            "vl": "or",
            "va": "run rings around"
          }
        ],
        "def": [
          {
            "sseq": [
              [
                [
                  "sense",
                  {
                    "dt": [
                      [
                        "text",
                        "{bc}to show marked superiority over {bc}defeat decisively or overwhelmingly"
                      ]
                    ]
                  }
                ]
              ]
            ]
          }
        ]
      },
      {
        "drp": "run dry",
        "def": [
          {
            "sseq": [
              [
                [
                  "sense",
                  {
                    "sn": "1",
                    "dt": [
                      [
                        "text",
                        "{bc}to use up an available supply"
                      ]
                    ]
                  }
                ]
              ],
              [
                [
                  "sense",
                  {
                    "sn": "2",
                    "dt": [
                      [
                        "text",
                        "{bc}to become exhausted or spent "
                      ],
                      [
                        "vis",
                        [
                          {
                            "t": "his inspiration had {it}run dry{/it}"
                          }
                        ]
                      ]
                    ]
                  }
                ]
              ]
            ]
          }
        ]
      },
      {
        "drp": "run interference",
        "def": [
          {
            "sseq": [
              [
                [
                  "sense",
                  {
                    "dt": [
                      [
                        "text",
                        "{bc}to provide assistance by or as if by clearing a path through obstructions "
                      ],
                      [
                        "vis",
                        [
                          {
                            "t": "{it}ran interference{/it} for me with the press"
                          }
                        ]
                      ]
                    ]
                  }
                ]
              ]
            ]
          }
        ]
      },
      {
        "drp": "run into",
        "def": [
          {
            "sseq": [
              [
                [
                  "sense",
                  {
                    "sn": "1 a",
                    "dt": [
                      [
                        "text",
                        "{bc}to change or transform into {bc}{sx|become||}"
                      ]
                    ]
                  }
                ],
                [
                  "sense",
                  {
                    "sn": "b",
                    "dt": [
                      [
                        "text",
                        "{bc}to merge with"
                      ]
                    ]
                  }
                ],
                [
                  "sense",
                  {
                    "sn": "c",
                    "dt": [
                      [
                        "text",
                        "{bc}to mount up to "
                      ],
                      [
                        "vis",
                        [
                          {
                            "t": "their yearly income often {it}runs into{/it} six figures"
                          }
                        ]
                      ]
                    ]
                  }
                ]
              ],
              [
                [
                  "sense",
                  {
                    "sn": "2 a",
                    "dt": [
                      [
                        "text",
                        "{bc}to collide with"
                      ]
                    ]
                  }
                ],
                [
                  "sense",
                  {
                    "sn": "b",
                    "dt": [
                      [
                        "text",
                        "{bc}to meet by chance "
                      ],
                      [
                        "vis",
                        [
                          {
                            "t": "{it}ran into{/it} an old classmate the other day"
                          }
                        ]
                      ]
                    ]
                  }
                ]
              ]
            ]
          }
        ]
      },
      {
        "drp": "run low on",
        "def": [
          {
            "sseq": [
              [
                [
                  "sense",
                  {
                    "dt": [
                      [
                        "text",
                        "{bc}to approach running out of "
                      ],
                      [
                        "vis",
                        [
                          {
                            "t": "{it}running low on{/it} options"
                          }
                        ]
                      ]
                    ]
                  }
                ]
              ]
            ]
          }
        ]
      },
      {
        "drp": "run one's mouth",
        "def": [
          {
            "sseq": [
              [
                [
                  "sense",
                  {
                    "dt": [
                      [
                        "text",
                        "{bc}to talk excessively or foolishly"
                      ]
                    ]
                  }
                ]
              ]
            ]
          }
        ]
      },
      {
        "drp": "run riot",
        "def": [
          {
            "sseq": [
              [
                [
                  "sense",
                  {
                    "sn": "1",
                    "dt": [
                      [
                        "text",
                        "{bc}to act wildly or without restraint"
                      ]
                    ]
                  }
                ]
              ],
              [
                [
                  "sense",
                  {
                    "sn": "2",
                    "dt": [
                      [
                        "text",
                        "{bc}to occur in profusion "
                      ],
                      [
                        "vis",
                        [
                          {
                            "t": "daffodils {it}running riot{/it}"
                          }
                        ]
                      ]
                    ]
                  }
                ]
              ]
            ]
          }
        ]
      },
      {
        "drp": "run short",
        "def": [
          {
            "sseq": [
              [
                [
                  "sense",
                  {
                    "dt": [
                      [
                        "text",
                        "{bc}to become insufficient"
                      ]
                    ]
                  }
                ]
              ]
            ]
          }
        ]
      },
      {
        "drp": "run short of",
        "def": [
          {
            "sseq": [
              [
                [
                  "sense",
                  {
                    "dt": [
                      [
                        "text",
                        "{bc}to use up {bc}run low on"
                      ]
                    ]
                  }
                ]
              ]
            ]
          }
        ]
      },
      {
        "drp": "run the numbers",
        "def": [
          {
            "sseq": [
              [
                [
                  "sense",
                  {
                    "dt": [
                      [
                        "text",
                        "{bc}to perform calculations"
                      ]
                    ]
                  }
                ]
              ]
            ]
          }
        ]
      },
      {
        "drp": "run the table",
        "def": [
          {
            "sseq": [
              [
                [
                  "sense",
                  {
                    "sn": "1",
                    "dt": [
                      [
                        "text",
                        "{bc}to sink all remaining shots without missing in pool"
                      ]
                    ]
                  }
                ]
              ],
              [
                [
                  "sense",
                  {
                    "sn": "2",
                    "dt": [
                      [
                        "text",
                        "{bc}to win all remaining contests"
                      ]
                    ]
                  }
                ]
              ]
            ]
          }
        ]
      },
      {
        "drp": "run to",
        "def": [
          {
            "sseq": [
              [
                [
                  "sense",
                  {
                    "dt": [
                      [
                        "text",
                        "{bc}to mount up to "
                      ],
                      [
                        "vis",
                        [
                          {
                            "t": "the book {it}runs to{/it} 500 pages"
                          }
                        ]
                      ]
                    ]
                  }
                ]
              ]
            ]
          }
        ]
      },
      {
        "drp": "run upon",
        "def": [
          {
            "sseq": [
              [
                [
                  "sense",
                  {
                    "dt": [
                      [
                        "text",
                        "{bc}to run across {bc}meet with"
                      ]
                    ]
                  }
                ]
              ]
            ]
          }
        ]
      },
      {
        "drp": "run with",
        "def": [
          {
            "sseq": [
              [
                [
                  "sense",
                  {
                    "sn": "1",
                    "dt": [
                      [
                        "text",
                        "{bc}to use or exploit fully {bc}make the most of "
                      ],
                      [
                        "vis",
                        [
                          {
                            "t": "took the idea and {it}ran with{/it} it"
                          }
                        ]
                      ]
                    ]
                  }
                ]
              ],
              [
                [
                  "sense",
                  {
                    "sn": "2",
                    "dt": [
                      [
                        "text",
                        "{bc}to publicize widely "
                      ],
                      [
                        "vis",
                        [
                          {
                            "t": "the press {it}ran with{/it} the quote"
                          }
                        ]
                      ]
                    ]
                  }
                ]
              ]
            ]
          }
        ]
      }
    ],
    "usages": [
      {
        "pl": "Using {parahw}run{/parahw} in the Past Tense",
        "pt": [
          [
            "text",
            "The past tense {it}run{/it} still survives in speech in southern England and in the speech especially of older people in some parts of the U.S. It was formerly used in literature, and was a standard variant in our dictionaries from 1828 until 1934. Grammarians have generally opposed it, and many people consider it nonstandard. Just about everybody uses {it}ran{/it} in writing now."
          ]
        ]
      }
    ],
    "et": [
      [
        "text",
        "Middle English {it}ronnen{/it}, alteration of {it}rinnen{/it}, intransitive verb (from Old English {it}iernan, rinnan{/it} & Old Norse {it}rinna{/it}) & of {it}rennen{/it}, transitive verb, from Old Norse {it}renna{/it}; akin to Old High German {it}rinnan{/it}, intransitive verb, \"to run,\" Sanskrit {it}ri\u1e47\u0101ti{/it} \"he causes to flow,\" and probably to Latin {it}rivus{/it} \"stream\""
      ]
    ],
    "date": "before 12th century{ds|i|1|a|}",
    "shortdef": [
      "to go faster than a walk; specifically : to go steadily by springing steps so that both feet leave the ground for an instant in each step",
      "to move at a fast gallop",
      "flee, retreat, escape"
    ]
  }
]