[
  {
    "meta": {
      "id": "tension:1",
      "uuid": "83ba1820-99b3-4f70-b2e8-80e8539c7768",
      "sort": "200105600",
      "src": "collegiate",
      "section": "alpha",
      "stems": [
        "tension",
        "tensional",
        "tensionless",
        "tensions"
      ],
      "offensive": false
    },
    "hom": 1,
    "hwi": {
      "hw": "ten*sion",
      "prs": [
        {
          "mw": "\u02c8ten(t)-sh\u0259n",
          "sound": {
            "audio": "tensio04",
            "ref": "c",
            "stat": "1"
          }
        }
      ]
    },
    "fl": "noun",
    "def": [
      {
        "sseq": [
          [
            [
              "sense",
              {
                "sn": "1 a",
                "dt": [
                  [
                    "text",
                    "{bc}inner striving, unrest, or imbalance often with physiological indication of emotion"
                  ]
                ]
              }
            ],
            [
              "sense",
              {
                "sn": "b",
                "dt": [
                  [
                    "text",
                    "{bc}a state of latent hostility or opposition between individuals or groups"
                  ]
                ]
              }
            ],
            [
              "sense",
              {
                "sn": "c",
                "dt": [
                  [
                    "text",
                    "{bc}a balance maintained in an artistic work between opposing forces or elements"
                  ]
                ]
              }
            ]
          ],
          [
            [
              "sense",
              {
                "sn": "2 a",
                "dt": [
                  [
                    "text",
                    "{bc}the act or action of stretching or the condition or degree of being stretched to stiffness {bc}{sx|tautness||}"
                  ]
                ]
              }
            ],
            [
              "sense",
              {
                "sn": "b",
                "dt": [
                  [
                    "text",
                    "{bc}{sx|stress||1b}"
                  ]
                ]
              }
            ]
          ],
          [
            [
              "sense",
              {
                "sn": "3 a",
                "dt": [
                  [
                    "text",
                    "{bc}either of two balancing forces causing or tending to cause extension"
                  ]
                ]
              }
            ],
            [
              "sense",
              {
                "sn": "b",
                "dt": [
                  [
                    "text",
                    "{bc}the stress resulting from the elongation of an elastic body"
                  ]
                ]
              }
            ]
          ],
          [
            [
              "sense",
              {
                "sn": "4",
                "dt": [
                  [
                    "text",
                    "{bc}a device to produce a desired tension (as in a loom)"
                  ]
                ]
              }
            ]
          ]
        ]
      }
    ],
    "uros": [
      {
        "ure": "ten*sion*al",
        "prs": [
          {
            "mw": "\u02c8ten(t)-sh(\u0259-)n\u0259l",
            "sound": {
              "audio": "tensio05",
              "ref": "c",
              "stat": "1"
            }
          }
        ],
        "fl": "adjective"
      },
      {
        "ure": "ten*sion*less",
        "prs": [
          {
            "mw": "\u02c8ten(t)-sh\u0259n-l\u0259s",
            "sound": {
              "audio": "tensio06",
              "ref": "c",
              "stat": "1"
            }
          }
        ],
        "fl": "adjective"
      }
    ],
    "et": [
      [
        "text",
        "borrowed from Middle French and Latin; Middle French, borrowed from Latin {it}tensi\u014dn-, tensi\u014d{/it} \"process of drawing tight, constriction, spasm,\" from {it}tendere{/it} \"to extend outward, stretch, draw tight\" + {it}-ti\u014dn-, -ti\u014d,{/it} suffix of verbal action {ma}{mat|tender:3|}{/ma}"
      ]
    ],
    "date": "1533{ds||2|a|}",
    "shortdef": [
      "inner striving, unrest, or imbalance often with physiological indication of emotion",
      "a state of latent hostility or opposition between individuals or groups",
      "a balance maintained in an artistic work between opposing forces or elements"
    ]
  },
  {
    "meta": {
      "id": "tension:2",
      "uuid": "615ba26d-bb0e-4ddc-a1ea-8080915a6491",
      "sort": "200105700",
      "src": "collegiate",
      "section": "alpha",
      "stems": [
        "tension",
        "tensioned",
        "tensioner",
        "tensioners",
        "tensioning",
        "tensions"
      ],
      "offensive": false
    },
    "hom": 2,
    "hwi": {
      "hw": "tension"
    },
    "fl": "verb",
    "ins": [
      {
        "if": "ten*sioned"
      },
      {
        "if": "ten*sion*ing",
        "prs": [
          {
            "mw": "\u02c8ten(t)-sh(\u0259-)ni\u014b",
            "sound": {
              "audio": "tensio07",
              "ref": "c",
              "stat": "1"
            }
          }
        ]
      }
    ],
    "def": [
      {
        "vd": "transitive verb",
        "sseq": [
          [
            [
              "sense",
              {
                "dt": [
                  [
                    "text",
                    "{bc}to subject to tension"
                  ]
                ],
                "sdsense": {
                  "sd": "especially",
                  "dt": [
                    [
                      "text",
                      "{bc}to tighten to a desired or appropriate degree"
                    ]
                  ]
                }
              }
            ]
          ]
        ]
      }
    ],
    "uros": [
      {
        "ure": "ten*sion*er",
        "prs": [
          {
            "mw": "\u02c8ten(t)-sh(\u0259-)n\u0259r",
            "sound": {
              "audio": "tensio08",
              "ref": "c",
              "stat": "1"
            }
          }
        ],
        "fl": "noun"
      }
    ],
    "et": [
      [
        "text",
        "derivative of {et_link|tension:1|tension:1}"
      ]
    ],
    "date": "1891",
    "shortdef": [
      "to subject to tension; especially : to tighten to a desired or appropriate degree"
    ]
  },
  {
    "meta": {
      "id": "tension headache",
      "uuid": "f6b88720-16da-477d-8436-6c9d0fc552b2",
      "sort": "200105800",
      "src": "collegiate",
      "section": "alpha",
      "stems": [
        "tension headache"
      ],
      "offensive": false
    },
    "hwi": {
      "hw": "tension headache"
    },
    "fl": "noun",
    "def": [
      {
        "sseq": [
          [
            [
              "sense",
              {
                "dt": [
                  [
                    "text",
                    "{bc}bilateral headache marked by mild to moderate pain of variable duration that typically is accompanied by contraction of the neck and scalp muscles"
                  ]
                ]
              }
            ]
          ]
        ]
      }
    ],
    "date": "1953",
    "shortdef": [
      "bilateral headache marked by mild to moderate pain of variable duration that typically is accompanied by contraction of the neck and scalp muscles"
    ]
  },
  {
    "meta": {
      "id": "high-tension",
      "uuid": "3bb1d421-de9a-4efd-9f8f-d7344143e7c0",
      "sort": "080188000",
      "src": "collegiate",
      "section": "alpha",
      "stems": [
        "high-tension"
      ],
      "offensive": false
    },
    "hwi": {
      "hw": "high-ten*sion",
      "prs": [
        {
          "mw": "\u02c8h\u012b-\u02c8ten(t)-sh\u0259n",
          "sound": {
            "audio": "high-tension_1",
            "ref": "owl",
            "stat": "1"
          }
        }
      ]
    },
    "fl": "adjective",
    "def": [
      {
        "sseq": [
          [
            [
              "sense",
              {
                "dt": [
                  [
                    "text",
                    "{bc}having or using a high voltage"
                  ]
                ]
              }
            ]
          ]
        ]
      }
    ],
    "date": "1847",
    "shortdef": [
      "having or using a high voltage"
    ]
  },
  {
    "meta": {
      "id": "surface tension",
      "uuid": "29fadd93-dbc4-47d0-96cf-a2e9dcd3e7d0",
      "sort": "194977100",
      "src": "collegiate",
      "section": "alpha",
      "stems": [
        "surface tension",
        "surface tensions"
      ],
      "offensive": false
    },
    "hwi": {
      "hw": "surface tension"
    },
    "fl": "noun",
    "def": [
      {
        "sseq": [
          [
            [
              "sense",
              {
                "dt": [
                  [
                    "text",
                    "{bc}the attractive force exerted upon the surface molecules of a liquid by the molecules beneath that tends to draw the surface molecules into the bulk of the liquid and makes the liquid assume the shape having the least surface area"
                  ]
                ]
              }
            ]
          ]
        ]
      }
    ],
    "date": "1876",
    "shortdef": [
      "the attractive force exerted upon the surface molecules of a liquid by the molecules beneath that tends to draw the surface molecules into the bulk of the liquid and makes the liquid assume the shape having the least surface area"
    ]
  },
  {
    "meta": {
      "id": "premenstrual tension",
      "uuid": "6ed12f50-4284-4489-980c-2de88907de50",
      "sort": "3015229000",
      "src": "ld",
      "section": "idioms",
      "stems": [
        "premenstrual tension"
      ],
      "offensive": false
    },
    "hwi": {
      "hw": "premenstrual tension"
    },
    "fl": "noun",
    "def": [
      {
        "sls": [
          "British"
        ],
        "sseq": [
          [
            [
              "sense",
              {
                "dt": [
                  [
                    "text",
                    "{bc}a condition experienced by some women before menstruation that may include tiredness, irritability, anxiety, depression, headache, and stomach pain"
                  ]
                ]
              }
            ]
          ]
        ]
      }
    ],
    "shortdef": [
      "a condition experienced by some women before menstruation that may include tiredness, irritability, anxiety, depression, headache, and stomach pain"
    ]
  },
  {
    "meta": {
      "id": "vapor pressure",
      "uuid": "927c3278-c015-4873-93a8-86bd35e10dae",
      "sort": "220020700",
      "src": "collegiate",
      "section": "alpha",
      "stems": [
        "vapor pressure",
        "vapor pressures",
        "vapor tension"
      ],
      "offensive": false
    },
    "hwi": {
      "hw": "vapor pressure"
    },
    "fl": "noun",
    "def": [
      {
        "sseq": [
          [
            [
              "sense",
              {
                "dt": [
                  [
                    "text",
                    "{bc}the pressure exerted by a vapor that is in equilibrium with its solid or liquid form "
                  ],
                  [
                    "ca",
                    {
                      "intro": "called also",
                      "cats": [
                        {
                          "cat": "vapor tension"
                        }
                      ]
                    }
                  ]
                ]
              }
            ]
          ]
        ]
      }
    ],
    "date": "1865",
    "shortdef": [
      "the pressure exerted by a vapor that is in equilibrium with its solid or liquid form \u2014called also vapor tension"
    ]
  }
]