[
  {
    "meta": {
      "id": "thin film",
      "uuid": "cf3fdc50-c7b0-4806-8f2c-06ad50f7a30b",
      "sort": "200167300",
      "src": "collegiate",
      "section": "alpha",
      "stems": [
        "thin film",
        "thin films"
      ],
      "offensive": false
    },
    "hwi": {
      "hw": "thin film"
    },
    "fl": "noun",
    "def": [
      {
        "sseq": [
          [
            [
              "sense",
              {
                "dt": [
                  [
                    "text",
                    "{bc}a very thin layer of a substance on a supporting material"
                  ]
                ],
                "sdsense": {
                  "sd": "especially",
                  "dt": [
                    [
                      "text",
                      "{bc}a coating (as of a semiconductor) that is deposited in a layer one atom or one molecule thick"
                    ]
                  ]
                }
              }
            ]
          ]
        ]
      }
    ],
    "date": "1944",
    "shortdef": [
      "a very thin layer of a substance on a supporting material; especially : a coating (as of a semiconductor) that is deposited in a layer one atom or one molecule thick"
    ]
  }
]