[
  {
    "meta": {
      "id": "torque:1",
      "uuid": "0bcd5ea1-d6be-4804-98f5-d2bf59032afb",
      "sort": "200292500",
      "src": "collegiate",
      "section": "alpha",
      "stems": [
        "torc",
        "torcs",
        "torque",
        "torques"
      ],
      "offensive": false
    },
    "hom": 1,
    "hwi": {
      "hw": "torque",
      "prs": [
        {
          "mw": "\u02c8t\u022frk",
          "sound": {
            "audio": "torque01",
            "ref": "c",
            "stat": "1"
          }
        }
      ]
    },
    "fl": "noun",
    "def": [
      {
        "sseq": [
          [
            [
              "sense",
              {
                "sn": "1",
                "dt": [
                  [
                    "text",
                    "{bc}a force that produces or tends to produce rotation or torsion "
                  ],
                  [
                    "vis",
                    [
                      {
                        "t": "an automobile engine delivers {wi}torque{/wi} to the drive shaft"
                      }
                    ]
                  ]
                ],
                "sdsense": {
                  "sd": "also",
                  "dt": [
                    [
                      "text",
                      "{bc}a measure of the effectiveness of such a force that consists of the product of the force and the perpendicular distance from the line of action of the force to the axis of rotation"
                    ]
                  ]
                }
              }
            ]
          ],
          [
            [
              "sense",
              {
                "sn": "2",
                "dt": [
                  [
                    "text",
                    "{bc}a turning or twisting force"
                  ]
                ]
              }
            ]
          ]
        ]
      }
    ],
    "et": [
      [
        "text",
        "Latin {it}torqu\u0113re{/it} to twist"
      ]
    ],
    "date": "circa 1884{ds||1||}",
    "shortdef": [
      "a force that produces or tends to produce rotation or torsion; also : a measure of the effectiveness of such a force that consists of the product of the force and the perpendicular distance from the line of action of the force to the axis of rotation",
      "a turning or twisting force"
    ]
  },
  {
    "meta": {
      "id": "torque:2",
      "uuid": "1574280f-99eb-48bf-86c4-9579974f1ff6",
      "sort": "200292600",
      "src": "collegiate",
      "section": "alpha",
      "stems": [
        "torque",
        "torqued",
        "torquer",
        "torquers",
        "torques",
        "torquing"
      ],
      "offensive": false
    },
    "hom": 2,
    "hwi": {
      "hw": "torque"
    },
    "fl": "verb",
    "ins": [
      {
        "if": "torqued"
      },
      {
        "if": "torqu*ing"
      }
    ],
    "def": [
      {
        "vd": "transitive verb",
        "sseq": [
          [
            [
              "sense",
              {
                "dt": [
                  [
                    "text",
                    "{bc}to impart torque to {bc}cause to twist (as about an axis)"
                  ]
                ]
              }
            ]
          ]
        ]
      }
    ],
    "uros": [
      {
        "ure": "torqu*er",
        "fl": "noun"
      }
    ],
    "date": "1959",
    "shortdef": [
      "to impart torque to : cause to twist (as about an axis)"
    ]
  },
  {
    "meta": {
      "id": "torque:3",
      "uuid": "a6ba02c5-2dcd-410e-9ef0-9f5908e3d477",
      "sort": "200292700",
      "src": "collegiate",
      "section": "alpha",
      "stems": [
        "torc",
        "torcs",
        "torque",
        "torques"
      ],
      "offensive": false
    },
    "hom": 3,
    "hwi": {
      "hw": "torque"
    },
    "vrs": [
      {
        "vl": "or",
        "va": "torc"
      }
    ],
    "fl": "noun",
    "def": [
      {
        "sseq": [
          [
            [
              "sense",
              {
                "dt": [
                  [
                    "text",
                    "{bc}a usually metal collar or neck chain worn by the ancient Gauls, Germans, and Britons"
                  ]
                ]
              }
            ]
          ]
        ]
      }
    ],
    "et": [
      [
        "text",
        "French, from Latin {it}torques{/it}, from {it}torqu\u0113re{/it} to twist {ma}{mat|torture:1|}{/ma}"
      ]
    ],
    "date": "1695",
    "shortdef": [
      "a usually metal collar or neck chain worn by the ancient Gauls, Germans, and Britons"
    ]
  },
  {
    "meta": {
      "id": "torque converter",
      "uuid": "4ed54beb-2669-49d7-85a3-9067226c2fed",
      "sort": "200292800",
      "src": "collegiate",
      "section": "alpha",
      "stems": [
        "torque converter",
        "torque converters"
      ],
      "offensive": false
    },
    "hwi": {
      "hw": "torque converter"
    },
    "fl": "noun",
    "def": [
      {
        "sseq": [
          [
            [
              "sense",
              {
                "dt": [
                  [
                    "text",
                    "{bc}a device for transmitting and amplifying torque especially by hydraulic means"
                  ]
                ]
              }
            ]
          ]
        ]
      }
    ],
    "date": "1927",
    "shortdef": [
      "a device for transmitting and amplifying torque especially by hydraulic means"
    ]
  }
]