[
  {
    "meta": {
      "id": "transfer:1",
      "uuid": "edf4b297-d785-461e-986d-e13e513ade69",
      "sort": "200337700",
      "src": "collegiate",
      "section": "alpha",
      "stems": [
        "transfer",
        "transferabilities",
        "transferability",
        "transferable",
        "transferal",
        "transferals",
        "transferrable",
        "transferred",
        "transferrer",
        "transferrers",
        "transferring",
        "transfers"
      ],
      "offensive": false
    },
    "hom": 1,
    "hwi": {
      "hw": "trans*fer",
      "prs": [
        {
          "mw": "tran(t)s-\u02c8f\u0259r",
          "sound": {
            "audio": "transf04",
            "ref": "c",
            "stat": "1"
          }
        },
        {
          "mw": "\u02c8tran(t)s-\u02ccf\u0259r"
        }
      ]
    },
    "fl": "verb",
    "ins": [
      {
        "if": "trans*ferred"
      },
      {
        "if": "trans*fer*ring"
      }
    ],
    "def": [
      {
        "vd": "transitive verb",
        "sseq": [
          [
            [
              "sense",
              {
                "sn": "1 a",
                "dt": [
                  [
                    "text",
                    "{bc}to convey from one person, place, or situation to another {bc}{sx|move||}, {sx|shift||}"
                  ]
                ]
              }
            ],
            [
              "sense",
              {
                "sn": "b",
                "dt": [
                  [
                    "text",
                    "{bc}to cause to pass from one to another {bc}{sx|transmit||}"
                  ]
                ]
              }
            ],
            [
              "sense",
              {
                "sn": "c",
                "dt": [
                  [
                    "text",
                    "{bc}{sx|transform||}, {sx|change||}"
                  ]
                ]
              }
            ]
          ],
          [
            [
              "sense",
              {
                "sn": "2",
                "dt": [
                  [
                    "text",
                    "{bc}to make over the possession or control of {bc}{sx|convey||}"
                  ]
                ]
              }
            ]
          ],
          [
            [
              "sense",
              {
                "sn": "3",
                "dt": [
                  [
                    "text",
                    "{bc}to print or otherwise copy from one surface to another by contact"
                  ]
                ]
              }
            ]
          ]
        ]
      },
      {
        "vd": "intransitive verb",
        "sseq": [
          [
            [
              "sense",
              {
                "sn": "1",
                "dt": [
                  [
                    "text",
                    "{bc}to move to a different place, region, or situation"
                  ]
                ],
                "sdsense": {
                  "sd": "especially",
                  "dt": [
                    [
                      "text",
                      "{bc}to withdraw from one educational institution to enroll at another"
                    ]
                  ]
                }
              }
            ]
          ],
          [
            [
              "sense",
              {
                "sn": "2",
                "dt": [
                  [
                    "text",
                    "{bc}to change from one vehicle or {a_link|transportation} line to another"
                  ]
                ]
              }
            ]
          ]
        ]
      }
    ],
    "uros": [
      {
        "ure": "trans*fer*abil*i*ty",
        "prs": [
          {
            "mw": "(\u02cc)tran(t)s-\u02ccf\u0259r-\u0259-\u02c8bi-l\u0259-t\u0113",
            "sound": {
              "audio": "transf06",
              "ref": "c",
              "stat": "1"
            }
          }
        ],
        "fl": "noun"
      },
      {
        "ure": "trans*fer*able",
        "vrs": [
          {
            "vl": "or less commonly",
            "va": "trans*fer*ra*ble",
            "prs": [
              {
                "mw": "tran(t)s-\u02c8f\u0259r-\u0259-b\u0259l",
                "sound": {
                  "audio": "transf05",
                  "ref": "c",
                  "stat": "1"
                }
              }
            ]
          }
        ],
        "fl": "adjective"
      },
      {
        "ure": "trans*fer*al",
        "prs": [
          {
            "mw": "tran(t)s-\u02c8f\u0259r-\u0259l",
            "sound": {
              "audio": "transf07",
              "ref": "c",
              "stat": "1"
            }
          }
        ],
        "fl": "noun"
      },
      {
        "ure": "trans*fer*rer",
        "prs": [
          {
            "mw": "tran(t)s-\u02c8f\u0259r-\u0259r",
            "sound": {
              "audio": "transf08",
              "ref": "c",
              "stat": "1"
            }
          }
        ],
        "fl": "noun"
      }
    ],
    "et": [
      [
        "text",
        "Middle English {it}transferren{/it}, from Anglo-French {it}transferrer{/it}, from Latin {it}transferre{/it}, from {it}trans-{/it} + {it}ferre{/it} to carry {ma}{mat|bear|}{/ma}"
      ]
    ],
    "date": "14th century{ds|t|1|a|}",
    "shortdef": [
      "to convey from one person, place, or situation to another : move, shift",
      "to cause to pass from one to another : transmit",
      "transform, change"
    ]
  },
  {
    "meta": {
      "id": "transfer:2",
      "uuid": "68922548-34ee-491b-9735-415ed889bd81",
      "sort": "200337800",
      "src": "collegiate",
      "section": "alpha",
      "stems": [
        "transfer",
        "transfers"
      ],
      "offensive": false
    },
    "hom": 2,
    "hwi": {
      "hw": "trans*fer",
      "prs": [
        {
          "mw": "\u02c8tran(t)s-\u02ccf\u0259r",
          "sound": {
            "audio": "transf03",
            "ref": "c",
            "stat": "1"
          }
        }
      ]
    },
    "fl": "noun",
    "def": [
      {
        "sseq": [
          [
            [
              "sense",
              {
                "sn": "1 a",
                "dt": [
                  [
                    "text",
                    "{bc}conveyance of right, title, or interest in real or personal property from one person to another"
                  ]
                ]
              }
            ],
            [
              "sense",
              {
                "sn": "b",
                "dt": [
                  [
                    "text",
                    "{bc}removal or acquisition of property by mere delivery with intent to transfer title"
                  ]
                ]
              }
            ]
          ],
          [
            [
              "sense",
              {
                "sn": "2 a",
                "dt": [
                  [
                    "text",
                    "{bc}an act, process, or instance of {a_link|transferring} {bc}{sx|transference||2}"
                  ]
                ]
              }
            ],
            [
              "sense",
              {
                "sn": "b",
                "dt": [
                  [
                    "text",
                    "{bc}the carryover or generalization of learned responses from one type of situation to another"
                  ]
                ]
              }
            ]
          ],
          [
            [
              "sense",
              {
                "sn": "3",
                "dt": [
                  [
                    "text",
                    "{bc}one that {a_link|transfers} or is {a_link|transferred}"
                  ]
                ],
                "sdsense": {
                  "sd": "especially",
                  "dt": [
                    [
                      "text",
                      "{bc}a graphic image transferred by contact from one surface to another"
                    ]
                  ]
                }
              }
            ]
          ],
          [
            [
              "sense",
              {
                "sn": "4",
                "dt": [
                  [
                    "text",
                    "{bc}a place where a transfer is made (as of trains to ferries or as where one form of power is changed to another)"
                  ]
                ]
              }
            ]
          ],
          [
            [
              "sense",
              {
                "sn": "5",
                "dt": [
                  [
                    "text",
                    "{bc}a ticket entitling a passenger on a public conveyance to continue the trip on another route"
                  ]
                ]
              }
            ]
          ]
        ]
      }
    ],
    "date": "1674{ds||1|a|}",
    "shortdef": [
      "conveyance of right, title, or interest in real or personal property from one person to another",
      "removal or acquisition of property by mere delivery with intent to transfer title",
      "an act, process, or instance of transferring : transference"
    ]
  },
  {
    "meta": {
      "id": "transfer factor",
      "uuid": "b9e05034-5dee-45a4-81d0-3243da1f2cce",
      "sort": "200338200",
      "src": "collegiate",
      "section": "alpha",
      "stems": [
        "transfer factor",
        "transfer factors"
      ],
      "offensive": false
    },
    "hwi": {
      "hw": "transfer factor"
    },
    "fl": "noun",
    "def": [
      {
        "sseq": [
          [
            [
              "sense",
              {
                "dt": [
                  [
                    "text",
                    "{bc}a substance that is produced and secreted by a lymphocyte functioning in cell-mediated immunity and that upon incorporation into a lymphocyte which has not been sensitized confers on it the same immunological specificity as the sensitized cell"
                  ]
                ]
              }
            ]
          ]
        ]
      }
    ],
    "date": "1956",
    "shortdef": [
      "a substance that is produced and secreted by a lymphocyte functioning in cell-mediated immunity and that upon incorporation into a lymphocyte which has not been sensitized confers on it the same immunological specificity as the sensitized cell"
    ]
  },
  {
    "meta": {
      "id": "transfer payment",
      "uuid": "3e9c7c87-9b35-44e7-9311-222ff66a8f73",
      "sort": "200338400",
      "src": "collegiate",
      "section": "alpha",
      "stems": [
        "transfer payment",
        "transfer payments"
      ],
      "offensive": false
    },
    "hwi": {
      "hw": "transfer payment"
    },
    "fl": "noun",
    "def": [
      {
        "sseq": [
          [
            [
              "sense",
              {
                "sn": "1",
                "dt": [
                  [
                    "text",
                    "{bc}a public expenditure made for a purpose (such as unemployment compensation) other than procuring goods or services "
                  ],
                  [
                    "uns",
                    [
                      [
                        [
                          "text",
                          "usually used in plural"
                        ]
                      ]
                    ]
                  ]
                ]
              }
            ]
          ],
          [
            [
              "sense",
              {
                "sn": "2",
                "ins": [
                  {
                    "if": "transfer payments",
                    "spl": "plural"
                  }
                ],
                "dt": [
                  [
                    "text",
                    "{bc}money (such as welfare payments) that is received by individuals and that is neither compensation for goods or services currently supplied nor income from investments"
                  ]
                ]
              }
            ]
          ]
        ]
      }
    ],
    "date": "circa 1945{ds||1||}",
    "shortdef": [
      "a public expenditure made for a purpose (such as unemployment compensation) other than procuring goods or services \u2014usually used in plural",
      "money (such as welfare payments) that is received by individuals and that is neither compensation for goods or services currently supplied nor income from investments"
    ]
  },
  {
    "meta": {
      "id": "transfer RNA",
      "uuid": "820635c2-64e6-4550-8bf8-7b06dcd21ca6",
      "sort": "200338600",
      "src": "collegiate",
      "section": "alpha",
      "stems": [
        "tRNA",
        "transfer RNA",
        "transfer RNAs"
      ],
      "offensive": false
    },
    "hwi": {
      "hw": "transfer RNA",
      "prs": [
        {
          "mw": "\u02c8tran(t)s-\u02ccf\u0259r-",
          "sound": {
            "audio": "transf17",
            "ref": "c",
            "stat": "1"
          }
        }
      ]
    },
    "fl": "noun",
    "def": [
      {
        "sseq": [
          [
            [
              "sense",
              {
                "dt": [
                  [
                    "text",
                    "{bc}a relatively small RNA that transfers a particular amino acid to a growing polypeptide chain at the ribosomal site of protein synthesis during translation "
                  ],
                  [
                    "ca",
                    {
                      "intro": "called also",
                      "cats": [
                        {
                          "cat": "tRNA"
                        }
                      ]
                    }
                  ],
                  [
                    "text",
                    " {dx}compare {dxt|messenger rna||}{/dx}"
                  ]
                ]
              }
            ]
          ]
        ]
      }
    ],
    "date": "1961",
    "shortdef": [
      "a relatively small RNA that transfers a particular amino acid to a growing polypeptide chain at the ribosomal site of protein synthesis during translation \u2014called also tRNA"
    ]
  },
  {
    "meta": {
      "id": "transfer station",
      "uuid": "0e3713c2-94d5-43b3-844a-a9b6398c55c3",
      "sort": "200338700",
      "src": "collegiate",
      "section": "alpha",
      "stems": [
        "transfer station",
        "transfer stations"
      ],
      "offensive": false
    },
    "hwi": {
      "hw": "transfer station"
    },
    "fl": "noun",
    "def": [
      {
        "sseq": [
          [
            [
              "sense",
              {
                "dt": [
                  [
                    "text",
                    "{bc}a site where recyclables and refuse are collected and sorted in preparation for processing or landfill"
                  ]
                ]
              }
            ]
          ]
        ]
      }
    ],
    "date": "1969",
    "shortdef": [
      "a site where recyclables and refuse are collected and sorted in preparation for processing or landfill"
    ]
  },
  {
    "meta": {
      "id": "asynchronous transfer mode",
      "uuid": "2c78a846-ae40-4d5d-bd2a-61222dbd94b1",
      "sort": "014449500",
      "src": "collegiate",
      "section": "alpha",
      "stems": [
        "asynchronous transfer mode"
      ],
      "offensive": false
    },
    "hwi": {
      "hw": "asynchronous transfer mode"
    },
    "fl": "noun",
    "def": [
      {
        "sseq": [
          [
            [
              "sense",
              {
                "dt": [
                  [
                    "text",
                    "{bc}a digital network communications system that allows high-speed broadband transmissions "
                  ],
                  [
                    "vis",
                    [
                      {
                        "t": "The overhaul of AT&T's network is just as important. AT&T will deploy an Internet-like digital technology known as ATM, for {wi}asynchronous transfer mode{/wi}. It converts information into the ones and zeros of computer language, breaks it into tiny pieces, stamps them with an address and sends them into a shared transmission line.",
                        "aq": {
                          "auth": "Steve Rosenbush"
                        }
                      }
                    ]
                  ],
                  [
                    "uns",
                    [
                      [
                        [
                          "text",
                          "abbreviation {it}ATM{/it}"
                        ]
                      ]
                    ]
                  ]
                ]
              }
            ]
          ]
        ]
      }
    ],
    "date": "1984",
    "shortdef": [
      "a digital network communications system that allows high-speed broadband transmissions \u2014abbreviation ATM"
    ]
  },
  {
    "meta": {
      "id": "embryo transfer",
      "uuid": "16d0f0c3-282b-4d86-91f6-1900ab065285",
      "sort": "050095000",
      "src": "collegiate",
      "section": "alpha",
      "stems": [
        "embryo transfer",
        "embryo transfers",
        "embryo transplant"
      ],
      "offensive": false
    },
    "hwi": {
      "hw": "embryo transfer"
    },
    "fl": "noun",
    "def": [
      {
        "sseq": [
          [
            [
              "sense",
              {
                "sn": "1",
                "dt": [
                  [
                    "text",
                    "{bc}the final procedure of the {d_link|in vitro fertilization|in vitro fertilization} process that involves transfer of one or more embryos into the uterine cavity typically by using a catheter inserted through the uterine cervix"
                  ]
                ]
              }
            ]
          ],
          [
            [
              "sense",
              {
                "sn": "2",
                "dt": [
                  [
                    "text",
                    "{bc}a procedure used in animal breeding in which an embryo from a superovulated female is removed and reimplanted in the uterus of another female "
                  ],
                  [
                    "ca",
                    {
                      "intro": "called also",
                      "cats": [
                        {
                          "cat": "embryo transplant"
                        }
                      ]
                    }
                  ]
                ]
              }
            ]
          ]
        ]
      }
    ],
    "date": "1966{ds||2||}",
    "shortdef": [
      "the final procedure of the in vitro fertilization process that involves transfer of one or more embryos into the uterine cavity typically by using a catheter inserted through the uterine cervix",
      "a procedure used in animal breeding in which an embryo from a superovulated female is removed and reimplanted in the uterus of another female \u2014called also embryo transplant"
    ]
  },
  {
    "meta": {
      "id": "gamete intrafallopian transfer",
      "uuid": "96cb4e9b-eff0-4fff-868a-4ce9a5274f8e",
      "sort": "070242000",
      "src": "collegiate",
      "section": "alpha",
      "stems": [
        "gamete intrafallopian transfer",
        "gamete intrafallopian transfers",
        "gamete intrafallopian tube transfer"
      ],
      "offensive": false
    },
    "hwi": {
      "hw": "gamete in*tra*fal*lo*pi*an transfer",
      "prs": [
        {
          "mw": "-\u02ccin-tr\u0259-f\u0259-\u02c8l\u014d-p\u0113-\u0259n-",
          "sound": {
            "audio": "gamet01v",
            "ref": "c",
            "stat": "1"
          }
        }
      ]
    },
    "fl": "noun",
    "def": [
      {
        "sseq": [
          [
            [
              "sense",
              {
                "dt": [
                  [
                    "text",
                    "{bc}a method of assisting reproduction in cases of infertility that involves obtaining eggs from an ovary, mixing them with sperm, and inserting them into a fallopian tube by a laparoscope "
                  ],
                  [
                    "uns",
                    [
                      [
                        [
                          "text",
                          "abbreviation {it}GIFT{/it}"
                        ]
                      ]
                    ]
                  ],
                  [
                    "ca",
                    {
                      "intro": "called also",
                      "cats": [
                        {
                          "cat": "gamete intrafallopian tube transfer"
                        }
                      ]
                    }
                  ]
                ]
              }
            ]
          ]
        ]
      }
    ],
    "date": "1984",
    "shortdef": [
      "a method of assisting reproduction in cases of infertility that involves obtaining eggs from an ovary, mixing them with sperm, and inserting them into a fallopian tube by a laparoscope \u2014abbreviation GIFT\u2014called also gamete intrafallopian tube transfer"
    ]
  },
  {
    "meta": {
      "id": "hypertext transfer protocol",
      "uuid": "4afb22a9-f93b-45d9-b65e-ae5b9f2e4e16",
      "sort": "080343300",
      "src": "collegiate",
      "section": "alpha",
      "stems": [
        "hypertext transfer protocol",
        "hypertext transfer protocols",
        "hypertext transport protocol"
      ],
      "offensive": false
    },
    "hwi": {
      "hw": "hypertext transfer protocol"
    },
    "fl": "noun",
    "def": [
      {
        "sseq": [
          [
            [
              "sense",
              {
                "dt": [
                  [
                    "text",
                    "{bc}a communications protocol governing the exchange of data (such as HTML files) especially on the World Wide Web "
                  ],
                  [
                    "ca",
                    {
                      "intro": "called also",
                      "cats": [
                        {
                          "cat": "hypertext transport protocol"
                        }
                      ]
                    }
                  ]
                ]
              }
            ]
          ]
        ]
      }
    ],
    "date": "1992",
    "shortdef": [
      "a communications protocol governing the exchange of data (such as HTML files) especially on the World Wide Web \u2014called also hypertext transport protocol"
    ]
  }
]