[
  {
    "meta": {
      "id": "turtle:1",
      "uuid": "bf3129ae-62e2-4439-9013-603a91089f41",
      "sort": "200459100",
      "src": "collegiate",
      "section": "alpha",
      "stems": [
        "turtle",
        "turtles"
      ],
      "offensive": false
    },
    "hom": 1,
    "hwi": {
      "hw": "tur*tle",
      "prs": [
        {
          "mw": "\u02c8t\u0259r-t\u1d4al",
          "sound": {
            "audio": "turtle01",
            "ref": "c",
            "stat": "1"
          }
        }
      ]
    },
    "fl": "noun",
    "ins": [
      {
        "il": "plural",
        "if": "tur*tles"
      },
      {
        "il": "also",
        "if": "turtle"
      }
    ],
    "lbs": [
      "often attributive"
    ],
    "def": [
      {
        "sseq": [
          [
            [
              "sense",
              {
                "dt": [
                  [
                    "text",
                    "{bc}any of an order (Testudines synonym Chelonia) of terrestrial, freshwater, and marine reptiles that have a toothless horny beak and a shell of bony dermal plates usually covered with horny shields enclosing the trunk and into which the head, limbs, and tail usually may be withdrawn"
                  ]
                ]
              }
            ]
          ]
        ]
      }
    ],
    "et": [
      [
        "text",
        "modification of French {it}tortue{/it}, from Late Latin ({it}bestia{/it}) {it}tartarucha{/it}, feminine of {it}tartaruchus{/it} of Tartarus, from Greek {it}tartarouchos{/it}, from {it}Tartaros{/it} Tartarus; from Mithraic and early Christian association of the turtle with infernal forces"
      ]
    ],
    "date": "1612",
    "shortdef": [
      "any of an order (Testudines synonym Chelonia) of terrestrial, freshwater, and marine reptiles that have a toothless horny beak and a shell of bony dermal plates usually covered with horny shields enclosing the trunk and into which the head, limbs, and tail usually may be withdrawn"
    ]
  },
  {
    "meta": {
      "id": "turtle:2",
      "uuid": "bee0ef84-33e8-4522-a1e9-ac71f5d03b26",
      "sort": "200459200",
      "src": "collegiate",
      "section": "alpha",
      "stems": [
        "turtle",
        "turtles"
      ],
      "offensive": false
    },
    "hom": 2,
    "hwi": {
      "hw": "turtle"
    },
    "fl": "noun",
    "def": [
      {
        "sseq": [
          [
            [
              "sense",
              {
                "dt": [
                  [
                    "text",
                    "{bc}{sx|turtleneck||}"
                  ]
                ]
              }
            ]
          ]
        ]
      }
    ],
    "date": "1952",
    "shortdef": [
      "turtleneck"
    ]
  },
  {
    "meta": {
      "id": "turtle:3",
      "uuid": "92409ddf-ddd4-48a7-a71f-fb2b4f7aeb12",
      "sort": "200459300",
      "src": "collegiate",
      "section": "alpha",
      "stems": [
        "turtle",
        "turtles"
      ],
      "offensive": false
    },
    "hom": 3,
    "hwi": {
      "hw": "turtle"
    },
    "fl": "noun",
    "def": [
      {
        "sls": [
          "archaic"
        ],
        "sseq": [
          [
            [
              "sense",
              {
                "dt": [
                  [
                    "text",
                    "{bc}{sx|turtledove||}"
                  ]
                ]
              }
            ]
          ]
        ]
      }
    ],
    "et": [
      [
        "text",
        "Middle English {it}turtil, turtle,{/it} going back to Old English {it}turtle, turtla{/it} borrowed (with dissimilation, as also in Middle Dutch {it}tortel{/it} {ldquo}turtledove,{rdquo} Old High German {it}turtul, turtila{/it}) from Latin {it}turtur,{/it} of onomatopoeic origin"
      ]
    ],
    "date": "before 12th century",
    "shortdef": [
      "turtledove"
    ]
  },
  {
    "meta": {
      "id": "turtle bean",
      "uuid": "b4bcb463-f018-405d-86ea-fc495e4b19ed",
      "sort": "200459500",
      "src": "collegiate",
      "section": "alpha",
      "stems": [
        "turtle bean"
      ],
      "offensive": false
    },
    "hwi": {
      "hw": "turtle bean"
    },
    "fl": "noun",
    "def": [
      {
        "sseq": [
          [
            [
              "sense",
              {
                "dt": [
                  [
                    "text",
                    "{bc}{sx|black bean||1}"
                  ]
                ]
              }
            ]
          ]
        ]
      }
    ],
    "date": "1923",
    "shortdef": [
      "black bean"
    ]
  },
  {
    "meta": {
      "id": "turtle grass",
      "uuid": "f49160b5-861d-4171-ba32-ba5b1d69e645",
      "sort": "200459700",
      "src": "collegiate",
      "section": "alpha",
      "stems": [
        "turtle grass",
        "turtle grasses"
      ],
      "offensive": false
    },
    "hwi": {
      "hw": "turtle grass"
    },
    "fl": "noun",
    "def": [
      {
        "sseq": [
          [
            [
              "sense",
              {
                "dt": [
                  [
                    "text",
                    "{bc}a submerged monocotyledonous marine plant ({it}Thalassia testudinum{/it} of the family Hydrocharitaceae) of the coasts of Florida and the West Indies having long ribbonlike leaves"
                  ]
                ]
              }
            ]
          ]
        ]
      }
    ],
    "date": "1735",
    "shortdef": [
      "a submerged monocotyledonous marine plant (Thalassia testudinum of the family Hydrocharitaceae) of the coasts of Florida and the West Indies having long ribbonlike leaves"
    ]
  },
  {
    "meta": {
      "id": "Turtle Bay:g",
      "uuid": "6c9b3919-0387-4c08-a1a3-4905501907a2",
      "sort": "283768000",
      "src": "collegiate",
      "section": "geog",
      "stems": [
        "Turtle Bay"
      ],
      "offensive": false
    },
    "hwi": {
      "hw": "Tur*tle Bay",
      "prs": [
        {
          "mw": "\u02c8t\u0259r-t\u1d4al",
          "sound": {
            "audio": "ggturt01",
            "ref": "c",
            "stat": "1"
          }
        }
      ]
    },
    "fl": "geographical name",
    "def": [
      {
        "sseq": [
          [
            [
              "sense",
              {
                "dt": [
                  [
                    "text",
                    "section of New York City in east central Manhattan on the East River "
                  ],
                  [
                    "snote",
                    [
                      [
                        "t",
                        "Turtle Bay is the site of the United Nations headquarters."
                      ]
                    ]
                  ]
                ]
              }
            ]
          ]
        ]
      }
    ],
    "shortdef": [
      "section of New York City in east central Manhattan on the East River"
    ]
  },
  {
    "meta": {
      "id": "alligator snapping turtle",
      "uuid": "962534f2-3fd9-46ea-94dd-dcb9f2f08046",
      "sort": "011955000",
      "src": "collegiate",
      "section": "alpha",
      "stems": [
        "alligator snapper",
        "alligator snappers",
        "alligator snapping turtle",
        "alligator snapping turtles"
      ],
      "offensive": false
    },
    "hwi": {
      "hw": "alligator snapping turtle"
    },
    "vrs": [
      {
        "vl": "or",
        "va": "alligator snapper"
      }
    ],
    "fl": "noun",
    "def": [
      {
        "sseq": [
          [
            [
              "sense",
              {
                "dt": [
                  [
                    "text",
                    "{bc}a large freshwater turtle ({it}Macrochelys temminckii{/it} synonym {it}Macroclemys temminckii{/it}) of southeastern U.S. rivers that may reach nearly 150 pounds (68 kilograms) in weight and 31 inches (79 centimeters) in length and differs from the common {d_link|snapping turtle|snapping turtle} in having a shell with three distinct ridges, a more triangular-shaped head, and a pink fleshy wormlike appendage in the mouth used as a lure"
                  ]
                ]
              }
            ]
          ]
        ]
      }
    ],
    "date": "1876",
    "shortdef": [
      "a large freshwater turtle (Macrochelys temminckii synonym Macroclemys temminckii) of southeastern U.S. rivers that may reach nearly 150 pounds (68 kilograms) in weight and 31 inches (79 centimeters) in length and differs from the common snapping turtle in having a shell with three distinct ridges, a more triangular-shaped head, and a pink fleshy wormlike appendage in the mouth used as a lure"
    ]
  },
  {
    "meta": {
      "id": "box turtle",
      "uuid": "274f16f6-d4f5-4b44-bb46-38128f3a5d80",
      "sort": "020383300",
      "src": "collegiate",
      "section": "alpha",
      "stems": [
        "box tortoise",
        "box turtle",
        "box turtles"
      ],
      "offensive": false
    },
    "hwi": {
      "hw": "box turtle"
    },
    "fl": "noun",
    "def": [
      {
        "sseq": [
          [
            [
              "sense",
              {
                "sn": "1",
                "dt": [
                  [
                    "text",
                    "{bc}any of several North American land turtles (genus {it}Terrapene{/it}) capable of withdrawing into their shell and closing it by hinged joints in the lower half "
                  ],
                  [
                    "ca",
                    {
                      "intro": "called also",
                      "cats": [
                        {
                          "cat": "box tortoise"
                        }
                      ]
                    }
                  ]
                ]
              }
            ]
          ],
          [
            [
              "sense",
              {
                "sn": "2",
                "dt": [
                  [
                    "text",
                    "{bc}any of several chiefly semiaquatic, Asian turtles (genera {it}Cuora{/it} and {it}Pyxidea{/it} of the family Geoemydidae) that have a carapace with a median keel and are capable of withdrawing into their shell and closing it by hinged joints in the plastron "
                  ],
                  [
                    "snote",
                    [
                      [
                        "t",
                        "The Asian box turtles are not closely related to the North American box turtles."
                      ]
                    ]
                  ]
                ]
              }
            ]
          ]
        ]
      }
    ],
    "art": {
      "artid": "boxturtl",
      "capt": "box turtle"
    },
    "date": "1804{ds||1||}",
    "shortdef": [
      "any of several North American land turtles (genus Terrapene) capable of withdrawing into their shell and closing it by hinged joints in the lower half \u2014called also box tortoise",
      "any of several chiefly semiaquatic, Asian turtles (genera Cuora and Pyxidea of the family Geoemydidae) that have a carapace with a median keel and are capable of withdrawing into their shell and closing it by hinged joints in the plastron"
    ]
  },
  {
    "meta": {
      "id": "green turtle",
      "uuid": "61b93052-230d-4488-85a8-17a574bbec2b",
      "sort": "072444000",
      "src": "collegiate",
      "section": "alpha",
      "stems": [
        "green turtle",
        "green turtles"
      ],
      "offensive": false
    },
    "hwi": {
      "hw": "green turtle"
    },
    "fl": "noun",
    "def": [
      {
        "sseq": [
          [
            [
              "sense",
              {
                "dt": [
                  [
                    "text",
                    "{bc}a large usually herbivorous sea turtle ({it}Chelonia mydas{/it}) of warm waters with a smooth greenish or olive-colored shell"
                  ]
                ]
              }
            ]
          ]
        ]
      }
    ],
    "date": "1657",
    "shortdef": [
      "a large usually herbivorous sea turtle (Chelonia mydas) of warm waters with a smooth greenish or olive-colored shell"
    ]
  },
  {
    "meta": {
      "id": "hawksbill turtle",
      "uuid": "9c546c89-c0ea-4cc5-8f49-2bc1ca28f12b",
      "sort": "080086000",
      "src": "collegiate",
      "section": "alpha",
      "stems": [
        "hawksbill",
        "hawksbill turtle",
        "hawksbill turtles",
        "hawksbills"
      ],
      "offensive": false
    },
    "hwi": {
      "hw": "hawks*bill turtle",
      "prs": [
        {
          "mw": "\u02c8h\u022fks-\u02ccbil-",
          "sound": {
            "audio": "hawksb01",
            "ref": "c",
            "stat": "1"
          }
        }
      ]
    },
    "vrs": [
      {
        "vl": "or",
        "va": "hawks*bill"
      }
    ],
    "fl": "noun",
    "def": [
      {
        "sseq": [
          [
            [
              "sense",
              {
                "dt": [
                  [
                    "text",
                    "{bc}a small- to medium-sized {d_link|sea turtle|sea turtle} ({it}Eretmochelys imbricata{/it}) of warm waters that has a narrow hawk-like beak, an upper shell of overlapping horny plates, and usually two claws on each forelimb "
                  ],
                  [
                    "snote",
                    [
                      [
                        "t",
                        "The hawksbill turtle feeds chiefly on sponges. Its mottled brownish upper shell was used especially formerly to produce {d_link|tortoiseshell|tortoiseshell:1}."
                      ]
                    ]
                  ]
                ]
              }
            ]
          ]
        ]
      }
    ],
    "art": {
      "artid": "hawksbil",
      "capt": "hawksbill turtle"
    },
    "date": "1712",
    "shortdef": [
      "a small- to medium-sized sea turtle (Eretmochelys imbricata) of warm waters that has a narrow hawk-like beak, an upper shell of overlapping horny plates, and usually two claws on each forelimb"
    ]
  }
]