[
  {
    "meta": {
      "id": "vibration",
      "uuid": "630d7b87-5706-429a-b3c0-9f728ccdeb26",
      "sort": "220075900",
      "src": "collegiate",
      "section": "alpha",
      "stems": [
        "vibration",
        "vibrational",
        "vibrationless",
        "vibrations"
      ],
      "offensive": false
    },
    "hwi": {
      "hw": "vi*bra*tion",
      "prs": [
        {
          "mw": "v\u012b-\u02c8br\u0101-sh\u0259n",
          "sound": {
            "audio": "vibrat04",
            "ref": "c",
            "stat": "1"
          }
        }
      ]
    },
    "fl": "noun",
    "def": [
      {
        "sseq": [
          [
            [
              "sense",
              {
                "sn": "1 a",
                "dt": [
                  [
                    "text",
                    "{bc}a periodic motion of the particles of an elastic body or medium in alternately opposite directions from the position of equilibrium when that equilibrium has been disturbed (as when a stretched cord produces musical tones or molecules in the air transmit sounds to the ear)"
                  ]
                ]
              }
            ],
            [
              "pseq",
              [
                [
                  "bs",
                  {
                    "sense": {
                      "sn": "b",
                      "dt": [
                        [
                          "text",
                          "{bc}the action of {a_link|vibrating} {bc}the state of being {a_link|vibrated} or in {a_link|vibratory} motion: such as"
                        ]
                      ]
                    }
                  }
                ],
                [
                  "sense",
                  {
                    "sn": "(1)",
                    "dt": [
                      [
                        "text",
                        "{bc}{sx|oscillation||}"
                      ]
                    ]
                  }
                ],
                [
                  "sense",
                  {
                    "sn": "(2)",
                    "dt": [
                      [
                        "text",
                        "{bc}a quivering or trembling motion {bc}{sx|quiver||}"
                      ]
                    ]
                  }
                ]
              ]
            ]
          ],
          [
            [
              "sense",
              {
                "sn": "2",
                "dt": [
                  [
                    "text",
                    "{bc}an instance of vibration"
                  ]
                ]
              }
            ]
          ],
          [
            [
              "sense",
              {
                "sn": "3",
                "dt": [
                  [
                    "text",
                    "{bc}vacillation in opinion or action {bc}{sx|wavering||}"
                  ]
                ]
              }
            ]
          ],
          [
            [
              "sense",
              {
                "sn": "4 a",
                "dt": [
                  [
                    "text",
                    "{bc}a characteristic emanation, aura, or spirit that infuses or vitalizes someone or something and that can be instinctively sensed or experienced "
                  ],
                  [
                    "uns",
                    [
                      [
                        [
                          "text",
                          "often used in plural"
                        ]
                      ]
                    ]
                  ]
                ]
              }
            ],
            [
              "sense",
              {
                "sn": "b",
                "dt": [
                  [
                    "text",
                    "{bc}a distinctive usually emotional atmosphere capable of being sensed "
                  ],
                  [
                    "uns",
                    [
                      [
                        [
                          "text",
                          "usually used in plural"
                        ]
                      ]
                    ]
                  ]
                ]
              }
            ]
          ]
        ]
      }
    ],
    "uros": [
      {
        "ure": "vi*bra*tion*al",
        "prs": [
          {
            "mw": "v\u012b-\u02c8br\u0101-shn\u0259l"
          },
          {
            "mw": "-sh\u0259-n\u1d4al",
            "sound": {
              "audio": "vibrat05",
              "ref": "c",
              "stat": "1"
            }
          }
        ],
        "fl": "adjective"
      },
      {
        "ure": "vi*bra*tion*less",
        "prs": [
          {
            "mw": "v\u012b-\u02c8br\u0101-sh\u0259n-l\u0259s",
            "sound": {
              "audio": "vibrat06",
              "ref": "c",
              "stat": "1"
            }
          }
        ],
        "fl": "adjective"
      }
    ],
    "date": "1635{ds||1|a|}",
    "shortdef": [
      "a periodic motion of the particles of an elastic body or medium in alternately opposite directions from the position of equilibrium when that equilibrium has been disturbed (as when a stretched cord produces musical tones or molecules in the air transmit sounds to the ear)",
      "the action of vibrating : the state of being vibrated or in vibratory motion: such as",
      "oscillation"
    ]
  },
  {
    "meta": {
      "id": "sympathetic vibration",
      "uuid": "e0ec8b49-c78e-4311-bf16-6eff9f462cfe",
      "sort": "195029300",
      "src": "collegiate",
      "section": "alpha",
      "stems": [
        "sympathetic vibration",
        "sympathetic vibrations"
      ],
      "offensive": false
    },
    "hwi": {
      "hw": "sympathetic vibration"
    },
    "fl": "noun",
    "def": [
      {
        "sseq": [
          [
            [
              "sense",
              {
                "dt": [
                  [
                    "text",
                    "{bc}a vibration produced in one body by the vibrations of exactly the same period in a neighboring body"
                  ]
                ]
              }
            ]
          ]
        ]
      }
    ],
    "date": "1898",
    "shortdef": [
      "a vibration produced in one body by the vibrations of exactly the same period in a neighboring body"
    ]
  }
]