[
  {
    "meta": {
      "id": "visible:1",
      "uuid": "863bc039-b8c0-4870-81d6-d8154dcb495c",
      "sort": "220108500",
      "src": "collegiate",
      "section": "alpha",
      "stems": [
        "visible",
        "visibleness",
        "visiblenesses",
        "visibly"
      ],
      "offensive": false
    },
    "hom": 1,
    "hwi": {
      "hw": "vis*i*ble",
      "prs": [
        {
          "mw": "\u02c8vi-z\u0259-b\u0259l",
          "sound": {
            "audio": "visibl01",
            "ref": "c",
            "stat": "1"
          }
        }
      ]
    },
    "fl": "adjective",
    "def": [
      {
        "sseq": [
          [
            [
              "sense",
              {
                "sn": "1 a",
                "dt": [
                  [
                    "text",
                    "{bc}capable of being seen "
                  ],
                  [
                    "vis",
                    [
                      {
                        "t": "stars {wi}visible{/wi} to the naked eye"
                      }
                    ]
                  ]
                ]
              }
            ],
            [
              "sense",
              {
                "sn": "b",
                "dt": [
                  [
                    "text",
                    "{bc}situated in the region of the electromagnetic spectrum perceptible to human {a_link|vision} "
                  ],
                  [
                    "vis",
                    [
                      {
                        "t": "{wi}visible{/wi} light"
                      }
                    ]
                  ],
                  [
                    "uns",
                    [
                      [
                        [
                          "text",
                          "used of radiation having a wavelength between about 400 nanometers and 700 nanometers"
                        ]
                      ]
                    ]
                  ]
                ]
              }
            ]
          ],
          [
            [
              "sense",
              {
                "sn": "2 a",
                "dt": [
                  [
                    "text",
                    "{bc}exposed to view "
                  ],
                  [
                    "vis",
                    [
                      {
                        "t": "the {wi}visible{/wi} horizon"
                      }
                    ]
                  ]
                ]
              }
            ],
            [
              "pseq",
              [
                [
                  "sense",
                  {
                    "sn": "b (1)",
                    "dt": [
                      [
                        "text",
                        "{bc}{sx|conspicuous||} "
                      ],
                      [
                        "vis",
                        [
                          {
                            "t": "has played a highly {wi}visible{/wi} role in the negotiations"
                          }
                        ]
                      ]
                    ]
                  }
                ],
                [
                  "sense",
                  {
                    "sn": "(2)",
                    "dt": [
                      [
                        "text",
                        "{bc}{sx|well-known||} "
                      ],
                      [
                        "vis",
                        [
                          {
                            "t": "a highly {wi}visible{/wi} politician"
                          }
                        ]
                      ]
                    ]
                  }
                ]
              ]
            ]
          ],
          [
            [
              "sense",
              {
                "sn": "3",
                "dt": [
                  [
                    "text",
                    "{bc}capable of being discovered or perceived {bc}{sx|recognizable||} "
                  ],
                  [
                    "vis",
                    [
                      {
                        "t": "no {wi}visible{/wi} means of support"
                      }
                    ]
                  ]
                ]
              }
            ]
          ],
          [
            [
              "sense",
              {
                "sn": "4",
                "dt": [
                  [
                    "text",
                    "{bc}{sx|accessible||2} "
                  ],
                  [
                    "vis",
                    [
                      {
                        "t": "{wi}visible{/wi} resources"
                      }
                    ]
                  ]
                ]
              }
            ]
          ],
          [
            [
              "sense",
              {
                "sn": "5",
                "dt": [
                  [
                    "text",
                    "{bc}devised to keep a particular part or item always in full view or readily seen or referred to "
                  ],
                  [
                    "vis",
                    [
                      {
                        "t": "a {wi}visible{/wi} index"
                      }
                    ]
                  ]
                ]
              }
            ]
          ]
        ]
      }
    ],
    "uros": [
      {
        "ure": "vis*i*ble*ness",
        "fl": "noun"
      },
      {
        "ure": "vis*i*bly",
        "prs": [
          {
            "mw": "\u02c8vi-z\u0259-bl\u0113",
            "sound": {
              "audio": "visibl02",
              "ref": "c",
              "stat": "1"
            }
          }
        ],
        "fl": "adverb"
      }
    ],
    "et": [
      [
        "text",
        "Middle English, from Middle French or Latin; Middle French, from Latin {it}visibilis{/it}, from {it}visus{/it}, past participle of {it}vid\u0113re{/it} to see"
      ]
    ],
    "date": "14th century{ds||1|a|}",
    "shortdef": [
      "capable of being seen",
      "situated in the region of the electromagnetic spectrum perceptible to human vision \u2014used of radiation having a wavelength between about 400 nanometers and 700 nanometers",
      "exposed to view"
    ]
  },
  {
    "meta": {
      "id": "visible:2",
      "uuid": "4ca20f04-2dd1-47e2-ad8e-d8676d112704",
      "sort": "220108550",
      "src": "collegiate",
      "section": "alpha",
      "stems": [
        "visible",
        "visibles"
      ],
      "offensive": false
    },
    "hom": 2,
    "hwi": {
      "hw": "visible"
    },
    "fl": "noun",
    "ins": [
      {
        "il": "plural",
        "if": "vis*i*bles"
      }
    ],
    "def": [
      {
        "sseq": [
          [
            [
              "sense",
              {
                "dt": [
                  [
                    "text",
                    "{bc}a visible person or thing {bc}someone or something that can be seen or perceived "
                  ],
                  [
                    "vis",
                    [
                      {
                        "t": "He achieved important results in both these endeavors, which, being visible, have received ample notice as the {wi}visibles{/wi} of history usually do \u2026",
                        "aq": {
                          "auth": "Barbara W. Tuchman"
                        }
                      }
                    ]
                  ]
                ]
              }
            ]
          ]
        ]
      }
    ],
    "date": "1614",
    "shortdef": [
      "a visible person or thing : someone or something that can be seen or perceived"
    ]
  },
  {
    "meta": {
      "id": "visible speech",
      "uuid": "db97d982-e25a-4f4b-be01-43a0b6cb592b",
      "sort": "220108600",
      "src": "collegiate",
      "section": "alpha",
      "stems": [
        "visible speech",
        "visible speeches"
      ],
      "offensive": false
    },
    "hwi": {
      "hw": "visible speech"
    },
    "fl": "noun",
    "def": [
      {
        "sseq": [
          [
            [
              "sense",
              {
                "sn": "1",
                "dt": [
                  [
                    "text",
                    "{bc}a set of phonetic symbols based on symbols for articulatory position"
                  ]
                ]
              }
            ]
          ],
          [
            [
              "sense",
              {
                "sn": "2",
                "dt": [
                  [
                    "text",
                    "{bc}speech reproduced spectrographically"
                  ]
                ]
              }
            ]
          ]
        ]
      }
    ],
    "date": "1865{ds||1||}",
    "shortdef": [
      "a set of phonetic symbols based on symbols for articulatory position",
      "speech reproduced spectrographically"
    ]
  },
  {
    "meta": {
      "id": "visible means of support",
      "uuid": "898278eb-1603-438d-9283-faa101fcacc5",
      "sort": "3022002000",
      "src": "ld",
      "section": "idioms",
      "stems": [
        "visible means of support"
      ],
      "offensive": false
    },
    "hwi": {
      "hw": "visible means of support"
    },
    "fl": "noun phrase",
    "def": [
      {
        "sseq": [
          [
            [
              "sense",
              {
                "dt": [
                  [
                    "text",
                    "{bc}an obvious source of money, such as a job "
                  ],
                  [
                    "vis",
                    [
                      {
                        "t": "She has no {it}visible means of support{/it}."
                      }
                    ]
                  ]
                ]
              }
            ]
          ]
        ]
      }
    ],
    "shortdef": [
      "an obvious source of money, such as a job"
    ]
  },
  {
    "meta": {
      "id": "visible to the naked eye",
      "uuid": "ef06876b-3d6d-4582-9506-8640654e193b",
      "sort": "3022003000",
      "src": "ld",
      "section": "idioms",
      "stems": [
        "visible to the naked eye"
      ],
      "offensive": false
    },
    "hwi": {
      "hw": "visible to the naked eye"
    },
    "fl": "idiom",
    "def": [
      {
        "sseq": [
          [
            [
              "sense",
              {
                "dt": [
                  [
                    "text",
                    "{bc}able to be seen without special equipment "
                  ],
                  [
                    "vis",
                    [
                      {
                        "t": "stars {it}visible to the naked eye{/it}"
                      }
                    ]
                  ]
                ]
              }
            ]
          ]
        ]
      }
    ],
    "shortdef": [
      "able to be seen without special equipment"
    ]
  },
  {
    "meta": {
      "id": "subvisible",
      "uuid": "082dbf47-94e6-4ef6-a939-18281c923315",
      "sort": "194914833",
      "src": "collegiate",
      "section": "alpha",
      "stems": [
        "sub-visible",
        "subvisible"
      ],
      "offensive": false
    },
    "hwi": {
      "hw": "sub*vis*i*ble",
      "prs": [
        {
          "mw": "\u02ccs\u0259b-\u02c8vi-z\u0259-b\u0259l",
          "sound": {
            "audio": "subvisible_1",
            "ref": "owl",
            "stat": "1"
          }
        }
      ]
    },
    "vrs": [
      {
        "vl": "or",
        "va": "sub-vis*i*ble"
      }
    ],
    "fl": "adjective",
    "def": [
      {
        "sseq": [
          [
            [
              "sense",
              {
                "dt": [
                  [
                    "text",
                    "{bc}not {d_link|visible|visible:1} without the aid of special instruments "
                  ],
                  [
                    "vis",
                    [
                      {
                        "t": "{wi}subvisible{/wi} particles"
                      },
                      {
                        "t": "{wi}subvisible{/wi} cirrus clouds"
                      },
                      {
                        "t": "For Great Lakes fishermen, the immediate threat is not the thumb-size grown-ups but the {wi}subvisible{/wi} larvae they spawn by the tens of thousands. Off the shores of Toledo and Cleveland and near Leamington, Ont., a single cubic meter of water often contains a half-million mussel larvae.",
                        "aq": {
                          "auth": "Geoffrey Cowley"
                        }
                      }
                    ]
                  ]
                ]
              }
            ]
          ]
        ]
      }
    ],
    "date": "1862",
    "shortdef": [
      "not visible without the aid of special instruments"
    ]
  }
]