[
  {
    "meta": {
      "id": "water:1",
      "uuid": "f99b1fdb-bd04-4273-a9dc-994effcb513b",
      "sort": "230042700",
      "src": "collegiate",
      "section": "alpha",
      "stems": [
        "above water",
        "water",
        "waters"
      ],
      "offensive": false
    },
    "hom": 1,
    "hwi": {
      "hw": "wa*ter",
      "prs": [
        {
          "mw": "\u02c8w\u022f-t\u0259r",
          "sound": {
            "audio": "water002",
            "ref": "c",
            "stat": "1"
          }
        },
        {
          "mw": "\u02c8w\u00e4-",
          "sound": {
            "audio": "water001",
            "ref": "c",
            "stat": "1"
          }
        }
      ]
    },
    "fl": "noun",
    "lbs": [
      "often attributive"
    ],
    "def": [
      {
        "sseq": [
          [
            [
              "sense",
              {
                "sn": "1 a",
                "dt": [
                  [
                    "text",
                    "{bc}the liquid that descends from the clouds as rain, forms streams, lakes, and seas, and is a major constituent of all living matter and that when pure is an odorless, tasteless, very slightly compressible liquid oxide of hydrogen H{inf}2{/inf}O which appears bluish in thick layers, freezes at 0\u00b0 C and boils at 100\u00b0 C, has a maximum density at 4\u00b0 C and a high specific heat, is feebly ionized to hydrogen and hydroxyl ions, and is a poor conductor of electricity and a good solvent"
                  ]
                ]
              }
            ],
            [
              "sense",
              {
                "sn": "b",
                "dt": [
                  [
                    "text",
                    "{bc}a natural mineral water "
                  ],
                  [
                    "uns",
                    [
                      [
                        [
                          "text",
                          "usually used in plural"
                        ]
                      ]
                    ]
                  ]
                ]
              }
            ]
          ],
          [
            [
              "pseq",
              [
                [
                  "bs",
                  {
                    "sense": {
                      "sn": "2",
                      "dt": [
                        [
                          "text",
                          "{bc}a particular quantity or body of water: such as"
                        ]
                      ]
                    }
                  }
                ],
                [
                  "sense",
                  {
                    "sn": "a (1)",
                    "ins": [
                      {
                        "if": "wa*ters",
                        "prs": [
                          {
                            "mw": "\u02c8w\u022f-t\u0259rz",
                            "sound": {
                              "audio": "bixwat01",
                              "ref": "c",
                              "stat": "1"
                            }
                          },
                          {
                            "mw": "\u02c8w\u00e4-"
                          }
                        ],
                        "spl": "plural"
                      }
                    ],
                    "dt": [
                      [
                        "text",
                        "{bc}the water occupying or flowing in a particular bed"
                      ]
                    ]
                  }
                ],
                [
                  "sense",
                  {
                    "sn": "(2)",
                    "sls": [
                      "chiefly British"
                    ],
                    "dt": [
                      [
                        "text",
                        "{bc}{sx|lake||}, {sx|pond||}"
                      ]
                    ]
                  }
                ]
              ]
            ],
            [
              "sense",
              {
                "sn": "b",
                "dt": [
                  [
                    "text",
                    "{bc}a quantity or depth of water adequate for some purpose (such as navigation)"
                  ]
                ]
              }
            ],
            [
              "sen",
              {
                "sn": "c",
                "ins": [
                  {
                    "if": "waters",
                    "spl": "plural"
                  }
                ]
              }
            ],
            [
              "pseq",
              [
                [
                  "sense",
                  {
                    "sn": "(1)",
                    "dt": [
                      [
                        "text",
                        "{bc}a band of seawater abutting on the land of a particular sovereignty and under the control of that sovereignty"
                      ]
                    ]
                  }
                ],
                [
                  "sense",
                  {
                    "sn": "(2)",
                    "dt": [
                      [
                        "text",
                        "{bc}the sea of a particular part of the earth"
                      ]
                    ]
                  }
                ]
              ]
            ],
            [
              "sense",
              {
                "sn": "d",
                "dt": [
                  [
                    "text",
                    "{bc}{sx|water supply||} "
                  ],
                  [
                    "vis",
                    [
                      {
                        "t": "threatened to turn off the {wi}water{/wi}"
                      }
                    ]
                  ]
                ]
              }
            ]
          ],
          [
            [
              "sense",
              {
                "sn": "3",
                "dt": [
                  [
                    "text",
                    "{bc}travel or transportation on water "
                  ],
                  [
                    "vis",
                    [
                      {
                        "t": "we went by {wi}water{/wi}"
                      }
                    ]
                  ]
                ]
              }
            ]
          ],
          [
            [
              "sense",
              {
                "sn": "4",
                "dt": [
                  [
                    "text",
                    "{bc}the level of water at a particular state of the tide {bc}{sx|tide||}"
                  ]
                ]
              }
            ]
          ],
          [
            [
              "pseq",
              [
                [
                  "bs",
                  {
                    "sense": {
                      "sn": "5",
                      "dt": [
                        [
                          "text",
                          "{bc}liquid containing or resembling water: such as"
                        ]
                      ]
                    }
                  }
                ],
                [
                  "sense",
                  {
                    "sn": "a (1)",
                    "dt": [
                      [
                        "text",
                        "{bc}a pharmaceutical or cosmetic preparation made with water"
                      ]
                    ]
                  }
                ],
                [
                  "sense",
                  {
                    "sn": "(2)",
                    "dt": [
                      [
                        "text",
                        "{bc}a {a_link|watery} solution of a gaseous or readily volatile substance {dx}compare {dxt|ammonia water||}{/dx}"
                      ]
                    ]
                  }
                ]
              ]
            ],
            [
              "sense",
              {
                "sn": "b",
                "sls": [
                  "archaic"
                ],
                "dt": [
                  [
                    "text",
                    "{bc}a distilled fluid (as an essence)"
                  ]
                ],
                "sdsense": {
                  "sd": "especially",
                  "dt": [
                    [
                      "text",
                      "{bc}a distilled alcoholic liquor"
                    ]
                  ]
                }
              }
            ],
            [
              "sense",
              {
                "sn": "c",
                "dt": [
                  [
                    "text",
                    "{bc}a watery fluid (such as tears, urine, or sap) formed or circulating in a living body"
                  ]
                ]
              }
            ],
            [
              "sense",
              {
                "sn": "d",
                "dt": [
                  [
                    "text",
                    "{bc}{sx|amniotic fluid||}"
                  ]
                ],
                "sdsense": {
                  "sd": "also",
                  "dt": [
                    [
                      "text",
                      "{bc}{sx|bag of waters||}"
                    ]
                  ]
                }
              }
            ]
          ],
          [
            [
              "sense",
              {
                "sn": "6 a",
                "dt": [
                  [
                    "text",
                    "{bc}the degree of clarity and luster of a precious stone"
                  ]
                ]
              }
            ],
            [
              "sense",
              {
                "sn": "b",
                "dt": [
                  [
                    "text",
                    "{bc}degree of excellence "
                  ],
                  [
                    "vis",
                    [
                      {
                        "t": "a scholar of the first {wi}water{/wi}"
                      }
                    ]
                  ]
                ]
              }
            ]
          ],
          [
            [
              "sense",
              {
                "sn": "7",
                "dt": [
                  [
                    "text",
                    "{bc}{sx|watercolor||}"
                  ]
                ]
              }
            ]
          ],
          [
            [
              "sense",
              {
                "sn": "8 a",
                "dt": [
                  [
                    "text",
                    "{bc}stock not representing assets of the issuing company and not backed by earning power"
                  ]
                ]
              }
            ],
            [
              "sense",
              {
                "sn": "b",
                "dt": [
                  [
                    "text",
                    "{bc}fictitious or exaggerated asset entries that give a stock an unrealistic book value"
                  ]
                ]
              }
            ]
          ]
        ]
      }
    ],
    "dros": [
      {
        "drp": "above water",
        "def": [
          {
            "sseq": [
              [
                [
                  "sense",
                  {
                    "dt": [
                      [
                        "text",
                        "{bc}out of difficulty"
                      ]
                    ]
                  }
                ]
              ]
            ]
          }
        ]
      }
    ],
    "et": [
      [
        "text",
        "Middle English, from Old English {it}w\u00e6ter{/it}; akin to Old High German {it}wazzar{/it} water, Greek {it}hyd\u014dr{/it}, Latin {it}unda{/it} wave"
      ]
    ],
    "date": "before 12th century{ds||1|a|}",
    "shortdef": [
      "the liquid that descends from the clouds as rain, forms streams, lakes, and seas, and is a major constituent of all living matter and that when pure is an odorless, tasteless, very slightly compressible liquid oxide of hydrogen H2O which appears bluish in thick layers, freezes at 0\u00b0 C and boils at 100\u00b0 C, has a maximum density at 4\u00b0 C and a high specific heat, is feebly ionized to hydrogen and hydroxyl ions, and is a poor conductor of electricity and a good solvent",
      "a natural mineral water \u2014usually used in plural",
      "a particular quantity or body of water: such as"
    ]
  },
  {
    "meta": {
      "id": "water:2",
      "uuid": "c165bee2-47fd-4d9c-bffe-1ca44db60b4a",
      "sort": "230042800",
      "src": "collegiate",
      "section": "alpha",
      "stems": [
        "water",
        "watered",
        "watering",
        "waters"
      ],
      "offensive": false
    },
    "hom": 2,
    "hwi": {
      "hw": "water"
    },
    "fl": "verb",
    "ins": [
      {
        "if": "wa*tered"
      },
      {
        "if": "wa*ter*ing"
      },
      {
        "if": "wa*ters"
      }
    ],
    "def": [
      {
        "vd": "transitive verb",
        "sseq": [
          [
            [
              "sense",
              {
                "sn": "1",
                "dt": [
                  [
                    "text",
                    "{bc}to moisten, sprinkle, or soak with water "
                  ],
                  [
                    "vis",
                    [
                      {
                        "t": "{wi}water{/wi} the lawn"
                      }
                    ]
                  ]
                ]
              }
            ]
          ],
          [
            [
              "sense",
              {
                "sn": "2",
                "dt": [
                  [
                    "text",
                    "{bc}to supply with water for drink "
                  ],
                  [
                    "vis",
                    [
                      {
                        "t": "{wi}water{/wi} cattle"
                      }
                    ]
                  ]
                ]
              }
            ]
          ],
          [
            [
              "sense",
              {
                "sn": "3",
                "dt": [
                  [
                    "text",
                    "{bc}to supply water to "
                  ],
                  [
                    "vis",
                    [
                      {
                        "t": "lands {wi}watered{/wi} by the river"
                      }
                    ]
                  ]
                ]
              }
            ]
          ],
          [
            [
              "sense",
              {
                "sn": "4",
                "dt": [
                  [
                    "text",
                    "{bc}to treat with or as if with water"
                  ]
                ],
                "sdsense": {
                  "sd": "specifically",
                  "dt": [
                    [
                      "text",
                      "{bc}to impart a lustrous appearance and wavy pattern to (cloth) by calendering"
                    ]
                  ]
                }
              }
            ]
          ],
          [
            [
              "sense",
              {
                "sn": "5 a",
                "dt": [
                  [
                    "text",
                    "{bc}to dilute by the addition of water "
                  ],
                  [
                    "uns",
                    [
                      [
                        [
                          "text",
                          "often used with {it}down{/it} "
                        ],
                        [
                          "vis",
                          [
                            {
                              "t": "{wi}water{/wi} down the punch"
                            }
                          ]
                        ]
                      ]
                    ]
                  ]
                ]
              }
            ],
            [
              "sense",
              {
                "sn": "b",
                "dt": [
                  [
                    "text",
                    "{bc}to add to the aggregate par value of (securities) without a corresponding addition to the assets represented by the securities"
                  ]
                ]
              }
            ]
          ]
        ]
      },
      {
        "vd": "intransitive verb",
        "sseq": [
          [
            [
              "sense",
              {
                "sn": "1",
                "dt": [
                  [
                    "text",
                    "{bc}to form or secrete water or {a_link|watery} matter (such as tears or saliva)"
                  ]
                ]
              }
            ]
          ],
          [
            [
              "bs",
              {
                "sense": {
                  "sn": "2",
                  "dt": [
                    [
                      "text",
                      "{bc}to get or take water: such as"
                    ]
                  ]
                }
              }
            ],
            [
              "sense",
              {
                "sn": "a",
                "dt": [
                  [
                    "text",
                    "{bc}to take on a supply of water "
                  ],
                  [
                    "vis",
                    [
                      {
                        "t": "the boat docked to {wi}water{/wi}"
                      }
                    ]
                  ]
                ]
              }
            ],
            [
              "sense",
              {
                "sn": "b",
                "dt": [
                  [
                    "text",
                    "{bc}to drink water"
                  ]
                ]
              }
            ]
          ]
        ]
      }
    ],
    "date": "before 12th century{ds|t|1||}",
    "shortdef": [
      "to moisten, sprinkle, or soak with water",
      "to supply with water for drink",
      "to supply water to"
    ]
  },
  {
    "meta": {
      "id": "water bag",
      "uuid": "71fb43da-01cf-4ac6-8117-0900cfaec0f6",
      "sort": "230042900",
      "src": "collegiate",
      "section": "alpha",
      "stems": [
        "water bag",
        "water bags"
      ],
      "offensive": false
    },
    "hwi": {
      "hw": "water bag"
    },
    "fl": "noun",
    "def": [
      {
        "sseq": [
          [
            [
              "sense",
              {
                "sn": "1",
                "dt": [
                  [
                    "text",
                    "{bc}a bag for holding water"
                  ]
                ],
                "sdsense": {
                  "sd": "especially",
                  "dt": [
                    [
                      "text",
                      "{bc}one designed to keep water cool for drinking by evaporation through a slightly porous surface"
                    ]
                  ]
                }
              }
            ]
          ],
          [
            [
              "sense",
              {
                "sn": "2",
                "dt": [
                  [
                    "text",
                    "{bc}{sx|bag of waters||} "
                  ],
                  [
                    "uns",
                    [
                      [
                        [
                          "text",
                          "used especially of domestic animals"
                        ]
                      ]
                    ]
                  ]
                ]
              }
            ]
          ]
        ]
      }
    ],
    "date": "1638{ds||1||}",
    "shortdef": [
      "a bag for holding water; especially : one designed to keep water cool for drinking by evaporation through a slightly porous surface",
      "bag of waters \u2014used especially of domestic animals"
    ]
  },
  {
    "meta": {
      "id": "water balance",
      "uuid": "c4a4779e-c151-40b3-8804-d06c0e8517ec",
      "sort": "230043000",
      "src": "collegiate",
      "section": "alpha",
      "stems": [
        "water balance",
        "water balances"
      ],
      "offensive": false
    },
    "hwi": {
      "hw": "water balance"
    },
    "fl": "noun",
    "def": [
      {
        "sseq": [
          [
            [
              "sense",
              {
                "dt": [
                  [
                    "text",
                    "{bc}the ratio between the water assimilated into the body and that lost from the body"
                  ]
                ],
                "sdsense": {
                  "sd": "also",
                  "dt": [
                    [
                      "text",
                      "{bc}the condition of the body when this ratio approximates equilibrium"
                    ]
                  ]
                }
              }
            ]
          ]
        ]
      }
    ],
    "date": "1888",
    "shortdef": [
      "the ratio between the water assimilated into the body and that lost from the body; also : the condition of the body when this ratio approximates equilibrium"
    ]
  },
  {
    "meta": {
      "id": "water ballet",
      "uuid": "3a0fc6ba-be0f-4e07-8e2d-37cf1eaf0b49",
      "sort": "230043100",
      "src": "collegiate",
      "section": "alpha",
      "stems": [
        "water ballet",
        "water ballets"
      ],
      "offensive": false
    },
    "hwi": {
      "hw": "water ballet"
    },
    "fl": "noun",
    "def": [
      {
        "sseq": [
          [
            [
              "sense",
              {
                "dt": [
                  [
                    "text",
                    "{bc}a synchronized sequence of movements performed by a group of swimmers"
                  ]
                ]
              }
            ]
          ]
        ]
      }
    ],
    "date": "1926",
    "shortdef": [
      "a synchronized sequence of movements performed by a group of swimmers"
    ]
  },
  {
    "meta": {
      "id": "water bear",
      "uuid": "755d5ce1-5046-4e4d-92a4-3b77f01b1943",
      "sort": "230043200",
      "src": "collegiate",
      "section": "alpha",
      "stems": [
        "water bear",
        "water bears"
      ],
      "offensive": false
    },
    "hwi": {
      "hw": "water bear"
    },
    "fl": "noun",
    "def": [
      {
        "sseq": [
          [
            [
              "sense",
              {
                "dt": [
                  [
                    "text",
                    "{bc}{sx|tardigrade||}"
                  ]
                ]
              }
            ]
          ]
        ]
      }
    ],
    "date": "1848",
    "shortdef": [
      "tardigrade"
    ]
  },
  {
    "meta": {
      "id": "Water Bearer",
      "uuid": "6b81f9bf-5cfb-4cc7-93ca-3a8c3c05106a",
      "sort": "230043300",
      "src": "collegiate",
      "section": "alpha",
      "stems": [
        "Water Bearer",
        "Water Bearers"
      ],
      "offensive": false
    },
    "hwi": {
      "hw": "Water Bearer"
    },
    "fl": "noun",
    "def": [
      {
        "sseq": [
          [
            [
              "sense",
              {
                "sn": "1",
                "dt": [
                  [
                    "text",
                    "{bc}{sx|aquarius||1a}"
                  ]
                ]
              }
            ]
          ],
          [
            [
              "sense",
              {
                "sn": "2",
                "dt": [
                  [
                    "text",
                    "{bc}{sx|aquarius||2}"
                  ]
                ]
              }
            ]
          ]
        ]
      }
    ],
    "date": "1594{ds||1||}",
    "shortdef": [
      "aquarius",
      "aquarius"
    ]
  },
  {
    "meta": {
      "id": "water beetle",
      "uuid": "317e6dd0-8ae2-4f4f-ad35-d56b4eb0c22f",
      "sort": "230043500",
      "src": "collegiate",
      "section": "alpha",
      "stems": [
        "water beetle",
        "water beetles"
      ],
      "offensive": false
    },
    "hwi": {
      "hw": "water beetle"
    },
    "fl": "noun",
    "def": [
      {
        "sseq": [
          [
            [
              "sense",
              {
                "dt": [
                  [
                    "text",
                    "{bc}any of numerous oval flattened aquatic beetles (such as a diving beetle or whirligig beetle) that swim by means of their fringed hind legs which act together as oars"
                  ]
                ]
              }
            ]
          ]
        ]
      }
    ],
    "date": "circa 1668",
    "shortdef": [
      "any of numerous oval flattened aquatic beetles (such as a diving beetle or whirligig beetle) that swim by means of their fringed hind legs which act together as oars"
    ]
  },
  {
    "meta": {
      "id": "water biscuit",
      "uuid": "9030a716-a4fb-4440-ba95-f13cc364e25b",
      "sort": "230043700",
      "src": "collegiate",
      "section": "alpha",
      "stems": [
        "water biscuit",
        "water biscuits"
      ],
      "offensive": false
    },
    "hwi": {
      "hw": "water biscuit"
    },
    "fl": "noun",
    "def": [
      {
        "sseq": [
          [
            [
              "sense",
              {
                "dt": [
                  [
                    "text",
                    "{bc}a cracker of flour and water and sometimes fat"
                  ]
                ]
              }
            ]
          ]
        ]
      }
    ],
    "date": "1786",
    "shortdef": [
      "a cracker of flour and water and sometimes fat"
    ]
  },
  {
    "meta": {
      "id": "water blister",
      "uuid": "0839c6df-1c59-4794-a4e7-d9d24ffe9317",
      "sort": "230043800",
      "src": "collegiate",
      "section": "alpha",
      "stems": [
        "water blister",
        "water blisters"
      ],
      "offensive": false
    },
    "hwi": {
      "hw": "water blister"
    },
    "fl": "noun",
    "def": [
      {
        "sseq": [
          [
            [
              "sense",
              {
                "dt": [
                  [
                    "text",
                    "{bc}a blister with a clear watery content"
                  ]
                ]
              }
            ]
          ]
        ]
      }
    ],
    "date": "1821",
    "shortdef": [
      "a blister with a clear watery content"
    ]
  }
]