[
  {
    "meta": {
      "id": "wheel:1",
      "uuid": "4e2c10d5-173d-4401-9b21-08e8a8656431",
      "sort": "230108700",
      "src": "collegiate",
      "section": "alpha",
      "stems": [
        "wheel",
        "wheelless",
        "wheels"
      ],
      "offensive": false
    },
    "hom": 1,
    "hwi": {
      "hw": "wheel",
      "prs": [
        {
          "mw": "\u02c8(h)w\u0113l",
          "sound": {
            "audio": "wheel001",
            "ref": "c",
            "stat": "1"
          }
        }
      ]
    },
    "fl": "noun",
    "lbs": [
      "often attributive"
    ],
    "def": [
      {
        "sseq": [
          [
            [
              "sense",
              {
                "sn": "1",
                "dt": [
                  [
                    "text",
                    "{bc}a circular frame of hard material that may be solid, partly solid, or spoked and that is capable of turning on an axle"
                  ]
                ]
              }
            ]
          ],
          [
            [
              "bs",
              {
                "sense": {
                  "sn": "2",
                  "dt": [
                    [
                      "text",
                      "{bc}a contrivance or apparatus having as its principal part a wheel: such as"
                    ]
                  ]
                }
              }
            ],
            [
              "sense",
              {
                "sn": "a",
                "dt": [
                  [
                    "text",
                    "{bc}a chiefly medieval instrument of torture designed for mutilating a victim (as by stretching or disjointing)"
                  ]
                ]
              }
            ],
            [
              "sense",
              {
                "sn": "b",
                "dt": [
                  [
                    "text",
                    "{bc}{sx|bicycle||}"
                  ]
                ]
              }
            ],
            [
              "sense",
              {
                "sn": "c",
                "dt": [
                  [
                    "text",
                    "{bc}any of many revolving disks or drums used as gambling paraphernalia"
                  ]
                ]
              }
            ],
            [
              "sense",
              {
                "sn": "d",
                "dt": [
                  [
                    "text",
                    "{bc}{sx|potter's wheel||}"
                  ]
                ]
              }
            ],
            [
              "sense",
              {
                "sn": "e",
                "dt": [
                  [
                    "text",
                    "{bc}{sx|steering wheel||}"
                  ]
                ]
              }
            ]
          ],
          [
            [
              "sense",
              {
                "sn": "3 a",
                "dt": [
                  [
                    "text",
                    "{bc}an imaginary turning wheel symbolizing the inconstancy of fortune"
                  ]
                ]
              }
            ],
            [
              "sense",
              {
                "sn": "b",
                "dt": [
                  [
                    "text",
                    "{bc}a recurring course, development, or action {bc}{sx|cycle||}"
                  ]
                ]
              }
            ]
          ],
          [
            [
              "sense",
              {
                "sn": "4",
                "dt": [
                  [
                    "text",
                    "{bc}something (such as a round, flat cheese) resembling a wheel in shape"
                  ]
                ]
              }
            ]
          ],
          [
            [
              "sense",
              {
                "sn": "5 a",
                "dt": [
                  [
                    "text",
                    "{bc}a curving or circular movement"
                  ]
                ]
              }
            ],
            [
              "sense",
              {
                "sn": "b",
                "dt": [
                  [
                    "text",
                    "{bc}a rotation or turn usually about an axis or center"
                  ]
                ],
                "sdsense": {
                  "sd": "specifically",
                  "dt": [
                    [
                      "text",
                      "{bc}a turning movement of troops or ships in line in which the units preserve alignment and relative positions as they change direction"
                    ]
                  ]
                }
              }
            ]
          ],
          [
            [
              "sense",
              {
                "sn": "6 a",
                "dt": [
                  [
                    "text",
                    "{bc}a moving or essential part of something compared to a machine "
                  ],
                  [
                    "vis",
                    [
                      {
                        "t": "the {wi}wheels{/wi} of government"
                      }
                    ]
                  ]
                ]
              }
            ],
            [
              "sense",
              {
                "sn": "b",
                "dt": [
                  [
                    "text",
                    "{bc}a directing or controlling force"
                  ]
                ]
              }
            ],
            [
              "sense",
              {
                "sn": "c",
                "dt": [
                  [
                    "text",
                    "{bc}a person of importance especially in an organization "
                  ],
                  [
                    "vis",
                    [
                      {
                        "t": "a big {wi}wheel{/wi}"
                      }
                    ]
                  ]
                ]
              }
            ]
          ],
          [
            [
              "sense",
              {
                "sn": "7",
                "dt": [
                  [
                    "text",
                    "{bc}the refrain or burden of a song"
                  ]
                ]
              }
            ]
          ],
          [
            [
              "sense",
              {
                "sn": "8 a",
                "dt": [
                  [
                    "text",
                    "{bc}a circuit of theaters or places of entertainment"
                  ]
                ]
              }
            ],
            [
              "sense",
              {
                "sn": "b",
                "dt": [
                  [
                    "text",
                    "{bc}a sports league"
                  ]
                ]
              }
            ]
          ],
          [
            [
              "sense",
              {
                "sn": "9",
                "ins": [
                  {
                    "if": "wheels",
                    "spl": "plural"
                  }
                ],
                "sls": [
                  "slang"
                ],
                "dt": [
                  [
                    "text",
                    "{bc}a {a_link|wheeled} vehicle"
                  ]
                ],
                "sdsense": {
                  "sd": "especially",
                  "dt": [
                    [
                      "text",
                      "{bc}{sx|automobile||}"
                    ]
                  ]
                }
              }
            ]
          ],
          [
            [
              "sense",
              {
                "sn": "10",
                "ins": [
                  {
                    "if": "wheels",
                    "spl": "plural"
                  }
                ],
                "sls": [
                  "slang"
                ],
                "dt": [
                  [
                    "text",
                    "{bc}{sx|legs||}"
                  ]
                ]
              }
            ]
          ]
        ]
      }
    ],
    "uros": [
      {
        "ure": "wheel*less",
        "prs": [
          {
            "mw": "\u02c8(h)w\u0113l-l\u0259s",
            "sound": {
              "audio": "wheell01",
              "ref": "c",
              "stat": "1"
            }
          }
        ],
        "fl": "adjective"
      }
    ],
    "art": {
      "artid": "wheel",
      "capt": "wheel 1: {it}1{/it} hub, {it}2{/it} spoke, {it}3{/it} felly, {it}4{/it} tire"
    },
    "et": [
      [
        "text",
        "Middle English, from Old English {it}hweogol, hw\u0113ol{/it}; akin to Old Norse {it}hv\u0113l{/it} wheel, Greek {it}kyklos{/it} circle, wheel, Skt {it}cakra{/it}, Latin {it}colere{/it} to cultivate, inhabit, Sanskrit {it}carati{/it} he moves, wanders"
      ]
    ],
    "date": "before 12th century{ds||1||}",
    "shortdef": [
      "a circular frame of hard material that may be solid, partly solid, or spoked and that is capable of turning on an axle",
      "a contrivance or apparatus having as its principal part a wheel: such as",
      "a chiefly medieval instrument of torture designed for mutilating a victim (as by stretching or disjointing)"
    ]
  },
  {
    "meta": {
      "id": "wheel:2",
      "uuid": "4f3397ab-ab4b-467a-be85-f22253666a84",
      "sort": "230108800",
      "src": "collegiate",
      "section": "alpha",
      "stems": [
        "wheel",
        "wheel and deal",
        "wheeled",
        "wheeled and dealed",
        "wheeling",
        "wheeling and dealing",
        "wheels",
        "wheels and deals"
      ],
      "offensive": false
    },
    "hom": 2,
    "hwi": {
      "hw": "wheel"
    },
    "fl": "verb",
    "ins": [
      {
        "if": "wheeled"
      },
      {
        "if": "wheel*ing"
      },
      {
        "if": "wheels"
      }
    ],
    "def": [
      {
        "vd": "intransitive verb",
        "sseq": [
          [
            [
              "sense",
              {
                "sn": "1",
                "dt": [
                  [
                    "text",
                    "{bc}to turn on or as if on an axis {bc}{sx|revolve||}"
                  ]
                ]
              }
            ]
          ],
          [
            [
              "sense",
              {
                "sn": "2",
                "dt": [
                  [
                    "text",
                    "{bc}to change direction as if revolving on a pivot "
                  ],
                  [
                    "vis",
                    [
                      {
                        "t": "the battalion would have {wi}wheeled{/wi} to the flank",
                        "aq": {
                          "auth": "Walter Bernstein"
                        }
                      },
                      {
                        "t": "her mind will {wi}wheel{/wi} around to the other extreme",
                        "aq": {
                          "auth": "Liam O'Flaherty"
                        }
                      },
                      {
                        "t": "{wi}wheeled{/wi} to face her opponent"
                      }
                    ]
                  ]
                ]
              }
            ]
          ],
          [
            [
              "sense",
              {
                "sn": "3",
                "dt": [
                  [
                    "text",
                    "{bc}to move or extend in a circle or curve "
                  ],
                  [
                    "vis",
                    [
                      {
                        "t": "birds in {wi}wheeling{/wi} flight"
                      },
                      {
                        "t": "valleys where young cotton {wi}wheeled{/wi} slowly in fanlike rows",
                        "aq": {
                          "auth": "William Faulkner"
                        }
                      }
                    ]
                  ]
                ]
              }
            ]
          ],
          [
            [
              "sense",
              {
                "sn": "4",
                "dt": [
                  [
                    "text",
                    "{bc}to travel on or as if on {a_link|wheels} or in a {a_link|wheeled} vehicle"
                  ]
                ]
              }
            ]
          ]
        ]
      },
      {
        "vd": "transitive verb",
        "sseq": [
          [
            [
              "sense",
              {
                "sn": "1",
                "dt": [
                  [
                    "text",
                    "{bc}to cause to turn on or as if on an axis {bc}{sx|rotate||}"
                  ]
                ]
              }
            ]
          ],
          [
            [
              "sense",
              {
                "sn": "2",
                "dt": [
                  [
                    "text",
                    "{bc}to convey or move on or as if on wheels or in a wheeled vehicle "
                  ],
                  [
                    "vis",
                    [
                      {
                        "t": "{wi}wheeled{/wi} the patient back to his room"
                      },
                      {
                        "t": "{wi}wheeled{/wi} the car into the driveway"
                      },
                      {
                        "t": "{wi}wheel{/wi} in the experts"
                      }
                    ]
                  ]
                ]
              }
            ]
          ],
          [
            [
              "sense",
              {
                "sn": "3",
                "dt": [
                  [
                    "text",
                    "{bc}to cause to change direction as if revolving on a pivot"
                  ]
                ]
              }
            ]
          ],
          [
            [
              "sense",
              {
                "sn": "4",
                "dt": [
                  [
                    "text",
                    "{bc}to make or perform in a circle or curve"
                  ]
                ]
              }
            ]
          ]
        ]
      }
    ],
    "dros": [
      {
        "drp": "wheel and deal",
        "def": [
          {
            "sseq": [
              [
                [
                  "sense",
                  {
                    "dt": [
                      [
                        "text",
                        "{bc}to make deals or do business especially shrewdly or briskly"
                      ]
                    ]
                  }
                ]
              ]
            ]
          }
        ]
      }
    ],
    "date": "13th century{ds|i|1||}",
    "shortdef": [
      "to turn on or as if on an axis : revolve",
      "to change direction as if revolving on a pivot",
      "to move or extend in a circle or curve"
    ]
  },
  {
    "meta": {
      "id": "wheel and axle",
      "uuid": "f65dcde8-88b5-4710-8b1a-7d9d0ff1445e",
      "sort": "230108900",
      "src": "collegiate",
      "section": "alpha",
      "stems": [
        "wheel and axle",
        "wheel and axles"
      ],
      "offensive": false
    },
    "hwi": {
      "hw": "wheel and axle"
    },
    "fl": "noun",
    "def": [
      {
        "sseq": [
          [
            [
              "sense",
              {
                "dt": [
                  [
                    "text",
                    "{bc}a mechanical device consisting of a grooved wheel turned by a cord or chain with a rigidly attached axle (as for winding up a weight) together with the supporting standards"
                  ]
                ]
              }
            ]
          ]
        ]
      }
    ],
    "date": "1759",
    "shortdef": [
      "a mechanical device consisting of a grooved wheel turned by a cord or chain with a rigidly attached axle (as for winding up a weight) together with the supporting standards"
    ]
  },
  {
    "meta": {
      "id": "wheel animal",
      "uuid": "e8b9c004-544f-4a1e-8014-3fffa6221c48",
      "sort": "230109000",
      "src": "collegiate",
      "section": "alpha",
      "stems": [
        "wheel animal",
        "wheel animals"
      ],
      "offensive": false
    },
    "hwi": {
      "hw": "wheel animal"
    },
    "fl": "noun",
    "def": [
      {
        "sseq": [
          [
            [
              "sense",
              {
                "dt": [
                  [
                    "text",
                    "{bc}{sx|rotifer||}"
                  ]
                ]
              }
            ]
          ]
        ]
      }
    ],
    "date": "1788",
    "shortdef": [
      "rotifer"
    ]
  },
  {
    "meta": {
      "id": "wheel bug",
      "uuid": "f9b7c27b-9126-4e0b-8668-162f034a3fed",
      "sort": "230109400",
      "src": "collegiate",
      "section": "alpha",
      "stems": [
        "wheel bug",
        "wheel bugs"
      ],
      "offensive": false
    },
    "hwi": {
      "hw": "wheel bug"
    },
    "fl": "noun",
    "def": [
      {
        "sseq": [
          [
            [
              "sense",
              {
                "dt": [
                  [
                    "text",
                    "{bc}a large North American assassin bug ({it}Arilus cristatus{/it}) that has a high serrated crest on its prothorax and preys on insects"
                  ]
                ]
              }
            ]
          ]
        ]
      }
    ],
    "date": "1815",
    "shortdef": [
      "a large North American assassin bug (Arilus cristatus) that has a high serrated crest on its prothorax and preys on insects"
    ]
  },
  {
    "meta": {
      "id": "wheel lock",
      "uuid": "3919d4f6-4c50-4063-8162-9b10d1863754",
      "sort": "230110400",
      "src": "collegiate",
      "section": "alpha",
      "stems": [
        "wheel lock",
        "wheel locks"
      ],
      "offensive": false
    },
    "hwi": {
      "hw": "wheel lock"
    },
    "fl": "noun",
    "def": [
      {
        "sseq": [
          [
            [
              "sense",
              {
                "dt": [
                  [
                    "text",
                    "{bc}a gun's lock for a muzzle-loading firearm in which sparks are struck from a flint or a piece of pyrite by a revolving wheel"
                  ]
                ]
              }
            ]
          ]
        ]
      }
    ],
    "date": "1670",
    "shortdef": [
      "a gun's lock for a muzzle-loading firearm in which sparks are struck from a flint or a piece of pyrite by a revolving wheel"
    ]
  },
  {
    "meta": {
      "id": "wheel-thrown",
      "uuid": "b4b2f01c-7e82-45e0-98b9-1c9ab3052385",
      "sort": "230110700",
      "src": "collegiate",
      "section": "alpha",
      "stems": [
        "wheel-thrown"
      ],
      "offensive": false
    },
    "hwi": {
      "hw": "wheel-thrown",
      "prs": [
        {
          "mw": "\u02c8(h)w\u0113l-\u02ccthr\u014dn",
          "sound": {
            "audio": "9wheel01",
            "ref": "c",
            "stat": "1"
          }
        }
      ]
    },
    "fl": "adjective",
    "def": [
      {
        "sseq": [
          [
            [
              "sense",
              {
                "dt": [
                  [
                    "text",
                    "{bc}made on a potter's wheel "
                  ],
                  [
                    "vis",
                    [
                      {
                        "t": "{wi}wheel-thrown{/wi} pottery"
                      }
                    ]
                  ]
                ]
              }
            ]
          ]
        ]
      }
    ],
    "date": "1964",
    "shortdef": [
      "made on a potter's wheel"
    ]
  },
  {
    "meta": {
      "id": "wheel clamp",
      "uuid": "7a24789d-967d-48c1-9a7b-fd939605cc0e",
      "sort": "3022487000",
      "src": "ld",
      "section": "idioms",
      "stems": [
        "wheel clamp"
      ],
      "offensive": false
    },
    "hwi": {
      "hw": "wheel clamp"
    },
    "fl": "noun",
    "def": [
      {
        "sls": [
          "British"
        ],
        "sseq": [
          [
            [
              "sense",
              {
                "dt": [
                  [
                    "text",
                    "{bc}an object that the police lock onto one of the wheels of a car so that the car cannot be moved"
                  ]
                ]
              }
            ]
          ]
        ]
      }
    ],
    "shortdef": [
      "an object that the police lock onto one of the wheels of a car so that the car cannot be moved"
    ]
  },
  {
    "meta": {
      "id": "all-wheel",
      "uuid": "241b01e5-1c2e-4341-b4c2-581991bd00bc",
      "sort": "012037000",
      "src": "collegiate",
      "section": "alpha",
      "stems": [
        "all-wheel"
      ],
      "offensive": false
    },
    "hwi": {
      "hw": "all-wheel",
      "prs": [
        {
          "mw": "\u02c8\u022fl-\u02c8w\u0113l",
          "sound": {
            "audio": "all_w01v",
            "ref": "c",
            "stat": "1"
          }
        }
      ]
    },
    "fl": "adjective",
    "def": [
      {
        "sseq": [
          [
            [
              "sense",
              {
                "dt": [
                  [
                    "text",
                    "{bc}acting especially independently on or by means of all four wheels of an automotive vehicle "
                  ],
                  [
                    "vis",
                    [
                      {
                        "t": "{wi}all-wheel{/wi} drive"
                      }
                    ]
                  ]
                ]
              }
            ]
          ]
        ]
      }
    ],
    "date": "1942",
    "shortdef": [
      "acting especially independently on or by means of all four wheels of an automotive vehicle"
    ]
  },
  {
    "meta": {
      "id": "all-wheel drive",
      "uuid": "9f50a700-36ae-4e7e-96ee-8ee0357aff95",
      "sort": "012037500",
      "src": "collegiate",
      "section": "alpha",
      "stems": [
        "all-wheel drive"
      ],
      "offensive": false
    },
    "hwi": {
      "hw": "all-wheel drive",
      "prs": [
        {
          "mw": "\u02c8\u022fl-\u02c8w\u0113l-",
          "sound": {
            "audio": "all_w01v",
            "ref": "c",
            "stat": "1"
          }
        }
      ]
    },
    "fl": "noun",
    "def": [
      {
        "sseq": [
          [
            [
              "sense",
              {
                "dt": [
                  [
                    "text",
                    "{bc}an automobile drive mechanism that acts on all four wheels of the vehicle"
                  ]
                ]
              }
            ]
          ]
        ]
      }
    ],
    "date": "1934",
    "shortdef": [
      "an automobile drive mechanism that acts on all four wheels of the vehicle"
    ]
  }
]