[
  {
    "meta": {
      "id": "wind:1",
      "uuid": "c8f308c4-59fd-41df-a4d4-fd15bdad1193",
      "sort": "230168600",
      "src": "collegiate",
      "section": "alpha",
      "stems": [
        "before the wind",
        "close to the wind",
        "had the wind of",
        "has the wind of",
        "have the wind of",
        "having the wind of",
        "in the wind",
        "near the wind",
        "off the wind",
        "on the wind",
        "to the wind",
        "to the winds",
        "under the wind",
        "wind",
        "windless",
        "windlessly",
        "winds"
      ],
      "offensive": false
    },
    "hom": 1,
    "hwi": {
      "hw": "wind",
      "prs": [
        {
          "mw": "\u02c8wind",
          "sound": {
            "audio": "wind0003",
            "ref": "c",
            "stat": "1"
          }
        },
        {
          "l": "archaic or poetic",
          "mw": "\u02c8w\u012bnd",
          "sound": {
            "audio": "wind0004",
            "ref": "c",
            "stat": "1"
          }
        }
      ]
    },
    "fl": "noun",
    "lbs": [
      "often attributive"
    ],
    "def": [
      {
        "sseq": [
          [
            [
              "sense",
              {
                "sn": "1 a",
                "dt": [
                  [
                    "text",
                    "{bc}a natural movement of air of any velocity"
                  ]
                ],
                "sdsense": {
                  "sd": "especially",
                  "dt": [
                    [
                      "text",
                      "{bc}the earth's air or the gas surrounding a planet in natural motion horizontally"
                    ]
                  ]
                }
              }
            ],
            [
              "sense",
              {
                "sn": "b",
                "dt": [
                  [
                    "text",
                    "{bc}an artificially produced movement of air"
                  ]
                ]
              }
            ],
            [
              "sense",
              {
                "sn": "c",
                "dt": [
                  [
                    "text",
                    "{bc}{sx|solar wind||}, {sx|stellar wind||}"
                  ]
                ]
              }
            ]
          ],
          [
            [
              "sense",
              {
                "sn": "2 a",
                "dt": [
                  [
                    "text",
                    "{bc}a force or agency that carries along or influences {bc}{sx|tendency||}, {sx|trend||} "
                  ],
                  [
                    "vis",
                    [
                      {
                        "t": "withstood the {wi}winds{/wi} of popular opinion",
                        "aq": {
                          "auth": "Felix Frankfurter"
                        }
                      }
                    ]
                  ]
                ]
              }
            ],
            [
              "sense",
              {
                "sn": "b",
                "dt": [
                  [
                    "text",
                    "{bc}a destructive force or influence"
                  ]
                ]
              }
            ]
          ],
          [
            [
              "sense",
              {
                "sn": "3 a",
                "dt": [
                  [
                    "text",
                    "{bc}{sx|breath||2a}"
                  ]
                ]
              }
            ],
            [
              "sense",
              {
                "sn": "b",
                "dt": [
                  [
                    "text",
                    "{bc}{sx|breath||4a}"
                  ]
                ]
              }
            ],
            [
              "sense",
              {
                "sn": "c",
                "dt": [
                  [
                    "text",
                    "{bc}the pit of the stomach {bc}{sx|solar plexus||}"
                  ]
                ]
              }
            ]
          ],
          [
            [
              "sense",
              {
                "sn": "4",
                "dt": [
                  [
                    "text",
                    "{bc}gas generated in the stomach or the intestines "
                  ],
                  [
                    "vis",
                    [
                      {
                        "t": "pass {wi}wind{/wi}"
                      }
                    ]
                  ]
                ]
              }
            ]
          ],
          [
            [
              "sen",
              {
                "sn": "5",
                "ins": [
                  {
                    "il": "plural",
                    "if": "winds"
                  }
                ]
              }
            ],
            [
              "sense",
              {
                "sn": "a",
                "dt": [
                  [
                    "text",
                    "{bc}musical {d_link|wind instruments|wind instrument} especially as distinguished from strings and percussion {bc}the wind instruments of an orchestra"
                  ]
                ]
              }
            ],
            [
              "sense",
              {
                "sn": "b",
                "dt": [
                  [
                    "text",
                    "{bc}players of wind instruments"
                  ]
                ]
              }
            ]
          ],
          [
            [
              "sense",
              {
                "sn": "6 a",
                "dt": [
                  [
                    "text",
                    "{bc}slight information especially about something secret {bc}{sx|intimation||} "
                  ],
                  [
                    "vis",
                    [
                      {
                        "t": "got {wi}wind{/wi} of the plan"
                      }
                    ]
                  ]
                ]
              }
            ],
            [
              "sense",
              {
                "sn": "b",
                "dt": [
                  [
                    "text",
                    "{bc}air carrying a scent (as of a hunter or game)"
                  ]
                ]
              }
            ]
          ],
          [
            [
              "bs",
              {
                "sense": {
                  "sn": "7",
                  "dt": [
                    [
                      "text",
                      "{bc}something that is insubstantial: such as"
                    ]
                  ]
                }
              }
            ],
            [
              "sense",
              {
                "sn": "a",
                "dt": [
                  [
                    "text",
                    "{bc}mere talk {bc}idle words"
                  ]
                ]
              }
            ],
            [
              "sense",
              {
                "sn": "b",
                "dt": [
                  [
                    "text",
                    "{bc}{sx|nothing||}, {sx|nothingness||}"
                  ]
                ]
              }
            ],
            [
              "sense",
              {
                "sn": "c",
                "dt": [
                  [
                    "text",
                    "{bc}vain self-satisfaction"
                  ]
                ]
              }
            ]
          ],
          [
            [
              "sense",
              {
                "sn": "8 a",
                "dt": [
                  [
                    "text",
                    "{bc}a direction from which the wind may blow {bc}a point of the compass"
                  ]
                ],
                "sdsense": {
                  "sd": "especially",
                  "dt": [
                    [
                      "text",
                      "{bc}one of the cardinal points"
                    ]
                  ]
                }
              }
            ],
            [
              "sense",
              {
                "sn": "b",
                "dt": [
                  [
                    "text",
                    "{bc}the direction from which the wind is blowing"
                  ]
                ]
              }
            ]
          ],
          [
            [
              "sense",
              {
                "sn": "9 a",
                "dt": [
                  [
                    "text",
                    "{bc}compressed air or gas"
                  ]
                ]
              }
            ],
            [
              "sense",
              {
                "sn": "b",
                "sls": [
                  "archaic"
                ],
                "dt": [
                  [
                    "text",
                    "{bc}{sx|air||}"
                  ]
                ]
              }
            ]
          ]
        ]
      }
    ],
    "uros": [
      {
        "ure": "wind*less",
        "prs": [
          {
            "mw": "\u02c8wind-l\u0259s",
            "sound": {
              "audio": "windle01",
              "ref": "c",
              "stat": "1"
            }
          }
        ],
        "fl": "adjective"
      },
      {
        "ure": "wind*less*ly",
        "fl": "adverb"
      }
    ],
    "dros": [
      {
        "drp": "before the wind",
        "def": [
          {
            "sseq": [
              [
                [
                  "sense",
                  {
                    "dt": [
                      [
                        "text",
                        "{bc}in the same direction as the main force of the wind"
                      ]
                    ]
                  }
                ]
              ]
            ]
          }
        ]
      },
      {
        "drp": "close to the wind",
        "def": [
          {
            "sseq": [
              [
                [
                  "sense",
                  {
                    "dt": [
                      [
                        "text",
                        "{bc}as nearly as possible against the main force of the wind"
                      ]
                    ]
                  }
                ]
              ]
            ]
          }
        ]
      },
      {
        "drp": "have the wind of",
        "def": [
          {
            "sseq": [
              [
                [
                  "sense",
                  {
                    "sn": "1",
                    "dt": [
                      [
                        "text",
                        "{bc}to be to {a_link|windward} of"
                      ]
                    ]
                  }
                ]
              ],
              [
                [
                  "sense",
                  {
                    "sn": "2",
                    "dt": [
                      [
                        "text",
                        "{bc}to be on the scent of"
                      ]
                    ]
                  }
                ]
              ],
              [
                [
                  "sense",
                  {
                    "sn": "3",
                    "dt": [
                      [
                        "text",
                        "{bc}to have a superior position to"
                      ]
                    ]
                  }
                ]
              ]
            ]
          }
        ]
      },
      {
        "drp": "in the wind",
        "def": [
          {
            "sseq": [
              [
                [
                  "sense",
                  {
                    "dt": [
                      [
                        "text",
                        "{bc}about to happen {bc}{sx|astir||}, {sx|afoot||} "
                      ],
                      [
                        "vis",
                        [
                          {
                            "t": "change is {it}in the wind{/it}"
                          }
                        ]
                      ]
                    ]
                  }
                ]
              ]
            ]
          }
        ]
      },
      {
        "drp": "near the wind",
        "def": [
          {
            "sseq": [
              [
                [
                  "sense",
                  {
                    "sn": "1",
                    "dt": [
                      [
                        "text",
                        "{bc}close to the wind"
                      ]
                    ]
                  }
                ]
              ],
              [
                [
                  "sense",
                  {
                    "sn": "2",
                    "dt": [
                      [
                        "text",
                        "{bc}close to a point of danger {bc}near the permissible limit"
                      ]
                    ]
                  }
                ]
              ]
            ]
          }
        ]
      },
      {
        "drp": "off the wind",
        "def": [
          {
            "sseq": [
              [
                [
                  "sense",
                  {
                    "dt": [
                      [
                        "text",
                        "{bc}away from the direction from which the wind is blowing"
                      ]
                    ]
                  }
                ]
              ]
            ]
          }
        ]
      },
      {
        "drp": "on the wind",
        "def": [
          {
            "sseq": [
              [
                [
                  "sense",
                  {
                    "dt": [
                      [
                        "text",
                        "{bc}toward the direction from which the wind is blowing"
                      ]
                    ]
                  }
                ]
              ]
            ]
          }
        ]
      },
      {
        "drp": "to the wind",
        "vrs": [
          {
            "vl": "or",
            "va": "to the winds"
          }
        ],
        "def": [
          {
            "sseq": [
              [
                [
                  "sense",
                  {
                    "dt": [
                      [
                        "text",
                        "{bc}{sx|aside||}, {sx|away||} "
                      ],
                      [
                        "vis",
                        [
                          {
                            "t": "threw caution {it}to the wind{/it}"
                          }
                        ]
                      ]
                    ]
                  }
                ]
              ]
            ]
          }
        ]
      },
      {
        "drp": "under the wind",
        "def": [
          {
            "sseq": [
              [
                [
                  "sense",
                  {
                    "sn": "1",
                    "dt": [
                      [
                        "text",
                        "{bc}to leeward"
                      ]
                    ]
                  }
                ]
              ],
              [
                [
                  "sense",
                  {
                    "sn": "2",
                    "dt": [
                      [
                        "text",
                        "{bc}in a place protected from the wind {bc}under the lee"
                      ]
                    ]
                  }
                ]
              ]
            ]
          }
        ]
      }
    ],
    "et": [
      [
        "text",
        "Middle English, from Old English; akin to Old High German {it}wint{/it} wind, Latin {it}ventus{/it}, Greek {it}a\u0113nai{/it} to blow, Sanskrit {it}v\u0101ti{/it} it blows"
      ]
    ],
    "date": "before 12th century{ds||1|a|}",
    "shortdef": [
      "a natural movement of air of any velocity; especially : the earth's air or the gas surrounding a planet in natural motion horizontally",
      "an artificially produced movement of air",
      "solar wind, stellar wind"
    ]
  },
  {
    "meta": {
      "id": "wind:2",
      "uuid": "ab875986-b80b-4db8-a8c9-4a137054a3fe",
      "sort": "230168700",
      "src": "collegiate",
      "section": "alpha",
      "stems": [
        "wind",
        "winded",
        "winding",
        "winds",
        "wound"
      ],
      "offensive": false
    },
    "hom": 2,
    "hwi": {
      "hw": "wind",
      "prs": [
        {
          "mw": "\u02c8wind",
          "sound": {
            "audio": "wind0003",
            "ref": "c",
            "stat": "1"
          }
        }
      ]
    },
    "fl": "verb",
    "ins": [
      {
        "if": "wind*ed"
      },
      {
        "if": "wind*ing"
      },
      {
        "if": "winds"
      }
    ],
    "def": [
      {
        "vd": "transitive verb",
        "sseq": [
          [
            [
              "sense",
              {
                "sn": "1",
                "dt": [
                  [
                    "text",
                    "{bc}to make short of breath"
                  ]
                ]
              }
            ]
          ],
          [
            [
              "sense",
              {
                "sn": "2",
                "dt": [
                  [
                    "text",
                    "{bc}to detect or follow by scent"
                  ]
                ]
              }
            ]
          ],
          [
            [
              "sense",
              {
                "sn": "3",
                "dt": [
                  [
                    "text",
                    "{bc}to expose to the air or wind {bc}dry by exposing to air"
                  ]
                ]
              }
            ]
          ],
          [
            [
              "sense",
              {
                "sn": "4",
                "dt": [
                  [
                    "text",
                    "{bc}to regulate the wind supply of (an organ pipe)"
                  ]
                ]
              }
            ]
          ],
          [
            [
              "sense",
              {
                "sn": "5",
                "dt": [
                  [
                    "text",
                    "{bc}to rest (an animal, such as a horse) in order to allow the breath to be recovered"
                  ]
                ]
              }
            ]
          ]
        ]
      },
      {
        "vd": "intransitive verb",
        "sseq": [
          [
            [
              "sense",
              {
                "sn": "1",
                "dt": [
                  [
                    "text",
                    "{bc}to scent game"
                  ]
                ]
              }
            ]
          ],
          [
            [
              "sense",
              {
                "sn": "2",
                "sls": [
                  "dialect"
                ],
                "dt": [
                  [
                    "text",
                    "{bc}to pause for breath"
                  ]
                ]
              }
            ]
          ]
        ]
      }
    ],
    "date": "15th century{ds|t|2||}",
    "shortdef": [
      "to make short of breath",
      "to detect or follow by scent",
      "to expose to the air or wind : dry by exposing to air"
    ]
  },
  {
    "meta": {
      "id": "wind:3",
      "uuid": "9f4883c3-467a-4ccb-b14a-724998c4a1f5",
      "sort": "230168800",
      "src": "collegiate",
      "section": "alpha",
      "stems": [
        "wind",
        "winded",
        "winding",
        "winds",
        "wound"
      ],
      "offensive": false
    },
    "hom": 3,
    "hwi": {
      "hw": "wind",
      "prs": [
        {
          "mw": "\u02c8w\u012bnd",
          "sound": {
            "audio": "wind0004",
            "ref": "c",
            "stat": "1"
          }
        }
      ]
    },
    "fl": "verb",
    "ins": [
      {
        "if": "wound",
        "prs": [
          {
            "mw": "\u02c8wau\u0307nd",
            "sound": {
              "audio": "wound001",
              "ref": "c",
              "stat": "1"
            }
          }
        ]
      },
      {
        "il": "also",
        "if": "wind*ed"
      },
      {
        "if": "wind*ing"
      }
    ],
    "def": [
      {
        "vd": "transitive verb",
        "sseq": [
          [
            [
              "sense",
              {
                "sn": "1 a",
                "dt": [
                  [
                    "text",
                    "{bc}to turn completely or repeatedly about an object {bc}{sx|coil||}, {sx|twine||}"
                  ]
                ]
              }
            ],
            [
              "sense",
              {
                "sn": "b",
                "dt": [
                  [
                    "text",
                    "{bc}to encircle or cover with something pliable {bc}bind with loops or layers"
                  ]
                ]
              }
            ],
            [
              "sense",
              {
                "sn": "c",
                "dt": [
                  [
                    "text",
                    "{bc}to raise to a high level (as of excitement or tension) "
                  ],
                  [
                    "uns",
                    [
                      [
                        [
                          "text",
                          "usually used with {it}up{/it}"
                        ]
                      ]
                    ]
                  ]
                ]
              }
            ],
            [
              "pseq",
              [
                [
                  "sense",
                  {
                    "sn": "d (1)",
                    "dt": [
                      [
                        "text",
                        "{bc}to tighten the spring of "
                      ],
                      [
                        "vis",
                        [
                          {
                            "t": "{wi}wind{/wi} a clock"
                          }
                        ]
                      ]
                    ]
                  }
                ],
                [
                  "sense",
                  {
                    "sn": "(2)",
                    "dt": [
                      [
                        "text",
                        "{bc}{sx|crank||}"
                      ]
                    ]
                  }
                ],
                [
                  "sense",
                  {
                    "sn": "(3)",
                    "sls": [
                      "obsolete"
                    ],
                    "dt": [
                      [
                        "text",
                        "{bc}to make tighter {bc}{sx|tighten||}, {sx|tune||}"
                      ]
                    ]
                  }
                ]
              ]
            ],
            [
              "pseq",
              [
                [
                  "sense",
                  {
                    "sn": "e (1)",
                    "dt": [
                      [
                        "text",
                        "{bc}to hoist or haul by means of a rope or chain and a {a_link|windlass}"
                      ]
                    ]
                  }
                ],
                [
                  "sense",
                  {
                    "sn": "(2)",
                    "dt": [
                      [
                        "text",
                        "{bc}to move (a ship) by hauling on a capstan"
                      ]
                    ]
                  }
                ]
              ]
            ]
          ],
          [
            [
              "sense",
              {
                "sn": "2 a",
                "dt": [
                  [
                    "text",
                    "{bc}to traverse on a curving course "
                  ],
                  [
                    "vis",
                    [
                      {
                        "t": "the river {wi}winds{/wi} the valley"
                      }
                    ]
                  ]
                ]
              }
            ],
            [
              "sense",
              {
                "sn": "b",
                "dt": [
                  [
                    "text",
                    "{bc}to cause to move in a curving line or path"
                  ]
                ]
              }
            ],
            [
              "sense",
              {
                "sn": "c",
                "dt": [
                  [
                    "text",
                    "{bc}to effect by or as if by curving"
                  ]
                ]
              }
            ],
            [
              "pseq",
              [
                [
                  "sense",
                  {
                    "sn": "d (1)",
                    "dt": [
                      [
                        "text",
                        "{bc}to cause (something, such as a ship) to change direction {bc}{sx|turn||}"
                      ]
                    ]
                  }
                ],
                [
                  "sense",
                  {
                    "sn": "(2)",
                    "dt": [
                      [
                        "text",
                        "{bc}to turn (a ship) end for end"
                      ]
                    ]
                  }
                ]
              ]
            ],
            [
              "sense",
              {
                "sn": "e",
                "sls": [
                  "archaic"
                ],
                "dt": [
                  [
                    "text",
                    "{bc}to turn the course of"
                  ]
                ],
                "sdsense": {
                  "sd": "especially",
                  "dt": [
                    [
                      "text",
                      "{bc}to lead (a person) as one wishes"
                    ]
                  ]
                }
              }
            ]
          ],
          [
            [
              "sense",
              {
                "sn": "3 a",
                "dt": [
                  [
                    "text",
                    "{bc}{sx|entangle||}, {sx|involve||}"
                  ]
                ]
              }
            ],
            [
              "sense",
              {
                "sn": "b",
                "dt": [
                  [
                    "text",
                    "{bc}to introduce sinuously or stealthily {bc}{sx|insinuate||}"
                  ]
                ]
              }
            ],
            [
              "sense",
              {
                "sn": "c",
                "sls": [
                  "obsolete"
                ],
                "dt": [
                  [
                    "text",
                    "{bc}{sx|weave||}"
                  ]
                ]
              }
            ]
          ]
        ]
      },
      {
        "vd": "intransitive verb",
        "sseq": [
          [
            [
              "sense",
              {
                "sn": "1 a",
                "dt": [
                  [
                    "text",
                    "{bc}to have a curving course or shape {bc}extend in curves"
                  ]
                ]
              }
            ],
            [
              "sense",
              {
                "sn": "b",
                "dt": [
                  [
                    "text",
                    "{bc}to proceed as if by winding"
                  ]
                ]
              }
            ]
          ],
          [
            [
              "sense",
              {
                "sn": "2",
                "dt": [
                  [
                    "text",
                    "{bc}to move so as to encircle something"
                  ]
                ]
              }
            ]
          ],
          [
            [
              "sense",
              {
                "sn": "3",
                "dt": [
                  [
                    "text",
                    "{bc}to turn when lying at anchor"
                  ]
                ]
              }
            ]
          ],
          [
            [
              "sense",
              {
                "sn": "4",
                "dt": [
                  [
                    "text",
                    "{bc}{sx|bend||}, {sx|warp||}"
                  ]
                ]
              }
            ]
          ]
        ]
      }
    ],
    "et": [
      [
        "text",
        "Middle English, from Old English {it}windan{/it} to twist, move with speed or force, brandish; akin to Old High German {it}wintan{/it} to wind, Umbrian oha{it}vendu{/it} let him turn aside"
      ]
    ],
    "date": "before 12th century{ds|t|1|a|}",
    "shortdef": [
      "to turn completely or repeatedly about an object : coil, twine",
      "to encircle or cover with something pliable : bind with loops or layers",
      "to raise to a high level (as of excitement or tension) \u2014usually used with up"
    ]
  },
  {
    "meta": {
      "id": "wind:4",
      "uuid": "705531aa-7cc1-4997-adc1-c0540c4822ff",
      "sort": "230168900",
      "src": "collegiate",
      "section": "alpha",
      "stems": [
        "before the wind",
        "close to the wind",
        "have the wind of",
        "in the wind",
        "near the wind",
        "off the wind",
        "on the wind",
        "to the wind",
        "to the winds",
        "under the wind",
        "wind",
        "windless",
        "windlessly",
        "winds"
      ],
      "offensive": false
    },
    "hom": 4,
    "hwi": {
      "hw": "wind",
      "prs": [
        {
          "mw": "\u02c8w\u012bnd",
          "sound": {
            "audio": "wind0004",
            "ref": "c",
            "stat": "1"
          }
        }
      ]
    },
    "fl": "noun",
    "def": [
      {
        "sseq": [
          [
            [
              "sense",
              {
                "sn": "1",
                "dt": [
                  [
                    "text",
                    "{bc}{sx|coil||}, {sx|turn||}"
                  ]
                ]
              }
            ]
          ],
          [
            [
              "sense",
              {
                "sn": "2",
                "dt": [
                  [
                    "text",
                    "{bc}a particular method of winding"
                  ]
                ]
              }
            ]
          ],
          [
            [
              "sense",
              {
                "sn": "3",
                "dt": [
                  [
                    "text",
                    "{bc}an act of winding {bc}the state of being wound"
                  ]
                ]
              }
            ]
          ],
          [
            [
              "sense",
              {
                "sn": "4",
                "dt": [
                  [
                    "text",
                    "{bc}a mechanism (such as a winch) for {d_link|winding|wind:3}"
                  ]
                ]
              }
            ]
          ]
        ]
      }
    ],
    "date": "14th century{ds||4||}",
    "shortdef": [
      "coil, turn",
      "a particular method of winding",
      "an act of winding : the state of being wound"
    ]
  },
  {
    "meta": {
      "id": "wind:5",
      "uuid": "b567496f-7fae-4163-a3a0-247baa76fa96",
      "sort": "230169000",
      "src": "collegiate",
      "section": "alpha",
      "stems": [
        "wind",
        "winded",
        "winding",
        "winds",
        "wound"
      ],
      "offensive": false
    },
    "hom": 5,
    "hwi": {
      "hw": "wind",
      "prs": [
        {
          "mw": "\u02c8w\u012bnd",
          "sound": {
            "audio": "wind0004",
            "ref": "c",
            "stat": "1"
          }
        },
        {
          "mw": "\u02c8wind",
          "sound": {
            "audio": "wind0005",
            "ref": "c",
            "stat": "1"
          }
        }
      ]
    },
    "fl": "verb",
    "ins": [
      {
        "if": "wind*ed",
        "prs": [
          {
            "mw": "\u02c8w\u012bn-d\u0259d",
            "sound": {
              "audio": "winded01",
              "ref": "c",
              "stat": "1"
            }
          },
          {
            "mw": "\u02c8win-"
          }
        ]
      },
      {
        "il": "or",
        "if": "wound",
        "prs": [
          {
            "mw": "\u02c8wau\u0307nd",
            "sound": {
              "audio": "wound001",
              "ref": "c",
              "stat": "1"
            }
          }
        ]
      },
      {
        "if": "wind*ing"
      }
    ],
    "def": [
      {
        "vd": "transitive verb",
        "sseq": [
          [
            [
              "sense",
              {
                "sn": "1",
                "dt": [
                  [
                    "text",
                    "{bc}to cause (something, such as a horn) to sound by blowing {bc}{sx|blow||}"
                  ]
                ]
              }
            ]
          ],
          [
            [
              "sense",
              {
                "sn": "2",
                "dt": [
                  [
                    "text",
                    "{bc}to sound (a call or note) on a horn "
                  ],
                  [
                    "vis",
                    [
                      {
                        "t": "{it}wound{/it} a rousing call",
                        "aq": {
                          "auth": "R. L. Stevenson"
                        }
                      }
                    ]
                  ]
                ]
              }
            ]
          ]
        ]
      },
      {
        "vd": "intransitive verb",
        "sseq": [
          [
            [
              "sense",
              {
                "dt": [
                  [
                    "text",
                    "{bc}to produce a sound on a horn"
                  ]
                ]
              }
            ]
          ]
        ]
      }
    ],
    "et": [
      [
        "text",
        "{et_link|wind:1|wind:1}"
      ]
    ],
    "date": "1586{ds|t|1||}",
    "shortdef": [
      "to cause (something, such as a horn) to sound by blowing : blow",
      "to sound (a call or note) on a horn",
      "to produce a sound on a horn"
    ]
  },
  {
    "meta": {
      "id": "Wind:g",
      "uuid": "56039ab6-c825-4c4c-9bba-8b5caf78185b",
      "sort": "284291000",
      "src": "collegiate",
      "section": "geog",
      "stems": [
        "Wind"
      ],
      "offensive": false
    },
    "hwi": {
      "hw": "Wind",
      "prs": [
        {
          "mw": "\u02c8wind",
          "sound": {
            "audio": "ggwind01",
            "ref": "c",
            "stat": "1"
          }
        }
      ]
    },
    "fl": "geographical name",
    "def": [
      {
        "sseq": [
          [
            [
              "sense",
              {
                "dt": [
                  [
                    "text",
                    "river in west central Wyoming "
                  ],
                  [
                    "snote",
                    [
                      [
                        "t",
                        "The Wind River is the upper course of the Bighorn River."
                      ]
                    ]
                  ]
                ]
              }
            ]
          ]
        ]
      }
    ],
    "shortdef": [
      "river in west central Wyoming"
    ]
  },
  {
    "meta": {
      "id": "wound:3",
      "uuid": "23805316-2502-4c0f-bd2a-53ae0cec53c1",
      "sort": "230236400",
      "src": "collegiate",
      "section": "alpha",
      "stems": [
        "wind",
        "wound"
      ],
      "offensive": false
    },
    "hom": 3,
    "hwi": {
      "hw": "wound",
      "prs": [
        {
          "mw": "\u02c8wau\u0307nd",
          "sound": {
            "audio": "wound003",
            "ref": "c",
            "stat": "1"
          }
        }
      ]
    },
    "cxs": [
      {
        "cxl": "past tense and past participle of",
        "cxtis": [
          {
            "cxt": "wind"
          }
        ]
      }
    ],
    "shortdef": []
  },
  {
    "meta": {
      "id": "wind-bell",
      "uuid": "7f009daa-f763-4be2-8781-d2743091b59f",
      "sort": "230169300",
      "src": "collegiate",
      "section": "alpha",
      "stems": [
        "wind-bell",
        "wind-bells"
      ],
      "offensive": false
    },
    "hwi": {
      "hw": "wind-bell",
      "prs": [
        {
          "mw": "\u02c8win(d)-\u02ccbel",
          "sound": {
            "audio": "windb01w",
            "ref": "c",
            "stat": "1"
          }
        }
      ]
    },
    "fl": "noun",
    "def": [
      {
        "sseq": [
          [
            [
              "sense",
              {
                "sn": "1",
                "dt": [
                  [
                    "text",
                    "{bc}{sx|wind chime||} "
                  ],
                  [
                    "uns",
                    [
                      [
                        [
                          "text",
                          "usually used in plural"
                        ]
                      ]
                    ]
                  ]
                ]
              }
            ]
          ],
          [
            [
              "sense",
              {
                "sn": "2",
                "dt": [
                  [
                    "text",
                    "{bc}a bell that is light enough to be moved and sounded by the wind"
                  ]
                ]
              }
            ]
          ]
        ]
      }
    ],
    "date": "1897{ds||1||}",
    "shortdef": [
      "wind chime \u2014usually used in plural",
      "a bell that is light enough to be moved and sounded by the wind"
    ]
  },
  {
    "meta": {
      "id": "wind-borne",
      "uuid": "6ed58f72-940c-4ad3-9b1b-d72c6369b353",
      "sort": "230169600",
      "src": "collegiate",
      "section": "alpha",
      "stems": [
        "wind-borne"
      ],
      "offensive": false
    },
    "hwi": {
      "hw": "wind-borne",
      "prs": [
        {
          "mw": "\u02c8win(d)-\u02ccb\u022frn",
          "sound": {
            "audio": "windb02w",
            "ref": "c",
            "stat": "1"
          }
        }
      ]
    },
    "fl": "adjective",
    "def": [
      {
        "sseq": [
          [
            [
              "sense",
              {
                "dt": [
                  [
                    "text",
                    "{bc}carried by the wind "
                  ],
                  [
                    "vis",
                    [
                      {
                        "t": "{wi}wind-borne{/wi} pollen"
                      },
                      {
                        "t": "{wi}wind-borne{/wi} soil deposits"
                      }
                    ]
                  ]
                ]
              }
            ]
          ]
        ]
      }
    ],
    "date": "1823",
    "shortdef": [
      "carried by the wind"
    ]
  },
  {
    "meta": {
      "id": "wind-broken",
      "uuid": "b9d16bc6-a3be-43fd-a4ed-de9ad125b33c",
      "sort": "230169900",
      "src": "collegiate",
      "section": "alpha",
      "stems": [
        "wind-broken"
      ],
      "offensive": false
    },
    "hwi": {
      "hw": "wind-bro*ken",
      "prs": [
        {
          "mw": "\u02c8win(d)-\u02ccbr\u014d-k\u0259n",
          "sound": {
            "audio": "windb03w",
            "ref": "c",
            "stat": "1"
          }
        }
      ]
    },
    "fl": "adjective",
    "def": [
      {
        "sls": [
          "of a horse"
        ],
        "sseq": [
          [
            [
              "sense",
              {
                "dt": [
                  [
                    "text",
                    "{bc}affected with pulmonary emphysema or heaves"
                  ]
                ]
              }
            ]
          ]
        ]
      }
    ],
    "date": "1603",
    "shortdef": [
      "affected with pulmonary emphysema or heaves"
    ]
  }
]