[
  {
    "meta": {
      "id": "absorption",
      "uuid": "6bd3783c-3782-4077-8595-5cddf0c17014",
      "src": "coll_thes",
      "section": "alpha",
      "target": {
        "tuuid": "27ebe0f3-708d-42d6-988b-fc0ba46d3127",
        "tsrc": "collegiate"
      },
      "stems": [
        "absorption",
        "absorptions",
        "absorptive"
      ],
      "syns": [
        [
          "attention",
          "concentration",
          "engrossment",
          "enthrallment",
          "immersion"
        ]
      ],
      "ants": [
        [
          "inattention"
        ]
      ],
      "offensive": false
    },
    "hwi": {
      "hw": "absorption"
    },
    "fl": "noun",
    "def": [
      {
        "sseq": [
          [
            [
              "sense",
              {
                "dt": [
                  [
                    "text",
                    "a focusing of the mind on something "
                  ],
                  [
                    "vis",
                    [
                      {
                        "t": "forgot to return the phone call due to his {it}absorption{/it} in setting up the new computer system"
                      }
                    ]
                  ]
                ],
                "syn_list": [
                  [
                    {
                      "wd": "attention"
                    },
                    {
                      "wd": "concentration"
                    },
                    {
                      "wd": "engrossment"
                    },
                    {
                      "wd": "enthrallment"
                    },
                    {
                      "wd": "immersion"
                    }
                  ]
                ],
                "rel_list": [
                  [
                    {
                      "wd": "fixation"
                    },
                    {
                      "wd": "obsession"
                    },
                    {
                      "wd": "preoccupation"
                    }
                  ],
                  [
                    {
                      "wd": "alertness"
                    },
                    {
                      "wd": "application"
                    },
                    {
                      "wd": "awareness"
                    },
                    {
                      "wd": "consciousness"
                    },
                    {
                      "wd": "consideration"
                    },
                    {
                      "wd": "heedfulness"
                    },
                    {
                      "wd": "intentness"
                    },
                    {
                      "wd": "raptness"
                    },
                    {
                      "wd": "regard"
                    }
                  ],
                  [
                    {
                      "wd": "contemplation"
                    },
                    {
                      "wd": "meditation"
                    },
                    {
                      "wd": "musing"
                    },
                    {
                      "wd": "pondering"
                    },
                    {
                      "wd": "rumination"
                    }
                  ]
                ],
                "near_list": [
                  [
                    {
                      "wd": "absence"
                    },
                    {
                      "wd": "absentmindedness"
                    },
                    {
                      "wd": "abstractedness"
                    },
                    {
                      "wd": "abstraction"
                    },
                    {
                      "wd": "detachment"
                    },
                    {
                      "wd": "distraction"
                    },
                    {
                      "wd": "obliviousness"
                    },
                    {
                      "wd": "remoteness"
                    },
                    {
                      "wd": "unawareness"
                    },
                    {
                      "wd": "unconsciousness"
                    },
                    {
                      "wd": "withdrawal"
                    }
                  ],
                  [
                    {
                      "wd": "disinterest"
                    },
                    {
                      "wd": "indifference"
                    },
                    {
                      "wd": "mindlessness"
                    },
                    {
                      "wd": "unconcern"
                    }
                  ],
                  [
                    {
                      "wd": "befuddlement"
                    },
                    {
                      "wd": "bemusement"
                    },
                    {
                      "wd": "bewilderment"
                    },
                    {
                      "wd": "confusion"
                    }
                  ]
                ],
                "ant_list": [
                  [
                    {
                      "wd": "inattention"
                    }
                  ]
                ]
              }
            ]
          ]
        ]
      }
    ],
    "shortdef": [
      "a focusing of the mind on something"
    ]
  },
  {
    "meta": {
      "id": "self-absorption",
      "uuid": "d4cbfb0d-380a-4eff-a297-61fc636b8786",
      "src": "coll_thes",
      "section": "alpha",
      "target": {
        "tuuid": "ae4c58b8-536c-4b27-afd2-64f14cd6a76e",
        "tsrc": "collegiate"
      },
      "stems": [
        "self-absorption",
        "self-absorptions"
      ],
      "syns": [
        [
          "egocentricity",
          "egocentrism",
          "egoism",
          "egomania",
          "egotism",
          "narcissism",
          "navel-gazing",
          "self-centeredness",
          "self-concern",
          "self-interest",
          "self-involvement",
          "self-preoccupation",
          "self-regard",
          "selfishness",
          "selfness"
        ]
      ],
      "ants": [
        [
          "self-abandonment",
          "self-forgetfulness",
          "selflessness",
          "unselfishness"
        ]
      ],
      "offensive": false
    },
    "hwi": {
      "hw": "self-absorption"
    },
    "fl": "noun",
    "def": [
      {
        "sseq": [
          [
            [
              "sense",
              {
                "dt": [
                  [
                    "text",
                    "excessive interest in oneself "
                  ],
                  [
                    "vis",
                    [
                      {
                        "t": "the novel's major characters all suffer from {it}self-absorption{/it}, and they are every bit as insufferable as such people are in real life"
                      }
                    ]
                  ]
                ],
                "syn_list": [
                  [
                    {
                      "wd": "egocentricity"
                    },
                    {
                      "wd": "egocentrism"
                    },
                    {
                      "wd": "egoism"
                    },
                    {
                      "wd": "egomania"
                    },
                    {
                      "wd": "egotism"
                    },
                    {
                      "wd": "narcissism"
                    },
                    {
                      "wd": "navel-gazing"
                    },
                    {
                      "wd": "self-centeredness"
                    },
                    {
                      "wd": "self-concern"
                    },
                    {
                      "wd": "self-interest"
                    },
                    {
                      "wd": "self-involvement"
                    },
                    {
                      "wd": "self-preoccupation"
                    },
                    {
                      "wd": "self-regard"
                    },
                    {
                      "wd": "selfishness"
                    },
                    {
                      "wd": "selfness"
                    }
                  ]
                ],
                "rel_list": [
                  [
                    {
                      "wd": "complacence"
                    },
                    {
                      "wd": "complacency"
                    },
                    {
                      "wd": "conceit"
                    },
                    {
                      "wd": "conceitedness"
                    },
                    {
                      "wd": "ego"
                    },
                    {
                      "wd": "pomposity"
                    },
                    {
                      "wd": "pompousness"
                    },
                    {
                      "wd": "pride"
                    },
                    {
                      "wd": "pridefulness"
                    },
                    {
                      "wd": "self-admiration"
                    },
                    {
                      "wd": "self-conceit"
                    },
                    {
                      "wd": "self-esteem"
                    },
                    {
                      "wd": "self-importance"
                    },
                    {
                      "wd": "self-indulgence"
                    },
                    {
                      "wd": "self-love"
                    },
                    {
                      "wd": "self-partiality"
                    },
                    {
                      "wd": "self-respect"
                    },
                    {
                      "wd": "self-satisfaction"
                    },
                    {
                      "wd": "self-sufficiency"
                    },
                    {
                      "wd": "smugness"
                    },
                    {
                      "wd": "vaingloriousness"
                    },
                    {
                      "wd": "vainglory"
                    },
                    {
                      "wd": "vainness"
                    },
                    {
                      "wd": "vanity"
                    }
                  ],
                  [
                    {
                      "wd": "self-assumption"
                    },
                    {
                      "wd": "self-consequence"
                    },
                    {
                      "wd": "self-content"
                    },
                    {
                      "wd": "self-contentment"
                    },
                    {
                      "wd": "self-glorification"
                    }
                  ]
                ],
                "near_list": [
                  [
                    {
                      "wd": "altruism"
                    },
                    {
                      "wd": "generosity"
                    },
                    {
                      "wd": "magnanimity"
                    },
                    {
                      "wd": "self-sacrifice"
                    }
                  ],
                  [
                    {
                      "wd": "detachment"
                    },
                    {
                      "wd": "disinterestedness"
                    },
                    {
                      "wd": "fairness"
                    },
                    {
                      "wd": "impartiality"
                    },
                    {
                      "wd": "neutrality"
                    },
                    {
                      "wd": "objectivity"
                    }
                  ],
                  [
                    {
                      "wd": "self-flagellation"
                    }
                  ],
                  [
                    {
                      "wd": "self-annihilation"
                    },
                    {
                      "wd": "self-immolation"
                    }
                  ]
                ],
                "ant_list": [
                  [
                    {
                      "wd": "self-abandonment"
                    },
                    {
                      "wd": "self-forgetfulness"
                    },
                    {
                      "wd": "selflessness"
                    },
                    {
                      "wd": "unselfishness"
                    }
                  ]
                ]
              }
            ]
          ]
        ]
      }
    ],
    "shortdef": [
      "excessive interest in oneself"
    ]
  }
]