[
  {
    "meta": {
      "id": "acoustic",
      "uuid": "cb30b6ca-d720-49fd-841c-05dbba1ce58b",
      "src": "coll_thes",
      "section": "alpha",
      "target": {
        "tuuid": "1792e0c2-4567-4821-b132-5343713439e4",
        "tsrc": "collegiate"
      },
      "stems": [
        "acoustic",
        "acoustical",
        "acoustically"
      ],
      "syns": [
        [
          "audial",
          "audile",
          "auditory",
          "aural",
          "auricular"
        ]
      ],
      "ants": [
        [
          "nonauditory"
        ]
      ],
      "offensive": false
    },
    "hwi": {
      "hw": "acoustic"
    },
    "vrs": [
      {
        "vl": "or",
        "va": "acoustical"
      }
    ],
    "fl": "adjective",
    "def": [
      {
        "sseq": [
          [
            [
              "sense",
              {
                "dt": [
                  [
                    "text",
                    "of, relating to, or experienced through the sense of hearing "
                  ],
                  [
                    "vis",
                    [
                      {
                        "t": "is a bird's {it}acoustic{/it} organ similar to a human's?"
                      }
                    ]
                  ]
                ],
                "syn_list": [
                  [
                    {
                      "wd": "audial"
                    },
                    {
                      "wd": "audile"
                    },
                    {
                      "wd": "auditory"
                    },
                    {
                      "wd": "aural"
                    },
                    {
                      "wd": "auricular"
                    }
                  ]
                ],
                "rel_list": [
                  [
                    {
                      "wd": "audiovisual"
                    }
                  ],
                  [
                    {
                      "wd": "audible"
                    },
                    {
                      "wd": "clear"
                    },
                    {
                      "wd": "discernible",
                      "wvrs": [
                        {
                          "wvl": "also",
                          "wva": "discernable"
                        }
                      ]
                    },
                    {
                      "wd": "distinct"
                    },
                    {
                      "wd": "distinguishable"
                    },
                    {
                      "wd": "heard"
                    },
                    {
                      "wd": "perceptible"
                    }
                  ]
                ],
                "near_list": [
                  [
                    {
                      "wd": "faint"
                    },
                    {
                      "wd": "feeble"
                    },
                    {
                      "wd": "imperceptible"
                    },
                    {
                      "wd": "inaudible"
                    },
                    {
                      "wd": "indistinct"
                    },
                    {
                      "wd": "indistinguishable"
                    }
                  ],
                  [
                    {
                      "wd": "low"
                    },
                    {
                      "wd": "noiseless"
                    },
                    {
                      "wd": "quiet"
                    },
                    {
                      "wd": "silent"
                    },
                    {
                      "wd": "soft"
                    },
                    {
                      "wd": "soundless"
                    }
                  ]
                ],
                "ant_list": [
                  [
                    {
                      "wd": "nonauditory"
                    }
                  ]
                ]
              }
            ]
          ]
        ]
      }
    ],
    "shortdef": [
      "of, relating to, or experienced through the sense of hearing"
    ]
  }
]