[
  {
    "meta": {
      "id": "activity",
      "uuid": "c62e1d72-f63f-4bd8-be43-aed05babdd4f",
      "src": "coll_thes",
      "section": "alpha",
      "target": {
        "tuuid": "3c652da8-7b97-4f1a-b6f5-ae0c66a9847a",
        "tsrc": "collegiate"
      },
      "stems": [
        "activity",
        "activities"
      ],
      "syns": [
        [
          "conditioning",
          "exercise",
          "exertion"
        ]
      ],
      "ants": [],
      "offensive": false
    },
    "hwi": {
      "hw": "activity"
    },
    "fl": "noun",
    "def": [
      {
        "sseq": [
          [
            [
              "sense",
              {
                "dt": [
                  [
                    "text",
                    "energetic movement of the body for the sake of physical fitness "
                  ],
                  [
                    "vis",
                    [
                      {
                        "t": "had to restrict his {it}activity{/it} after the surgery, which meant letting the weeds take over the garden"
                      }
                    ]
                  ]
                ],
                "syn_list": [
                  [
                    {
                      "wd": "conditioning"
                    },
                    {
                      "wd": "exercise"
                    },
                    {
                      "wd": "exertion"
                    }
                  ]
                ],
                "rel_list": [
                  [
                    {
                      "wd": "training"
                    },
                    {
                      "wd": "warm-up"
                    },
                    {
                      "wd": "workout"
                    }
                  ],
                  [
                    {
                      "wd": "toning"
                    },
                    {
                      "wd": "trimming"
                    }
                  ],
                  [
                    {
                      "wd": "aerobics"
                    },
                    {
                      "wd": "athletics"
                    },
                    {
                      "wd": "bodybuilding"
                    },
                    {
                      "wd": "body mechanics"
                    },
                    {
                      "wd": "calisthenics"
                    },
                    {
                      "wd": "gymnastics"
                    },
                    {
                      "wd": "isometrics"
                    },
                    {
                      "wd": "plyometrics"
                    },
                    {
                      "wd": "slimnastics"
                    },
                    {
                      "wd": "weight lifting"
                    }
                  ],
                  [
                    {
                      "wd": "physical therapy"
                    }
                  ]
                ]
              }
            ]
          ]
        ]
      }
    ],
    "shortdef": [
      "energetic movement of the body for the sake of physical fitness"
    ]
  },
  {
    "meta": {
      "id": "displacement",
      "uuid": "16aabdd7-1cd9-4a73-8bf1-95d8e6c9e065",
      "src": "coll_thes",
      "section": "alpha",
      "target": {
        "tuuid": "66602460-3f0d-4337-9719-f92dc939e6aa",
        "tsrc": "collegiate"
      },
      "stems": [
        "displacement",
        "displacement activity",
        "displacement behavior",
        "displacements"
      ],
      "syns": [
        [
          "banishment",
          "deportation",
          "exile",
          "expatriation",
          "expulsion",
          "relegation"
        ]
      ],
      "ants": [],
      "offensive": false
    },
    "hwi": {
      "hw": "displacement"
    },
    "fl": "noun",
    "def": [
      {
        "sseq": [
          [
            [
              "sense",
              {
                "dt": [
                  [
                    "text",
                    "the forced removal from a homeland "
                  ],
                  [
                    "vis",
                    [
                      {
                        "t": "the {it}displacement{/it} of Jews from the land of their ancestors"
                      }
                    ]
                  ]
                ],
                "syn_list": [
                  [
                    {
                      "wd": "banishment"
                    },
                    {
                      "wd": "deportation"
                    },
                    {
                      "wd": "exile"
                    },
                    {
                      "wd": "expatriation"
                    },
                    {
                      "wd": "expulsion"
                    },
                    {
                      "wd": "relegation"
                    }
                  ]
                ],
                "rel_list": [
                  [
                    {
                      "wd": "ostracism"
                    }
                  ],
                  [
                    {
                      "wd": "extradition"
                    }
                  ],
                  [
                    {
                      "wd": "diaspora"
                    },
                    {
                      "wd": "dispersion"
                    },
                    {
                      "wd": "scattering"
                    }
                  ],
                  [
                    {
                      "wd": "emigration"
                    },
                    {
                      "wd": "migration"
                    }
                  ],
                  [
                    {
                      "wd": "evacuation"
                    }
                  ],
                  [
                    {
                      "wd": "ethnic cleansing"
                    },
                    {
                      "wd": "transportation"
                    }
                  ],
                  [
                    {
                      "wd": "dispossession"
                    },
                    {
                      "wd": "ejection"
                    },
                    {
                      "wd": "ouster"
                    }
                  ]
                ],
                "near_list": [
                  [
                    {
                      "wd": "repatriation"
                    },
                    {
                      "wd": "return"
                    }
                  ],
                  [
                    {
                      "wd": "immigration"
                    }
                  ]
                ]
              }
            ]
          ]
        ]
      }
    ],
    "shortdef": [
      "the forced removal from a homeland"
    ]
  }
]