[
  {
    "meta": {
      "id": "adaptation",
      "uuid": "60cfecd9-9600-4a4f-ba26-4eff88c1084c",
      "src": "coll_thes",
      "section": "alpha",
      "target": {
        "tuuid": "8330741e-dd1e-4c21-9eaa-2f9fbc141ecb",
        "tsrc": "collegiate"
      },
      "stems": [
        "adaptation",
        "adaptational",
        "adaptationally",
        "adaptations"
      ],
      "syns": [
        [
          "acclimation",
          "acclimatization",
          "accommodation",
          "adaption",
          "adjustment",
          "conformation"
        ]
      ],
      "ants": [],
      "offensive": false
    },
    "hwi": {
      "hw": "adaptation"
    },
    "fl": "noun",
    "def": [
      {
        "sseq": [
          [
            [
              "sense",
              {
                "dt": [
                  [
                    "text",
                    "the act or process of changing something to fit a new use or situation "
                  ],
                  [
                    "vis",
                    [
                      {
                        "t": "a careful {it}adaptation{/it} of the book for the silver screen could take several years"
                      }
                    ]
                  ]
                ],
                "syn_list": [
                  [
                    {
                      "wd": "acclimation"
                    },
                    {
                      "wd": "acclimatization"
                    },
                    {
                      "wd": "accommodation"
                    },
                    {
                      "wd": "adaption"
                    },
                    {
                      "wd": "adjustment"
                    },
                    {
                      "wd": "conformation"
                    }
                  ]
                ],
                "rel_list": [
                  [
                    {
                      "wd": "readaptation"
                    },
                    {
                      "wd": "readjustment"
                    }
                  ],
                  [
                    {
                      "wd": "attunement"
                    },
                    {
                      "wd": "correction"
                    },
                    {
                      "wd": "harmonization"
                    }
                  ],
                  [
                    {
                      "wd": "alteration"
                    },
                    {
                      "wd": "conversion"
                    },
                    {
                      "wd": "makeover"
                    },
                    {
                      "wd": "modification"
                    },
                    {
                      "wd": "refit"
                    },
                    {
                      "wd": "revision"
                    },
                    {
                      "wd": "transformation"
                    }
                  ]
                ],
                "near_list": [
                  [
                    {
                      "wd": "maladaptation"
                    }
                  ]
                ]
              }
            ]
          ]
        ]
      }
    ],
    "shortdef": [
      "the act or process of changing something to fit a new use or situation"
    ]
  }
]