[
  {
    "meta": {
      "id": "appearance",
      "uuid": "d40b0cc9-e5de-42b3-b478-649178a6f5de",
      "src": "coll_thes",
      "section": "alpha",
      "target": {
        "tuuid": "01f7a904-fbc0-4abc-822d-6511632f9437",
        "tsrc": "collegiate"
      },
      "stems": [
        "appearance",
        "appearances"
      ],
      "syns": [
        [
          "aspect",
          "dress",
          "figure",
          "garb",
          "look",
          "mien",
          "outside",
          "presence",
          "regard"
        ],
        [
          "face",
          "guise",
          "name",
          "outward",
          "seeming",
          "semblance",
          "show"
        ],
        [
          "advent",
          "arrival",
          "coming",
          "incoming"
        ]
      ],
      "ants": [
        [
          "decamping",
          "decampment",
          "departing",
          "departure",
          "disappearance",
          "exit",
          "exiting",
          "farewell",
          "going",
          "leave-taking",
          "parting",
          "quitting"
        ]
      ],
      "offensive": false
    },
    "hwi": {
      "hw": "appearance"
    },
    "fl": "noun",
    "def": [
      {
        "sseq": [
          [
            [
              "sense",
              {
                "sn": "1",
                "dt": [
                  [
                    "text",
                    "the outward form of someone or something especially as indicative of a quality "
                  ],
                  [
                    "vis",
                    [
                      {
                        "t": "the dignified {it}appearance{/it} of this church leader"
                      },
                      {
                        "t": "the country club's manicured lawns and well-groomed {it}appearance{/it} in general"
                      }
                    ]
                  ]
                ],
                "syn_list": [
                  [
                    {
                      "wd": "aspect"
                    },
                    {
                      "wd": "dress"
                    },
                    {
                      "wd": "figure"
                    },
                    {
                      "wd": "garb"
                    },
                    {
                      "wd": "look"
                    },
                    {
                      "wd": "mien"
                    },
                    {
                      "wd": "outside"
                    },
                    {
                      "wd": "presence"
                    },
                    {
                      "wd": "regard",
                      "wsls": [
                        "archaic"
                      ]
                    }
                  ]
                ],
                "rel_list": [
                  [
                    {
                      "wd": "air"
                    },
                    {
                      "wd": "attitude"
                    },
                    {
                      "wd": "bearing"
                    },
                    {
                      "wd": "behavior"
                    },
                    {
                      "wd": "comportment"
                    },
                    {
                      "wd": "demeanor"
                    },
                    {
                      "wd": "deportment"
                    },
                    {
                      "wd": "manner"
                    },
                    {
                      "wd": "poise"
                    },
                    {
                      "wd": "pose"
                    }
                  ],
                  [
                    {
                      "wd": "carriage"
                    },
                    {
                      "wd": "posture"
                    },
                    {
                      "wd": "stance"
                    }
                  ],
                  [
                    {
                      "wd": "cast"
                    },
                    {
                      "wd": "mold"
                    },
                    {
                      "wd": "shape"
                    },
                    {
                      "wd": "turn"
                    }
                  ],
                  [
                    {
                      "wd": "color"
                    },
                    {
                      "wd": "coloring"
                    },
                    {
                      "wd": "complexion"
                    }
                  ],
                  [
                    {
                      "wd": "countenance"
                    },
                    {
                      "wd": "face"
                    },
                    {
                      "wd": "features"
                    },
                    {
                      "wd": "habit"
                    },
                    {
                      "wd": "habitus"
                    },
                    {
                      "wd": "person",
                      "wsls": [
                        "archaic"
                      ]
                    },
                    {
                      "wd": "physiognomy"
                    },
                    {
                      "wd": "superficies"
                    },
                    {
                      "wd": "visage"
                    }
                  ]
                ],
                "phrase_list": [
                  [
                    {
                      "wd": "cut of one's jib"
                    }
                  ]
                ]
              }
            ]
          ],
          [
            [
              "sense",
              {
                "sn": "2",
                "dt": [
                  [
                    "text",
                    "outward and often deceptive indication "
                  ],
                  [
                    "vis",
                    [
                      {
                        "t": "can't you at least give the {it}appearance{/it} of listening to what I say?"
                      }
                    ]
                  ]
                ],
                "syn_list": [
                  [
                    {
                      "wd": "face"
                    },
                    {
                      "wd": "guise"
                    },
                    {
                      "wd": "name"
                    },
                    {
                      "wd": "outward"
                    },
                    {
                      "wd": "seeming"
                    },
                    {
                      "wd": "semblance"
                    },
                    {
                      "wd": "show"
                    }
                  ]
                ],
                "rel_list": [
                  [
                    {
                      "wd": "air"
                    },
                    {
                      "wd": "effect"
                    },
                    {
                      "wd": "impression"
                    }
                  ],
                  [
                    {
                      "wd": "hint"
                    },
                    {
                      "wd": "implication"
                    },
                    {
                      "wd": "insinuation"
                    },
                    {
                      "wd": "resemblance"
                    },
                    {
                      "wd": "suggestion"
                    }
                  ],
                  [
                    {
                      "wd": "affectation"
                    },
                    {
                      "wd": "demonstration"
                    },
                    {
                      "wd": "display"
                    },
                    {
                      "wd": "fiction"
                    },
                    {
                      "wd": "image"
                    },
                    {
                      "wd": "imitation"
                    },
                    {
                      "wd": "imposture"
                    },
                    {
                      "wd": "likeness"
                    },
                    {
                      "wd": "make-believe",
                      "wvrs": [
                        {
                          "wvl": "also",
                          "wva": "make-belief"
                        }
                      ]
                    },
                    {
                      "wd": "pose"
                    },
                    {
                      "wd": "pretense",
                      "wvrs": [
                        {
                          "wvl": "or",
                          "wva": "pretence"
                        }
                      ]
                    },
                    {
                      "wd": "representation"
                    },
                    {
                      "wd": "simulation"
                    }
                  ],
                  [
                    {
                      "wd": "cloak"
                    },
                    {
                      "wd": "disguise"
                    },
                    {
                      "wd": "exterior"
                    },
                    {
                      "wd": "facade",
                      "wvrs": [
                        {
                          "wvl": "also",
                          "wva": "fa\u00e7ade"
                        }
                      ]
                    },
                    {
                      "wd": "front"
                    },
                    {
                      "wd": "gloss"
                    },
                    {
                      "wd": "mask"
                    },
                    {
                      "wd": "masquerade"
                    },
                    {
                      "wd": "patina"
                    },
                    {
                      "wd": "Potemkin village"
                    },
                    {
                      "wd": "shape"
                    },
                    {
                      "wd": "shell"
                    },
                    {
                      "wd": "surface"
                    },
                    {
                      "wd": "veneer"
                    }
                  ]
                ],
                "phrase_list": [
                  [
                    {
                      "wd": "first blush"
                    }
                  ]
                ]
              }
            ]
          ],
          [
            [
              "sense",
              {
                "sn": "3",
                "dt": [
                  [
                    "text",
                    "the act of coming upon a scene "
                  ],
                  [
                    "vis",
                    [
                      {
                        "t": "his {it}appearance{/it} at the party caused considerable speculation"
                      }
                    ]
                  ]
                ],
                "syn_list": [
                  [
                    {
                      "wd": "advent"
                    },
                    {
                      "wd": "arrival"
                    },
                    {
                      "wd": "coming"
                    },
                    {
                      "wd": "incoming"
                    }
                  ]
                ],
                "rel_list": [
                  [
                    {
                      "wd": "approach"
                    },
                    {
                      "wd": "entrance"
                    },
                    {
                      "wd": "ingress"
                    }
                  ],
                  [
                    {
                      "wd": "beginning"
                    },
                    {
                      "wd": "birth"
                    },
                    {
                      "wd": "commencement"
                    },
                    {
                      "wd": "dawn"
                    },
                    {
                      "wd": "dawning"
                    },
                    {
                      "wd": "debut",
                      "wvrs": [
                        {
                          "wvl": "also",
                          "wva": "d\u00e9but"
                        }
                      ]
                    },
                    {
                      "wd": "genesis"
                    },
                    {
                      "wd": "inception"
                    },
                    {
                      "wd": "morning"
                    },
                    {
                      "wd": "onset"
                    },
                    {
                      "wd": "start"
                    }
                  ]
                ],
                "near_list": [
                  [
                    {
                      "wd": "dissipation"
                    },
                    {
                      "wd": "dissolution"
                    },
                    {
                      "wd": "evaporation"
                    },
                    {
                      "wd": "fadeaway"
                    },
                    {
                      "wd": "fading"
                    },
                    {
                      "wd": "melting"
                    },
                    {
                      "wd": "passing"
                    },
                    {
                      "wd": "vanishing"
                    }
                  ],
                  [
                    {
                      "wd": "clearing out"
                    },
                    {
                      "wd": "egress"
                    },
                    {
                      "wd": "leaving"
                    },
                    {
                      "wd": "retirement"
                    },
                    {
                      "wd": "retreat"
                    },
                    {
                      "wd": "withdrawal"
                    }
                  ],
                  [
                    {
                      "wd": "emigration"
                    },
                    {
                      "wd": "evacuation"
                    },
                    {
                      "wd": "exodus"
                    }
                  ]
                ],
                "ant_list": [
                  [
                    {
                      "wd": "decamping"
                    },
                    {
                      "wd": "decampment"
                    },
                    {
                      "wd": "departing"
                    },
                    {
                      "wd": "departure"
                    },
                    {
                      "wd": "disappearance"
                    },
                    {
                      "wd": "exit"
                    },
                    {
                      "wd": "exiting"
                    },
                    {
                      "wd": "farewell"
                    },
                    {
                      "wd": "going"
                    },
                    {
                      "wd": "leave-taking"
                    },
                    {
                      "wd": "parting"
                    },
                    {
                      "wd": "quitting"
                    }
                  ]
                ]
              }
            ]
          ]
        ]
      }
    ],
    "shortdef": [
      "the outward form of someone or something especially as indicative of a quality",
      "outward and often deceptive indication",
      "the act of coming upon a scene"
    ]
  }
]