[
  {
    "meta": {
      "id": "arc",
      "uuid": "4ab0f4aa-044f-477c-8719-43fb3adb3b95",
      "src": "coll_thes",
      "section": "alpha",
      "target": {
        "tuuid": "9b08c64e-8a94-423f-8152-cb1b827a3e95",
        "tsrc": "collegiate"
      },
      "stems": [
        "arc",
        "arcs"
      ],
      "syns": [
        [
          "angle",
          "arch",
          "bend",
          "bow",
          "crook",
          "curvature",
          "curve",
          "inflection",
          "turn",
          "wind"
        ]
      ],
      "ants": [],
      "offensive": false
    },
    "hwi": {
      "hw": "arc"
    },
    "fl": "noun",
    "def": [
      {
        "sseq": [
          [
            [
              "sense",
              {
                "dt": [
                  [
                    "text",
                    "something that curves or is curved "
                  ],
                  [
                    "vis",
                    [
                      {
                        "t": "the stars seemed to align themselves into one vast glittering {it}arc{/it}"
                      }
                    ]
                  ]
                ],
                "syn_list": [
                  [
                    {
                      "wd": "angle"
                    },
                    {
                      "wd": "arch"
                    },
                    {
                      "wd": "bend"
                    },
                    {
                      "wd": "bow"
                    },
                    {
                      "wd": "crook"
                    },
                    {
                      "wd": "curvature"
                    },
                    {
                      "wd": "curve"
                    },
                    {
                      "wd": "inflection"
                    },
                    {
                      "wd": "turn"
                    },
                    {
                      "wd": "wind"
                    }
                  ]
                ],
                "rel_list": [
                  [
                    {
                      "wd": "kink"
                    },
                    {
                      "wd": "warp"
                    }
                  ],
                  [
                    {
                      "wd": "circle"
                    },
                    {
                      "wd": "ring"
                    },
                    {
                      "wd": "ringlet"
                    },
                    {
                      "wd": "round"
                    }
                  ],
                  [
                    {
                      "wd": "coil"
                    },
                    {
                      "wd": "curl"
                    },
                    {
                      "wd": "curlicue",
                      "wvrs": [
                        {
                          "wvl": "also",
                          "wva": "curlycue"
                        }
                      ]
                    }
                  ],
                  [
                    {
                      "wd": "buckle"
                    },
                    {
                      "wd": "convolution"
                    },
                    {
                      "wd": "flexure"
                    },
                    {
                      "wd": "fold"
                    },
                    {
                      "wd": "loop"
                    },
                    {
                      "wd": "spiral"
                    },
                    {
                      "wd": "swirl"
                    },
                    {
                      "wd": "twist"
                    },
                    {
                      "wd": "winding"
                    }
                  ],
                  [
                    {
                      "wd": "incurvature"
                    },
                    {
                      "wd": "reflection"
                    }
                  ],
                  [
                    {
                      "wd": "decline"
                    },
                    {
                      "wd": "inclination"
                    },
                    {
                      "wd": "incline"
                    },
                    {
                      "wd": "slope"
                    }
                  ],
                  [
                    {
                      "wd": "corner"
                    },
                    {
                      "wd": "turnoff"
                    }
                  ],
                  [
                    {
                      "wd": "dogleg"
                    },
                    {
                      "wd": "hairpin"
                    }
                  ]
                ]
              }
            ]
          ]
        ]
      }
    ],
    "shortdef": [
      "something that curves or is curved"
    ]
  },
  {
    "meta": {
      "id": "arc",
      "uuid": "132828b8-cf6e-4712-85c1-b71ad7599f0f",
      "src": "coll_thes",
      "section": "alpha",
      "target": {
        "tuuid": "98c8627e-8198-4eea-9c3c-09393312473b",
        "tsrc": "collegiate"
      },
      "stems": [
        "arc",
        "arced",
        "arcing",
        "arcs"
      ],
      "syns": [
        [
          "arch",
          "bend",
          "bow",
          "crook",
          "curve",
          "fall off",
          "hook",
          "round",
          "sweep",
          "swerve",
          "trend",
          "wheel"
        ]
      ],
      "ants": [
        [
          "straighten"
        ]
      ],
      "offensive": false
    },
    "hwi": {
      "hw": "arc"
    },
    "fl": "verb",
    "def": [
      {
        "sseq": [
          [
            [
              "sense",
              {
                "dt": [
                  [
                    "text",
                    "to turn away from a straight line or course "
                  ],
                  [
                    "vis",
                    [
                      {
                        "t": "the ball {it}arced{/it} toward the batter and nearly hit him"
                      }
                    ]
                  ]
                ],
                "syn_list": [
                  [
                    {
                      "wd": "arch"
                    },
                    {
                      "wd": "bend"
                    },
                    {
                      "wd": "bow"
                    },
                    {
                      "wd": "crook"
                    },
                    {
                      "wd": "curve"
                    },
                    {
                      "wd": "fall off"
                    },
                    {
                      "wd": "hook"
                    },
                    {
                      "wd": "round"
                    },
                    {
                      "wd": "sweep"
                    },
                    {
                      "wd": "swerve"
                    },
                    {
                      "wd": "trend"
                    },
                    {
                      "wd": "wheel"
                    }
                  ]
                ],
                "rel_list": [
                  [
                    {
                      "wd": "circle"
                    },
                    {
                      "wd": "coil"
                    },
                    {
                      "wd": "curlicue"
                    },
                    {
                      "wd": "curl"
                    },
                    {
                      "wd": "loop"
                    },
                    {
                      "wd": "spiral"
                    }
                  ],
                  [
                    {
                      "wd": "turn"
                    },
                    {
                      "wd": "twist"
                    },
                    {
                      "wd": "wind"
                    }
                  ],
                  [
                    {
                      "wd": "deviate"
                    },
                    {
                      "wd": "veer"
                    }
                  ]
                ],
                "ant_list": [
                  [
                    {
                      "wd": "straighten"
                    }
                  ]
                ]
              }
            ]
          ]
        ]
      }
    ],
    "shortdef": [
      "to turn away from a straight line or course"
    ]
  },
  {
    "meta": {
      "id": "arc lamp",
      "uuid": "c3c0e3a2-bf30-4cfe-abf2-848666d6e9c5",
      "src": "CTcompile",
      "section": "alpha",
      "stems": [
        "arc lamp",
        "arc light"
      ],
      "syns": [
        [
          "candelabra",
          "candelabrum",
          "candle",
          "chandelier",
          "dark lantern",
          "flare",
          "flash",
          "flashbulb",
          "flashcube",
          "flashlight",
          "floodlight",
          "fluorescent lamp",
          "gaslight",
          "gasolier",
          "girandole",
          "headlight",
          "incandescent lamp",
          "klieg light",
          "lantern",
          "light bulb",
          "lighthouse",
          "lighting",
          "sconce",
          "spotlight",
          "streetlight",
          "sun lamp",
          "beacon",
          "illuminant",
          "lamp"
        ]
      ],
      "ants": [],
      "offensive": false
    },
    "hwi": {
      "hw": "arc lamp"
    },
    "vrs": [
      {
        "vl": "also",
        "va": "arc light"
      }
    ],
    "fl": "noun",
    "def": [
      {
        "sseq": [
          [
            [
              "sense",
              {
                "dt": [
                  [
                    "text",
                    "as in {it}sun lamp{/it}, {it}fluorescent lamp{/it}"
                  ]
                ],
                "sim_list": [
                  [
                    {
                      "wd": "candelabra"
                    },
                    {
                      "wd": "candelabrum"
                    },
                    {
                      "wd": "candle"
                    },
                    {
                      "wd": "chandelier"
                    },
                    {
                      "wd": "dark lantern"
                    },
                    {
                      "wd": "flare"
                    },
                    {
                      "wd": "flash"
                    },
                    {
                      "wd": "flashbulb"
                    },
                    {
                      "wd": "flashcube"
                    },
                    {
                      "wd": "flashlight"
                    },
                    {
                      "wd": "floodlight"
                    },
                    {
                      "wd": "fluorescent lamp"
                    },
                    {
                      "wd": "gaslight"
                    },
                    {
                      "wd": "gasolier"
                    },
                    {
                      "wd": "girandole"
                    },
                    {
                      "wd": "headlight"
                    },
                    {
                      "wd": "incandescent lamp"
                    },
                    {
                      "wd": "klieg light",
                      "wvrs": [
                        {
                          "wvl": "or",
                          "wva": "kleig light"
                        }
                      ]
                    },
                    {
                      "wd": "lantern"
                    },
                    {
                      "wd": "light bulb"
                    },
                    {
                      "wd": "lighthouse"
                    },
                    {
                      "wd": "lighting"
                    },
                    {
                      "wd": "sconce"
                    },
                    {
                      "wd": "spotlight"
                    },
                    {
                      "wd": "streetlight"
                    },
                    {
                      "wd": "sun lamp"
                    }
                  ],
                  [
                    {
                      "wd": "beacon"
                    },
                    {
                      "wd": "illuminant"
                    },
                    {
                      "wd": "lamp"
                    }
                  ]
                ]
              }
            ]
          ]
        ]
      }
    ],
    "shortdef": [
      "as in sun lamp, fluorescent lamp"
    ]
  },
  {
    "meta": {
      "id": "arc lamps",
      "uuid": "ee7531e7-a1c2-4237-abec-355a859c1689",
      "src": "CTcompile",
      "section": "alpha",
      "stems": [
        "arc lamps",
        "arc lights"
      ],
      "syns": [
        [
          "candelabra",
          "candelabras",
          "candles",
          "chandeliers",
          "dark lanterns",
          "flares",
          "flashbulbs",
          "flashcubes",
          "flashes",
          "flashlights",
          "floodlights",
          "fluorescent lamps",
          "gaslights",
          "gasoliers",
          "girandoles",
          "headlights",
          "incandescent lamps",
          "klieg lights",
          "lanterns",
          "light bulbs",
          "lighthouses",
          "lightings",
          "sconces",
          "spotlights",
          "streetlights",
          "sun lamps",
          "beacons",
          "illuminants",
          "lamps"
        ]
      ],
      "ants": [],
      "offensive": false
    },
    "hwi": {
      "hw": "arc lamps"
    },
    "vrs": [
      {
        "vl": "also",
        "va": "arc lights"
      }
    ],
    "fl": "noun",
    "sls": [
      "plural of {d_link|arc lamp|arc lamp}"
    ],
    "def": [
      {
        "sseq": [
          [
            [
              "sense",
              {
                "dt": [
                  [
                    "text",
                    "as in {it}sun lamps{/it}, {it}fluorescent lamps{/it}"
                  ]
                ],
                "sim_list": [
                  [
                    {
                      "wd": "candelabra",
                      "wvrs": [
                        {
                          "wvl": "also",
                          "wva": "candelabrums"
                        }
                      ]
                    },
                    {
                      "wd": "candelabras"
                    },
                    {
                      "wd": "candles"
                    },
                    {
                      "wd": "chandeliers"
                    },
                    {
                      "wd": "dark lanterns"
                    },
                    {
                      "wd": "flares"
                    },
                    {
                      "wd": "flashbulbs"
                    },
                    {
                      "wd": "flashcubes"
                    },
                    {
                      "wd": "flashes"
                    },
                    {
                      "wd": "flashlights"
                    },
                    {
                      "wd": "floodlights"
                    },
                    {
                      "wd": "fluorescent lamps"
                    },
                    {
                      "wd": "gaslights"
                    },
                    {
                      "wd": "gasoliers"
                    },
                    {
                      "wd": "girandoles"
                    },
                    {
                      "wd": "headlights"
                    },
                    {
                      "wd": "incandescent lamps"
                    },
                    {
                      "wd": "klieg lights",
                      "wvrs": [
                        {
                          "wvl": "or",
                          "wva": "kleig lights"
                        }
                      ]
                    },
                    {
                      "wd": "lanterns"
                    },
                    {
                      "wd": "light bulbs"
                    },
                    {
                      "wd": "lighthouses"
                    },
                    {
                      "wd": "lightings"
                    },
                    {
                      "wd": "sconces"
                    },
                    {
                      "wd": "spotlights"
                    },
                    {
                      "wd": "streetlights"
                    },
                    {
                      "wd": "sun lamps"
                    }
                  ],
                  [
                    {
                      "wd": "beacons"
                    },
                    {
                      "wd": "illuminants"
                    },
                    {
                      "wd": "lamps"
                    }
                  ]
                ]
              }
            ]
          ]
        ]
      }
    ],
    "shortdef": [
      "as in sun lamps, fluorescent lamps"
    ]
  }
]