[
  {
    "meta": {
      "id": "attentive",
      "uuid": "491095dc-920e-4b60-887e-333022ae2541",
      "src": "coll_thes",
      "section": "alpha",
      "target": {
        "tuuid": "76bba64e-1001-4d52-9253-8da8d10e9c27",
        "tsrc": "collegiate"
      },
      "stems": [
        "attentive",
        "attentively",
        "attentiveness",
        "attentivenesses"
      ],
      "syns": [
        [
          "absorbed",
          "deep",
          "engrossed",
          "enthralled",
          "focused",
          "immersed",
          "intent",
          "observant",
          "rapt"
        ],
        [
          "considerate",
          "kind",
          "solicitous",
          "thoughtful"
        ],
        [
          "alert",
          "Argus-eyed",
          "awake",
          "observant",
          "open-eyed",
          "tenty",
          "vigilant",
          "watchful",
          "wide-awake"
        ]
      ],
      "ants": [
        [
          "absent",
          "absentminded",
          "abstracted",
          "distracted",
          "inattentive",
          "inobservant",
          "unabsorbed",
          "unfocused"
        ],
        [
          "heedless",
          "inconsiderate",
          "thoughtless",
          "unthinking"
        ],
        [
          "asleep"
        ]
      ],
      "offensive": false
    },
    "hwi": {
      "hw": "attentive"
    },
    "fl": "adjective",
    "def": [
      {
        "sseq": [
          [
            [
              "sense",
              {
                "sn": "1",
                "dt": [
                  [
                    "text",
                    "having the mind fixed on something "
                  ],
                  [
                    "vis",
                    [
                      {
                        "t": "Susan became particularly {it}attentive{/it} when the sportscaster turned to women's tennis, her favorite sport"
                      }
                    ]
                  ]
                ],
                "syn_list": [
                  [
                    {
                      "wd": "absorbed"
                    },
                    {
                      "wd": "deep"
                    },
                    {
                      "wd": "engrossed"
                    },
                    {
                      "wd": "enthralled"
                    },
                    {
                      "wd": "focused",
                      "wvrs": [
                        {
                          "wvl": "also",
                          "wva": "focussed"
                        }
                      ]
                    },
                    {
                      "wd": "immersed"
                    },
                    {
                      "wd": "intent"
                    },
                    {
                      "wd": "observant"
                    },
                    {
                      "wd": "rapt"
                    }
                  ]
                ],
                "rel_list": [
                  [
                    {
                      "wd": "engaged"
                    },
                    {
                      "wd": "interested"
                    },
                    {
                      "wd": "intrigued"
                    },
                    {
                      "wd": "involved"
                    }
                  ],
                  [
                    {
                      "wd": "hypnotized"
                    },
                    {
                      "wd": "mesmerized"
                    }
                  ],
                  [
                    {
                      "wd": "alert"
                    },
                    {
                      "wd": "alive"
                    },
                    {
                      "wd": "conscious"
                    },
                    {
                      "wd": "open-eyed"
                    },
                    {
                      "wd": "watchful"
                    },
                    {
                      "wd": "wide-awake"
                    }
                  ]
                ],
                "phrase_list": [
                  [
                    {
                      "wd": "all ears"
                    }
                  ]
                ],
                "near_list": [
                  [
                    {
                      "wd": "daydreaming"
                    },
                    {
                      "wd": "dreamy"
                    },
                    {
                      "wd": "faraway"
                    },
                    {
                      "wd": "foggy"
                    },
                    {
                      "wd": "hazy"
                    },
                    {
                      "wd": "lost"
                    },
                    {
                      "wd": "oblivious"
                    },
                    {
                      "wd": "preoccupied"
                    },
                    {
                      "wd": "remote"
                    }
                  ],
                  [
                    {
                      "wd": "apathetic"
                    },
                    {
                      "wd": "disinterested"
                    },
                    {
                      "wd": "uninterested"
                    }
                  ]
                ],
                "ant_list": [
                  [
                    {
                      "wd": "absent"
                    },
                    {
                      "wd": "absentminded"
                    },
                    {
                      "wd": "abstracted"
                    },
                    {
                      "wd": "distracted"
                    },
                    {
                      "wd": "inattentive"
                    },
                    {
                      "wd": "inobservant"
                    },
                    {
                      "wd": "unabsorbed"
                    },
                    {
                      "wd": "unfocused",
                      "wvrs": [
                        {
                          "wvl": "also",
                          "wva": "unfocussed"
                        }
                      ]
                    }
                  ]
                ]
              }
            ]
          ],
          [
            [
              "sense",
              {
                "sn": "2",
                "dt": [
                  [
                    "text",
                    "given to or made with heedful anticipation of the needs and happiness of others "
                  ],
                  [
                    "vis",
                    [
                      {
                        "t": "an {it}attentive{/it} neighbor who helps out whenever and wherever she spots a need"
                      }
                    ]
                  ]
                ],
                "syn_list": [
                  [
                    {
                      "wd": "considerate"
                    },
                    {
                      "wd": "kind"
                    },
                    {
                      "wd": "solicitous"
                    },
                    {
                      "wd": "thoughtful"
                    }
                  ]
                ],
                "rel_list": [
                  [
                    {
                      "wd": "brotherly"
                    },
                    {
                      "wd": "good"
                    },
                    {
                      "wd": "good-hearted"
                    },
                    {
                      "wd": "helpful"
                    },
                    {
                      "wd": "hospitable"
                    },
                    {
                      "wd": "kindhearted"
                    },
                    {
                      "wd": "kindly"
                    },
                    {
                      "wd": "neighborly"
                    },
                    {
                      "wd": "nice"
                    }
                  ],
                  [
                    {
                      "wd": "caring"
                    },
                    {
                      "wd": "compassionate"
                    },
                    {
                      "wd": "sympathetic"
                    },
                    {
                      "wd": "tender"
                    }
                  ],
                  [
                    {
                      "wd": "chivalrous"
                    },
                    {
                      "wd": "courteous"
                    },
                    {
                      "wd": "courtly"
                    },
                    {
                      "wd": "gallant"
                    },
                    {
                      "wd": "gracious"
                    },
                    {
                      "wd": "polite"
                    }
                  ],
                  [
                    {
                      "wd": "diplomatic"
                    },
                    {
                      "wd": "tactful"
                    }
                  ],
                  [
                    {
                      "wd": "deferential"
                    },
                    {
                      "wd": "dutiful"
                    },
                    {
                      "wd": "obliging"
                    },
                    {
                      "wd": "regardful"
                    },
                    {
                      "wd": "respectful"
                    }
                  ],
                  [
                    {
                      "wd": "altruistic"
                    },
                    {
                      "wd": "beneficent"
                    },
                    {
                      "wd": "benevolent"
                    },
                    {
                      "wd": "benignant"
                    },
                    {
                      "wd": "humane"
                    },
                    {
                      "wd": "selfless"
                    },
                    {
                      "wd": "unselfish"
                    }
                  ],
                  [
                    {
                      "wd": "charitable"
                    },
                    {
                      "wd": "generous"
                    },
                    {
                      "wd": "magnanimous"
                    }
                  ]
                ],
                "near_list": [
                  [
                    {
                      "wd": "inattentive"
                    },
                    {
                      "wd": "uncaring"
                    },
                    {
                      "wd": "unheeding"
                    }
                  ],
                  [
                    {
                      "wd": "inhospitable"
                    },
                    {
                      "wd": "unkind"
                    },
                    {
                      "wd": "unkindly"
                    }
                  ],
                  [
                    {
                      "wd": "ill-bred"
                    },
                    {
                      "wd": "ill-mannered"
                    },
                    {
                      "wd": "impolite"
                    },
                    {
                      "wd": "rude"
                    },
                    {
                      "wd": "uncivil"
                    },
                    {
                      "wd": "unmannerly"
                    }
                  ],
                  [
                    {
                      "wd": "unhelpful"
                    }
                  ],
                  [
                    {
                      "wd": "malevolent"
                    },
                    {
                      "wd": "malicious"
                    },
                    {
                      "wd": "mean"
                    },
                    {
                      "wd": "spiteful"
                    }
                  ]
                ],
                "ant_list": [
                  [
                    {
                      "wd": "heedless"
                    },
                    {
                      "wd": "inconsiderate"
                    },
                    {
                      "wd": "thoughtless"
                    },
                    {
                      "wd": "unthinking"
                    }
                  ]
                ]
              }
            ]
          ],
          [
            [
              "sense",
              {
                "sn": "3",
                "dt": [
                  [
                    "text",
                    "paying close attention usually for the purpose of anticipating approaching danger or opportunity "
                  ],
                  [
                    "vis",
                    [
                      {
                        "t": "if only for your own safety, you need to stay {it}attentive{/it} when you are hunting"
                      }
                    ]
                  ]
                ],
                "syn_list": [
                  [
                    {
                      "wd": "alert"
                    },
                    {
                      "wd": "Argus-eyed"
                    },
                    {
                      "wd": "awake"
                    },
                    {
                      "wd": "observant"
                    },
                    {
                      "wd": "open-eyed"
                    },
                    {
                      "wd": "tenty",
                      "wvrs": [
                        {
                          "wvl": "also",
                          "wva": "tentie"
                        }
                      ],
                      "wsls": [
                        "Scottish"
                      ]
                    },
                    {
                      "wd": "vigilant"
                    },
                    {
                      "wd": "watchful"
                    },
                    {
                      "wd": "wide-awake"
                    }
                  ]
                ],
                "rel_list": [
                  [
                    {
                      "wd": "alive"
                    },
                    {
                      "wd": "aware"
                    },
                    {
                      "wd": "conscious"
                    },
                    {
                      "wd": "sensitive"
                    }
                  ],
                  [
                    {
                      "wd": "cognizant"
                    },
                    {
                      "wd": "heedful"
                    },
                    {
                      "wd": "keen"
                    },
                    {
                      "wd": "mindful"
                    },
                    {
                      "wd": "observing"
                    },
                    {
                      "wd": "regardful"
                    },
                    {
                      "wd": "sharp"
                    },
                    {
                      "wd": "sharp-eyed"
                    }
                  ],
                  [
                    {
                      "wd": "hyperalert"
                    },
                    {
                      "wd": "hypervigilant"
                    },
                    {
                      "wd": "sleepless"
                    },
                    {
                      "wd": "wakeful"
                    }
                  ],
                  [
                    {
                      "wd": "careful"
                    },
                    {
                      "wd": "cautious"
                    },
                    {
                      "wd": "chary"
                    },
                    {
                      "wd": "wary"
                    }
                  ],
                  [
                    {
                      "wd": "prepared"
                    },
                    {
                      "wd": "ready"
                    }
                  ]
                ],
                "phrase_list": [
                  [
                    {
                      "wd": "on guard"
                    },
                    {
                      "wd": "on one's toes"
                    },
                    {
                      "wd": "on the alert"
                    },
                    {
                      "wd": "on the ball"
                    },
                    {
                      "wd": "on the qui vive"
                    },
                    {
                      "wd": "on tiptoe"
                    }
                  ]
                ],
                "near_list": [
                  [
                    {
                      "wd": "absent"
                    },
                    {
                      "wd": "absentminded"
                    },
                    {
                      "wd": "absorbed"
                    },
                    {
                      "wd": "abstracted"
                    },
                    {
                      "wd": "daydreaming"
                    },
                    {
                      "wd": "dazed"
                    },
                    {
                      "wd": "distracted"
                    },
                    {
                      "wd": "dreaming"
                    },
                    {
                      "wd": "dreamy"
                    },
                    {
                      "wd": "engrossed"
                    },
                    {
                      "wd": "faraway"
                    },
                    {
                      "wd": "insensible"
                    },
                    {
                      "wd": "oblivious"
                    },
                    {
                      "wd": "preoccupied"
                    }
                  ],
                  [
                    {
                      "wd": "sleeping"
                    },
                    {
                      "wd": "unaware"
                    },
                    {
                      "wd": "unconscious"
                    },
                    {
                      "wd": "unknowing"
                    },
                    {
                      "wd": "unwitting"
                    }
                  ],
                  [
                    {
                      "wd": "careless"
                    },
                    {
                      "wd": "heedless"
                    },
                    {
                      "wd": "inattentive"
                    },
                    {
                      "wd": "unheeding"
                    },
                    {
                      "wd": "unmindful"
                    },
                    {
                      "wd": "unthinking"
                    },
                    {
                      "wd": "unwary"
                    }
                  ],
                  [
                    {
                      "wd": "unprepared"
                    },
                    {
                      "wd": "unready"
                    }
                  ]
                ],
                "ant_list": [
                  [
                    {
                      "wd": "asleep"
                    }
                  ]
                ]
              }
            ]
          ]
        ]
      }
    ],
    "shortdef": [
      "having the mind fixed on something",
      "given to or made with heedful anticipation of the needs and happiness of others",
      "paying close attention usually for the purpose of anticipating approaching danger or opportunity"
    ]
  }
]