[
  {
    "meta": {
      "id": "behavior",
      "uuid": "de75051b-fb31-42ef-8a26-7b409beeda93",
      "src": "coll_thes",
      "section": "alpha",
      "target": {
        "tuuid": "d51b7e44-0206-4d3f-9d71-67e426b193a4",
        "tsrc": "collegiate"
      },
      "stems": [
        "behavior",
        "behavioral",
        "behaviorally",
        "behaviors",
        "behaviour"
      ],
      "syns": [
        [
          "actions",
          "address",
          "bearing",
          "comportment",
          "conduct",
          "demeanor",
          "deportment",
          "geste"
        ]
      ],
      "ants": [],
      "offensive": false
    },
    "hwi": {
      "hw": "behavior"
    },
    "fl": "noun",
    "def": [
      {
        "sseq": [
          [
            [
              "sense",
              {
                "dt": [
                  [
                    "text",
                    "the way or manner in which one conducts oneself "
                  ],
                  [
                    "vis",
                    [
                      {
                        "t": "usually the enfant terrible, he's promising to be on his best {it}behavior{/it} for the party"
                      }
                    ]
                  ]
                ],
                "syn_list": [
                  [
                    {
                      "wd": "actions"
                    },
                    {
                      "wd": "address"
                    },
                    {
                      "wd": "bearing"
                    },
                    {
                      "wd": "comportment"
                    },
                    {
                      "wd": "conduct"
                    },
                    {
                      "wd": "demeanor"
                    },
                    {
                      "wd": "deportment"
                    },
                    {
                      "wd": "geste",
                      "wvrs": [
                        {
                          "wvl": "also",
                          "wva": "gest"
                        }
                      ],
                      "wsls": [
                        "archaic"
                      ]
                    }
                  ]
                ],
                "rel_list": [
                  [
                    {
                      "wd": "etiquette"
                    },
                    {
                      "wd": "form"
                    },
                    {
                      "wd": "manners"
                    },
                    {
                      "wd": "mores"
                    },
                    {
                      "wd": "proprieties"
                    }
                  ],
                  [
                    {
                      "wd": "p's and q's"
                    }
                  ],
                  [
                    {
                      "wd": "amenity"
                    },
                    {
                      "wd": "civility"
                    },
                    {
                      "wd": "courtesy"
                    },
                    {
                      "wd": "decorum"
                    },
                    {
                      "wd": "politeness"
                    }
                  ],
                  [
                    {
                      "wd": "air"
                    },
                    {
                      "wd": "attitude"
                    },
                    {
                      "wd": "carriage"
                    },
                    {
                      "wd": "poise"
                    },
                    {
                      "wd": "pose"
                    },
                    {
                      "wd": "posture"
                    },
                    {
                      "wd": "presence"
                    }
                  ],
                  [
                    {
                      "wd": "aspect"
                    },
                    {
                      "wd": "look"
                    },
                    {
                      "wd": "mien"
                    }
                  ],
                  [
                    {
                      "wd": "formality"
                    },
                    {
                      "wd": "protocol"
                    },
                    {
                      "wd": "rules"
                    }
                  ],
                  [
                    {
                      "wd": "custom"
                    },
                    {
                      "wd": "habit"
                    },
                    {
                      "wd": "habitude"
                    },
                    {
                      "wd": "pattern"
                    },
                    {
                      "wd": "practice",
                      "wvrs": [
                        {
                          "wvl": "also",
                          "wva": "practise"
                        }
                      ]
                    },
                    {
                      "wd": "trick"
                    },
                    {
                      "wd": "wont"
                    }
                  ],
                  [
                    {
                      "wd": "convention"
                    },
                    {
                      "wd": "fashion"
                    },
                    {
                      "wd": "form"
                    },
                    {
                      "wd": "mode"
                    },
                    {
                      "wd": "style"
                    }
                  ],
                  [
                    {
                      "wd": "affectation"
                    },
                    {
                      "wd": "attribute"
                    },
                    {
                      "wd": "characteristic"
                    },
                    {
                      "wd": "mark"
                    },
                    {
                      "wd": "trait"
                    }
                  ],
                  [
                    {
                      "wd": "distinctiveness"
                    },
                    {
                      "wd": "oddity"
                    },
                    {
                      "wd": "peculiarity"
                    },
                    {
                      "wd": "singularity"
                    },
                    {
                      "wd": "strangeness"
                    },
                    {
                      "wd": "uniqueness"
                    },
                    {
                      "wd": "weirdness"
                    }
                  ]
                ]
              }
            ]
          ]
        ]
      }
    ],
    "shortdef": [
      "the way or manner in which one conducts oneself"
    ]
  },
  {
    "meta": {
      "id": "displacement",
      "uuid": "16aabdd7-1cd9-4a73-8bf1-95d8e6c9e065",
      "src": "coll_thes",
      "section": "alpha",
      "target": {
        "tuuid": "66602460-3f0d-4337-9719-f92dc939e6aa",
        "tsrc": "collegiate"
      },
      "stems": [
        "displacement",
        "displacement activity",
        "displacement behavior",
        "displacements"
      ],
      "syns": [
        [
          "banishment",
          "deportation",
          "exile",
          "expatriation",
          "expulsion",
          "relegation"
        ]
      ],
      "ants": [],
      "offensive": false
    },
    "hwi": {
      "hw": "displacement"
    },
    "fl": "noun",
    "def": [
      {
        "sseq": [
          [
            [
              "sense",
              {
                "dt": [
                  [
                    "text",
                    "the forced removal from a homeland "
                  ],
                  [
                    "vis",
                    [
                      {
                        "t": "the {it}displacement{/it} of Jews from the land of their ancestors"
                      }
                    ]
                  ]
                ],
                "syn_list": [
                  [
                    {
                      "wd": "banishment"
                    },
                    {
                      "wd": "deportation"
                    },
                    {
                      "wd": "exile"
                    },
                    {
                      "wd": "expatriation"
                    },
                    {
                      "wd": "expulsion"
                    },
                    {
                      "wd": "relegation"
                    }
                  ]
                ],
                "rel_list": [
                  [
                    {
                      "wd": "ostracism"
                    }
                  ],
                  [
                    {
                      "wd": "extradition"
                    }
                  ],
                  [
                    {
                      "wd": "diaspora"
                    },
                    {
                      "wd": "dispersion"
                    },
                    {
                      "wd": "scattering"
                    }
                  ],
                  [
                    {
                      "wd": "emigration"
                    },
                    {
                      "wd": "migration"
                    }
                  ],
                  [
                    {
                      "wd": "evacuation"
                    }
                  ],
                  [
                    {
                      "wd": "ethnic cleansing"
                    },
                    {
                      "wd": "transportation"
                    }
                  ],
                  [
                    {
                      "wd": "dispossession"
                    },
                    {
                      "wd": "ejection"
                    },
                    {
                      "wd": "ouster"
                    }
                  ]
                ],
                "near_list": [
                  [
                    {
                      "wd": "repatriation"
                    },
                    {
                      "wd": "return"
                    }
                  ],
                  [
                    {
                      "wd": "immigration"
                    }
                  ]
                ]
              }
            ]
          ]
        ]
      }
    ],
    "shortdef": [
      "the forced removal from a homeland"
    ]
  }
]