[
  {
    "meta": {
      "id": "blackness",
      "uuid": "004db4fc-5a8d-43d8-adfa-580a6ed051f7",
      "src": "coll_thes",
      "section": "alpha",
      "stems": [
        "blackness",
        "blacknesses"
      ],
      "syns": [
        [
          "black",
          "candlelight",
          "dark",
          "darkness",
          "dusk",
          "gloaming",
          "gloom",
          "murk",
          "night",
          "semidarkness",
          "shade",
          "shadows",
          "twilight",
          "umbra"
        ],
        [
          "dinge",
          "dinginess",
          "dirtiness",
          "dustiness",
          "filthiness",
          "foulness",
          "griminess",
          "grubbiness",
          "nastiness",
          "smuttiness",
          "soilage",
          "sordidness",
          "squalidness",
          "uncleanliness",
          "uncleanness"
        ]
      ],
      "ants": [
        [
          "blaze",
          "brightness",
          "brilliance",
          "day",
          "daylight",
          "glare",
          "glow",
          "light",
          "lightness"
        ],
        [
          "cleanliness",
          "spotlessness"
        ]
      ],
      "offensive": false
    },
    "hwi": {
      "hw": "blackness"
    },
    "fl": "noun",
    "def": [
      {
        "sseq": [
          [
            [
              "sense",
              {
                "sn": "1",
                "dt": [
                  [
                    "text",
                    "a time or place of little or no light "
                  ],
                  [
                    "vis",
                    [
                      {
                        "t": "strange nocturnal noises emanated from the forbidding {it}blackness{/it} of the forest"
                      }
                    ]
                  ]
                ],
                "syn_list": [
                  [
                    {
                      "wd": "black"
                    },
                    {
                      "wd": "candlelight"
                    },
                    {
                      "wd": "dark"
                    },
                    {
                      "wd": "darkness"
                    },
                    {
                      "wd": "dusk"
                    },
                    {
                      "wd": "gloaming"
                    },
                    {
                      "wd": "gloom"
                    },
                    {
                      "wd": "murk"
                    },
                    {
                      "wd": "night"
                    },
                    {
                      "wd": "semidarkness"
                    },
                    {
                      "wd": "shade"
                    },
                    {
                      "wd": "shadows"
                    },
                    {
                      "wd": "twilight"
                    },
                    {
                      "wd": "umbra"
                    }
                  ]
                ],
                "rel_list": [
                  [
                    {
                      "wd": "midnight"
                    }
                  ],
                  [
                    {
                      "wd": "blackout"
                    },
                    {
                      "wd": "brownout"
                    },
                    {
                      "wd": "dimout"
                    }
                  ],
                  [
                    {
                      "wd": "shadiness"
                    },
                    {
                      "wd": "umbrage"
                    }
                  ],
                  [
                    {
                      "wd": "dullness",
                      "wvrs": [
                        {
                          "wvl": "also",
                          "wva": "dulness"
                        }
                      ]
                    },
                    {
                      "wd": "somberness"
                    }
                  ],
                  [
                    {
                      "wd": "cloudiness"
                    },
                    {
                      "wd": "fogginess"
                    },
                    {
                      "wd": "haziness"
                    },
                    {
                      "wd": "mistiness"
                    },
                    {
                      "wd": "murkiness"
                    }
                  ],
                  [
                    {
                      "wd": "dimness"
                    },
                    {
                      "wd": "faintness"
                    },
                    {
                      "wd": "gloominess"
                    },
                    {
                      "wd": "grayness"
                    },
                    {
                      "wd": "paleness"
                    }
                  ],
                  [
                    {
                      "wd": "half-light"
                    }
                  ]
                ],
                "near_list": [
                  [
                    {
                      "wd": "moonlight"
                    },
                    {
                      "wd": "starlight"
                    },
                    {
                      "wd": "sunlight"
                    }
                  ],
                  [
                    {
                      "wd": "effulgence"
                    },
                    {
                      "wd": "radiance"
                    },
                    {
                      "wd": "radiancy"
                    },
                    {
                      "wd": "shine"
                    },
                    {
                      "wd": "sunshine"
                    }
                  ],
                  [
                    {
                      "wd": "incandescence"
                    },
                    {
                      "wd": "luminance"
                    },
                    {
                      "wd": "luminescence"
                    },
                    {
                      "wd": "luminosity"
                    },
                    {
                      "wd": "luminousness"
                    }
                  ]
                ],
                "ant_list": [
                  [
                    {
                      "wd": "blaze"
                    },
                    {
                      "wd": "brightness"
                    },
                    {
                      "wd": "brilliance"
                    },
                    {
                      "wd": "day"
                    },
                    {
                      "wd": "daylight"
                    },
                    {
                      "wd": "glare"
                    },
                    {
                      "wd": "glow"
                    },
                    {
                      "wd": "light"
                    },
                    {
                      "wd": "lightness"
                    }
                  ]
                ]
              }
            ]
          ],
          [
            [
              "sense",
              {
                "sn": "2",
                "dt": [
                  [
                    "text",
                    "the state or quality of being dirty "
                  ],
                  [
                    "vis",
                    [
                      {
                        "t": "judging from the {it}blackness{/it} of the carpet, I'd say that it had never been cleaned"
                      }
                    ]
                  ]
                ],
                "syn_list": [
                  [
                    {
                      "wd": "dinge"
                    },
                    {
                      "wd": "dinginess"
                    },
                    {
                      "wd": "dirtiness"
                    },
                    {
                      "wd": "dustiness"
                    },
                    {
                      "wd": "filthiness"
                    },
                    {
                      "wd": "foulness"
                    },
                    {
                      "wd": "griminess"
                    },
                    {
                      "wd": "grubbiness"
                    },
                    {
                      "wd": "nastiness"
                    },
                    {
                      "wd": "smuttiness"
                    },
                    {
                      "wd": "soilage"
                    },
                    {
                      "wd": "sordidness"
                    },
                    {
                      "wd": "squalidness"
                    },
                    {
                      "wd": "uncleanliness"
                    },
                    {
                      "wd": "uncleanness"
                    }
                  ]
                ],
                "rel_list": [
                  [
                    {
                      "wd": "discoloration"
                    },
                    {
                      "wd": "staining"
                    }
                  ],
                  [
                    {
                      "wd": "impureness"
                    },
                    {
                      "wd": "impurity"
                    }
                  ],
                  [
                    {
                      "wd": "messiness"
                    },
                    {
                      "wd": "mussiness"
                    },
                    {
                      "wd": "sloppiness"
                    },
                    {
                      "wd": "untidiness"
                    }
                  ],
                  [
                    {
                      "wd": "insanitation"
                    },
                    {
                      "wd": "squalor"
                    }
                  ],
                  [
                    {
                      "wd": "muddiness"
                    },
                    {
                      "wd": "sootiness"
                    }
                  ]
                ],
                "near_list": [
                  [
                    {
                      "wd": "purity"
                    }
                  ]
                ],
                "ant_list": [
                  [
                    {
                      "wd": "cleanliness"
                    },
                    {
                      "wd": "spotlessness"
                    }
                  ]
                ]
              }
            ]
          ]
        ]
      }
    ],
    "shortdef": [
      "a time or place of little or no light",
      "the state or quality of being dirty"
    ]
  },
  {
    "meta": {
      "id": "black",
      "uuid": "35a9c104-ff4e-4500-abae-1bc2526deb1d",
      "src": "coll_thes",
      "section": "alpha",
      "target": {
        "tuuid": "336c517e-0b35-4f96-90ab-5abe4801d535",
        "tsrc": "collegiate"
      },
      "stems": [
        "black",
        "blacker",
        "blackest",
        "blackish",
        "blackly",
        "blackness",
        "blacknesses"
      ],
      "syns": [
        [
          "ebony",
          "pitch-black",
          "pitch-dark",
          "pitchy",
          "raven",
          "sable"
        ],
        [
          "bleak",
          "cheerless",
          "chill",
          "Cimmerian",
          "cloudy",
          "cold",
          "comfortless",
          "dark",
          "darkening",
          "depressing",
          "depressive",
          "desolate",
          "dire",
          "disconsolate",
          "dismal",
          "drear",
          "dreary",
          "dreich",
          "elegiac",
          "forlorn",
          "funereal",
          "gloomy",
          "glum",
          "godforsaken",
          "gray",
          "lonely",
          "lonesome",
          "lugubrious",
          "miserable",
          "morbid",
          "morose",
          "murky",
          "plutonian",
          "saturnine",
          "sepulchral",
          "solemn",
          "somber",
          "sullen",
          "sunless",
          "tenebrific",
          "tenebrous",
          "wretched"
        ],
        [
          "brunet",
          "dark",
          "swart",
          "swarthy"
        ],
        [
          "caliginous",
          "dark",
          "darkened",
          "darkish",
          "darkling",
          "darksome",
          "dim",
          "dimmed",
          "dusk",
          "dusky",
          "gloomy",
          "lightless",
          "murky",
          "obscure",
          "obscured",
          "pitch-black",
          "pitch-dark",
          "pitchy",
          "rayless",
          "somber",
          "stygian",
          "tenebrific",
          "tenebrous",
          "unlit"
        ],
        [
          "bedraggled",
          "befouled",
          "begrimed",
          "bemired",
          "besmirched",
          "blackened",
          "cruddy",
          "dingy",
          "dirty",
          "draggled",
          "dusty",
          "filthy",
          "foul",
          "grimy",
          "grotty",
          "grubby",
          "grungy",
          "mucky",
          "muddy",
          "nasty",
          "smudged",
          "smutty",
          "soiled",
          "sordid",
          "stained",
          "sullied",
          "unclean",
          "uncleanly"
        ]
      ],
      "ants": [
        [
          "white"
        ],
        [
          "bright",
          "cheerful",
          "cheering",
          "cheery",
          "comforting",
          "cordial",
          "festive",
          "friendly",
          "gay",
          "heartwarming",
          "sunshiny"
        ],
        [
          "light"
        ],
        [
          "bright",
          "brightened",
          "brilliant",
          "illuminated",
          "illumined",
          "light",
          "lit",
          "lightsome",
          "lucent",
          "lucid",
          "luminous"
        ],
        [
          "clean",
          "cleanly",
          "immaculate",
          "spick-and-span",
          "spotless",
          "stainless",
          "ultraclean",
          "unsoiled",
          "unstained",
          "unsullied"
        ]
      ],
      "offensive": false
    },
    "hwi": {
      "hw": "black"
    },
    "fl": "adjective",
    "def": [
      {
        "sseq": [
          [
            [
              "sense",
              {
                "sn": "1",
                "dt": [
                  [
                    "text",
                    "having the color of soot or coal "
                  ],
                  [
                    "vis",
                    [
                      {
                        "t": "we adopted a little {it}black{/it} kitten"
                      }
                    ]
                  ]
                ],
                "syn_list": [
                  [
                    {
                      "wd": "ebony"
                    },
                    {
                      "wd": "pitch-black"
                    },
                    {
                      "wd": "pitch-dark"
                    },
                    {
                      "wd": "pitchy"
                    },
                    {
                      "wd": "raven"
                    },
                    {
                      "wd": "sable"
                    }
                  ]
                ],
                "rel_list": [
                  [
                    {
                      "wd": "dark"
                    },
                    {
                      "wd": "dusky"
                    },
                    {
                      "wd": "inky"
                    }
                  ],
                  [
                    {
                      "wd": "blackish"
                    },
                    {
                      "wd": "brunet",
                      "wvrs": [
                        {
                          "wvl": "or",
                          "wva": "brunette"
                        }
                      ]
                    }
                  ]
                ],
                "near_list": [
                  [
                    {
                      "wd": "bright"
                    },
                    {
                      "wd": "brilliant"
                    },
                    {
                      "wd": "light"
                    },
                    {
                      "wd": "pale"
                    },
                    {
                      "wd": "palish"
                    }
                  ]
                ],
                "ant_list": [
                  [
                    {
                      "wd": "white"
                    }
                  ]
                ]
              }
            ]
          ],
          [
            [
              "sense",
              {
                "sn": "2",
                "dt": [
                  [
                    "text",
                    "causing or marked by an atmosphere lacking in cheer "
                  ],
                  [
                    "vis",
                    [
                      {
                        "t": "the Friday of the stock market crash was indeed a {it}black{/it} day for the country"
                      }
                    ]
                  ]
                ],
                "syn_list": [
                  [
                    {
                      "wd": "bleak"
                    },
                    {
                      "wd": "cheerless"
                    },
                    {
                      "wd": "chill"
                    },
                    {
                      "wd": "Cimmerian"
                    },
                    {
                      "wd": "cloudy"
                    },
                    {
                      "wd": "cold"
                    },
                    {
                      "wd": "comfortless"
                    },
                    {
                      "wd": "dark"
                    },
                    {
                      "wd": "darkening"
                    },
                    {
                      "wd": "depressing"
                    },
                    {
                      "wd": "depressive"
                    },
                    {
                      "wd": "desolate"
                    },
                    {
                      "wd": "dire"
                    },
                    {
                      "wd": "disconsolate"
                    },
                    {
                      "wd": "dismal"
                    },
                    {
                      "wd": "drear"
                    },
                    {
                      "wd": "dreary"
                    },
                    {
                      "wd": "dreich",
                      "wsls": [
                        "chiefly Scottish"
                      ]
                    },
                    {
                      "wd": "elegiac",
                      "wvrs": [
                        {
                          "wvl": "also",
                          "wva": "elegiacal"
                        }
                      ]
                    },
                    {
                      "wd": "forlorn"
                    },
                    {
                      "wd": "funereal"
                    },
                    {
                      "wd": "gloomy"
                    },
                    {
                      "wd": "glum"
                    },
                    {
                      "wd": "godforsaken"
                    },
                    {
                      "wd": "gray",
                      "wvrs": [
                        {
                          "wvl": "also",
                          "wva": "grey"
                        }
                      ]
                    },
                    {
                      "wd": "lonely"
                    },
                    {
                      "wd": "lonesome"
                    },
                    {
                      "wd": "lugubrious"
                    },
                    {
                      "wd": "miserable"
                    },
                    {
                      "wd": "morbid"
                    },
                    {
                      "wd": "morose"
                    },
                    {
                      "wd": "murky"
                    },
                    {
                      "wd": "plutonian"
                    },
                    {
                      "wd": "saturnine"
                    },
                    {
                      "wd": "sepulchral"
                    },
                    {
                      "wd": "solemn"
                    },
                    {
                      "wd": "somber",
                      "wvrs": [
                        {
                          "wvl": "or",
                          "wva": "sombre"
                        }
                      ]
                    },
                    {
                      "wd": "sullen"
                    },
                    {
                      "wd": "sunless"
                    },
                    {
                      "wd": "tenebrific"
                    },
                    {
                      "wd": "tenebrous"
                    },
                    {
                      "wd": "wretched"
                    }
                  ]
                ],
                "rel_list": [
                  [
                    {
                      "wd": "blue"
                    },
                    {
                      "wd": "dejected"
                    },
                    {
                      "wd": "depressed"
                    },
                    {
                      "wd": "despondent"
                    },
                    {
                      "wd": "down"
                    },
                    {
                      "wd": "droopy"
                    },
                    {
                      "wd": "hangdog"
                    },
                    {
                      "wd": "inconsolable"
                    },
                    {
                      "wd": "low"
                    },
                    {
                      "wd": "melancholic"
                    },
                    {
                      "wd": "melancholy"
                    },
                    {
                      "wd": "mirthless"
                    },
                    {
                      "wd": "sad"
                    },
                    {
                      "wd": "unhappy"
                    },
                    {
                      "wd": "woebegone"
                    },
                    {
                      "wd": "woeful"
                    }
                  ],
                  [
                    {
                      "wd": "dim"
                    },
                    {
                      "wd": "discomfiting"
                    },
                    {
                      "wd": "discouraging"
                    },
                    {
                      "wd": "disheartening"
                    },
                    {
                      "wd": "dismaying"
                    },
                    {
                      "wd": "dispiriting"
                    },
                    {
                      "wd": "distressful"
                    },
                    {
                      "wd": "distressing"
                    },
                    {
                      "wd": "upsetting"
                    }
                  ],
                  [
                    {
                      "wd": "desperate"
                    },
                    {
                      "wd": "hopeless"
                    },
                    {
                      "wd": "pessimistic"
                    }
                  ],
                  [
                    {
                      "wd": "lamentable"
                    },
                    {
                      "wd": "mournful"
                    },
                    {
                      "wd": "plaintive"
                    },
                    {
                      "wd": "sorrowful"
                    }
                  ],
                  [
                    {
                      "wd": "colorless"
                    },
                    {
                      "wd": "drab"
                    },
                    {
                      "wd": "dull"
                    }
                  ],
                  [
                    {
                      "wd": "dour"
                    },
                    {
                      "wd": "grim"
                    },
                    {
                      "wd": "lowering",
                      "wvrs": [
                        {
                          "wvl": "also",
                          "wva": "louring"
                        }
                      ]
                    },
                    {
                      "wd": "lowery",
                      "wvrs": [
                        {
                          "wvl": "also",
                          "wva": "loury"
                        }
                      ]
                    },
                    {
                      "wd": "menacing"
                    },
                    {
                      "wd": "negative"
                    },
                    {
                      "wd": "oppressive"
                    },
                    {
                      "wd": "threatening"
                    }
                  ]
                ],
                "near_list": [
                  [
                    {
                      "wd": "blithe"
                    },
                    {
                      "wd": "blithesome"
                    },
                    {
                      "wd": "buoyant"
                    },
                    {
                      "wd": "gay"
                    },
                    {
                      "wd": "jocund"
                    },
                    {
                      "wd": "jolly"
                    },
                    {
                      "wd": "joyful"
                    },
                    {
                      "wd": "joyous"
                    },
                    {
                      "wd": "merry"
                    },
                    {
                      "wd": "mirthful"
                    }
                  ],
                  [
                    {
                      "wd": "encouraging"
                    },
                    {
                      "wd": "hopeful"
                    },
                    {
                      "wd": "optimistic"
                    }
                  ],
                  [
                    {
                      "wd": "lighthearted"
                    },
                    {
                      "wd": "lightsome"
                    }
                  ]
                ],
                "ant_list": [
                  [
                    {
                      "wd": "bright"
                    },
                    {
                      "wd": "cheerful"
                    },
                    {
                      "wd": "cheering"
                    },
                    {
                      "wd": "cheery"
                    },
                    {
                      "wd": "comforting"
                    },
                    {
                      "wd": "cordial"
                    },
                    {
                      "wd": "festive"
                    },
                    {
                      "wd": "friendly"
                    },
                    {
                      "wd": "gay"
                    },
                    {
                      "wd": "heartwarming"
                    },
                    {
                      "wd": "sunshiny"
                    }
                  ]
                ]
              }
            ]
          ],
          [
            [
              "sense",
              {
                "sn": "3",
                "dt": [
                  [
                    "text",
                    "not having a light complexion "
                  ],
                  [
                    "vis",
                    [
                      {
                        "t": "a {it}black{/it} Irishman, Tyrone Power had the classic looks of a Hollywood leading man"
                      }
                    ]
                  ]
                ],
                "syn_list": [
                  [
                    {
                      "wd": "brunet",
                      "wvrs": [
                        {
                          "wvl": "or",
                          "wva": "brunette"
                        }
                      ]
                    },
                    {
                      "wd": "dark"
                    },
                    {
                      "wd": "swart"
                    },
                    {
                      "wd": "swarthy"
                    }
                  ]
                ],
                "near_list": [
                  [
                    {
                      "wd": "ashen"
                    },
                    {
                      "wd": "ashy"
                    },
                    {
                      "wd": "pale"
                    },
                    {
                      "wd": "palish"
                    },
                    {
                      "wd": "pallid"
                    },
                    {
                      "wd": "pasty"
                    },
                    {
                      "wd": "peaked"
                    },
                    {
                      "wd": "peaky"
                    },
                    {
                      "wd": "sallow"
                    },
                    {
                      "wd": "wan"
                    }
                  ]
                ],
                "ant_list": [
                  [
                    {
                      "wd": "light"
                    }
                  ]
                ]
              }
            ]
          ],
          [
            [
              "sense",
              {
                "sn": "4",
                "dt": [
                  [
                    "text",
                    "being without light or without much light "
                  ],
                  [
                    "vis",
                    [
                      {
                        "t": "on a {it}black{/it} night such as this, the imagination runs wild"
                      }
                    ]
                  ]
                ],
                "syn_list": [
                  [
                    {
                      "wd": "caliginous"
                    },
                    {
                      "wd": "dark"
                    },
                    {
                      "wd": "darkened"
                    },
                    {
                      "wd": "darkish"
                    },
                    {
                      "wd": "darkling"
                    },
                    {
                      "wd": "darksome"
                    },
                    {
                      "wd": "dim"
                    },
                    {
                      "wd": "dimmed"
                    },
                    {
                      "wd": "dusk"
                    },
                    {
                      "wd": "dusky"
                    },
                    {
                      "wd": "gloomy"
                    },
                    {
                      "wd": "lightless"
                    },
                    {
                      "wd": "murky"
                    },
                    {
                      "wd": "obscure"
                    },
                    {
                      "wd": "obscured"
                    },
                    {
                      "wd": "pitch-black"
                    },
                    {
                      "wd": "pitch-dark"
                    },
                    {
                      "wd": "pitchy"
                    },
                    {
                      "wd": "rayless"
                    },
                    {
                      "wd": "somber",
                      "wvrs": [
                        {
                          "wvl": "or",
                          "wva": "sombre"
                        }
                      ]
                    },
                    {
                      "wd": "stygian"
                    },
                    {
                      "wd": "tenebrific"
                    },
                    {
                      "wd": "tenebrous"
                    },
                    {
                      "wd": "unlit"
                    }
                  ]
                ],
                "rel_list": [
                  [
                    {
                      "wd": "crepuscular"
                    },
                    {
                      "wd": "twilit"
                    }
                  ],
                  [
                    {
                      "wd": "moonless"
                    },
                    {
                      "wd": "starless"
                    },
                    {
                      "wd": "sunless"
                    }
                  ],
                  [
                    {
                      "wd": "cloudy"
                    },
                    {
                      "wd": "dull"
                    },
                    {
                      "wd": "dulled"
                    },
                    {
                      "wd": "lackluster"
                    }
                  ],
                  [
                    {
                      "wd": "shadowlike"
                    },
                    {
                      "wd": "shadowy"
                    },
                    {
                      "wd": "shady"
                    }
                  ],
                  [
                    {
                      "wd": "gray",
                      "wvrs": [
                        {
                          "wvl": "also",
                          "wva": "grey"
                        }
                      ]
                    },
                    {
                      "wd": "leaden"
                    },
                    {
                      "wd": "pale"
                    }
                  ],
                  [
                    {
                      "wd": "beclouded"
                    },
                    {
                      "wd": "befogged"
                    },
                    {
                      "wd": "clouded"
                    },
                    {
                      "wd": "foggy"
                    },
                    {
                      "wd": "fuliginous"
                    },
                    {
                      "wd": "misty"
                    },
                    {
                      "wd": "smoggy"
                    },
                    {
                      "wd": "soupy"
                    }
                  ]
                ],
                "near_list": [
                  [
                    {
                      "wd": "ablaze"
                    },
                    {
                      "wd": "agleam"
                    },
                    {
                      "wd": "aglitter"
                    },
                    {
                      "wd": "alight"
                    },
                    {
                      "wd": "beaming"
                    },
                    {
                      "wd": "beamy"
                    },
                    {
                      "wd": "effulgent"
                    },
                    {
                      "wd": "glaring"
                    },
                    {
                      "wd": "glowing"
                    },
                    {
                      "wd": "incandescent"
                    },
                    {
                      "wd": "lambent"
                    },
                    {
                      "wd": "radiant"
                    },
                    {
                      "wd": "relucent"
                    },
                    {
                      "wd": "resplendent"
                    },
                    {
                      "wd": "shining"
                    },
                    {
                      "wd": "sparkling"
                    }
                  ],
                  [
                    {
                      "wd": "ultrabright"
                    }
                  ],
                  [
                    {
                      "wd": "glossy"
                    },
                    {
                      "wd": "lustrous"
                    },
                    {
                      "wd": "shiny"
                    }
                  ],
                  [
                    {
                      "wd": "floodlit",
                      "wvrs": [
                        {
                          "wvl": "also",
                          "wva": "floodlighted"
                        }
                      ]
                    },
                    {
                      "wd": "highlighted"
                    },
                    {
                      "wd": "spotlighted",
                      "wvrs": [
                        {
                          "wvl": "or",
                          "wva": "spotlit"
                        }
                      ]
                    }
                  ],
                  [
                    {
                      "wd": "moonlit"
                    },
                    {
                      "wd": "moony"
                    },
                    {
                      "wd": "starlit"
                    },
                    {
                      "wd": "sunlit"
                    }
                  ]
                ],
                "ant_list": [
                  [
                    {
                      "wd": "bright"
                    },
                    {
                      "wd": "brightened"
                    },
                    {
                      "wd": "brilliant"
                    },
                    {
                      "wd": "illuminated"
                    },
                    {
                      "wd": "illumined"
                    },
                    {
                      "wd": "light"
                    },
                    {
                      "wd": "lit",
                      "wvrs": [
                        {
                          "wvl": "or",
                          "wva": "lighted"
                        }
                      ]
                    },
                    {
                      "wd": "lightsome"
                    },
                    {
                      "wd": "lucent"
                    },
                    {
                      "wd": "lucid"
                    },
                    {
                      "wd": "luminous"
                    }
                  ]
                ]
              }
            ]
          ],
          [
            [
              "sense",
              {
                "sn": "5",
                "dt": [
                  [
                    "text",
                    "not clean "
                  ],
                  [
                    "vis",
                    [
                      {
                        "t": "after mopping the floor, the water in the bucket was {it}black{/it}"
                      }
                    ]
                  ]
                ],
                "syn_list": [
                  [
                    {
                      "wd": "bedraggled"
                    },
                    {
                      "wd": "befouled"
                    },
                    {
                      "wd": "begrimed"
                    },
                    {
                      "wd": "bemired"
                    },
                    {
                      "wd": "besmirched"
                    },
                    {
                      "wd": "blackened"
                    },
                    {
                      "wd": "cruddy"
                    },
                    {
                      "wd": "dingy"
                    },
                    {
                      "wd": "dirty"
                    },
                    {
                      "wd": "draggled"
                    },
                    {
                      "wd": "dusty"
                    },
                    {
                      "wd": "filthy"
                    },
                    {
                      "wd": "foul"
                    },
                    {
                      "wd": "grimy"
                    },
                    {
                      "wd": "grotty",
                      "wsls": [
                        "chiefly British"
                      ]
                    },
                    {
                      "wd": "grubby"
                    },
                    {
                      "wd": "grungy"
                    },
                    {
                      "wd": "mucky"
                    },
                    {
                      "wd": "muddy"
                    },
                    {
                      "wd": "nasty"
                    },
                    {
                      "wd": "smudged"
                    },
                    {
                      "wd": "smutty"
                    },
                    {
                      "wd": "soiled"
                    },
                    {
                      "wd": "sordid"
                    },
                    {
                      "wd": "stained"
                    },
                    {
                      "wd": "sullied"
                    },
                    {
                      "wd": "unclean"
                    },
                    {
                      "wd": "uncleanly"
                    }
                  ]
                ],
                "rel_list": [
                  [
                    {
                      "wd": "contaminated"
                    },
                    {
                      "wd": "defiled"
                    },
                    {
                      "wd": "germy"
                    },
                    {
                      "wd": "impure"
                    },
                    {
                      "wd": "polluted"
                    },
                    {
                      "wd": "tainted"
                    }
                  ],
                  [
                    {
                      "wd": "insanitary"
                    },
                    {
                      "wd": "uncleaned"
                    },
                    {
                      "wd": "unsanitary"
                    },
                    {
                      "wd": "unsterile"
                    },
                    {
                      "wd": "unsterilized"
                    },
                    {
                      "wd": "unwashed"
                    }
                  ],
                  [
                    {
                      "wd": "greasy"
                    },
                    {
                      "wd": "gunky"
                    }
                  ],
                  [
                    {
                      "wd": "chaotic"
                    },
                    {
                      "wd": "cluttered"
                    },
                    {
                      "wd": "confused"
                    },
                    {
                      "wd": "disarranged"
                    },
                    {
                      "wd": "disarrayed"
                    },
                    {
                      "wd": "disheveled",
                      "wvrs": [
                        {
                          "wvl": "or",
                          "wva": "dishevelled"
                        }
                      ]
                    },
                    {
                      "wd": "disordered"
                    },
                    {
                      "wd": "jumbled"
                    },
                    {
                      "wd": "littered"
                    },
                    {
                      "wd": "messed"
                    },
                    {
                      "wd": "messy"
                    },
                    {
                      "wd": "muddled"
                    },
                    {
                      "wd": "mussed"
                    },
                    {
                      "wd": "mussy"
                    },
                    {
                      "wd": "rumpled"
                    },
                    {
                      "wd": "scruffy"
                    },
                    {
                      "wd": "sloppy"
                    },
                    {
                      "wd": "slovenly"
                    },
                    {
                      "wd": "unkempt"
                    },
                    {
                      "wd": "untidy"
                    }
                  ],
                  [
                    {
                      "wd": "raunchy"
                    },
                    {
                      "wd": "scuzzy",
                      "wsls": [
                        "slang"
                      ]
                    },
                    {
                      "wd": "shabby"
                    },
                    {
                      "wd": "skanky",
                      "wsls": [
                        "slang"
                      ]
                    },
                    {
                      "wd": "sleazy"
                    },
                    {
                      "wd": "squalid"
                    }
                  ],
                  [
                    {
                      "wd": "collied",
                      "wsls": [
                        "chiefly British dialect"
                      ]
                    },
                    {
                      "wd": "crocked",
                      "wsls": [
                        "dialect"
                      ]
                    },
                    {
                      "wd": "fuliginous"
                    },
                    {
                      "wd": "sooty"
                    }
                  ]
                ],
                "near_list": [
                  [
                    {
                      "wd": "clear"
                    },
                    {
                      "wd": "limpid"
                    },
                    {
                      "wd": "pure"
                    }
                  ],
                  [
                    {
                      "wd": "cleaned"
                    },
                    {
                      "wd": "cleansed"
                    },
                    {
                      "wd": "combed"
                    },
                    {
                      "wd": "groomed"
                    },
                    {
                      "wd": "neat"
                    },
                    {
                      "wd": "ordered"
                    },
                    {
                      "wd": "orderly"
                    },
                    {
                      "wd": "tidy"
                    }
                  ],
                  [
                    {
                      "wd": "bleached"
                    },
                    {
                      "wd": "purified"
                    },
                    {
                      "wd": "whitened"
                    }
                  ],
                  [
                    {
                      "wd": "bright"
                    },
                    {
                      "wd": "flawless"
                    },
                    {
                      "wd": "perfect"
                    },
                    {
                      "wd": "shiny"
                    },
                    {
                      "wd": "sparkling"
                    },
                    {
                      "wd": "unspotted"
                    },
                    {
                      "wd": "untouched"
                    }
                  ],
                  [
                    {
                      "wd": "taintless"
                    },
                    {
                      "wd": "unblemished"
                    },
                    {
                      "wd": "undefiled"
                    },
                    {
                      "wd": "unpolluted"
                    },
                    {
                      "wd": "untainted"
                    },
                    {
                      "wd": "virgin"
                    },
                    {
                      "wd": "wholesome"
                    }
                  ]
                ],
                "ant_list": [
                  [
                    {
                      "wd": "clean"
                    },
                    {
                      "wd": "cleanly"
                    },
                    {
                      "wd": "immaculate"
                    },
                    {
                      "wd": "spick-and-span",
                      "wvrs": [
                        {
                          "wvl": "or",
                          "wva": "spic-and-span"
                        }
                      ]
                    },
                    {
                      "wd": "spotless"
                    },
                    {
                      "wd": "stainless"
                    },
                    {
                      "wd": "ultraclean"
                    },
                    {
                      "wd": "unsoiled"
                    },
                    {
                      "wd": "unstained"
                    },
                    {
                      "wd": "unsullied"
                    }
                  ]
                ]
              }
            ]
          ]
        ]
      }
    ],
    "shortdef": [
      "having the color of soot or coal",
      "causing or marked by an atmosphere lacking in cheer",
      "not having a light complexion"
    ]
  }
]