[
  {
    "meta": {
      "id": "boundary",
      "uuid": "61a7b3fd-bac2-4c8a-be22-1ed71f09f40e",
      "src": "coll_thes",
      "section": "alpha",
      "target": {
        "tuuid": "f50c7d7a-6854-49b1-a4af-189522bc2cad",
        "tsrc": "collegiate"
      },
      "stems": [
        "boundary",
        "boundaries",
        "boundaryless",
        "boundarylessness",
        "boundarylessnesses"
      ],
      "syns": [
        [
          "bound",
          "cap",
          "ceiling",
          "confines",
          "end",
          "extent",
          "limit",
          "limitation",
          "line",
          "termination"
        ],
        [
          "border",
          "borderline",
          "bound",
          "brim",
          "circumference",
          "compass",
          "confines",
          "edge",
          "edging",
          "end",
          "frame",
          "fringe",
          "hem",
          "margin",
          "perimeter",
          "periphery",
          "rim",
          "skirt",
          "skirting",
          "verge"
        ]
      ],
      "ants": [],
      "offensive": false
    },
    "hwi": {
      "hw": "boundary"
    },
    "fl": "noun",
    "def": [
      {
        "sseq": [
          [
            [
              "sense",
              {
                "sn": "1",
                "dt": [
                  [
                    "text",
                    "a real or imaginary point beyond which a person or thing cannot go "
                  ],
                  [
                    "vis",
                    [
                      {
                        "t": "parents have to set {it}boundaries{/it} for their children, and the children want them to"
                      }
                    ]
                  ]
                ],
                "syn_list": [
                  [
                    {
                      "wd": "bound"
                    },
                    {
                      "wd": "cap"
                    },
                    {
                      "wd": "ceiling"
                    },
                    {
                      "wd": "confines"
                    },
                    {
                      "wd": "end"
                    },
                    {
                      "wd": "extent"
                    },
                    {
                      "wd": "limit"
                    },
                    {
                      "wd": "limitation"
                    },
                    {
                      "wd": "line"
                    },
                    {
                      "wd": "termination"
                    }
                  ]
                ],
                "rel_list": [
                  [
                    {
                      "wd": "extremity"
                    },
                    {
                      "wd": "fag end"
                    },
                    {
                      "wd": "terminus"
                    }
                  ],
                  [
                    {
                      "wd": "border"
                    },
                    {
                      "wd": "brim"
                    },
                    {
                      "wd": "edge"
                    },
                    {
                      "wd": "margin"
                    },
                    {
                      "wd": "rim"
                    },
                    {
                      "wd": "verge"
                    }
                  ],
                  [
                    {
                      "wd": "outside"
                    }
                  ],
                  [
                    {
                      "wd": "bar"
                    },
                    {
                      "wd": "barrier"
                    },
                    {
                      "wd": "fence"
                    },
                    {
                      "wd": "hedge"
                    },
                    {
                      "wd": "restraint"
                    },
                    {
                      "wd": "stop"
                    },
                    {
                      "wd": "wall"
                    }
                  ]
                ]
              }
            ]
          ],
          [
            [
              "sense",
              {
                "sn": "2",
                "dt": [
                  [
                    "text",
                    "the line or relatively narrow space that marks the outer limit of something "
                  ],
                  [
                    "vis",
                    [
                      {
                        "t": "that chalk line marks the {it}boundary{/it} of our playing field"
                      }
                    ]
                  ]
                ],
                "syn_list": [
                  [
                    {
                      "wd": "border"
                    },
                    {
                      "wd": "borderline"
                    },
                    {
                      "wd": "bound"
                    },
                    {
                      "wd": "brim"
                    },
                    {
                      "wd": "circumference"
                    },
                    {
                      "wd": "compass"
                    },
                    {
                      "wd": "confines"
                    },
                    {
                      "wd": "edge"
                    },
                    {
                      "wd": "edging"
                    },
                    {
                      "wd": "end"
                    },
                    {
                      "wd": "frame"
                    },
                    {
                      "wd": "fringe"
                    },
                    {
                      "wd": "hem"
                    },
                    {
                      "wd": "margin"
                    },
                    {
                      "wd": "perimeter"
                    },
                    {
                      "wd": "periphery"
                    },
                    {
                      "wd": "rim"
                    },
                    {
                      "wd": "skirt"
                    },
                    {
                      "wd": "skirting"
                    },
                    {
                      "wd": "verge"
                    }
                  ]
                ],
                "rel_list": [
                  [
                    {
                      "wd": "ambit"
                    }
                  ],
                  [
                    {
                      "wd": "brink"
                    },
                    {
                      "wd": "crest"
                    },
                    {
                      "wd": "curb"
                    },
                    {
                      "wd": "cusp"
                    },
                    {
                      "wd": "lip"
                    }
                  ],
                  [
                    {
                      "wd": "ceiling"
                    },
                    {
                      "wd": "maximum"
                    }
                  ],
                  [
                    {
                      "wd": "demarcation"
                    },
                    {
                      "wd": "extent"
                    },
                    {
                      "wd": "limitation"
                    },
                    {
                      "wd": "measure"
                    },
                    {
                      "wd": "mere"
                    },
                    {
                      "wd": "restriction"
                    },
                    {
                      "wd": "termination"
                    }
                  ],
                  [
                    {
                      "wd": "borderland"
                    },
                    {
                      "wd": "frontier"
                    },
                    {
                      "wd": "march"
                    },
                    {
                      "wd": "outskirts"
                    },
                    {
                      "wd": "pale"
                    },
                    {
                      "wd": "selvage"
                    }
                  ],
                  [
                    {
                      "wd": "lap"
                    }
                  ],
                  [
                    {
                      "wd": "shore"
                    }
                  ]
                ],
                "near_list": [
                  [
                    {
                      "wd": "center"
                    },
                    {
                      "wd": "core"
                    },
                    {
                      "wd": "heart"
                    }
                  ],
                  [
                    {
                      "wd": "inner"
                    },
                    {
                      "wd": "inside"
                    },
                    {
                      "wd": "interior"
                    },
                    {
                      "wd": "middle"
                    },
                    {
                      "wd": "within"
                    }
                  ]
                ]
              }
            ]
          ]
        ]
      }
    ],
    "shortdef": [
      "a real or imaginary point beyond which a person or thing cannot go",
      "the line or relatively narrow space that marks the outer limit of something"
    ]
  }
]