[
  {
    "meta": {
      "id": "bubble",
      "uuid": "f02157dc-c1f4-4cab-b9cc-4e19036bc1ed",
      "src": "coll_thes",
      "section": "alpha",
      "target": {
        "tuuid": "f599ae92-30c0-41c2-a197-15ad49269ec2",
        "tsrc": "collegiate"
      },
      "stems": [
        "bubble",
        "bubbled",
        "bubbles",
        "bubbling"
      ],
      "syns": [
        [
          "dribble",
          "guggle",
          "gurgle",
          "lap",
          "plash",
          "ripple",
          "splash",
          "trickle",
          "wash"
        ]
      ],
      "ants": [
        [
          "pour",
          "roll",
          "stream"
        ]
      ],
      "offensive": false
    },
    "hwi": {
      "hw": "bubble"
    },
    "fl": "verb",
    "def": [
      {
        "sseq": [
          [
            [
              "sense",
              {
                "dt": [
                  [
                    "text",
                    "to flow in a broken irregular stream "
                  ],
                  [
                    "vis",
                    [
                      {
                        "t": "the soapy water {it}bubbled{/it} down the drain"
                      }
                    ]
                  ]
                ],
                "syn_list": [
                  [
                    {
                      "wd": "dribble"
                    },
                    {
                      "wd": "guggle"
                    },
                    {
                      "wd": "gurgle"
                    },
                    {
                      "wd": "lap"
                    },
                    {
                      "wd": "plash"
                    },
                    {
                      "wd": "ripple"
                    },
                    {
                      "wd": "splash"
                    },
                    {
                      "wd": "trickle"
                    },
                    {
                      "wd": "wash"
                    }
                  ]
                ],
                "rel_list": [
                  [
                    {
                      "wd": "eddy"
                    },
                    {
                      "wd": "purl"
                    },
                    {
                      "wd": "swirl"
                    }
                  ],
                  [
                    {
                      "wd": "swash"
                    },
                    {
                      "wd": "swish"
                    },
                    {
                      "wd": "swoosh"
                    },
                    {
                      "wd": "whish"
                    }
                  ],
                  [
                    {
                      "wd": "drip"
                    },
                    {
                      "wd": "drop"
                    }
                  ],
                  [
                    {
                      "wd": "gush"
                    },
                    {
                      "wd": "jet"
                    },
                    {
                      "wd": "rush"
                    },
                    {
                      "wd": "spew"
                    },
                    {
                      "wd": "spout"
                    },
                    {
                      "wd": "spurt"
                    },
                    {
                      "wd": "squirt"
                    }
                  ]
                ],
                "near_list": [
                  [
                    {
                      "wd": "run"
                    }
                  ]
                ],
                "ant_list": [
                  [
                    {
                      "wd": "pour"
                    },
                    {
                      "wd": "roll"
                    },
                    {
                      "wd": "stream"
                    }
                  ]
                ]
              }
            ]
          ]
        ]
      }
    ],
    "shortdef": [
      "to flow in a broken irregular stream"
    ]
  },
  {
    "meta": {
      "id": "hubble-bubble",
      "uuid": "9e4748c1-8faf-444c-922a-545974fe6b67",
      "src": "coll_thes",
      "section": "alpha",
      "target": {
        "tuuid": "cfe48aa1-89bf-4144-acfe-b79dc18b840c",
        "tsrc": "collegiate"
      },
      "stems": [
        "hubble-bubble",
        "hubble-bubbles"
      ],
      "syns": [
        [
          "ado",
          "alarums and excursions",
          "ballyhoo",
          "blather",
          "bluster",
          "bobbery",
          "bother",
          "bustle",
          "clatter",
          "clutter",
          "coil",
          "commotion",
          "corroboree",
          "disturbance",
          "do",
          "foofaraw",
          "fun",
          "furor",
          "furore",
          "fuss",
          "helter-skelter",
          "hoo-ha",
          "hoopla",
          "hubbub",
          "hullabaloo",
          "hurly",
          "hurly-burly",
          "hurricane",
          "hurry",
          "hurry-scurry",
          "kerfuffle",
          "moil",
          "pandemonium",
          "pother",
          "row",
          "ruckus",
          "ruction",
          "rumpus",
          "shindy",
          "splore",
          "squall",
          "stew",
          "stir",
          "storm",
          "to-do",
          "tumult",
          "turmoil",
          "uproar",
          "welter",
          "whirl",
          "williwaw",
          "zoo"
        ]
      ],
      "ants": [],
      "offensive": false
    },
    "hwi": {
      "hw": "hubble-bubble"
    },
    "fl": "noun",
    "def": [
      {
        "sseq": [
          [
            [
              "sense",
              {
                "dt": [
                  [
                    "text",
                    "a state of noisy, confused activity "
                  ],
                  [
                    "vis",
                    [
                      {
                        "t": "amidst the {it}hubble-bubble{/it} of Christmas morning we forgot to walk the dog"
                      }
                    ]
                  ]
                ],
                "syn_list": [
                  [
                    {
                      "wd": "ado"
                    },
                    {
                      "wd": "alarums and excursions"
                    },
                    {
                      "wd": "ballyhoo"
                    },
                    {
                      "wd": "blather"
                    },
                    {
                      "wd": "bluster"
                    },
                    {
                      "wd": "bobbery"
                    },
                    {
                      "wd": "bother"
                    },
                    {
                      "wd": "bustle"
                    },
                    {
                      "wd": "clatter"
                    },
                    {
                      "wd": "clutter",
                      "wsls": [
                        "chiefly dialect"
                      ]
                    },
                    {
                      "wd": "coil"
                    },
                    {
                      "wd": "commotion"
                    },
                    {
                      "wd": "corroboree",
                      "wsls": [
                        "Australian"
                      ]
                    },
                    {
                      "wd": "disturbance"
                    },
                    {
                      "wd": "do",
                      "wsls": [
                        "chiefly dialect"
                      ]
                    },
                    {
                      "wd": "foofaraw"
                    },
                    {
                      "wd": "fun"
                    },
                    {
                      "wd": "furor"
                    },
                    {
                      "wd": "furore"
                    },
                    {
                      "wd": "fuss"
                    },
                    {
                      "wd": "helter-skelter"
                    },
                    {
                      "wd": "hoo-ha",
                      "wvrs": [
                        {
                          "wvl": "also",
                          "wva": "hoo-hah"
                        }
                      ]
                    },
                    {
                      "wd": "hoopla"
                    },
                    {
                      "wd": "hubbub"
                    },
                    {
                      "wd": "hullabaloo"
                    },
                    {
                      "wd": "hurly"
                    },
                    {
                      "wd": "hurly-burly"
                    },
                    {
                      "wd": "hurricane"
                    },
                    {
                      "wd": "hurry"
                    },
                    {
                      "wd": "hurry-scurry",
                      "wvrs": [
                        {
                          "wvl": "or",
                          "wva": "hurry-skurry"
                        }
                      ]
                    },
                    {
                      "wd": "kerfuffle",
                      "wsls": [
                        "chiefly British"
                      ]
                    },
                    {
                      "wd": "moil"
                    },
                    {
                      "wd": "pandemonium"
                    },
                    {
                      "wd": "pother"
                    },
                    {
                      "wd": "row"
                    },
                    {
                      "wd": "ruckus"
                    },
                    {
                      "wd": "ruction"
                    },
                    {
                      "wd": "rumpus"
                    },
                    {
                      "wd": "shindy"
                    },
                    {
                      "wd": "splore",
                      "wsls": [
                        "Scottish"
                      ]
                    },
                    {
                      "wd": "squall"
                    },
                    {
                      "wd": "stew"
                    },
                    {
                      "wd": "stir"
                    },
                    {
                      "wd": "storm"
                    },
                    {
                      "wd": "to-do"
                    },
                    {
                      "wd": "tumult"
                    },
                    {
                      "wd": "turmoil"
                    },
                    {
                      "wd": "uproar"
                    },
                    {
                      "wd": "welter"
                    },
                    {
                      "wd": "whirl"
                    },
                    {
                      "wd": "williwaw"
                    },
                    {
                      "wd": "zoo"
                    }
                  ]
                ],
                "rel_list": [
                  [
                    {
                      "wd": "cacophony"
                    },
                    {
                      "wd": "clamor"
                    },
                    {
                      "wd": "din"
                    },
                    {
                      "wd": "howl"
                    },
                    {
                      "wd": "hue and cry"
                    },
                    {
                      "wd": "noise"
                    },
                    {
                      "wd": "outcry"
                    },
                    {
                      "wd": "racket"
                    },
                    {
                      "wd": "roar"
                    }
                  ],
                  [
                    {
                      "wd": "disorder"
                    },
                    {
                      "wd": "unrest"
                    },
                    {
                      "wd": "upheaval"
                    }
                  ],
                  [
                    {
                      "wd": "eruption"
                    },
                    {
                      "wd": "flare-up"
                    },
                    {
                      "wd": "flurry"
                    },
                    {
                      "wd": "flutter"
                    },
                    {
                      "wd": "outbreak"
                    },
                    {
                      "wd": "outburst"
                    }
                  ],
                  [
                    {
                      "wd": "brawl"
                    },
                    {
                      "wd": "fracas"
                    },
                    {
                      "wd": "fray"
                    },
                    {
                      "wd": "hassle"
                    },
                    {
                      "wd": "melee",
                      "wvrs": [
                        {
                          "wvl": "also",
                          "wva": "m\u00eal\u00e9e"
                        }
                      ]
                    },
                    {
                      "wd": "scuffle"
                    }
                  ],
                  [
                    {
                      "wd": "dither"
                    },
                    {
                      "wd": "fever"
                    },
                    {
                      "wd": "fret"
                    },
                    {
                      "wd": "lather"
                    },
                    {
                      "wd": "tizzy"
                    }
                  ]
                ],
                "near_list": [
                  [
                    {
                      "wd": "calm"
                    },
                    {
                      "wd": "hush"
                    },
                    {
                      "wd": "peace"
                    },
                    {
                      "wd": "quiet"
                    },
                    {
                      "wd": "quietude"
                    },
                    {
                      "wd": "rest"
                    },
                    {
                      "wd": "stillness"
                    },
                    {
                      "wd": "tranquillity",
                      "wvrs": [
                        {
                          "wvl": "or",
                          "wva": "tranquility"
                        }
                      ]
                    }
                  ],
                  [
                    {
                      "wd": "order"
                    },
                    {
                      "wd": "orderliness"
                    }
                  ]
                ]
              }
            ]
          ]
        ]
      }
    ],
    "shortdef": [
      "a state of noisy, confused activity"
    ]
  }
]