[
  {
    "meta": {
      "id": "color",
      "uuid": "122b4bb7-d2c7-4652-af43-91579d3106c3",
      "src": "coll_thes",
      "section": "alpha",
      "target": {
        "tuuid": "90c66dfe-1335-4e9e-89c7-2d357d6f286b",
        "tsrc": "collegiate"
      },
      "stems": [
        "color",
        "colorism",
        "colorisms",
        "colors",
        "colour"
      ],
      "syns": [
        [
          "cast",
          "hue",
          "shade",
          "tincture",
          "tinge",
          "tint",
          "tone"
        ],
        [
          "colorant",
          "coloring",
          "dye",
          "dyestuff",
          "pigment",
          "stain"
        ],
        [
          "coloring",
          "complexion"
        ],
        [
          "banderole",
          "banner",
          "ensign",
          "flag",
          "guidon",
          "jack",
          "pendant",
          "pennant",
          "pennon",
          "standard",
          "streamer"
        ],
        [
          "bloom",
          "blush",
          "flush"
        ],
        [
          "armed forces",
          "military",
          "service",
          "troops"
        ],
        [
          "character",
          "clay",
          "complexion",
          "constitution",
          "genius",
          "nature",
          "personality",
          "self",
          "tone"
        ]
      ],
      "ants": [],
      "offensive": false
    },
    "hwi": {
      "hw": "color"
    },
    "fl": "noun",
    "def": [
      {
        "sseq": [
          [
            [
              "sense",
              {
                "sn": "1",
                "dt": [
                  [
                    "text",
                    "a property that becomes apparent when light falls on an object and by which things that are identical in form can be distinguished "
                  ],
                  [
                    "vis",
                    [
                      {
                        "t": "a shirt that is available in every {it}color{/it} of the rainbow"
                      }
                    ]
                  ]
                ],
                "syn_list": [
                  [
                    {
                      "wd": "cast"
                    },
                    {
                      "wd": "hue"
                    },
                    {
                      "wd": "shade"
                    },
                    {
                      "wd": "tincture"
                    },
                    {
                      "wd": "tinge"
                    },
                    {
                      "wd": "tint"
                    },
                    {
                      "wd": "tone"
                    }
                  ]
                ],
                "rel_list": [
                  [
                    {
                      "wd": "overtone"
                    },
                    {
                      "wd": "undertone"
                    }
                  ],
                  [
                    {
                      "wd": "primary color"
                    },
                    {
                      "wd": "secondary color"
                    },
                    {
                      "wd": "tertiary color"
                    }
                  ],
                  [
                    {
                      "wd": "brightness"
                    },
                    {
                      "wd": "chroma"
                    },
                    {
                      "wd": "chromaticity"
                    },
                    {
                      "wd": "contrast"
                    },
                    {
                      "wd": "lightness"
                    },
                    {
                      "wd": "saturation"
                    },
                    {
                      "wd": "value"
                    }
                  ],
                  [
                    {
                      "wd": "coloration"
                    },
                    {
                      "wd": "coloring"
                    },
                    {
                      "wd": "colorway"
                    },
                    {
                      "wd": "pigmentation"
                    }
                  ]
                ],
                "near_list": [
                  [
                    {
                      "wd": "achromatism"
                    }
                  ]
                ]
              }
            ]
          ],
          [
            [
              "sense",
              {
                "sn": "2",
                "dt": [
                  [
                    "text",
                    "a substance used to color other materials "
                  ],
                  [
                    "vis",
                    [
                      {
                        "t": "added some red {it}color{/it} to the base paint"
                      }
                    ]
                  ]
                ],
                "syn_list": [
                  [
                    {
                      "wd": "colorant"
                    },
                    {
                      "wd": "coloring"
                    },
                    {
                      "wd": "dye"
                    },
                    {
                      "wd": "dyestuff"
                    },
                    {
                      "wd": "pigment"
                    },
                    {
                      "wd": "stain"
                    }
                  ]
                ],
                "rel_list": [
                  [
                    {
                      "wd": "tint"
                    },
                    {
                      "wd": "toner"
                    }
                  ],
                  [
                    {
                      "wd": "cast"
                    },
                    {
                      "wd": "hue"
                    },
                    {
                      "wd": "shade"
                    },
                    {
                      "wd": "tinge"
                    }
                  ]
                ]
              }
            ]
          ],
          [
            [
              "sense",
              {
                "sn": "3",
                "dt": [
                  [
                    "text",
                    "the hue or appearance of the skin and especially of the face "
                  ],
                  [
                    "vis",
                    [
                      {
                        "t": "her {it}color{/it} hasn't been good since she got sick"
                      }
                    ]
                  ]
                ],
                "syn_list": [
                  [
                    {
                      "wd": "coloring"
                    },
                    {
                      "wd": "complexion"
                    }
                  ]
                ],
                "rel_list": [
                  [
                    {
                      "wd": "shade"
                    },
                    {
                      "wd": "tint"
                    },
                    {
                      "wd": "tone"
                    }
                  ],
                  [
                    {
                      "wd": "features"
                    },
                    {
                      "wd": "lineaments"
                    },
                    {
                      "wd": "looks"
                    }
                  ],
                  [
                    {
                      "wd": "countenance"
                    },
                    {
                      "wd": "face"
                    },
                    {
                      "wd": "visage"
                    }
                  ]
                ]
              }
            ]
          ],
          [
            [
              "sense",
              {
                "sn": "4",
                "ins": [
                  {
                    "if": "colors",
                    "spl": "plural"
                  }
                ],
                "dt": [
                  [
                    "text",
                    "a piece of cloth with a special design that is used as an emblem or for signaling "
                  ],
                  [
                    "vis",
                    [
                      {
                        "t": "flew their country's {it}colors{/it} atop the highest mast on the ship"
                      }
                    ]
                  ]
                ],
                "syn_list": [
                  [
                    {
                      "wd": "banderole",
                      "wvrs": [
                        {
                          "wvl": "or",
                          "wva": "banderol"
                        }
                      ]
                    },
                    {
                      "wd": "banner"
                    },
                    {
                      "wd": "ensign"
                    },
                    {
                      "wd": "flag"
                    },
                    {
                      "wd": "guidon"
                    },
                    {
                      "wd": "jack"
                    },
                    {
                      "wd": "pendant",
                      "wvrs": [
                        {
                          "wvl": "also",
                          "wva": "pendent"
                        }
                      ],
                      "wsls": [
                        "chiefly British"
                      ]
                    },
                    {
                      "wd": "pennant"
                    },
                    {
                      "wd": "pennon"
                    },
                    {
                      "wd": "standard"
                    },
                    {
                      "wd": "streamer"
                    }
                  ]
                ],
                "rel_list": [
                  [
                    {
                      "wd": "bunting"
                    },
                    {
                      "wd": "gonfalon"
                    }
                  ],
                  [
                    {
                      "wd": "black flag"
                    },
                    {
                      "wd": "Jolly Roger"
                    },
                    {
                      "wd": "tricolor"
                    },
                    {
                      "wd": "union jack"
                    },
                    {
                      "wd": "white flag"
                    }
                  ],
                  [
                    {
                      "wd": "burgee"
                    },
                    {
                      "wd": "semaphore"
                    },
                    {
                      "wd": "signaler",
                      "wvrs": [
                        {
                          "wvl": "or",
                          "wva": "signaller"
                        }
                      ]
                    },
                    {
                      "wd": "waft"
                    }
                  ],
                  [
                    {
                      "wd": "badge"
                    },
                    {
                      "wd": "coat of arms"
                    },
                    {
                      "wd": "crest"
                    },
                    {
                      "wd": "insignia"
                    }
                  ]
                ]
              }
            ]
          ],
          [
            [
              "sense",
              {
                "sn": "5",
                "dt": [
                  [
                    "text",
                    "a rosy appearance (of the cheeks) "
                  ],
                  [
                    "vis",
                    [
                      {
                        "t": "the stay in the country brought {it}color{/it} to her cheeks"
                      }
                    ]
                  ]
                ],
                "syn_list": [
                  [
                    {
                      "wd": "bloom"
                    },
                    {
                      "wd": "blush"
                    },
                    {
                      "wd": "flush"
                    }
                  ]
                ],
                "rel_list": [
                  [
                    {
                      "wd": "brightness"
                    },
                    {
                      "wd": "brilliance"
                    },
                    {
                      "wd": "glow"
                    }
                  ],
                  [
                    {
                      "wd": "pinkness"
                    },
                    {
                      "wd": "reddishness"
                    },
                    {
                      "wd": "redness"
                    },
                    {
                      "wd": "rosiness"
                    },
                    {
                      "wd": "ruddiness"
                    },
                    {
                      "wd": "sanguineness"
                    }
                  ]
                ],
                "near_list": [
                  [
                    {
                      "wd": "paleness"
                    },
                    {
                      "wd": "pallidness"
                    },
                    {
                      "wd": "pallor"
                    },
                    {
                      "wd": "pastiness"
                    },
                    {
                      "wd": "wanness"
                    },
                    {
                      "wd": "whiteness"
                    }
                  ],
                  [
                    {
                      "wd": "greenishness"
                    },
                    {
                      "wd": "greenness"
                    },
                    {
                      "wd": "sallowness"
                    }
                  ]
                ]
              }
            ]
          ],
          [
            [
              "sense",
              {
                "sn": "6",
                "ins": [
                  {
                    "if": "colors",
                    "spl": "plural"
                  }
                ],
                "dt": [
                  [
                    "text",
                    "the combined army, air force, and navy of a nation "
                  ],
                  [
                    "vis",
                    [
                      {
                        "t": "she hopes to carry on the family tradition and serve with the {it}colors{/it}"
                      }
                    ]
                  ]
                ],
                "syn_list": [
                  [
                    {
                      "wd": "armed forces"
                    },
                    {
                      "wd": "military"
                    },
                    {
                      "wd": "service"
                    },
                    {
                      "wd": "troops"
                    }
                  ]
                ],
                "rel_list": [
                  [
                    {
                      "wd": "GIs",
                      "wvrs": [
                        {
                          "wvl": "or",
                          "wva": "GI's"
                        }
                      ]
                    },
                    {
                      "wd": "men-at-arms"
                    },
                    {
                      "wd": "rank and file"
                    },
                    {
                      "wd": "servicemen"
                    },
                    {
                      "wd": "servicewomen"
                    },
                    {
                      "wd": "soldiers"
                    },
                    {
                      "wd": "soldiery"
                    }
                  ],
                  [
                    {
                      "wd": "force"
                    }
                  ],
                  [
                    {
                      "wd": "militia"
                    },
                    {
                      "wd": "reserves"
                    }
                  ],
                  [
                    {
                      "wd": "armor"
                    },
                    {
                      "wd": "defense"
                    }
                  ],
                  [
                    {
                      "wd": "gendarmerie",
                      "wvrs": [
                        {
                          "wvl": "or",
                          "wva": "gendarmery"
                        }
                      ]
                    }
                  ]
                ],
                "near_list": [
                  [
                    {
                      "wd": "civilians"
                    },
                    {
                      "wd": "noncombatants"
                    }
                  ]
                ]
              }
            ]
          ],
          [
            [
              "sense",
              {
                "sn": "7",
                "ins": [
                  {
                    "if": "colors",
                    "spl": "plural"
                  }
                ],
                "dt": [
                  [
                    "text",
                    "the set of qualities that makes a person, a group of people, or a thing different from others "
                  ],
                  [
                    "vis",
                    [
                      {
                        "t": "we saw his true {it}colors{/it} during the emergency"
                      }
                    ]
                  ]
                ],
                "syn_list": [
                  [
                    {
                      "wd": "character"
                    },
                    {
                      "wd": "clay"
                    },
                    {
                      "wd": "complexion"
                    },
                    {
                      "wd": "constitution"
                    },
                    {
                      "wd": "genius"
                    },
                    {
                      "wd": "nature"
                    },
                    {
                      "wd": "personality"
                    },
                    {
                      "wd": "self"
                    },
                    {
                      "wd": "tone"
                    }
                  ]
                ],
                "rel_list": [
                  [
                    {
                      "wd": "distinctiveness"
                    },
                    {
                      "wd": "distinctness"
                    },
                    {
                      "wd": "individuality"
                    },
                    {
                      "wd": "singularity"
                    },
                    {
                      "wd": "uniqueness"
                    }
                  ],
                  [
                    {
                      "wd": "attribute"
                    },
                    {
                      "wd": "characteristic"
                    },
                    {
                      "wd": "earmark"
                    },
                    {
                      "wd": "essentiality"
                    },
                    {
                      "wd": "feature"
                    },
                    {
                      "wd": "flavor"
                    },
                    {
                      "wd": "hallmark"
                    },
                    {
                      "wd": "mark"
                    },
                    {
                      "wd": "point"
                    },
                    {
                      "wd": "property"
                    },
                    {
                      "wd": "savor",
                      "wvrs": [
                        {
                          "wvl": "also",
                          "wva": "savour"
                        }
                      ]
                    },
                    {
                      "wd": "stamp"
                    },
                    {
                      "wd": "trait"
                    }
                  ],
                  [
                    {
                      "wd": "disposition"
                    },
                    {
                      "wd": "grain"
                    },
                    {
                      "wd": "sort"
                    },
                    {
                      "wd": "temper"
                    },
                    {
                      "wd": "temperament"
                    }
                  ],
                  [
                    {
                      "wd": "composition"
                    },
                    {
                      "wd": "makeup"
                    }
                  ],
                  [
                    {
                      "wd": "essence"
                    },
                    {
                      "wd": "essentiality"
                    },
                    {
                      "wd": "interior"
                    },
                    {
                      "wd": "interiority"
                    },
                    {
                      "wd": "soul"
                    },
                    {
                      "wd": "spirit"
                    }
                  ],
                  [
                    {
                      "wd": "metal"
                    },
                    {
                      "wd": "stuff"
                    },
                    {
                      "wd": "substance"
                    }
                  ],
                  [
                    {
                      "wd": "habit"
                    },
                    {
                      "wd": "way"
                    }
                  ]
                ]
              }
            ]
          ]
        ]
      }
    ],
    "shortdef": [
      "a property that becomes apparent when light falls on an object and by which things that are identical in form can be distinguished",
      "a substance used to color other materials",
      "the hue or appearance of the skin and especially of the face"
    ]
  },
  {
    "meta": {
      "id": "color",
      "uuid": "a059f6f0-133f-4562-afbd-bfcecb1d5f80",
      "src": "coll_thes",
      "section": "alpha",
      "target": {
        "tuuid": "19ba99e4-ebbe-4d09-91c1-2a771118fbd2",
        "tsrc": "collegiate"
      },
      "stems": [
        "color",
        "colored",
        "colorer",
        "colorers",
        "coloring",
        "colors",
        "colour"
      ],
      "syns": [
        [
          "bepaint",
          "dye",
          "paint",
          "pigment",
          "stain",
          "tincture",
          "tinge",
          "tint"
        ],
        [
          "elaborate (on)",
          "embellish",
          "embroider",
          "exaggerate",
          "hyperbolize",
          "magnify",
          "pad",
          "stretch"
        ],
        [
          "bend",
          "cook",
          "distort",
          "falsify",
          "fudge",
          "garble",
          "misinterpret",
          "misrelate",
          "misrepresent",
          "misstate",
          "pervert",
          "slant",
          "twist",
          "warp"
        ],
        [
          "bloom",
          "blush",
          "crimson",
          "flush",
          "glow",
          "redden"
        ]
      ],
      "ants": [
        [
          "decolorize"
        ]
      ],
      "offensive": false
    },
    "hwi": {
      "hw": "color"
    },
    "fl": "verb",
    "def": [
      {
        "sseq": [
          [
            [
              "sense",
              {
                "sn": "1",
                "dt": [
                  [
                    "text",
                    "to give color or a different color to "
                  ],
                  [
                    "vis",
                    [
                      {
                        "t": "per the couple's request, the baker used natural ingredients like beet juice and turmeric to {it}color{/it} the icing for the wedding cake"
                      }
                    ]
                  ]
                ],
                "syn_list": [
                  [
                    {
                      "wd": "bepaint",
                      "wsls": [
                        "archaic"
                      ]
                    },
                    {
                      "wd": "dye"
                    },
                    {
                      "wd": "paint"
                    },
                    {
                      "wd": "pigment"
                    },
                    {
                      "wd": "stain"
                    },
                    {
                      "wd": "tincture"
                    },
                    {
                      "wd": "tinge"
                    },
                    {
                      "wd": "tint"
                    }
                  ]
                ],
                "rel_list": [
                  [
                    {
                      "wd": "brighten"
                    },
                    {
                      "wd": "lighten"
                    }
                  ],
                  [
                    {
                      "wd": "darken"
                    },
                    {
                      "wd": "embrown"
                    },
                    {
                      "wd": "tone (down)"
                    }
                  ],
                  [
                    {
                      "wd": "checker"
                    },
                    {
                      "wd": "dapple"
                    },
                    {
                      "wd": "daub"
                    },
                    {
                      "wd": "fleck"
                    },
                    {
                      "wd": "marble"
                    },
                    {
                      "wd": "mottle"
                    },
                    {
                      "wd": "pattern"
                    },
                    {
                      "wd": "polychrome"
                    },
                    {
                      "wd": "speck"
                    },
                    {
                      "wd": "speckle"
                    },
                    {
                      "wd": "streak"
                    },
                    {
                      "wd": "striate"
                    },
                    {
                      "wd": "stripe"
                    },
                    {
                      "wd": "variegate"
                    }
                  ]
                ],
                "near_list": [
                  [
                    {
                      "wd": "blanch"
                    },
                    {
                      "wd": "bleach"
                    },
                    {
                      "wd": "whiten"
                    }
                  ]
                ],
                "ant_list": [
                  [
                    {
                      "wd": "decolorize"
                    }
                  ]
                ]
              }
            ]
          ],
          [
            [
              "sense",
              {
                "sn": "2",
                "dt": [
                  [
                    "text",
                    "to add to the interest of by including made-up details "
                  ],
                  [
                    "vis",
                    [
                      {
                        "t": "he gave a highly {it}colored{/it} version of a rather mundane experience"
                      }
                    ]
                  ]
                ],
                "syn_list": [
                  [
                    {
                      "wd": "elaborate (on)"
                    },
                    {
                      "wd": "embellish"
                    },
                    {
                      "wd": "embroider"
                    },
                    {
                      "wd": "exaggerate"
                    },
                    {
                      "wd": "hyperbolize"
                    },
                    {
                      "wd": "magnify"
                    },
                    {
                      "wd": "pad"
                    },
                    {
                      "wd": "stretch"
                    }
                  ]
                ],
                "rel_list": [
                  [
                    {
                      "wd": "dress up"
                    },
                    {
                      "wd": "gussy up"
                    }
                  ],
                  [
                    {
                      "wd": "amplify"
                    },
                    {
                      "wd": "enhance"
                    },
                    {
                      "wd": "enlarge (on or upon)"
                    },
                    {
                      "wd": "expand"
                    },
                    {
                      "wd": "flesh (out)"
                    }
                  ],
                  [
                    {
                      "wd": "fudge"
                    },
                    {
                      "wd": "hedge"
                    }
                  ],
                  [
                    {
                      "wd": "overdo"
                    },
                    {
                      "wd": "overdraw"
                    },
                    {
                      "wd": "overemphasize"
                    },
                    {
                      "wd": "overplay"
                    },
                    {
                      "wd": "overstate"
                    }
                  ],
                  [
                    {
                      "wd": "emphasize"
                    },
                    {
                      "wd": "play up"
                    },
                    {
                      "wd": "stress"
                    }
                  ],
                  [
                    {
                      "wd": "caricature"
                    }
                  ],
                  [
                    {
                      "wd": "satirize"
                    }
                  ]
                ],
                "near_list": [
                  [
                    {
                      "wd": "belittle"
                    },
                    {
                      "wd": "minimize"
                    },
                    {
                      "wd": "play down"
                    },
                    {
                      "wd": "understate"
                    }
                  ]
                ]
              }
            ]
          ],
          [
            [
              "sense",
              {
                "sn": "3",
                "dt": [
                  [
                    "text",
                    "to change so much as to create a wrong impression or alter the meaning of "
                  ],
                  [
                    "vis",
                    [
                      {
                        "t": "his news reporting is {it}colored{/it} by his prejudices"
                      }
                    ]
                  ]
                ],
                "syn_list": [
                  [
                    {
                      "wd": "bend"
                    },
                    {
                      "wd": "cook"
                    },
                    {
                      "wd": "distort"
                    },
                    {
                      "wd": "falsify"
                    },
                    {
                      "wd": "fudge"
                    },
                    {
                      "wd": "garble"
                    },
                    {
                      "wd": "misinterpret"
                    },
                    {
                      "wd": "misrelate"
                    },
                    {
                      "wd": "misrepresent"
                    },
                    {
                      "wd": "misstate"
                    },
                    {
                      "wd": "pervert"
                    },
                    {
                      "wd": "slant"
                    },
                    {
                      "wd": "twist"
                    },
                    {
                      "wd": "warp"
                    }
                  ]
                ],
                "rel_list": [
                  [
                    {
                      "wd": "misdescribe"
                    },
                    {
                      "wd": "misspeak"
                    },
                    {
                      "wd": "mistranslate"
                    }
                  ],
                  [
                    {
                      "wd": "belie"
                    },
                    {
                      "wd": "camouflage"
                    },
                    {
                      "wd": "disguise"
                    },
                    {
                      "wd": "dissemble"
                    },
                    {
                      "wd": "gloss (over)"
                    },
                    {
                      "wd": "mask"
                    },
                    {
                      "wd": "veil"
                    },
                    {
                      "wd": "whitewash"
                    }
                  ],
                  [
                    {
                      "wd": "bowdlerize"
                    },
                    {
                      "wd": "censor"
                    }
                  ],
                  [
                    {
                      "wd": "complicate"
                    },
                    {
                      "wd": "confound"
                    },
                    {
                      "wd": "confuse"
                    },
                    {
                      "wd": "mistake"
                    },
                    {
                      "wd": "mix (up)"
                    }
                  ],
                  [
                    {
                      "wd": "mystify"
                    },
                    {
                      "wd": "obscure"
                    }
                  ],
                  [
                    {
                      "wd": "equivocate"
                    },
                    {
                      "wd": "fib"
                    },
                    {
                      "wd": "lie"
                    },
                    {
                      "wd": "palter"
                    },
                    {
                      "wd": "prevaricate"
                    }
                  ]
                ],
                "near_list": [
                  [
                    {
                      "wd": "clarify"
                    },
                    {
                      "wd": "clear (up)"
                    },
                    {
                      "wd": "explain"
                    },
                    {
                      "wd": "illuminate"
                    },
                    {
                      "wd": "illustrate"
                    },
                    {
                      "wd": "interpret"
                    },
                    {
                      "wd": "spell out"
                    }
                  ],
                  [
                    {
                      "wd": "decipher"
                    }
                  ]
                ]
              }
            ]
          ],
          [
            [
              "sense",
              {
                "sn": "4",
                "dt": [
                  [
                    "text",
                    "to develop a rosy facial color (as from excitement or embarrassment) "
                  ],
                  [
                    "vis",
                    [
                      {
                        "t": "she {it}colored{/it} after hearing the nasty remarks about her weight"
                      }
                    ]
                  ]
                ],
                "syn_list": [
                  [
                    {
                      "wd": "bloom"
                    },
                    {
                      "wd": "blush"
                    },
                    {
                      "wd": "crimson"
                    },
                    {
                      "wd": "flush"
                    },
                    {
                      "wd": "glow"
                    },
                    {
                      "wd": "redden"
                    }
                  ]
                ],
                "rel_list": [
                  [
                    {
                      "wd": "incarnadine"
                    },
                    {
                      "wd": "rouge"
                    },
                    {
                      "wd": "ruddle"
                    }
                  ],
                  [
                    {
                      "wd": "abash"
                    },
                    {
                      "wd": "chagrin"
                    },
                    {
                      "wd": "discomfit"
                    },
                    {
                      "wd": "disconcert"
                    },
                    {
                      "wd": "embarrass"
                    },
                    {
                      "wd": "faze"
                    },
                    {
                      "wd": "humiliate"
                    },
                    {
                      "wd": "mortify"
                    }
                  ]
                ],
                "phrase_list": [
                  [
                    {
                      "wd": "turn color"
                    }
                  ]
                ]
              }
            ]
          ]
        ]
      }
    ],
    "shortdef": [
      "to give color or a different color to",
      "to add to the interest of by including made-up details",
      "to change so much as to create a wrong impression or alter the meaning of"
    ]
  },
  {
    "meta": {
      "id": "off-color",
      "uuid": "d84c4958-73c9-4a84-a908-d2a26d6c7edc",
      "src": "coll_thes",
      "section": "alpha",
      "target": {
        "tuuid": "7676e55d-eb78-4127-ba69-2e8db3c98c60",
        "tsrc": "collegiate"
      },
      "stems": [
        "off-color",
        "off-colored"
      ],
      "syns": [
        [
          "bawdy",
          "blue",
          "gamy",
          "lewd",
          "off",
          "racy",
          "ribald",
          "risqu\u00e9",
          "salty",
          "spicy",
          "suggestive"
        ]
      ],
      "ants": [],
      "offensive": false
    },
    "hwi": {
      "hw": "off-color"
    },
    "vrs": [
      {
        "vl": "or",
        "va": "off-colored"
      }
    ],
    "fl": "adjective",
    "def": [
      {
        "sseq": [
          [
            [
              "sense",
              {
                "dt": [
                  [
                    "text",
                    "hinting at or intended to call to mind matters regarded as indecent "
                  ],
                  [
                    "vis",
                    [
                      {
                        "t": "the movie was rated PG-13 for some swearing and {it}off-color{/it} jokes"
                      }
                    ]
                  ]
                ],
                "syn_list": [
                  [
                    {
                      "wd": "bawdy"
                    },
                    {
                      "wd": "blue"
                    },
                    {
                      "wd": "gamy",
                      "wvrs": [
                        {
                          "wvl": "or",
                          "wva": "gamey"
                        }
                      ]
                    },
                    {
                      "wd": "lewd"
                    },
                    {
                      "wd": "off"
                    },
                    {
                      "wd": "racy"
                    },
                    {
                      "wd": "ribald"
                    },
                    {
                      "wd": "risqu\u00e9"
                    },
                    {
                      "wd": "salty"
                    },
                    {
                      "wd": "spicy"
                    },
                    {
                      "wd": "suggestive"
                    }
                  ]
                ],
                "rel_list": [
                  [
                    {
                      "wd": "leering"
                    }
                  ],
                  [
                    {
                      "wd": "barnyard"
                    },
                    {
                      "wd": "coarse"
                    },
                    {
                      "wd": "coarse-grained"
                    },
                    {
                      "wd": "crude"
                    },
                    {
                      "wd": "earthy"
                    },
                    {
                      "wd": "foul"
                    },
                    {
                      "wd": "gross"
                    },
                    {
                      "wd": "vulgar"
                    }
                  ],
                  [
                    {
                      "wd": "dirty"
                    },
                    {
                      "wd": "filthy"
                    },
                    {
                      "wd": "gutter"
                    },
                    {
                      "wd": "indecent"
                    },
                    {
                      "wd": "lascivious"
                    },
                    {
                      "wd": "locker-room"
                    },
                    {
                      "wd": "nasty"
                    },
                    {
                      "wd": "obscene"
                    },
                    {
                      "wd": "pornographic"
                    },
                    {
                      "wd": "porny"
                    },
                    {
                      "wd": "prurient"
                    },
                    {
                      "wd": "raunchy"
                    },
                    {
                      "wd": "smutty"
                    },
                    {
                      "wd": "stag"
                    },
                    {
                      "wd": "unprintable"
                    },
                    {
                      "wd": "unpublishable"
                    },
                    {
                      "wd": "warm"
                    },
                    {
                      "wd": "X-rated"
                    }
                  ],
                  [
                    {
                      "wd": "immodest"
                    },
                    {
                      "wd": "indecorous"
                    },
                    {
                      "wd": "indelicate"
                    },
                    {
                      "wd": "naughty"
                    }
                  ]
                ],
                "near_list": [
                  [
                    {
                      "wd": "clean"
                    },
                    {
                      "wd": "decent"
                    },
                    {
                      "wd": "G-rated"
                    },
                    {
                      "wd": "nonobscene"
                    }
                  ],
                  [
                    {
                      "wd": "innocuous"
                    },
                    {
                      "wd": "inoffensive"
                    }
                  ],
                  [
                    {
                      "wd": "priggish"
                    },
                    {
                      "wd": "prim"
                    },
                    {
                      "wd": "prudish"
                    },
                    {
                      "wd": "puritanical"
                    },
                    {
                      "wd": "staid"
                    },
                    {
                      "wd": "straitlaced",
                      "wvrs": [
                        {
                          "wvl": "or",
                          "wva": "straightlaced"
                        }
                      ]
                    },
                    {
                      "wd": "Victorian"
                    }
                  ],
                  [
                    {
                      "wd": "correct"
                    },
                    {
                      "wd": "decorous"
                    },
                    {
                      "wd": "genteel"
                    },
                    {
                      "wd": "nice"
                    },
                    {
                      "wd": "polite"
                    },
                    {
                      "wd": "proper"
                    },
                    {
                      "wd": "respectable"
                    },
                    {
                      "wd": "seemly"
                    }
                  ]
                ]
              }
            ]
          ]
        ]
      }
    ],
    "shortdef": [
      "hinting at or intended to call to mind matters regarded as indecent"
    ]
  },
  {
    "meta": {
      "id": "turn color",
      "uuid": "c7e7b0e1-7846-4629-b20b-f179ccdd819d",
      "src": "CTenhance",
      "section": "phrases",
      "stems": [
        "turn color",
        "turning color",
        "turned color",
        "turns color"
      ],
      "syns": [
        [
          "bloom",
          "blush",
          "color",
          "crimson",
          "flush",
          "glow",
          "redden"
        ]
      ],
      "ants": [],
      "offensive": false
    },
    "hwi": {
      "hw": "turn color"
    },
    "fl": "phrase",
    "def": [
      {
        "sseq": [
          [
            [
              "sense",
              {
                "dt": [
                  [
                    "text",
                    "to develop a rosy facial color (as from excitement or embarrassment) "
                  ],
                  [
                    "vis",
                    [
                      {
                        "t": "He {it}turned color{/it} when his crush walked in the room."
                      }
                    ]
                  ]
                ],
                "syn_list": [
                  [
                    {
                      "wd": "bloom"
                    },
                    {
                      "wd": "blush"
                    },
                    {
                      "wd": "color"
                    },
                    {
                      "wd": "crimson"
                    },
                    {
                      "wd": "flush"
                    },
                    {
                      "wd": "glow"
                    },
                    {
                      "wd": "redden"
                    }
                  ]
                ],
                "rel_list": [
                  [
                    {
                      "wd": "incarnadine"
                    },
                    {
                      "wd": "rouge"
                    },
                    {
                      "wd": "ruddle"
                    }
                  ],
                  [
                    {
                      "wd": "abash"
                    },
                    {
                      "wd": "chagrin"
                    },
                    {
                      "wd": "discomfit"
                    },
                    {
                      "wd": "disconcert"
                    },
                    {
                      "wd": "embarrass"
                    },
                    {
                      "wd": "faze"
                    },
                    {
                      "wd": "humiliate"
                    },
                    {
                      "wd": "mortify"
                    }
                  ]
                ]
              }
            ]
          ]
        ]
      }
    ],
    "shortdef": [
      "to develop a rosy facial color (as from excitement or embarrassment)"
    ]
  },
  {
    "meta": {
      "id": "parti-color",
      "uuid": "6008a2f1-aff7-4557-a979-988f91fc75c1",
      "src": "CTcompile",
      "section": "alpha",
      "stems": [
        "parti-color",
        "parti-colored"
      ],
      "syns": [
        [
          "dappled",
          "marbled",
          "mottled",
          "piebald",
          "pied",
          "pinto",
          "checkered",
          "dotted",
          "patterned",
          "plaid",
          "plaided",
          "striped",
          "flecked",
          "specked",
          "speckled",
          "spotted",
          "flashy",
          "garish",
          "gaudy",
          "loud",
          "showy",
          "splashy",
          "banded",
          "barred",
          "brindled",
          "streaked",
          "striated",
          "brave",
          "bright",
          "brilliant",
          "gay",
          "vibrant",
          "bichrome",
          "bicolored",
          "dichromatic",
          "trichromatic",
          "tricolor",
          "two-tone",
          "two-toned",
          "iridescent",
          "opalescent",
          "chromatic",
          "colored",
          "colorful",
          "kaleidoscopic",
          "motley",
          "multicolored",
          "multihued",
          "polychromatic",
          "polychrome",
          "prismatic",
          "rainbow",
          "varicolored",
          "varied",
          "variegated",
          "various"
        ]
      ],
      "ants": [
        [
          "colorless",
          "monochromatic",
          "monochromic",
          "monotone",
          "self-colored",
          "solid",
          "achromatic",
          "bleached",
          "decolorized",
          "faded",
          "washed-out",
          "dull",
          "faint",
          "gray",
          "neutral",
          "pale",
          "pallid",
          "unbrilliant"
        ]
      ],
      "offensive": false
    },
    "hwi": {
      "hw": "parti-color"
    },
    "vrs": [
      {
        "vl": "or",
        "va": "parti-colored"
      }
    ],
    "fl": "adjective",
    "def": [
      {
        "sseq": [
          [
            [
              "sense",
              {
                "dt": [
                  [
                    "text",
                    "as in {it}mottled{/it}, {it}marbled{/it}"
                  ]
                ],
                "sim_list": [
                  [
                    {
                      "wd": "dappled",
                      "wvrs": [
                        {
                          "wvl": "also",
                          "wva": "dapple"
                        }
                      ]
                    },
                    {
                      "wd": "marbled"
                    },
                    {
                      "wd": "mottled"
                    },
                    {
                      "wd": "piebald"
                    },
                    {
                      "wd": "pied"
                    },
                    {
                      "wd": "pinto"
                    }
                  ],
                  [
                    {
                      "wd": "checkered"
                    },
                    {
                      "wd": "dotted"
                    },
                    {
                      "wd": "patterned"
                    },
                    {
                      "wd": "plaid"
                    },
                    {
                      "wd": "plaided"
                    },
                    {
                      "wd": "striped"
                    }
                  ],
                  [
                    {
                      "wd": "flecked"
                    },
                    {
                      "wd": "specked"
                    },
                    {
                      "wd": "speckled"
                    },
                    {
                      "wd": "spotted"
                    }
                  ],
                  [
                    {
                      "wd": "flashy"
                    },
                    {
                      "wd": "garish"
                    },
                    {
                      "wd": "gaudy"
                    },
                    {
                      "wd": "loud"
                    },
                    {
                      "wd": "showy"
                    },
                    {
                      "wd": "splashy"
                    }
                  ],
                  [
                    {
                      "wd": "banded"
                    },
                    {
                      "wd": "barred"
                    },
                    {
                      "wd": "brindled",
                      "wvrs": [
                        {
                          "wvl": "or",
                          "wva": "brindle"
                        }
                      ]
                    },
                    {
                      "wd": "streaked"
                    },
                    {
                      "wd": "striated"
                    }
                  ],
                  [
                    {
                      "wd": "brave"
                    },
                    {
                      "wd": "bright"
                    },
                    {
                      "wd": "brilliant"
                    },
                    {
                      "wd": "gay"
                    },
                    {
                      "wd": "vibrant"
                    }
                  ],
                  [
                    {
                      "wd": "bichrome"
                    },
                    {
                      "wd": "bicolored",
                      "wvrs": [
                        {
                          "wvl": "or",
                          "wva": "bicolor"
                        }
                      ]
                    },
                    {
                      "wd": "dichromatic"
                    },
                    {
                      "wd": "trichromatic"
                    },
                    {
                      "wd": "tricolor",
                      "wvrs": [
                        {
                          "wvl": "or",
                          "wva": "tricolored"
                        }
                      ]
                    },
                    {
                      "wd": "two-tone"
                    },
                    {
                      "wd": "two-toned"
                    }
                  ],
                  [
                    {
                      "wd": "iridescent"
                    },
                    {
                      "wd": "opalescent"
                    }
                  ],
                  [
                    {
                      "wd": "chromatic"
                    },
                    {
                      "wd": "colored"
                    },
                    {
                      "wd": "colorful"
                    },
                    {
                      "wd": "kaleidoscopic"
                    },
                    {
                      "wd": "motley"
                    },
                    {
                      "wd": "multicolored"
                    },
                    {
                      "wd": "multihued"
                    },
                    {
                      "wd": "polychromatic"
                    },
                    {
                      "wd": "polychrome"
                    },
                    {
                      "wd": "prismatic"
                    },
                    {
                      "wd": "rainbow"
                    },
                    {
                      "wd": "varicolored"
                    },
                    {
                      "wd": "varied"
                    },
                    {
                      "wd": "variegated"
                    },
                    {
                      "wd": "various"
                    }
                  ]
                ],
                "opp_list": [
                  [
                    {
                      "wd": "colorless"
                    }
                  ],
                  [
                    {
                      "wd": "monochromatic"
                    },
                    {
                      "wd": "monochromic"
                    },
                    {
                      "wd": "monotone"
                    },
                    {
                      "wd": "self-colored"
                    },
                    {
                      "wd": "solid"
                    }
                  ],
                  [
                    {
                      "wd": "achromatic"
                    }
                  ],
                  [
                    {
                      "wd": "bleached"
                    },
                    {
                      "wd": "decolorized"
                    },
                    {
                      "wd": "faded"
                    },
                    {
                      "wd": "washed-out"
                    }
                  ],
                  [
                    {
                      "wd": "dull"
                    },
                    {
                      "wd": "faint"
                    },
                    {
                      "wd": "gray",
                      "wvrs": [
                        {
                          "wvl": "also",
                          "wva": "grey"
                        }
                      ]
                    },
                    {
                      "wd": "neutral"
                    },
                    {
                      "wd": "pale"
                    },
                    {
                      "wd": "pallid"
                    },
                    {
                      "wd": "unbrilliant"
                    }
                  ]
                ]
              }
            ]
          ]
        ]
      }
    ],
    "shortdef": [
      "as in mottled, marbled"
    ]
  },
  {
    "meta": {
      "id": "primary color",
      "uuid": "58807ab0-331b-496b-a80d-fd4db68dd320",
      "src": "CTcompile",
      "section": "alpha",
      "stems": [
        "primary color"
      ],
      "syns": [
        [
          "secondary color",
          "tertiary color",
          "overtone",
          "undertone",
          "brightness",
          "chroma",
          "chromaticity",
          "contrast",
          "lightness",
          "saturation",
          "value",
          "cast",
          "color",
          "hue",
          "shade",
          "tincture",
          "tinge",
          "tint",
          "tone",
          "coloration",
          "coloring",
          "colorway",
          "pigmentation"
        ]
      ],
      "ants": [
        [
          "achromatism"
        ]
      ],
      "offensive": false
    },
    "hwi": {
      "hw": "primary color"
    },
    "fl": "noun",
    "def": [
      {
        "sseq": [
          [
            [
              "sense",
              {
                "dt": [
                  [
                    "text",
                    "as in {it}secondary color{/it}, {it}tertiary color{/it}"
                  ]
                ],
                "sim_list": [
                  [
                    {
                      "wd": "secondary color"
                    },
                    {
                      "wd": "tertiary color"
                    }
                  ],
                  [
                    {
                      "wd": "overtone"
                    },
                    {
                      "wd": "undertone"
                    }
                  ],
                  [
                    {
                      "wd": "brightness"
                    },
                    {
                      "wd": "chroma"
                    },
                    {
                      "wd": "chromaticity"
                    },
                    {
                      "wd": "contrast"
                    },
                    {
                      "wd": "lightness"
                    },
                    {
                      "wd": "saturation"
                    },
                    {
                      "wd": "value"
                    }
                  ],
                  [
                    {
                      "wd": "cast"
                    },
                    {
                      "wd": "color"
                    },
                    {
                      "wd": "hue"
                    },
                    {
                      "wd": "shade"
                    },
                    {
                      "wd": "tincture"
                    },
                    {
                      "wd": "tinge"
                    },
                    {
                      "wd": "tint"
                    },
                    {
                      "wd": "tone"
                    }
                  ],
                  [
                    {
                      "wd": "coloration"
                    },
                    {
                      "wd": "coloring"
                    },
                    {
                      "wd": "colorway"
                    },
                    {
                      "wd": "pigmentation"
                    }
                  ]
                ],
                "opp_list": [
                  [
                    {
                      "wd": "achromatism"
                    }
                  ]
                ]
              }
            ]
          ]
        ]
      }
    ],
    "shortdef": [
      "as in secondary color, tertiary color"
    ]
  },
  {
    "meta": {
      "id": "secondary color",
      "uuid": "d9fad5e0-1c45-4ff2-ab6f-f18a22872392",
      "src": "CTcompile",
      "section": "alpha",
      "stems": [
        "secondary color"
      ],
      "syns": [
        [
          "primary color",
          "tertiary color",
          "overtone",
          "undertone",
          "brightness",
          "chroma",
          "chromaticity",
          "contrast",
          "lightness",
          "saturation",
          "value",
          "cast",
          "color",
          "hue",
          "shade",
          "tincture",
          "tinge",
          "tint",
          "tone",
          "coloration",
          "coloring",
          "colorway",
          "pigmentation"
        ]
      ],
      "ants": [
        [
          "achromatism"
        ]
      ],
      "offensive": false
    },
    "hwi": {
      "hw": "secondary color"
    },
    "fl": "noun",
    "def": [
      {
        "sseq": [
          [
            [
              "sense",
              {
                "dt": [
                  [
                    "text",
                    "as in {it}primary color{/it}, {it}tertiary color{/it}"
                  ]
                ],
                "sim_list": [
                  [
                    {
                      "wd": "primary color"
                    },
                    {
                      "wd": "tertiary color"
                    }
                  ],
                  [
                    {
                      "wd": "overtone"
                    },
                    {
                      "wd": "undertone"
                    }
                  ],
                  [
                    {
                      "wd": "brightness"
                    },
                    {
                      "wd": "chroma"
                    },
                    {
                      "wd": "chromaticity"
                    },
                    {
                      "wd": "contrast"
                    },
                    {
                      "wd": "lightness"
                    },
                    {
                      "wd": "saturation"
                    },
                    {
                      "wd": "value"
                    }
                  ],
                  [
                    {
                      "wd": "cast"
                    },
                    {
                      "wd": "color"
                    },
                    {
                      "wd": "hue"
                    },
                    {
                      "wd": "shade"
                    },
                    {
                      "wd": "tincture"
                    },
                    {
                      "wd": "tinge"
                    },
                    {
                      "wd": "tint"
                    },
                    {
                      "wd": "tone"
                    }
                  ],
                  [
                    {
                      "wd": "coloration"
                    },
                    {
                      "wd": "coloring"
                    },
                    {
                      "wd": "colorway"
                    },
                    {
                      "wd": "pigmentation"
                    }
                  ]
                ],
                "opp_list": [
                  [
                    {
                      "wd": "achromatism"
                    }
                  ]
                ]
              }
            ]
          ]
        ]
      }
    ],
    "shortdef": [
      "as in primary color, tertiary color"
    ]
  },
  {
    "meta": {
      "id": "tertiary color",
      "uuid": "1fdd4c57-2472-4cbe-b947-bef73a79ac7b",
      "src": "CTcompile",
      "section": "alpha",
      "stems": [
        "tertiary color"
      ],
      "syns": [
        [
          "primary color",
          "secondary color",
          "overtone",
          "undertone",
          "brightness",
          "chroma",
          "chromaticity",
          "contrast",
          "lightness",
          "saturation",
          "value",
          "cast",
          "color",
          "hue",
          "shade",
          "tincture",
          "tinge",
          "tint",
          "tone",
          "coloration",
          "coloring",
          "colorway",
          "pigmentation"
        ]
      ],
      "ants": [
        [
          "achromatism"
        ]
      ],
      "offensive": false
    },
    "hwi": {
      "hw": "tertiary color"
    },
    "fl": "noun",
    "def": [
      {
        "sseq": [
          [
            [
              "sense",
              {
                "dt": [
                  [
                    "text",
                    "as in {it}primary color{/it}, {it}secondary color{/it}"
                  ]
                ],
                "sim_list": [
                  [
                    {
                      "wd": "primary color"
                    },
                    {
                      "wd": "secondary color"
                    }
                  ],
                  [
                    {
                      "wd": "overtone"
                    },
                    {
                      "wd": "undertone"
                    }
                  ],
                  [
                    {
                      "wd": "brightness"
                    },
                    {
                      "wd": "chroma"
                    },
                    {
                      "wd": "chromaticity"
                    },
                    {
                      "wd": "contrast"
                    },
                    {
                      "wd": "lightness"
                    },
                    {
                      "wd": "saturation"
                    },
                    {
                      "wd": "value"
                    }
                  ],
                  [
                    {
                      "wd": "cast"
                    },
                    {
                      "wd": "color"
                    },
                    {
                      "wd": "hue"
                    },
                    {
                      "wd": "shade"
                    },
                    {
                      "wd": "tincture"
                    },
                    {
                      "wd": "tinge"
                    },
                    {
                      "wd": "tint"
                    },
                    {
                      "wd": "tone"
                    }
                  ],
                  [
                    {
                      "wd": "coloration"
                    },
                    {
                      "wd": "coloring"
                    },
                    {
                      "wd": "colorway"
                    },
                    {
                      "wd": "pigmentation"
                    }
                  ]
                ],
                "opp_list": [
                  [
                    {
                      "wd": "achromatism"
                    }
                  ]
                ]
              }
            ]
          ]
        ]
      }
    ],
    "shortdef": [
      "as in primary color, secondary color"
    ]
  },
  {
    "meta": {
      "id": "turned color",
      "uuid": "e8531390-a8f4-4951-ae8e-e937ff61de7d",
      "src": "CTenhance",
      "section": "phrases",
      "stems": [
        "turned color"
      ],
      "syns": [
        [
          "bloomed",
          "blushed",
          "colored",
          "crimsoned",
          "flushed",
          "glowed",
          "reddened"
        ]
      ],
      "ants": [],
      "offensive": false
    },
    "hwi": {
      "hw": "turned color"
    },
    "fl": "phrase",
    "sls": [
      "past tense of {d_link|turn color|turn color}"
    ],
    "def": [
      {
        "sseq": [
          [
            [
              "sense",
              {
                "dt": [
                  [
                    "text",
                    "to develop a rosy facial color (as from excitement or embarrassment) "
                  ],
                  [
                    "vis",
                    [
                      {
                        "t": "He {it}turned color{/it} when his crush walked in the room."
                      }
                    ]
                  ]
                ],
                "syn_list": [
                  [
                    {
                      "wd": "bloomed"
                    },
                    {
                      "wd": "blushed"
                    },
                    {
                      "wd": "colored"
                    },
                    {
                      "wd": "crimsoned"
                    },
                    {
                      "wd": "flushed"
                    },
                    {
                      "wd": "glowed"
                    },
                    {
                      "wd": "reddened"
                    }
                  ]
                ],
                "rel_list": [
                  [
                    {
                      "wd": "incarnadined"
                    },
                    {
                      "wd": "rouged"
                    },
                    {
                      "wd": "ruddled"
                    }
                  ],
                  [
                    {
                      "wd": "abashed"
                    },
                    {
                      "wd": "chagrined"
                    },
                    {
                      "wd": "discomfited"
                    },
                    {
                      "wd": "disconcerted"
                    },
                    {
                      "wd": "embarrassed"
                    },
                    {
                      "wd": "fazed"
                    },
                    {
                      "wd": "humiliated"
                    },
                    {
                      "wd": "mortified"
                    }
                  ]
                ]
              }
            ]
          ]
        ]
      }
    ],
    "shortdef": [
      "to develop a rosy facial color (as from excitement or embarrassment)"
    ]
  },
  {
    "meta": {
      "id": "turns color",
      "uuid": "1c32d779-1763-48e9-a68b-37a134bff0ad",
      "src": "CTenhance",
      "section": "phrases",
      "stems": [
        "turns color"
      ],
      "syns": [
        [
          "blooms",
          "blushes",
          "colors",
          "crimsons",
          "flushes",
          "glows",
          "reddens"
        ]
      ],
      "ants": [],
      "offensive": false
    },
    "hwi": {
      "hw": "turns color"
    },
    "fl": "phrase",
    "sls": [
      "present tense third-person singular of {d_link|turn color|turn color}"
    ],
    "def": [
      {
        "sseq": [
          [
            [
              "sense",
              {
                "dt": [
                  [
                    "text",
                    "to develop a rosy facial color (as from excitement or embarrassment) "
                  ],
                  [
                    "vis",
                    [
                      {
                        "t": "He {it}turned color{/it} when his crush walked in the room."
                      }
                    ]
                  ]
                ],
                "syn_list": [
                  [
                    {
                      "wd": "blooms"
                    },
                    {
                      "wd": "blushes"
                    },
                    {
                      "wd": "colors"
                    },
                    {
                      "wd": "crimsons"
                    },
                    {
                      "wd": "flushes"
                    },
                    {
                      "wd": "glows"
                    },
                    {
                      "wd": "reddens"
                    }
                  ]
                ],
                "rel_list": [
                  [
                    {
                      "wd": "incarnadines"
                    },
                    {
                      "wd": "rouges"
                    },
                    {
                      "wd": "ruddles"
                    }
                  ],
                  [
                    {
                      "wd": "abashes"
                    },
                    {
                      "wd": "chagrins"
                    },
                    {
                      "wd": "discomfits"
                    },
                    {
                      "wd": "disconcerts"
                    },
                    {
                      "wd": "embarrasses"
                    },
                    {
                      "wd": "fazes"
                    },
                    {
                      "wd": "humiliates"
                    },
                    {
                      "wd": "mortifies"
                    }
                  ]
                ]
              }
            ]
          ]
        ]
      }
    ],
    "shortdef": [
      "to develop a rosy facial color (as from excitement or embarrassment)"
    ]
  }
]