[
  {
    "meta": {
      "id": "complexity",
      "uuid": "ce0624dc-b193-4403-b4eb-05e4bf765c2e",
      "src": "coll_thes",
      "section": "alpha",
      "target": {
        "tuuid": "ee5d2965-2147-4f47-bf50-4454e0cfcfb0",
        "tsrc": "collegiate"
      },
      "stems": [
        "complexity",
        "complex",
        "complexities"
      ],
      "syns": [
        [
          "complexness",
          "complicacy",
          "complicatedness",
          "complication",
          "elaborateness",
          "intricacy",
          "intricateness",
          "involution",
          "knottiness",
          "sophistication"
        ],
        [
          "complicacy",
          "complication",
          "convolution",
          "difficulty",
          "intricacy"
        ]
      ],
      "ants": [
        [
          "plainness",
          "simpleness",
          "simplicity"
        ]
      ],
      "offensive": false
    },
    "hwi": {
      "hw": "complexity"
    },
    "fl": "noun",
    "def": [
      {
        "sseq": [
          [
            [
              "sense",
              {
                "sn": "1",
                "dt": [
                  [
                    "text",
                    "the state or quality of having many interrelated parts or aspects "
                  ],
                  [
                    "vis",
                    [
                      {
                        "t": "the {it}complexity{/it} of the company's computer system is such that a full-time employee is needed to maintain it"
                      }
                    ]
                  ]
                ],
                "syn_list": [
                  [
                    {
                      "wd": "complexness"
                    },
                    {
                      "wd": "complicacy"
                    },
                    {
                      "wd": "complicatedness"
                    },
                    {
                      "wd": "complication"
                    },
                    {
                      "wd": "elaborateness"
                    },
                    {
                      "wd": "intricacy"
                    },
                    {
                      "wd": "intricateness"
                    },
                    {
                      "wd": "involution"
                    },
                    {
                      "wd": "knottiness"
                    },
                    {
                      "wd": "sophistication"
                    }
                  ]
                ],
                "rel_list": [
                  [
                    {
                      "wd": "diversity"
                    },
                    {
                      "wd": "heterogeneity"
                    },
                    {
                      "wd": "heterogeneousness"
                    },
                    {
                      "wd": "multifariousness"
                    }
                  ],
                  [
                    {
                      "wd": "impenetrability"
                    },
                    {
                      "wd": "incomprehensibility"
                    },
                    {
                      "wd": "inexplicability"
                    }
                  ]
                ],
                "near_list": [
                  [
                    {
                      "wd": "simplification"
                    }
                  ],
                  [
                    {
                      "wd": "homogeneity"
                    },
                    {
                      "wd": "uniformity"
                    }
                  ]
                ],
                "ant_list": [
                  [
                    {
                      "wd": "plainness"
                    },
                    {
                      "wd": "simpleness"
                    },
                    {
                      "wd": "simplicity"
                    }
                  ]
                ]
              }
            ]
          ],
          [
            [
              "sense",
              {
                "sn": "2",
                "dt": [
                  [
                    "text",
                    "something that makes a situation more complicated or difficult "
                  ],
                  [
                    "vis",
                    [
                      {
                        "t": "the political {it}complexities{/it} that the secretary-general must deal with"
                      }
                    ]
                  ]
                ],
                "syn_list": [
                  [
                    {
                      "wd": "complicacy"
                    },
                    {
                      "wd": "complication"
                    },
                    {
                      "wd": "convolution"
                    },
                    {
                      "wd": "difficulty"
                    },
                    {
                      "wd": "intricacy"
                    }
                  ]
                ],
                "rel_list": [
                  [
                    {
                      "wd": "aftereffect"
                    },
                    {
                      "wd": "ramification"
                    },
                    {
                      "wd": "side effect",
                      "wvrs": [
                        {
                          "wvl": "also",
                          "wva": "side reaction"
                        }
                      ]
                    }
                  ],
                  [
                    {
                      "wd": "subtlety"
                    },
                    {
                      "wd": "technicality"
                    }
                  ],
                  [
                    {
                      "wd": "annoyance"
                    },
                    {
                      "wd": "bitch"
                    },
                    {
                      "wd": "bother"
                    },
                    {
                      "wd": "headache"
                    },
                    {
                      "wd": "inconvenience"
                    },
                    {
                      "wd": "matter"
                    },
                    {
                      "wd": "trouble"
                    }
                  ]
                ],
                "phrase_list": [
                  [
                    {
                      "wd": "fly in the ointment"
                    }
                  ]
                ]
              }
            ]
          ]
        ]
      }
    ],
    "shortdef": [
      "the state or quality of having many interrelated parts or aspects",
      "something that makes a situation more complicated or difficult"
    ]
  }
]