[
  {
    "meta": {
      "id": "complimentary",
      "uuid": "bf493ed9-f201-4b07-983b-9ef0c58bd30b",
      "src": "coll_thes",
      "section": "alpha",
      "target": {
        "tuuid": "27c42257-0772-414e-bfc4-24c76e263dc1",
        "tsrc": "collegiate"
      },
      "stems": [
        "complimentary",
        "complimentarily"
      ],
      "syns": [
        [
          "admiring",
          "applauding",
          "appreciative",
          "approbatory",
          "approving",
          "commendatory",
          "favorable",
          "friendly",
          "good",
          "positive"
        ],
        [
          "costless",
          "free",
          "gratis",
          "gratuitous"
        ]
      ],
      "ants": [
        [
          "adverse",
          "depreciative",
          "depreciatory",
          "derogatory",
          "disapproving",
          "inappreciative",
          "negative",
          "unappreciative",
          "uncomplimentary",
          "unfavorable",
          "unflattering",
          "unfriendly"
        ]
      ],
      "offensive": false
    },
    "hwi": {
      "hw": "complimentary"
    },
    "fl": "adjective",
    "def": [
      {
        "sseq": [
          [
            [
              "sense",
              {
                "sn": "1",
                "dt": [
                  [
                    "text",
                    "expressing approval "
                  ],
                  [
                    "vis",
                    [
                      {
                        "t": "the novel received overwhelmingly {it}complimentary{/it} reviews"
                      }
                    ]
                  ]
                ],
                "syn_list": [
                  [
                    {
                      "wd": "admiring"
                    },
                    {
                      "wd": "applauding"
                    },
                    {
                      "wd": "appreciative"
                    },
                    {
                      "wd": "approbatory"
                    },
                    {
                      "wd": "approving"
                    },
                    {
                      "wd": "commendatory"
                    },
                    {
                      "wd": "favorable"
                    },
                    {
                      "wd": "friendly"
                    },
                    {
                      "wd": "good"
                    },
                    {
                      "wd": "positive"
                    }
                  ]
                ],
                "rel_list": [
                  [
                    {
                      "wd": "accepting"
                    },
                    {
                      "wd": "warm"
                    }
                  ],
                  [
                    {
                      "wd": "encomiastic"
                    },
                    {
                      "wd": "eulogistic"
                    },
                    {
                      "wd": "flattering"
                    },
                    {
                      "wd": "hagiographic",
                      "wvrs": [
                        {
                          "wvl": "also",
                          "wva": "hagiographical"
                        }
                      ]
                    },
                    {
                      "wd": "laudative"
                    },
                    {
                      "wd": "laudatory"
                    },
                    {
                      "wd": "panegyrical"
                    },
                    {
                      "wd": "praiseful"
                    }
                  ],
                  [
                    {
                      "wd": "respectful"
                    },
                    {
                      "wd": "supportive"
                    },
                    {
                      "wd": "sympathetic"
                    }
                  ],
                  [
                    {
                      "wd": "adoring"
                    },
                    {
                      "wd": "adulatory"
                    },
                    {
                      "wd": "idolizing"
                    },
                    {
                      "wd": "worshipful"
                    },
                    {
                      "wd": "worshipping",
                      "wvrs": [
                        {
                          "wvl": "also",
                          "wva": "worshiping"
                        }
                      ]
                    }
                  ],
                  [
                    {
                      "wd": "advisory"
                    },
                    {
                      "wd": "recommendatory"
                    }
                  ]
                ],
                "near_list": [
                  [
                    {
                      "wd": "captious"
                    },
                    {
                      "wd": "carping"
                    },
                    {
                      "wd": "caviling",
                      "wvrs": [
                        {
                          "wvl": "or",
                          "wva": "cavilling"
                        }
                      ]
                    },
                    {
                      "wd": "censuring"
                    },
                    {
                      "wd": "critical"
                    },
                    {
                      "wd": "faultfinding"
                    },
                    {
                      "wd": "hypercritical"
                    },
                    {
                      "wd": "overcritical"
                    }
                  ],
                  [
                    {
                      "wd": "belittling"
                    },
                    {
                      "wd": "contemptuous"
                    },
                    {
                      "wd": "disdainful"
                    },
                    {
                      "wd": "disparaging"
                    },
                    {
                      "wd": "scornful"
                    },
                    {
                      "wd": "slighting"
                    }
                  ]
                ],
                "ant_list": [
                  [
                    {
                      "wd": "adverse"
                    },
                    {
                      "wd": "depreciative"
                    },
                    {
                      "wd": "depreciatory"
                    },
                    {
                      "wd": "derogatory"
                    },
                    {
                      "wd": "disapproving"
                    },
                    {
                      "wd": "inappreciative"
                    },
                    {
                      "wd": "negative"
                    },
                    {
                      "wd": "unappreciative"
                    },
                    {
                      "wd": "uncomplimentary"
                    },
                    {
                      "wd": "unfavorable"
                    },
                    {
                      "wd": "unflattering"
                    },
                    {
                      "wd": "unfriendly"
                    }
                  ]
                ]
              }
            ]
          ],
          [
            [
              "sense",
              {
                "sn": "2",
                "dt": [
                  [
                    "text",
                    "not costing or charging anything "
                  ],
                  [
                    "vis",
                    [
                      {
                        "t": "the airline will continue to give out {it}complimentary{/it} soft drinks on all domestic flights"
                      }
                    ]
                  ]
                ],
                "syn_list": [
                  [
                    {
                      "wd": "costless"
                    },
                    {
                      "wd": "free"
                    },
                    {
                      "wd": "gratis"
                    },
                    {
                      "wd": "gratuitous"
                    }
                  ]
                ],
                "rel_list": [
                  [
                    {
                      "wd": "nominal"
                    }
                  ],
                  [
                    {
                      "wd": "bestowed"
                    },
                    {
                      "wd": "donated"
                    },
                    {
                      "wd": "given"
                    }
                  ],
                  [
                    {
                      "wd": "pro bono"
                    }
                  ],
                  [
                    {
                      "wd": "discretionary"
                    },
                    {
                      "wd": "freewill"
                    },
                    {
                      "wd": "optional"
                    },
                    {
                      "wd": "voluntary"
                    }
                  ],
                  [
                    {
                      "wd": "honorary"
                    },
                    {
                      "wd": "uncompensated"
                    },
                    {
                      "wd": "unpaid"
                    }
                  ]
                ],
                "phrase_list": [
                  [
                    {
                      "wd": "on the house"
                    }
                  ]
                ],
                "near_list": [
                  [
                    {
                      "wd": "paid"
                    }
                  ],
                  [
                    {
                      "wd": "costly"
                    },
                    {
                      "wd": "dear"
                    },
                    {
                      "wd": "expensive"
                    },
                    {
                      "wd": "high"
                    }
                  ]
                ]
              }
            ]
          ]
        ]
      }
    ],
    "shortdef": [
      "expressing approval",
      "not costing or charging anything"
    ]
  }
]