[
  {
    "meta": {
      "id": "contrast",
      "uuid": "9abd2431-2662-4efd-b8d3-b8e78dbfc864",
      "src": "coll_thes",
      "section": "alpha",
      "target": {
        "tuuid": "2da54096-294a-4498-b966-16391b4509e7",
        "tsrc": "collegiate"
      },
      "stems": [
        "contrast",
        "contrasts"
      ],
      "syns": [
        [
          "difference",
          "disagreement",
          "discrepancy",
          "disparateness",
          "disparity",
          "dissimilarity",
          "dissimilitude",
          "distance",
          "distinction",
          "distinctiveness",
          "distinctness",
          "diverseness",
          "diversity",
          "otherness",
          "unlikeness"
        ]
      ],
      "ants": [
        [
          "alikeness",
          "analogousness",
          "analogy",
          "community",
          "likeness",
          "resemblance",
          "sameness",
          "similarity"
        ]
      ],
      "offensive": false
    },
    "hwi": {
      "hw": "contrast"
    },
    "fl": "noun",
    "def": [
      {
        "sseq": [
          [
            [
              "sense",
              {
                "dt": [
                  [
                    "text",
                    "the quality or state of being different "
                  ],
                  [
                    "vis",
                    [
                      {
                        "t": "the {it}contrast{/it} between the two approaches to the problem of overeating could not be greater"
                      }
                    ]
                  ]
                ],
                "syn_list": [
                  [
                    {
                      "wd": "difference"
                    },
                    {
                      "wd": "disagreement"
                    },
                    {
                      "wd": "discrepancy"
                    },
                    {
                      "wd": "disparateness"
                    },
                    {
                      "wd": "disparity"
                    },
                    {
                      "wd": "dissimilarity"
                    },
                    {
                      "wd": "dissimilitude"
                    },
                    {
                      "wd": "distance"
                    },
                    {
                      "wd": "distinction"
                    },
                    {
                      "wd": "distinctiveness"
                    },
                    {
                      "wd": "distinctness"
                    },
                    {
                      "wd": "diverseness"
                    },
                    {
                      "wd": "diversity"
                    },
                    {
                      "wd": "otherness"
                    },
                    {
                      "wd": "unlikeness"
                    }
                  ]
                ],
                "rel_list": [
                  [
                    {
                      "wd": "deviance"
                    },
                    {
                      "wd": "divergence"
                    }
                  ],
                  [
                    {
                      "wd": "differentiability"
                    },
                    {
                      "wd": "discriminability"
                    },
                    {
                      "wd": "distinguishability"
                    }
                  ],
                  [
                    {
                      "wd": "change"
                    },
                    {
                      "wd": "modification"
                    },
                    {
                      "wd": "variation"
                    }
                  ],
                  [
                    {
                      "wd": "conflict"
                    },
                    {
                      "wd": "discord"
                    },
                    {
                      "wd": "discordance"
                    },
                    {
                      "wd": "dissension",
                      "wvrs": [
                        {
                          "wvl": "also",
                          "wva": "dissention"
                        }
                      ]
                    },
                    {
                      "wd": "dissent"
                    },
                    {
                      "wd": "dissidence"
                    },
                    {
                      "wd": "disunity"
                    },
                    {
                      "wd": "friction"
                    },
                    {
                      "wd": "strife"
                    }
                  ],
                  [
                    {
                      "wd": "variability"
                    },
                    {
                      "wd": "variance"
                    }
                  ],
                  [
                    {
                      "wd": "anomalousness"
                    },
                    {
                      "wd": "dichotomy"
                    },
                    {
                      "wd": "incompatibility"
                    },
                    {
                      "wd": "incongruence"
                    },
                    {
                      "wd": "incongruity"
                    },
                    {
                      "wd": "incongruousness"
                    },
                    {
                      "wd": "nonconformity"
                    }
                  ],
                  [
                    {
                      "wd": "disproportion"
                    },
                    {
                      "wd": "imbalance"
                    },
                    {
                      "wd": "inequality"
                    },
                    {
                      "wd": "nonequivalence"
                    }
                  ]
                ],
                "near_list": [
                  [
                    {
                      "wd": "identicalness"
                    },
                    {
                      "wd": "identity"
                    }
                  ],
                  [
                    {
                      "wd": "accordance"
                    },
                    {
                      "wd": "agreement"
                    },
                    {
                      "wd": "conformity"
                    },
                    {
                      "wd": "congruity"
                    },
                    {
                      "wd": "correspondence"
                    },
                    {
                      "wd": "parallelism"
                    },
                    {
                      "wd": "similitude"
                    }
                  ],
                  [
                    {
                      "wd": "equality"
                    },
                    {
                      "wd": "equivalence"
                    },
                    {
                      "wd": "equivalency"
                    }
                  ],
                  [
                    {
                      "wd": "homogeneity"
                    },
                    {
                      "wd": "homogeneousness"
                    },
                    {
                      "wd": "uniformity"
                    }
                  ]
                ],
                "ant_list": [
                  [
                    {
                      "wd": "alikeness"
                    },
                    {
                      "wd": "analogousness"
                    },
                    {
                      "wd": "analogy"
                    },
                    {
                      "wd": "community"
                    },
                    {
                      "wd": "likeness"
                    },
                    {
                      "wd": "resemblance"
                    },
                    {
                      "wd": "sameness"
                    },
                    {
                      "wd": "similarity"
                    }
                  ]
                ]
              }
            ]
          ]
        ]
      }
    ],
    "shortdef": [
      "the quality or state of being different"
    ]
  },
  {
    "meta": {
      "id": "contrast",
      "uuid": "65f6a950-1680-44bc-9b9c-a12642b1ca1c",
      "src": "coll_thes",
      "section": "alpha",
      "target": {
        "tuuid": "449ca70a-5dd0-43a8-aea6-762612d36ada",
        "tsrc": "collegiate"
      },
      "stems": [
        "contrast",
        "contrastable",
        "contrasted",
        "contrasting",
        "contrastingly",
        "contrasts"
      ],
      "syns": [
        [
          "differ",
          "vary"
        ]
      ],
      "ants": [
        [
          "compare",
          "match"
        ]
      ],
      "offensive": false
    },
    "hwi": {
      "hw": "contrast"
    },
    "fl": "verb",
    "def": [
      {
        "sseq": [
          [
            [
              "sense",
              {
                "dt": [
                  [
                    "text",
                    "to be unlike; to not be the same "
                  ],
                  [
                    "vis",
                    [
                      {
                        "t": "her depressed mood today {it}contrasts{/it} sharply with her good spirits yesterday"
                      }
                    ]
                  ]
                ],
                "syn_list": [
                  [
                    {
                      "wd": "differ"
                    },
                    {
                      "wd": "vary"
                    }
                  ]
                ],
                "rel_list": [
                  [
                    {
                      "wd": "deviate"
                    },
                    {
                      "wd": "diverge"
                    },
                    {
                      "wd": "divide"
                    },
                    {
                      "wd": "fluctuate"
                    },
                    {
                      "wd": "separate"
                    }
                  ]
                ],
                "near_list": [
                  [
                    {
                      "wd": "accord"
                    },
                    {
                      "wd": "agree"
                    },
                    {
                      "wd": "conform"
                    },
                    {
                      "wd": "correspond"
                    }
                  ]
                ],
                "ant_list": [
                  [
                    {
                      "wd": "compare"
                    },
                    {
                      "wd": "match"
                    }
                  ]
                ]
              }
            ]
          ]
        ]
      }
    ],
    "shortdef": [
      "to be unlike; to not be the same"
    ]
  },
  {
    "meta": {
      "id": "in contrast (to)",
      "uuid": "e5bcfd00-1824-4780-92ce-1b6a4f5b99d8",
      "src": "CTcompile",
      "section": "alpha",
      "stems": [
        "in contrast (to)",
        "in contrast to",
        "in contrast (with)",
        "in contrast with"
      ],
      "syns": [
        [
          "as opposed to",
          "compared to",
          "contrasted (to)",
          "in comparison (to)",
          "athwart",
          "contrary to",
          "with",
          "against",
          "agin",
          "anti",
          "contra",
          "versus"
        ]
      ],
      "ants": [],
      "offensive": false
    },
    "hwi": {
      "hw": "in contrast (to)"
    },
    "vrs": [
      {
        "vl": "or",
        "va": "in contrast (with)"
      }
    ],
    "fl": "preposition",
    "def": [
      {
        "sseq": [
          [
            [
              "sense",
              {
                "dt": [
                  [
                    "text",
                    "as in {it}contrasted (to){/it}, {it}in comparison (to){/it}"
                  ]
                ],
                "sim_list": [
                  [
                    {
                      "wd": "as opposed to"
                    },
                    {
                      "wd": "compared to",
                      "wvrs": [
                        {
                          "wvl": "or",
                          "wva": "compared with"
                        }
                      ]
                    },
                    {
                      "wd": "contrasted (to)",
                      "wvrs": [
                        {
                          "wvl": "or",
                          "wva": "contrasted (with)"
                        }
                      ]
                    },
                    {
                      "wd": "in comparison (to)",
                      "wvrs": [
                        {
                          "wvl": "or",
                          "wva": "in comparison (with)"
                        }
                      ]
                    }
                  ],
                  [
                    {
                      "wd": "athwart"
                    },
                    {
                      "wd": "contrary to"
                    }
                  ],
                  [
                    {
                      "wd": "with"
                    }
                  ],
                  [
                    {
                      "wd": "against"
                    },
                    {
                      "wd": "agin",
                      "wsls": [
                        "dialect"
                      ]
                    },
                    {
                      "wd": "anti"
                    },
                    {
                      "wd": "contra"
                    },
                    {
                      "wd": "versus"
                    }
                  ]
                ]
              }
            ]
          ]
        ]
      }
    ],
    "shortdef": [
      "as in contrasted (to), in comparison (to)"
    ]
  }
]