[
  {
    "meta": {
      "id": "cooperation",
      "uuid": "f1062c40-5b63-47e1-969d-5895acfa5360",
      "src": "coll_thes",
      "section": "alpha",
      "target": {
        "tuuid": "143ec290-f889-4338-b78f-f48e9321b769",
        "tsrc": "collegiate"
      },
      "stems": [
        "cooperation",
        "cooperationist",
        "cooperationists",
        "cooperations"
      ],
      "syns": [
        [
          "affiliation",
          "alliance",
          "association",
          "collaboration",
          "confederation",
          "connection",
          "hookup",
          "liaison",
          "linkup",
          "partnership",
          "relation",
          "relationship",
          "tie-up",
          "union"
        ],
        [
          "collaboration",
          "coordination",
          "teamwork"
        ]
      ],
      "ants": [
        [
          "disaffiliation",
          "dissociation"
        ],
        [
          "noncooperation"
        ]
      ],
      "offensive": false
    },
    "hwi": {
      "hw": "cooperation"
    },
    "fl": "noun",
    "def": [
      {
        "sseq": [
          [
            [
              "sense",
              {
                "sn": "1",
                "dt": [
                  [
                    "text",
                    "the state of having shared interests or efforts (as in social or business matters) "
                  ],
                  [
                    "vis",
                    [
                      {
                        "t": "a series of televised announcements made in {it}cooperation{/it} with the tobacco companies warning teenagers about the hazards of smoking"
                      }
                    ]
                  ]
                ],
                "syn_list": [
                  [
                    {
                      "wd": "affiliation"
                    },
                    {
                      "wd": "alliance"
                    },
                    {
                      "wd": "association"
                    },
                    {
                      "wd": "collaboration"
                    },
                    {
                      "wd": "confederation"
                    },
                    {
                      "wd": "connection"
                    },
                    {
                      "wd": "hookup"
                    },
                    {
                      "wd": "liaison"
                    },
                    {
                      "wd": "linkup"
                    },
                    {
                      "wd": "partnership"
                    },
                    {
                      "wd": "relation"
                    },
                    {
                      "wd": "relationship"
                    },
                    {
                      "wd": "tie-up"
                    },
                    {
                      "wd": "union"
                    }
                  ]
                ],
                "rel_list": [
                  [
                    {
                      "wd": "business"
                    },
                    {
                      "wd": "dealings"
                    },
                    {
                      "wd": "interaction"
                    }
                  ],
                  [
                    {
                      "wd": "exchange"
                    },
                    {
                      "wd": "interconnection"
                    },
                    {
                      "wd": "interrelation"
                    },
                    {
                      "wd": "mutualism"
                    },
                    {
                      "wd": "reciprocity"
                    },
                    {
                      "wd": "symbiosis"
                    }
                  ],
                  [
                    {
                      "wd": "incorporation"
                    },
                    {
                      "wd": "integration"
                    },
                    {
                      "wd": "merger"
                    },
                    {
                      "wd": "unification"
                    }
                  ],
                  [
                    {
                      "wd": "affinity"
                    },
                    {
                      "wd": "attachment"
                    },
                    {
                      "wd": "closeness"
                    },
                    {
                      "wd": "intimacy"
                    },
                    {
                      "wd": "rapport"
                    },
                    {
                      "wd": "sympathy"
                    }
                  ],
                  [
                    {
                      "wd": "kinship"
                    },
                    {
                      "wd": "oneness"
                    },
                    {
                      "wd": "solidarity"
                    },
                    {
                      "wd": "togetherness"
                    },
                    {
                      "wd": "unity"
                    }
                  ],
                  [
                    {
                      "wd": "colleagueship"
                    },
                    {
                      "wd": "companionship"
                    },
                    {
                      "wd": "company"
                    },
                    {
                      "wd": "fellowship"
                    }
                  ],
                  [
                    {
                      "wd": "bed"
                    },
                    {
                      "wd": "cahoots"
                    },
                    {
                      "wd": "league"
                    }
                  ]
                ],
                "near_list": [
                  [
                    {
                      "wd": "breakup"
                    },
                    {
                      "wd": "dissolution"
                    },
                    {
                      "wd": "disunion"
                    }
                  ],
                  [
                    {
                      "wd": "division"
                    },
                    {
                      "wd": "parting"
                    },
                    {
                      "wd": "separation"
                    },
                    {
                      "wd": "severance"
                    },
                    {
                      "wd": "split"
                    }
                  ],
                  [
                    {
                      "wd": "alienation"
                    },
                    {
                      "wd": "divorce"
                    },
                    {
                      "wd": "estrangement"
                    }
                  ]
                ],
                "ant_list": [
                  [
                    {
                      "wd": "disaffiliation"
                    },
                    {
                      "wd": "dissociation"
                    }
                  ]
                ]
              }
            ]
          ],
          [
            [
              "sense",
              {
                "sn": "2",
                "dt": [
                  [
                    "text",
                    "the work and activity of a number of persons who individually contribute toward the efficiency of the whole "
                  ],
                  [
                    "vis",
                    [
                      {
                        "t": "everyone's {it}cooperation{/it} will make the project go much faster"
                      }
                    ]
                  ]
                ],
                "syn_list": [
                  [
                    {
                      "wd": "collaboration"
                    },
                    {
                      "wd": "coordination"
                    },
                    {
                      "wd": "teamwork"
                    }
                  ]
                ],
                "rel_list": [
                  [
                    {
                      "wd": "collegiality"
                    },
                    {
                      "wd": "fellowship"
                    },
                    {
                      "wd": "partnership"
                    }
                  ],
                  [
                    {
                      "wd": "community"
                    },
                    {
                      "wd": "mutualism"
                    },
                    {
                      "wd": "reciprocity"
                    },
                    {
                      "wd": "symbiosis"
                    }
                  ],
                  [
                    {
                      "wd": "synergism"
                    },
                    {
                      "wd": "synergy"
                    }
                  ],
                  [
                    {
                      "wd": "communion"
                    },
                    {
                      "wd": "cooperativeness"
                    },
                    {
                      "wd": "kinship"
                    },
                    {
                      "wd": "oneness"
                    },
                    {
                      "wd": "solidarity"
                    },
                    {
                      "wd": "togetherness"
                    },
                    {
                      "wd": "unity"
                    }
                  ]
                ],
                "ant_list": [
                  [
                    {
                      "wd": "noncooperation"
                    }
                  ]
                ]
              }
            ]
          ]
        ]
      }
    ],
    "shortdef": [
      "the state of having shared interests or efforts (as in social or business matters)",
      "the work and activity of a number of persons who individually contribute toward the efficiency of the whole"
    ]
  }
]