[
  {
    "meta": {
      "id": "coordination",
      "uuid": "04ed3481-e91c-4d15-804e-fcbf93f13228",
      "src": "coll_thes",
      "section": "alpha",
      "target": {
        "tuuid": "5228e3bb-ee31-4fab-958c-c4b5be119597",
        "tsrc": "collegiate"
      },
      "stems": [
        "coordination",
        "coordinations"
      ],
      "syns": [
        [
          "collaboration",
          "cooperation",
          "teamwork"
        ]
      ],
      "ants": [
        [
          "noncooperation"
        ]
      ],
      "offensive": false
    },
    "hwi": {
      "hw": "coordination"
    },
    "fl": "noun",
    "def": [
      {
        "sseq": [
          [
            [
              "sense",
              {
                "dt": [
                  [
                    "text",
                    "the work and activity of a number of persons who individually contribute toward the efficiency of the whole "
                  ],
                  [
                    "vis",
                    [
                      {
                        "t": "an operation requiring precise {it}coordination{/it} among all branches of the armed forces"
                      }
                    ]
                  ]
                ],
                "syn_list": [
                  [
                    {
                      "wd": "collaboration"
                    },
                    {
                      "wd": "cooperation"
                    },
                    {
                      "wd": "teamwork"
                    }
                  ]
                ],
                "rel_list": [
                  [
                    {
                      "wd": "collegiality"
                    },
                    {
                      "wd": "fellowship"
                    },
                    {
                      "wd": "partnership"
                    }
                  ],
                  [
                    {
                      "wd": "community"
                    },
                    {
                      "wd": "mutualism"
                    },
                    {
                      "wd": "reciprocity"
                    },
                    {
                      "wd": "symbiosis"
                    }
                  ],
                  [
                    {
                      "wd": "synergism"
                    },
                    {
                      "wd": "synergy"
                    }
                  ],
                  [
                    {
                      "wd": "communion"
                    },
                    {
                      "wd": "cooperativeness"
                    },
                    {
                      "wd": "kinship"
                    },
                    {
                      "wd": "oneness"
                    },
                    {
                      "wd": "solidarity"
                    },
                    {
                      "wd": "togetherness"
                    },
                    {
                      "wd": "unity"
                    }
                  ]
                ],
                "ant_list": [
                  [
                    {
                      "wd": "noncooperation"
                    }
                  ]
                ]
              }
            ]
          ]
        ]
      }
    ],
    "shortdef": [
      "the work and activity of a number of persons who individually contribute toward the efficiency of the whole"
    ]
  }
]