[
  {
    "meta": {
      "id": "cosmic",
      "uuid": "4c06286c-c92c-462f-94e0-250c5410606e",
      "src": "coll_thes",
      "section": "alpha",
      "target": {
        "tuuid": "6ae718d7-b9f0-42c0-928b-696d1bf3129b",
        "tsrc": "collegiate"
      },
      "stems": [
        "cosmic",
        "cosmical",
        "cosmically"
      ],
      "syns": [
        [
          "astronomical",
          "Brobdingnagian",
          "bumper",
          "colossal",
          "cyclopean",
          "elephantine",
          "enormous",
          "galactic",
          "gargantuan",
          "giant",
          "gigantesque",
          "gigantic",
          "grand",
          "herculean",
          "heroic",
          "Himalayan",
          "huge",
          "humongous",
          "immense",
          "jumbo",
          "king-size",
          "leviathan",
          "mammoth",
          "massive",
          "mega",
          "mighty",
          "monster",
          "monstrous",
          "monumental",
          "mountainous",
          "oceanic",
          "pharaonic",
          "planetary",
          "prodigious",
          "super",
          "super-duper",
          "supersize",
          "supersized",
          "titanic",
          "tremendous",
          "vast",
          "vasty",
          "walloping",
          "whacking",
          "whopping"
        ]
      ],
      "ants": [
        [
          "bantam",
          "bitty",
          "diminutive",
          "infinitesimal",
          "Lilliputian",
          "little bitty",
          "micro",
          "microminiature",
          "microscopic",
          "midget",
          "miniature",
          "minuscule",
          "minute",
          "pocket",
          "pygmy",
          "teensy",
          "teensy-weensy",
          "teeny",
          "teeny-weeny",
          "tiny",
          "wee"
        ]
      ],
      "offensive": false
    },
    "hwi": {
      "hw": "cosmic"
    },
    "vrs": [
      {
        "vl": "also",
        "va": "cosmical"
      }
    ],
    "fl": "adjective",
    "def": [
      {
        "sseq": [
          [
            [
              "sense",
              {
                "dt": [
                  [
                    "text",
                    "unusually large "
                  ],
                  [
                    "vis",
                    [
                      {
                        "t": "predicted that the war would forever be regarded as a {it}cosmic{/it} error"
                      }
                    ]
                  ]
                ],
                "syn_list": [
                  [
                    {
                      "wd": "astronomical",
                      "wvrs": [
                        {
                          "wvl": "also",
                          "wva": "astronomic"
                        }
                      ]
                    },
                    {
                      "wd": "Brobdingnagian"
                    },
                    {
                      "wd": "bumper"
                    },
                    {
                      "wd": "colossal"
                    },
                    {
                      "wd": "cyclopean"
                    },
                    {
                      "wd": "elephantine"
                    },
                    {
                      "wd": "enormous"
                    },
                    {
                      "wd": "galactic"
                    },
                    {
                      "wd": "gargantuan"
                    },
                    {
                      "wd": "giant"
                    },
                    {
                      "wd": "gigantesque"
                    },
                    {
                      "wd": "gigantic"
                    },
                    {
                      "wd": "grand"
                    },
                    {
                      "wd": "herculean"
                    },
                    {
                      "wd": "heroic",
                      "wvrs": [
                        {
                          "wvl": "also",
                          "wva": "heroical"
                        }
                      ]
                    },
                    {
                      "wd": "Himalayan"
                    },
                    {
                      "wd": "huge"
                    },
                    {
                      "wd": "humongous",
                      "wvrs": [
                        {
                          "wvl": "also",
                          "wva": "humungous"
                        }
                      ]
                    },
                    {
                      "wd": "immense"
                    },
                    {
                      "wd": "jumbo"
                    },
                    {
                      "wd": "king-size",
                      "wvrs": [
                        {
                          "wvl": "or",
                          "wva": "king-sized"
                        }
                      ]
                    },
                    {
                      "wd": "leviathan"
                    },
                    {
                      "wd": "mammoth"
                    },
                    {
                      "wd": "massive"
                    },
                    {
                      "wd": "mega"
                    },
                    {
                      "wd": "mighty"
                    },
                    {
                      "wd": "monster"
                    },
                    {
                      "wd": "monstrous"
                    },
                    {
                      "wd": "monumental"
                    },
                    {
                      "wd": "mountainous"
                    },
                    {
                      "wd": "oceanic"
                    },
                    {
                      "wd": "pharaonic"
                    },
                    {
                      "wd": "planetary"
                    },
                    {
                      "wd": "prodigious"
                    },
                    {
                      "wd": "super"
                    },
                    {
                      "wd": "super-duper"
                    },
                    {
                      "wd": "supersize"
                    },
                    {
                      "wd": "supersized"
                    },
                    {
                      "wd": "titanic"
                    },
                    {
                      "wd": "tremendous"
                    },
                    {
                      "wd": "vast"
                    },
                    {
                      "wd": "vasty"
                    },
                    {
                      "wd": "walloping"
                    },
                    {
                      "wd": "whacking"
                    },
                    {
                      "wd": "whopping"
                    }
                  ]
                ],
                "rel_list": [
                  [
                    {
                      "wd": "big"
                    },
                    {
                      "wd": "bulky"
                    },
                    {
                      "wd": "considerable"
                    },
                    {
                      "wd": "extensive"
                    },
                    {
                      "wd": "good"
                    },
                    {
                      "wd": "goodly"
                    },
                    {
                      "wd": "great"
                    },
                    {
                      "wd": "gross"
                    },
                    {
                      "wd": "handsome"
                    },
                    {
                      "wd": "hefty"
                    },
                    {
                      "wd": "hulking"
                    },
                    {
                      "wd": "largish"
                    },
                    {
                      "wd": "major"
                    },
                    {
                      "wd": "outsize",
                      "wvrs": [
                        {
                          "wvl": "also",
                          "wva": "outsized"
                        }
                      ]
                    },
                    {
                      "wd": "overgrown"
                    },
                    {
                      "wd": "oversize",
                      "wvrs": [
                        {
                          "wvl": "or",
                          "wva": "oversized"
                        }
                      ]
                    },
                    {
                      "wd": "sizable",
                      "wvrs": [
                        {
                          "wvl": "or",
                          "wva": "sizeable"
                        }
                      ]
                    },
                    {
                      "wd": "substantial"
                    },
                    {
                      "wd": "tidy"
                    },
                    {
                      "wd": "voluminous"
                    }
                  ],
                  [
                    {
                      "wd": "august"
                    },
                    {
                      "wd": "formidable"
                    },
                    {
                      "wd": "grandiose"
                    },
                    {
                      "wd": "imposing"
                    },
                    {
                      "wd": "lofty"
                    },
                    {
                      "wd": "majestic"
                    }
                  ],
                  [
                    {
                      "wd": "cavernous"
                    },
                    {
                      "wd": "monolithic"
                    },
                    {
                      "wd": "overwhelming"
                    },
                    {
                      "wd": "staggering"
                    },
                    {
                      "wd": "stupendous"
                    },
                    {
                      "wd": "towering"
                    }
                  ],
                  [
                    {
                      "wd": "boundless"
                    },
                    {
                      "wd": "immeasurable"
                    },
                    {
                      "wd": "infinite"
                    }
                  ]
                ],
                "near_list": [
                  [
                    {
                      "wd": "little"
                    },
                    {
                      "wd": "mini"
                    },
                    {
                      "wd": "petite"
                    },
                    {
                      "wd": "pint-size",
                      "wvrs": [
                        {
                          "wvl": "or",
                          "wva": "pint-sized"
                        }
                      ]
                    },
                    {
                      "wd": "puny"
                    },
                    {
                      "wd": "small"
                    },
                    {
                      "wd": "smallish"
                    },
                    {
                      "wd": "undersized",
                      "wvrs": [
                        {
                          "wvl": "also",
                          "wva": "undersize"
                        }
                      ]
                    }
                  ],
                  [
                    {
                      "wd": "dinky"
                    },
                    {
                      "wd": "dwarfish"
                    },
                    {
                      "wd": "half-pint"
                    }
                  ]
                ],
                "ant_list": [
                  [
                    {
                      "wd": "bantam"
                    },
                    {
                      "wd": "bitty"
                    },
                    {
                      "wd": "diminutive"
                    },
                    {
                      "wd": "infinitesimal"
                    },
                    {
                      "wd": "Lilliputian"
                    },
                    {
                      "wd": "little bitty"
                    },
                    {
                      "wd": "micro"
                    },
                    {
                      "wd": "microminiature"
                    },
                    {
                      "wd": "microscopic",
                      "wvrs": [
                        {
                          "wvl": "also",
                          "wva": "microscopical"
                        }
                      ]
                    },
                    {
                      "wd": "midget"
                    },
                    {
                      "wd": "miniature"
                    },
                    {
                      "wd": "minuscule"
                    },
                    {
                      "wd": "minute"
                    },
                    {
                      "wd": "pocket"
                    },
                    {
                      "wd": "pygmy"
                    },
                    {
                      "wd": "teensy"
                    },
                    {
                      "wd": "teensy-weensy"
                    },
                    {
                      "wd": "teeny"
                    },
                    {
                      "wd": "teeny-weeny"
                    },
                    {
                      "wd": "tiny"
                    },
                    {
                      "wd": "wee"
                    }
                  ]
                ]
              }
            ]
          ]
        ]
      }
    ],
    "shortdef": [
      "unusually large"
    ]
  }
]