[
  {
    "meta": {
      "id": "damping",
      "uuid": "11d5223f-2e19-4104-af2c-ee655e6463f8",
      "src": "coll_thes",
      "section": "alpha",
      "stems": [
        "damping"
      ],
      "syns": [
        [
          "castrating",
          "dampening",
          "deadening",
          "dehydrating",
          "desiccating",
          "devitalizing",
          "enervating",
          "gelding",
          "lobotomizing",
          "petrifying"
        ],
        [
          "bedewing",
          "dampening",
          "moistening"
        ],
        [
          "benumbing",
          "blunting",
          "cauterizing",
          "dampening",
          "deadening",
          "dulling",
          "numbing"
        ]
      ],
      "ants": [
        [
          "bracing",
          "energizing",
          "enlivening",
          "invigorating",
          "quickening",
          "stimulating",
          "vitalizing",
          "vivifying"
        ],
        [
          "drying"
        ],
        [
          "sharpening",
          "whetting"
        ]
      ],
      "offensive": false
    },
    "hwi": {
      "hw": "damping"
    },
    "fl": "verb",
    "sls": [
      "present participle of {d_link|damp|damp}"
    ],
    "def": [
      {
        "sseq": [
          [
            [
              "sense",
              {
                "sn": "1",
                "dt": [
                  [
                    "text",
                    "to deprive of emotional or intellectual vitality "
                  ],
                  [
                    "vis",
                    [
                      {
                        "t": "refused to let the setbacks {it}damp{/it} his drive for success"
                      }
                    ]
                  ]
                ],
                "syn_list": [
                  [
                    {
                      "wd": "castrating"
                    },
                    {
                      "wd": "dampening"
                    },
                    {
                      "wd": "deadening"
                    },
                    {
                      "wd": "dehydrating"
                    },
                    {
                      "wd": "desiccating"
                    },
                    {
                      "wd": "devitalizing"
                    },
                    {
                      "wd": "enervating"
                    },
                    {
                      "wd": "gelding"
                    },
                    {
                      "wd": "lobotomizing"
                    },
                    {
                      "wd": "petrifying"
                    }
                  ]
                ],
                "rel_list": [
                  [
                    {
                      "wd": "burning out"
                    },
                    {
                      "wd": "debilitating"
                    },
                    {
                      "wd": "doing in"
                    },
                    {
                      "wd": "draining"
                    },
                    {
                      "wd": "enfeebling"
                    },
                    {
                      "wd": "exhausting"
                    },
                    {
                      "wd": "fatiguing"
                    },
                    {
                      "wd": "sapping"
                    },
                    {
                      "wd": "tuckering (out)"
                    },
                    {
                      "wd": "undermining"
                    },
                    {
                      "wd": "weakening"
                    },
                    {
                      "wd": "wearing"
                    },
                    {
                      "wd": "wearing out"
                    }
                  ],
                  [
                    {
                      "wd": "daunting"
                    },
                    {
                      "wd": "demoralizing"
                    },
                    {
                      "wd": "discouraging"
                    },
                    {
                      "wd": "disheartening"
                    },
                    {
                      "wd": "dispiriting"
                    }
                  ]
                ],
                "near_list": [
                  [
                    {
                      "wd": "arousing"
                    },
                    {
                      "wd": "rousing"
                    },
                    {
                      "wd": "stirring"
                    }
                  ],
                  [
                    {
                      "wd": "charging"
                    },
                    {
                      "wd": "electrifying"
                    },
                    {
                      "wd": "galvanizing"
                    }
                  ],
                  [
                    {
                      "wd": "exciting"
                    },
                    {
                      "wd": "fermenting"
                    },
                    {
                      "wd": "firing"
                    },
                    {
                      "wd": "fomenting"
                    },
                    {
                      "wd": "inciting"
                    },
                    {
                      "wd": "inflaming",
                      "wvrs": [
                        {
                          "wvl": "also",
                          "wva": "enflaming"
                        }
                      ]
                    },
                    {
                      "wd": "instigating"
                    },
                    {
                      "wd": "kindling"
                    },
                    {
                      "wd": "provoking"
                    },
                    {
                      "wd": "sparking"
                    },
                    {
                      "wd": "triggering"
                    },
                    {
                      "wd": "whipping (up)"
                    }
                  ],
                  [
                    {
                      "wd": "abetting"
                    },
                    {
                      "wd": "boosting"
                    },
                    {
                      "wd": "buoying"
                    },
                    {
                      "wd": "cheering"
                    },
                    {
                      "wd": "emboldening"
                    },
                    {
                      "wd": "fortifying"
                    },
                    {
                      "wd": "heartening"
                    },
                    {
                      "wd": "inspiring"
                    },
                    {
                      "wd": "lifting"
                    }
                  ],
                  [
                    {
                      "wd": "reactivating"
                    },
                    {
                      "wd": "reanimating"
                    },
                    {
                      "wd": "reawakening"
                    },
                    {
                      "wd": "reawaking"
                    },
                    {
                      "wd": "recharging"
                    },
                    {
                      "wd": "reenergizing",
                      "wvrs": [
                        {
                          "wvl": "or",
                          "wva": "re-energizing"
                        }
                      ]
                    },
                    {
                      "wd": "refreshing"
                    },
                    {
                      "wd": "regenerating"
                    },
                    {
                      "wd": "rejuvenating"
                    },
                    {
                      "wd": "rekindling"
                    },
                    {
                      "wd": "renewing"
                    },
                    {
                      "wd": "resurrecting"
                    },
                    {
                      "wd": "resuscitating"
                    },
                    {
                      "wd": "revitalizing"
                    },
                    {
                      "wd": "reviving"
                    }
                  ]
                ],
                "ant_list": [
                  [
                    {
                      "wd": "bracing"
                    },
                    {
                      "wd": "energizing"
                    },
                    {
                      "wd": "enlivening"
                    },
                    {
                      "wd": "invigorating"
                    },
                    {
                      "wd": "quickening"
                    },
                    {
                      "wd": "stimulating"
                    },
                    {
                      "wd": "vitalizing"
                    },
                    {
                      "wd": "vivifying"
                    }
                  ]
                ]
              }
            ]
          ],
          [
            [
              "sense",
              {
                "sn": "2",
                "dt": [
                  [
                    "text",
                    "to make or become slightly or moderately wet "
                  ],
                  [
                    "vis",
                    [
                      {
                        "t": "{it}damp{/it} the shirt slightly before ironing it"
                      }
                    ]
                  ]
                ],
                "syn_list": [
                  [
                    {
                      "wd": "bedewing"
                    },
                    {
                      "wd": "dampening"
                    },
                    {
                      "wd": "moistening"
                    }
                  ]
                ],
                "rel_list": [
                  [
                    {
                      "wd": "bathing"
                    },
                    {
                      "wd": "laving"
                    }
                  ],
                  [
                    {
                      "wd": "dousing",
                      "wvrs": [
                        {
                          "wvl": "also",
                          "wva": "dowsing"
                        }
                      ]
                    },
                    {
                      "wd": "drenching"
                    },
                    {
                      "wd": "impregnating"
                    },
                    {
                      "wd": "saturating"
                    },
                    {
                      "wd": "soaking"
                    },
                    {
                      "wd": "sousing"
                    },
                    {
                      "wd": "steeping"
                    },
                    {
                      "wd": "washing"
                    },
                    {
                      "wd": "watering"
                    },
                    {
                      "wd": "wetting"
                    }
                  ],
                  [
                    {
                      "wd": "humidifying"
                    }
                  ],
                  [
                    {
                      "wd": "dipping"
                    },
                    {
                      "wd": "dunking"
                    },
                    {
                      "wd": "immerging"
                    },
                    {
                      "wd": "immersing"
                    }
                  ],
                  [
                    {
                      "wd": "flushing"
                    },
                    {
                      "wd": "irrigating"
                    },
                    {
                      "wd": "rinsing"
                    },
                    {
                      "wd": "sluicing"
                    }
                  ],
                  [
                    {
                      "wd": "refreshing"
                    },
                    {
                      "wd": "rehydrating"
                    },
                    {
                      "wd": "remoistening"
                    }
                  ]
                ],
                "near_list": [
                  [
                    {
                      "wd": "dehumidifying"
                    },
                    {
                      "wd": "dehydrating"
                    },
                    {
                      "wd": "desiccating"
                    },
                    {
                      "wd": "parching"
                    },
                    {
                      "wd": "scorching"
                    },
                    {
                      "wd": "searing"
                    }
                  ]
                ],
                "ant_list": [
                  [
                    {
                      "wd": "drying"
                    }
                  ]
                ]
              }
            ]
          ],
          [
            [
              "sense",
              {
                "sn": "3",
                "dt": [
                  [
                    "text",
                    "to reduce or weaken in strength or feeling "
                  ],
                  [
                    "vis",
                    [
                      {
                        "t": "nothing seemed to {it}damp{/it} the unwelcome attentions of her suitor"
                      }
                    ]
                  ]
                ],
                "syn_list": [
                  [
                    {
                      "wd": "benumbing"
                    },
                    {
                      "wd": "blunting"
                    },
                    {
                      "wd": "cauterizing"
                    },
                    {
                      "wd": "dampening"
                    },
                    {
                      "wd": "deadening"
                    },
                    {
                      "wd": "dulling"
                    },
                    {
                      "wd": "numbing"
                    }
                  ]
                ],
                "rel_list": [
                  [
                    {
                      "wd": "muffling"
                    },
                    {
                      "wd": "muting"
                    },
                    {
                      "wd": "toning (down)"
                    }
                  ],
                  [
                    {
                      "wd": "decreasing"
                    },
                    {
                      "wd": "diminishing"
                    },
                    {
                      "wd": "lessening"
                    },
                    {
                      "wd": "letting up (on)"
                    },
                    {
                      "wd": "lowering"
                    },
                    {
                      "wd": "reducing"
                    },
                    {
                      "wd": "subduing"
                    }
                  ],
                  [
                    {
                      "wd": "debilitating"
                    },
                    {
                      "wd": "enfeebling"
                    },
                    {
                      "wd": "weakening"
                    }
                  ],
                  [
                    {
                      "wd": "dwindling"
                    },
                    {
                      "wd": "receding"
                    },
                    {
                      "wd": "subsiding"
                    },
                    {
                      "wd": "tapering (off)"
                    },
                    {
                      "wd": "waning"
                    }
                  ],
                  [
                    {
                      "wd": "alleviating"
                    },
                    {
                      "wd": "easing"
                    },
                    {
                      "wd": "lightening"
                    }
                  ],
                  [
                    {
                      "wd": "abating"
                    },
                    {
                      "wd": "moderating"
                    }
                  ]
                ],
                "near_list": [
                  [
                    {
                      "wd": "amplifying"
                    },
                    {
                      "wd": "augmenting"
                    },
                    {
                      "wd": "beefing (up)"
                    },
                    {
                      "wd": "boosting"
                    },
                    {
                      "wd": "consolidating"
                    },
                    {
                      "wd": "deepening"
                    },
                    {
                      "wd": "enhancing"
                    },
                    {
                      "wd": "heightening"
                    },
                    {
                      "wd": "intensifying"
                    },
                    {
                      "wd": "magnifying"
                    },
                    {
                      "wd": "redoubling"
                    },
                    {
                      "wd": "stepping up"
                    },
                    {
                      "wd": "strengthening"
                    }
                  ],
                  [
                    {
                      "wd": "animating"
                    },
                    {
                      "wd": "arousing"
                    },
                    {
                      "wd": "stimulating"
                    }
                  ]
                ],
                "ant_list": [
                  [
                    {
                      "wd": "sharpening"
                    },
                    {
                      "wd": "whetting"
                    }
                  ]
                ]
              }
            ]
          ]
        ]
      }
    ],
    "shortdef": [
      "to deprive of emotional or intellectual vitality",
      "to make or become slightly or moderately wet",
      "to reduce or weaken in strength or feeling"
    ]
  },
  {
    "meta": {
      "id": "damp",
      "uuid": "9eace922-1c9d-4d0b-a21f-5abc5a441681",
      "src": "coll_thes",
      "section": "alpha",
      "target": {
        "tuuid": "327b524f-fb99-4e3b-9d35-f68c81b98aee",
        "tsrc": "collegiate"
      },
      "stems": [
        "damp",
        "damped",
        "damping",
        "damps"
      ],
      "syns": [
        [
          "castrate",
          "dampen",
          "deaden",
          "dehydrate",
          "desiccate",
          "devitalize",
          "enervate",
          "geld",
          "lobotomize",
          "petrify"
        ],
        [
          "bedew",
          "dampen",
          "moisten"
        ],
        [
          "benumb",
          "blunt",
          "cauterize",
          "dampen",
          "deaden",
          "dull",
          "numb"
        ]
      ],
      "ants": [
        [
          "brace",
          "energize",
          "enliven",
          "invigorate",
          "quicken",
          "stimulate",
          "vitalize",
          "vivify"
        ],
        [
          "dry"
        ],
        [
          "sharpen",
          "whet"
        ]
      ],
      "offensive": false
    },
    "hwi": {
      "hw": "damp"
    },
    "fl": "verb",
    "def": [
      {
        "sseq": [
          [
            [
              "sense",
              {
                "sn": "1",
                "dt": [
                  [
                    "text",
                    "to deprive of emotional or intellectual vitality "
                  ],
                  [
                    "vis",
                    [
                      {
                        "t": "refused to let the setbacks {it}damp{/it} his drive for success"
                      }
                    ]
                  ]
                ],
                "syn_list": [
                  [
                    {
                      "wd": "castrate"
                    },
                    {
                      "wd": "dampen"
                    },
                    {
                      "wd": "deaden"
                    },
                    {
                      "wd": "dehydrate"
                    },
                    {
                      "wd": "desiccate"
                    },
                    {
                      "wd": "devitalize"
                    },
                    {
                      "wd": "enervate"
                    },
                    {
                      "wd": "geld"
                    },
                    {
                      "wd": "lobotomize"
                    },
                    {
                      "wd": "petrify"
                    }
                  ]
                ],
                "rel_list": [
                  [
                    {
                      "wd": "burn out"
                    },
                    {
                      "wd": "debilitate"
                    },
                    {
                      "wd": "do in"
                    },
                    {
                      "wd": "drain"
                    },
                    {
                      "wd": "enfeeble"
                    },
                    {
                      "wd": "exhaust"
                    },
                    {
                      "wd": "fatigue"
                    },
                    {
                      "wd": "sap"
                    },
                    {
                      "wd": "tucker (out)"
                    },
                    {
                      "wd": "undermine"
                    },
                    {
                      "wd": "weaken"
                    },
                    {
                      "wd": "wear"
                    },
                    {
                      "wd": "wear out"
                    }
                  ],
                  [
                    {
                      "wd": "daunt"
                    },
                    {
                      "wd": "demoralize"
                    },
                    {
                      "wd": "discourage"
                    },
                    {
                      "wd": "dishearten"
                    },
                    {
                      "wd": "dispirit"
                    }
                  ]
                ],
                "near_list": [
                  [
                    {
                      "wd": "arouse"
                    },
                    {
                      "wd": "rouse"
                    },
                    {
                      "wd": "stir"
                    }
                  ],
                  [
                    {
                      "wd": "charge"
                    },
                    {
                      "wd": "electrify"
                    },
                    {
                      "wd": "galvanize"
                    }
                  ],
                  [
                    {
                      "wd": "excite"
                    },
                    {
                      "wd": "ferment"
                    },
                    {
                      "wd": "fire"
                    },
                    {
                      "wd": "foment"
                    },
                    {
                      "wd": "incite"
                    },
                    {
                      "wd": "inflame",
                      "wvrs": [
                        {
                          "wvl": "also",
                          "wva": "enflame"
                        }
                      ]
                    },
                    {
                      "wd": "instigate"
                    },
                    {
                      "wd": "kindle"
                    },
                    {
                      "wd": "provoke"
                    },
                    {
                      "wd": "spark"
                    },
                    {
                      "wd": "trigger"
                    },
                    {
                      "wd": "whip (up)"
                    }
                  ],
                  [
                    {
                      "wd": "abet"
                    },
                    {
                      "wd": "boost"
                    },
                    {
                      "wd": "buoy"
                    },
                    {
                      "wd": "cheer"
                    },
                    {
                      "wd": "embolden"
                    },
                    {
                      "wd": "fortify"
                    },
                    {
                      "wd": "hearten"
                    },
                    {
                      "wd": "inspire"
                    },
                    {
                      "wd": "lift"
                    }
                  ],
                  [
                    {
                      "wd": "reactivate"
                    },
                    {
                      "wd": "reanimate"
                    },
                    {
                      "wd": "reawake"
                    },
                    {
                      "wd": "reawaken"
                    },
                    {
                      "wd": "recharge"
                    },
                    {
                      "wd": "reenergize"
                    },
                    {
                      "wd": "refresh"
                    },
                    {
                      "wd": "regenerate"
                    },
                    {
                      "wd": "rejuvenate"
                    },
                    {
                      "wd": "rekindle"
                    },
                    {
                      "wd": "renew"
                    },
                    {
                      "wd": "resurrect"
                    },
                    {
                      "wd": "resuscitate"
                    },
                    {
                      "wd": "revitalize"
                    },
                    {
                      "wd": "revive"
                    }
                  ]
                ],
                "ant_list": [
                  [
                    {
                      "wd": "brace"
                    },
                    {
                      "wd": "energize"
                    },
                    {
                      "wd": "enliven"
                    },
                    {
                      "wd": "invigorate"
                    },
                    {
                      "wd": "quicken"
                    },
                    {
                      "wd": "stimulate"
                    },
                    {
                      "wd": "vitalize"
                    },
                    {
                      "wd": "vivify"
                    }
                  ]
                ]
              }
            ]
          ],
          [
            [
              "sense",
              {
                "sn": "2",
                "dt": [
                  [
                    "text",
                    "to make or become slightly or moderately wet "
                  ],
                  [
                    "vis",
                    [
                      {
                        "t": "{it}damp{/it} the shirt slightly before ironing it"
                      }
                    ]
                  ]
                ],
                "syn_list": [
                  [
                    {
                      "wd": "bedew"
                    },
                    {
                      "wd": "dampen"
                    },
                    {
                      "wd": "moisten"
                    }
                  ]
                ],
                "rel_list": [
                  [
                    {
                      "wd": "bathe"
                    },
                    {
                      "wd": "lave"
                    }
                  ],
                  [
                    {
                      "wd": "douse",
                      "wvrs": [
                        {
                          "wvl": "also",
                          "wva": "dowse"
                        }
                      ]
                    },
                    {
                      "wd": "drench"
                    },
                    {
                      "wd": "impregnate"
                    },
                    {
                      "wd": "saturate"
                    },
                    {
                      "wd": "soak"
                    },
                    {
                      "wd": "souse"
                    },
                    {
                      "wd": "steep"
                    },
                    {
                      "wd": "wash"
                    },
                    {
                      "wd": "water"
                    },
                    {
                      "wd": "wet"
                    }
                  ],
                  [
                    {
                      "wd": "humidify"
                    }
                  ],
                  [
                    {
                      "wd": "dip"
                    },
                    {
                      "wd": "dunk"
                    },
                    {
                      "wd": "immerge"
                    },
                    {
                      "wd": "immerse"
                    }
                  ],
                  [
                    {
                      "wd": "flush"
                    },
                    {
                      "wd": "irrigate"
                    },
                    {
                      "wd": "rinse"
                    },
                    {
                      "wd": "sluice"
                    }
                  ],
                  [
                    {
                      "wd": "refresh"
                    },
                    {
                      "wd": "rehydrate"
                    },
                    {
                      "wd": "remoisten"
                    }
                  ]
                ],
                "near_list": [
                  [
                    {
                      "wd": "dehumidify"
                    },
                    {
                      "wd": "dehydrate"
                    },
                    {
                      "wd": "desiccate"
                    },
                    {
                      "wd": "parch"
                    },
                    {
                      "wd": "scorch"
                    },
                    {
                      "wd": "sear"
                    }
                  ]
                ],
                "ant_list": [
                  [
                    {
                      "wd": "dry"
                    }
                  ]
                ]
              }
            ]
          ],
          [
            [
              "sense",
              {
                "sn": "3",
                "dt": [
                  [
                    "text",
                    "to reduce or weaken in strength or feeling "
                  ],
                  [
                    "vis",
                    [
                      {
                        "t": "nothing seemed to {it}damp{/it} the unwelcome attentions of her suitor"
                      }
                    ]
                  ]
                ],
                "syn_list": [
                  [
                    {
                      "wd": "benumb"
                    },
                    {
                      "wd": "blunt"
                    },
                    {
                      "wd": "cauterize"
                    },
                    {
                      "wd": "dampen"
                    },
                    {
                      "wd": "deaden"
                    },
                    {
                      "wd": "dull"
                    },
                    {
                      "wd": "numb"
                    }
                  ]
                ],
                "rel_list": [
                  [
                    {
                      "wd": "muffle"
                    },
                    {
                      "wd": "mute"
                    },
                    {
                      "wd": "tone (down)"
                    }
                  ],
                  [
                    {
                      "wd": "decrease"
                    },
                    {
                      "wd": "diminish"
                    },
                    {
                      "wd": "lessen"
                    },
                    {
                      "wd": "let up (on)"
                    },
                    {
                      "wd": "lower"
                    },
                    {
                      "wd": "reduce"
                    },
                    {
                      "wd": "subdue"
                    }
                  ],
                  [
                    {
                      "wd": "debilitate"
                    },
                    {
                      "wd": "enfeeble"
                    },
                    {
                      "wd": "weaken"
                    }
                  ],
                  [
                    {
                      "wd": "dwindle"
                    },
                    {
                      "wd": "recede"
                    },
                    {
                      "wd": "subside"
                    },
                    {
                      "wd": "taper (off)"
                    },
                    {
                      "wd": "wane"
                    }
                  ],
                  [
                    {
                      "wd": "alleviate"
                    },
                    {
                      "wd": "ease"
                    },
                    {
                      "wd": "lighten"
                    }
                  ],
                  [
                    {
                      "wd": "abate"
                    },
                    {
                      "wd": "moderate"
                    }
                  ]
                ],
                "near_list": [
                  [
                    {
                      "wd": "amplify"
                    },
                    {
                      "wd": "augment"
                    },
                    {
                      "wd": "beef (up)"
                    },
                    {
                      "wd": "boost"
                    },
                    {
                      "wd": "consolidate"
                    },
                    {
                      "wd": "deepen"
                    },
                    {
                      "wd": "enhance"
                    },
                    {
                      "wd": "heighten"
                    },
                    {
                      "wd": "intensify"
                    },
                    {
                      "wd": "magnify"
                    },
                    {
                      "wd": "redouble"
                    },
                    {
                      "wd": "step up"
                    },
                    {
                      "wd": "strengthen"
                    }
                  ],
                  [
                    {
                      "wd": "animate"
                    },
                    {
                      "wd": "arouse"
                    },
                    {
                      "wd": "stimulate"
                    }
                  ]
                ],
                "ant_list": [
                  [
                    {
                      "wd": "sharpen"
                    },
                    {
                      "wd": "whet"
                    }
                  ]
                ]
              }
            ]
          ]
        ]
      }
    ],
    "shortdef": [
      "to deprive of emotional or intellectual vitality",
      "to make or become slightly or moderately wet",
      "to reduce or weaken in strength or feeling"
    ]
  }
]