[
  {
    "meta": {
      "id": "development",
      "uuid": "f7419bd6-3379-454e-8fe5-7126d5347bb7",
      "src": "coll_thes",
      "section": "alpha",
      "target": {
        "tuuid": "e6271c23-3bf3-4b19-bd4b-bc50a30bbed5",
        "tsrc": "collegiate"
      },
      "stems": [
        "development",
        "developments"
      ],
      "syns": [
        [
          "elaboration",
          "evolution",
          "expansion",
          "growth",
          "progress",
          "progression"
        ],
        [
          "aftereffect",
          "aftermath",
          "backwash",
          "child",
          "conclusion",
          "consequence",
          "corollary",
          "effect",
          "fate",
          "fruit",
          "issue",
          "outcome",
          "outgrowth",
          "precipitate",
          "product",
          "result",
          "resultant",
          "sequel",
          "sequence",
          "upshot"
        ],
        [
          "growth",
          "maturation",
          "maturing",
          "ripening"
        ]
      ],
      "ants": [
        [
          "regress",
          "regression",
          "retrogression",
          "reversion"
        ],
        [
          "antecedent",
          "causation",
          "cause",
          "occasion",
          "reason"
        ]
      ],
      "offensive": false
    },
    "hwi": {
      "hw": "development"
    },
    "fl": "noun",
    "def": [
      {
        "sseq": [
          [
            [
              "sense",
              {
                "sn": "1",
                "dt": [
                  [
                    "text",
                    "the act or process of going from the simple or basic to the complex or advanced "
                  ],
                  [
                    "vis",
                    [
                      {
                        "t": "the {it}development{/it} of an idea into a marketable product"
                      }
                    ]
                  ]
                ],
                "syn_list": [
                  [
                    {
                      "wd": "elaboration"
                    },
                    {
                      "wd": "evolution"
                    },
                    {
                      "wd": "expansion"
                    },
                    {
                      "wd": "growth"
                    },
                    {
                      "wd": "progress"
                    },
                    {
                      "wd": "progression"
                    }
                  ]
                ],
                "rel_list": [
                  [
                    {
                      "wd": "advancement"
                    },
                    {
                      "wd": "betterment"
                    },
                    {
                      "wd": "improvement"
                    },
                    {
                      "wd": "perfection"
                    },
                    {
                      "wd": "refinement"
                    }
                  ],
                  [
                    {
                      "wd": "incubation"
                    },
                    {
                      "wd": "maturation"
                    },
                    {
                      "wd": "maturing"
                    },
                    {
                      "wd": "ripening"
                    }
                  ],
                  [
                    {
                      "wd": "blossoming"
                    },
                    {
                      "wd": "flourishing"
                    },
                    {
                      "wd": "flowering"
                    }
                  ],
                  [
                    {
                      "wd": "addition"
                    },
                    {
                      "wd": "augmentation"
                    },
                    {
                      "wd": "enhancement"
                    },
                    {
                      "wd": "supplementation"
                    }
                  ],
                  [
                    {
                      "wd": "emergence"
                    },
                    {
                      "wd": "evolvement"
                    },
                    {
                      "wd": "metamorphosis"
                    }
                  ]
                ],
                "near_list": [
                  [
                    {
                      "wd": "backslide"
                    },
                    {
                      "wd": "lapse"
                    },
                    {
                      "wd": "relapse"
                    }
                  ],
                  [
                    {
                      "wd": "decadence"
                    },
                    {
                      "wd": "decay"
                    },
                    {
                      "wd": "decaying"
                    },
                    {
                      "wd": "declension"
                    },
                    {
                      "wd": "declination"
                    },
                    {
                      "wd": "decline"
                    },
                    {
                      "wd": "degeneracy"
                    },
                    {
                      "wd": "degeneration"
                    },
                    {
                      "wd": "degradation"
                    },
                    {
                      "wd": "descent"
                    },
                    {
                      "wd": "deterioration"
                    },
                    {
                      "wd": "devaluation"
                    },
                    {
                      "wd": "downfall"
                    },
                    {
                      "wd": "downgrade"
                    },
                    {
                      "wd": "ebbing"
                    },
                    {
                      "wd": "falling"
                    },
                    {
                      "wd": "weakening"
                    }
                  ]
                ],
                "ant_list": [
                  [
                    {
                      "wd": "regress"
                    },
                    {
                      "wd": "regression"
                    },
                    {
                      "wd": "retrogression"
                    },
                    {
                      "wd": "reversion"
                    }
                  ]
                ]
              }
            ]
          ],
          [
            [
              "sense",
              {
                "sn": "2",
                "dt": [
                  [
                    "text",
                    "a condition or occurrence traceable to a cause "
                  ],
                  [
                    "vis",
                    [
                      {
                        "t": "a {it}development{/it} that the writers of the law never anticipated or intended"
                      }
                    ]
                  ]
                ],
                "syn_list": [
                  [
                    {
                      "wd": "aftereffect"
                    },
                    {
                      "wd": "aftermath"
                    },
                    {
                      "wd": "backwash"
                    },
                    {
                      "wd": "child"
                    },
                    {
                      "wd": "conclusion"
                    },
                    {
                      "wd": "consequence"
                    },
                    {
                      "wd": "corollary"
                    },
                    {
                      "wd": "effect"
                    },
                    {
                      "wd": "fate"
                    },
                    {
                      "wd": "fruit"
                    },
                    {
                      "wd": "issue"
                    },
                    {
                      "wd": "outcome"
                    },
                    {
                      "wd": "outgrowth"
                    },
                    {
                      "wd": "precipitate"
                    },
                    {
                      "wd": "product"
                    },
                    {
                      "wd": "result"
                    },
                    {
                      "wd": "resultant"
                    },
                    {
                      "wd": "sequel"
                    },
                    {
                      "wd": "sequence"
                    },
                    {
                      "wd": "upshot"
                    }
                  ]
                ],
                "rel_list": [
                  [
                    {
                      "wd": "ramification"
                    }
                  ],
                  [
                    {
                      "wd": "denouement",
                      "wvrs": [
                        {
                          "wvl": "also",
                          "wva": "d\u00e9nouement"
                        }
                      ]
                    },
                    {
                      "wd": "echo"
                    },
                    {
                      "wd": "implication"
                    },
                    {
                      "wd": "repercussion"
                    }
                  ],
                  [
                    {
                      "wd": "afterclap"
                    },
                    {
                      "wd": "afterglow"
                    },
                    {
                      "wd": "aftershock"
                    }
                  ],
                  [
                    {
                      "wd": "blowback"
                    },
                    {
                      "wd": "by-product"
                    },
                    {
                      "wd": "fallout"
                    },
                    {
                      "wd": "offshoot"
                    },
                    {
                      "wd": "ripple"
                    },
                    {
                      "wd": "side effect",
                      "wvrs": [
                        {
                          "wvl": "also",
                          "wva": "side reaction"
                        }
                      ]
                    },
                    {
                      "wd": "spin-off"
                    }
                  ]
                ],
                "phrase_list": [
                  [
                    {
                      "wd": "matter of course"
                    }
                  ]
                ],
                "near_list": [
                  [
                    {
                      "wd": "consideration"
                    },
                    {
                      "wd": "determinant"
                    },
                    {
                      "wd": "factor"
                    }
                  ],
                  [
                    {
                      "wd": "base"
                    },
                    {
                      "wd": "basis"
                    },
                    {
                      "wd": "foundation"
                    },
                    {
                      "wd": "ground"
                    },
                    {
                      "wd": "groundwork"
                    }
                  ],
                  [
                    {
                      "wd": "impetus"
                    },
                    {
                      "wd": "incentive"
                    },
                    {
                      "wd": "inspiration"
                    },
                    {
                      "wd": "instigation"
                    },
                    {
                      "wd": "stimulus"
                    }
                  ],
                  [
                    {
                      "wd": "mother"
                    },
                    {
                      "wd": "origin"
                    },
                    {
                      "wd": "root"
                    },
                    {
                      "wd": "source"
                    },
                    {
                      "wd": "spring"
                    }
                  ]
                ],
                "ant_list": [
                  [
                    {
                      "wd": "antecedent"
                    },
                    {
                      "wd": "causation"
                    },
                    {
                      "wd": "cause"
                    },
                    {
                      "wd": "occasion"
                    },
                    {
                      "wd": "reason"
                    }
                  ]
                ]
              }
            ]
          ],
          [
            [
              "sense",
              {
                "sn": "3",
                "dt": [
                  [
                    "text",
                    "the process of becoming mature "
                  ],
                  [
                    "vis",
                    [
                      {
                        "t": "a tulip's {it}development{/it} from a bulb into a flower"
                      }
                    ]
                  ]
                ],
                "syn_list": [
                  [
                    {
                      "wd": "growth"
                    },
                    {
                      "wd": "maturation"
                    },
                    {
                      "wd": "maturing"
                    },
                    {
                      "wd": "ripening"
                    }
                  ]
                ],
                "rel_list": [
                  [
                    {
                      "wd": "blossoming"
                    },
                    {
                      "wd": "flourishing"
                    },
                    {
                      "wd": "flowering"
                    }
                  ],
                  [
                    {
                      "wd": "mellowing"
                    },
                    {
                      "wd": "softening"
                    }
                  ],
                  [
                    {
                      "wd": "evolution"
                    },
                    {
                      "wd": "evolvement"
                    },
                    {
                      "wd": "expansion"
                    },
                    {
                      "wd": "progression"
                    }
                  ],
                  [
                    {
                      "wd": "coming-of-age"
                    },
                    {
                      "wd": "maturity"
                    }
                  ]
                ],
                "near_list": [
                  [
                    {
                      "wd": "decadence"
                    },
                    {
                      "wd": "decay"
                    },
                    {
                      "wd": "decaying"
                    },
                    {
                      "wd": "declension"
                    },
                    {
                      "wd": "decline"
                    },
                    {
                      "wd": "declining"
                    },
                    {
                      "wd": "degeneration"
                    },
                    {
                      "wd": "descent"
                    },
                    {
                      "wd": "deterioration"
                    }
                  ],
                  [
                    {
                      "wd": "ebbing"
                    },
                    {
                      "wd": "fading"
                    },
                    {
                      "wd": "shriveling",
                      "wvrs": [
                        {
                          "wvl": "or",
                          "wva": "shrivelling"
                        }
                      ]
                    },
                    {
                      "wd": "waning"
                    },
                    {
                      "wd": "wilting"
                    },
                    {
                      "wd": "withering"
                    }
                  ],
                  [
                    {
                      "wd": "death"
                    },
                    {
                      "wd": "decease"
                    },
                    {
                      "wd": "demise"
                    },
                    {
                      "wd": "dying"
                    },
                    {
                      "wd": "end"
                    },
                    {
                      "wd": "exit"
                    },
                    {
                      "wd": "expiration"
                    },
                    {
                      "wd": "expiring"
                    },
                    {
                      "wd": "expiry"
                    },
                    {
                      "wd": "perishing"
                    }
                  ],
                  [
                    {
                      "wd": "regression"
                    },
                    {
                      "wd": "retrogression"
                    },
                    {
                      "wd": "reversion"
                    }
                  ]
                ]
              }
            ]
          ]
        ]
      }
    ],
    "shortdef": [
      "the act or process of going from the simple or basic to the complex or advanced",
      "a condition or occurrence traceable to a cause",
      "the process of becoming mature"
    ]
  }
]