[
  {
    "meta": {
      "id": "diversity",
      "uuid": "d0787476-1c85-48b8-afa2-b06322b3d7cc",
      "src": "coll_thes",
      "section": "alpha",
      "target": {
        "tuuid": "2350bbaf-b06a-4eb0-ba22-38b6628e76d0",
        "tsrc": "collegiate"
      },
      "stems": [
        "diversity",
        "diversities"
      ],
      "syns": [
        [
          "assortment",
          "diverseness",
          "heterogeneity",
          "heterogeneousness",
          "manifoldness",
          "miscellaneousness",
          "multifariousness",
          "multiplicity",
          "variety",
          "variousness"
        ],
        [
          "contrast",
          "difference",
          "disagreement",
          "discrepancy",
          "disparateness",
          "disparity",
          "dissimilarity",
          "dissimilitude",
          "distance",
          "distinction",
          "distinctiveness",
          "distinctness",
          "diverseness",
          "otherness",
          "unlikeness"
        ]
      ],
      "ants": [
        [
          "alikeness",
          "analogousness",
          "analogy",
          "community",
          "likeness",
          "resemblance",
          "sameness",
          "similarity"
        ]
      ],
      "offensive": false
    },
    "hwi": {
      "hw": "diversity"
    },
    "fl": "noun",
    "def": [
      {
        "sseq": [
          [
            [
              "sense",
              {
                "sn": "1",
                "dt": [
                  [
                    "text",
                    "the quality or state of being composed of many different elements or types "
                  ],
                  [
                    "vis",
                    [
                      {
                        "t": "the {it}diversity{/it} of plant life on that tropical island is staggering"
                      }
                    ]
                  ]
                ],
                "syn_list": [
                  [
                    {
                      "wd": "assortment"
                    },
                    {
                      "wd": "diverseness"
                    },
                    {
                      "wd": "heterogeneity"
                    },
                    {
                      "wd": "heterogeneousness"
                    },
                    {
                      "wd": "manifoldness"
                    },
                    {
                      "wd": "miscellaneousness"
                    },
                    {
                      "wd": "multifariousness"
                    },
                    {
                      "wd": "multiplicity"
                    },
                    {
                      "wd": "variety"
                    },
                    {
                      "wd": "variousness"
                    }
                  ]
                ],
                "rel_list": [
                  [
                    {
                      "wd": "disparateness"
                    },
                    {
                      "wd": "disparity"
                    },
                    {
                      "wd": "dissimilarity"
                    },
                    {
                      "wd": "distinction"
                    },
                    {
                      "wd": "distinctiveness"
                    },
                    {
                      "wd": "distinctness"
                    },
                    {
                      "wd": "otherness"
                    },
                    {
                      "wd": "unlikeness"
                    }
                  ]
                ],
                "near_list": [
                  [
                    {
                      "wd": "homogeneity"
                    },
                    {
                      "wd": "homogeneousness"
                    },
                    {
                      "wd": "likeness"
                    },
                    {
                      "wd": "sameness"
                    },
                    {
                      "wd": "similarity"
                    }
                  ],
                  [
                    {
                      "wd": "fewness"
                    },
                    {
                      "wd": "paucity"
                    }
                  ]
                ]
              }
            ]
          ],
          [
            [
              "sense",
              {
                "sn": "2",
                "dt": [
                  [
                    "text",
                    "the quality or state of being different "
                  ],
                  [
                    "vis",
                    [
                      {
                        "t": "there's considerable {it}diversity{/it} in the platforms for the two major parties"
                      }
                    ]
                  ]
                ],
                "syn_list": [
                  [
                    {
                      "wd": "contrast"
                    },
                    {
                      "wd": "difference"
                    },
                    {
                      "wd": "disagreement"
                    },
                    {
                      "wd": "discrepancy"
                    },
                    {
                      "wd": "disparateness"
                    },
                    {
                      "wd": "disparity"
                    },
                    {
                      "wd": "dissimilarity"
                    },
                    {
                      "wd": "dissimilitude"
                    },
                    {
                      "wd": "distance"
                    },
                    {
                      "wd": "distinction"
                    },
                    {
                      "wd": "distinctiveness"
                    },
                    {
                      "wd": "distinctness"
                    },
                    {
                      "wd": "diverseness"
                    },
                    {
                      "wd": "otherness"
                    },
                    {
                      "wd": "unlikeness"
                    }
                  ]
                ],
                "rel_list": [
                  [
                    {
                      "wd": "deviance"
                    },
                    {
                      "wd": "divergence"
                    }
                  ],
                  [
                    {
                      "wd": "differentiability"
                    },
                    {
                      "wd": "discriminability"
                    },
                    {
                      "wd": "distinguishability"
                    }
                  ],
                  [
                    {
                      "wd": "change"
                    },
                    {
                      "wd": "modification"
                    },
                    {
                      "wd": "variation"
                    }
                  ],
                  [
                    {
                      "wd": "conflict"
                    },
                    {
                      "wd": "discord"
                    },
                    {
                      "wd": "discordance"
                    },
                    {
                      "wd": "dissension",
                      "wvrs": [
                        {
                          "wvl": "also",
                          "wva": "dissention"
                        }
                      ]
                    },
                    {
                      "wd": "dissent"
                    },
                    {
                      "wd": "dissidence"
                    },
                    {
                      "wd": "disunity"
                    },
                    {
                      "wd": "friction"
                    },
                    {
                      "wd": "strife"
                    }
                  ],
                  [
                    {
                      "wd": "variability"
                    },
                    {
                      "wd": "variance"
                    }
                  ],
                  [
                    {
                      "wd": "anomalousness"
                    },
                    {
                      "wd": "dichotomy"
                    },
                    {
                      "wd": "incompatibility"
                    },
                    {
                      "wd": "incongruence"
                    },
                    {
                      "wd": "incongruity"
                    },
                    {
                      "wd": "incongruousness"
                    },
                    {
                      "wd": "nonconformity"
                    }
                  ],
                  [
                    {
                      "wd": "disproportion"
                    },
                    {
                      "wd": "imbalance"
                    },
                    {
                      "wd": "inequality"
                    },
                    {
                      "wd": "nonequivalence"
                    }
                  ]
                ],
                "near_list": [
                  [
                    {
                      "wd": "identicalness"
                    },
                    {
                      "wd": "identity"
                    }
                  ],
                  [
                    {
                      "wd": "accordance"
                    },
                    {
                      "wd": "agreement"
                    },
                    {
                      "wd": "conformity"
                    },
                    {
                      "wd": "congruity"
                    },
                    {
                      "wd": "correspondence"
                    },
                    {
                      "wd": "parallelism"
                    },
                    {
                      "wd": "similitude"
                    }
                  ],
                  [
                    {
                      "wd": "equality"
                    },
                    {
                      "wd": "equivalence"
                    },
                    {
                      "wd": "equivalency"
                    }
                  ],
                  [
                    {
                      "wd": "homogeneity"
                    },
                    {
                      "wd": "homogeneousness"
                    },
                    {
                      "wd": "uniformity"
                    }
                  ]
                ],
                "ant_list": [
                  [
                    {
                      "wd": "alikeness"
                    },
                    {
                      "wd": "analogousness"
                    },
                    {
                      "wd": "analogy"
                    },
                    {
                      "wd": "community"
                    },
                    {
                      "wd": "likeness"
                    },
                    {
                      "wd": "resemblance"
                    },
                    {
                      "wd": "sameness"
                    },
                    {
                      "wd": "similarity"
                    }
                  ]
                ]
              }
            ]
          ]
        ]
      }
    ],
    "shortdef": [
      "the quality or state of being composed of many different elements or types",
      "the quality or state of being different"
    ]
  }
]