[
  {
    "meta": {
      "id": "dominant",
      "uuid": "f1533d3e-8fc5-4e5b-bec9-e67258c8b061",
      "src": "coll_thes",
      "section": "alpha",
      "target": {
        "tuuid": "e6d81073-226f-44e8-8dda-1130c9c492c3",
        "tsrc": "collegiate"
      },
      "stems": [
        "dominant",
        "dominantly"
      ],
      "syns": [
        [
          "arch",
          "big",
          "capital",
          "cardinal",
          "central",
          "chief",
          "first",
          "foremost",
          "grand",
          "great",
          "greatest",
          "highest",
          "key",
          "leading",
          "main",
          "master",
          "number one",
          "numero uno",
          "overbearing",
          "overmastering",
          "overriding",
          "paramount",
          "predominant",
          "preeminent",
          "premier",
          "primal",
          "primary",
          "principal",
          "prior",
          "sovereign",
          "supreme"
        ]
      ],
      "ants": [
        [
          "last",
          "least"
        ]
      ],
      "offensive": false
    },
    "hwi": {
      "hw": "dominant"
    },
    "fl": "adjective",
    "def": [
      {
        "sseq": [
          [
            [
              "sense",
              {
                "dt": [
                  [
                    "text",
                    "coming before all others in importance "
                  ],
                  [
                    "vis",
                    [
                      {
                        "t": "the {it}dominant{/it} authority on the English language"
                      }
                    ]
                  ]
                ],
                "syn_list": [
                  [
                    {
                      "wd": "arch"
                    },
                    {
                      "wd": "big"
                    },
                    {
                      "wd": "capital"
                    },
                    {
                      "wd": "cardinal"
                    },
                    {
                      "wd": "central"
                    },
                    {
                      "wd": "chief"
                    },
                    {
                      "wd": "first"
                    },
                    {
                      "wd": "foremost"
                    },
                    {
                      "wd": "grand"
                    },
                    {
                      "wd": "great"
                    },
                    {
                      "wd": "greatest"
                    },
                    {
                      "wd": "highest"
                    },
                    {
                      "wd": "key"
                    },
                    {
                      "wd": "leading"
                    },
                    {
                      "wd": "main"
                    },
                    {
                      "wd": "master"
                    },
                    {
                      "wd": "number one",
                      "wvrs": [
                        {
                          "wvl": "also",
                          "wva": "No. 1"
                        }
                      ]
                    },
                    {
                      "wd": "numero uno"
                    },
                    {
                      "wd": "overbearing"
                    },
                    {
                      "wd": "overmastering"
                    },
                    {
                      "wd": "overriding"
                    },
                    {
                      "wd": "paramount"
                    },
                    {
                      "wd": "predominant"
                    },
                    {
                      "wd": "preeminent"
                    },
                    {
                      "wd": "premier"
                    },
                    {
                      "wd": "primal"
                    },
                    {
                      "wd": "primary"
                    },
                    {
                      "wd": "principal"
                    },
                    {
                      "wd": "prior"
                    },
                    {
                      "wd": "sovereign",
                      "wvrs": [
                        {
                          "wvl": "also",
                          "wva": "sovran"
                        }
                      ]
                    },
                    {
                      "wd": "supreme"
                    }
                  ]
                ],
                "rel_list": [
                  [
                    {
                      "wd": "distinguished"
                    },
                    {
                      "wd": "eminent"
                    },
                    {
                      "wd": "illustrious"
                    },
                    {
                      "wd": "noble"
                    },
                    {
                      "wd": "notable"
                    },
                    {
                      "wd": "noteworthy"
                    },
                    {
                      "wd": "outstanding"
                    },
                    {
                      "wd": "prestigious"
                    },
                    {
                      "wd": "signal"
                    },
                    {
                      "wd": "star"
                    },
                    {
                      "wd": "stellar"
                    },
                    {
                      "wd": "superior"
                    }
                  ],
                  [
                    {
                      "wd": "high-level"
                    },
                    {
                      "wd": "senior"
                    },
                    {
                      "wd": "top"
                    }
                  ],
                  [
                    {
                      "wd": "important"
                    },
                    {
                      "wd": "influential"
                    },
                    {
                      "wd": "major"
                    },
                    {
                      "wd": "mighty"
                    },
                    {
                      "wd": "momentous"
                    },
                    {
                      "wd": "significant"
                    }
                  ],
                  [
                    {
                      "wd": "incomparable"
                    },
                    {
                      "wd": "matchless"
                    },
                    {
                      "wd": "unequaled",
                      "wvrs": [
                        {
                          "wvl": "or",
                          "wva": "unequalled"
                        }
                      ]
                    },
                    {
                      "wd": "unparalleled"
                    },
                    {
                      "wd": "unsurpassed"
                    }
                  ],
                  [
                    {
                      "wd": "celebrated"
                    },
                    {
                      "wd": "famed"
                    },
                    {
                      "wd": "famous"
                    },
                    {
                      "wd": "renowned"
                    }
                  ]
                ],
                "near_list": [
                  [
                    {
                      "wd": "inconsequential"
                    },
                    {
                      "wd": "inconsiderable"
                    },
                    {
                      "wd": "insignificant"
                    },
                    {
                      "wd": "minor"
                    },
                    {
                      "wd": "negligible"
                    },
                    {
                      "wd": "slight"
                    },
                    {
                      "wd": "trifling"
                    },
                    {
                      "wd": "trivial"
                    },
                    {
                      "wd": "unimportant"
                    }
                  ],
                  [
                    {
                      "wd": "collateral"
                    },
                    {
                      "wd": "inferior"
                    },
                    {
                      "wd": "secondary"
                    },
                    {
                      "wd": "subordinate"
                    },
                    {
                      "wd": "subsidiary"
                    }
                  ]
                ],
                "ant_list": [
                  [
                    {
                      "wd": "last"
                    },
                    {
                      "wd": "least"
                    }
                  ]
                ]
              }
            ]
          ]
        ]
      }
    ],
    "shortdef": [
      "coming before all others in importance"
    ]
  }
]