[
  {
    "meta": {
      "id": "earthquakes",
      "uuid": "22f02788-7724-4146-bcd4-b4e49b6e835b",
      "src": "coll_thes",
      "section": "alpha",
      "stems": [
        "earthquakes"
      ],
      "syns": [
        [
          "quakes",
          "shakes",
          "temblors",
          "tremors"
        ],
        [
          "bouleversements",
          "cataclysms",
          "convulsions",
          "paroxysms",
          "storms",
          "tempests",
          "tumults",
          "upheavals",
          "uproars"
        ]
      ],
      "ants": [],
      "offensive": false
    },
    "hwi": {
      "hw": "earthquakes"
    },
    "fl": "noun",
    "sls": [
      "plural of {d_link|earthquake|earthquake}"
    ],
    "def": [
      {
        "sseq": [
          [
            [
              "sense",
              {
                "sn": "1",
                "dt": [
                  [
                    "text",
                    "a shaking of the earth "
                  ],
                  [
                    "vis",
                    [
                      {
                        "t": "the San Andreas Fault is notorious for its {it}earthquakes{/it}"
                      }
                    ]
                  ]
                ],
                "syn_list": [
                  [
                    {
                      "wd": "quakes"
                    },
                    {
                      "wd": "shakes"
                    },
                    {
                      "wd": "temblors"
                    },
                    {
                      "wd": "tremors"
                    }
                  ]
                ],
                "rel_list": [
                  [
                    {
                      "wd": "aftershocks"
                    },
                    {
                      "wd": "foreshocks"
                    },
                    {
                      "wd": "shocks"
                    }
                  ],
                  [
                    {
                      "wd": "cataclysms"
                    },
                    {
                      "wd": "convulsions"
                    },
                    {
                      "wd": "upheavals"
                    }
                  ],
                  [
                    {
                      "wd": "microearthquakes"
                    },
                    {
                      "wd": "microseisms"
                    },
                    {
                      "wd": "seaquakes"
                    }
                  ]
                ]
              }
            ]
          ],
          [
            [
              "sense",
              {
                "sn": "2",
                "dt": [
                  [
                    "text",
                    "a violent disturbance (as of the political or social order) "
                  ],
                  [
                    "vis",
                    [
                      {
                        "t": "the election of the socialist candidate caused a political {it}earthquake{/it} that nearly led to a military coup"
                      }
                    ]
                  ]
                ],
                "syn_list": [
                  [
                    {
                      "wd": "bouleversements"
                    },
                    {
                      "wd": "cataclysms"
                    },
                    {
                      "wd": "convulsions"
                    },
                    {
                      "wd": "paroxysms"
                    },
                    {
                      "wd": "storms"
                    },
                    {
                      "wd": "tempests"
                    },
                    {
                      "wd": "tumults"
                    },
                    {
                      "wd": "upheavals"
                    },
                    {
                      "wd": "uproars"
                    }
                  ]
                ],
                "rel_list": [
                  [
                    {
                      "wd": "insurgencies"
                    },
                    {
                      "wd": "insurrections"
                    },
                    {
                      "wd": "mutinies"
                    },
                    {
                      "wd": "overthrows"
                    },
                    {
                      "wd": "overturns"
                    },
                    {
                      "wd": "rebellions"
                    },
                    {
                      "wd": "revolts"
                    },
                    {
                      "wd": "revolutions"
                    },
                    {
                      "wd": "subversions"
                    },
                    {
                      "wd": "uprisings"
                    },
                    {
                      "wd": "upsets"
                    }
                  ],
                  [
                    {
                      "wd": "fits"
                    },
                    {
                      "wd": "seizures"
                    },
                    {
                      "wd": "spasms"
                    }
                  ],
                  [
                    {
                      "wd": "eruptions"
                    },
                    {
                      "wd": "flare-ups"
                    },
                    {
                      "wd": "outbreaks"
                    },
                    {
                      "wd": "outbursts"
                    }
                  ],
                  [
                    {
                      "wd": "bluster"
                    },
                    {
                      "wd": "bobberies"
                    },
                    {
                      "wd": "bustles"
                    },
                    {
                      "wd": "coils"
                    },
                    {
                      "wd": "commotions"
                    },
                    {
                      "wd": "furores"
                    },
                    {
                      "wd": "furors"
                    },
                    {
                      "wd": "fusses"
                    },
                    {
                      "wd": "hubbubs"
                    },
                    {
                      "wd": "hullabaloos"
                    },
                    {
                      "wd": "hurly-burlies"
                    },
                    {
                      "wd": "pandemoniums"
                    },
                    {
                      "wd": "routs"
                    },
                    {
                      "wd": "rows"
                    },
                    {
                      "wd": "ruckuses"
                    },
                    {
                      "wd": "ructions"
                    },
                    {
                      "wd": "rumpuses"
                    },
                    {
                      "wd": "shindys",
                      "wvrs": [
                        {
                          "wvl": "or",
                          "wva": "shindies"
                        }
                      ]
                    },
                    {
                      "wd": "squalls"
                    },
                    {
                      "wd": "stews"
                    },
                    {
                      "wd": "stirs"
                    },
                    {
                      "wd": "to-dos"
                    },
                    {
                      "wd": "turmoils"
                    },
                    {
                      "wd": "welters"
                    },
                    {
                      "wd": "williwaws"
                    }
                  ]
                ]
              }
            ]
          ]
        ]
      }
    ],
    "shortdef": [
      "a shaking of the earth",
      "a violent disturbance (as of the political or social order)"
    ]
  },
  {
    "meta": {
      "id": "earthquake",
      "uuid": "5f9f9fe0-f9b9-469a-8dbc-758b4daf1149",
      "src": "coll_thes",
      "section": "alpha",
      "target": {
        "tuuid": "bc7516c9-e060-402a-953b-96d8769e5553",
        "tsrc": "collegiate"
      },
      "stems": [
        "earthquake",
        "earthquakes"
      ],
      "syns": [
        [
          "quake",
          "shake",
          "temblor",
          "tremor"
        ],
        [
          "bouleversement",
          "cataclysm",
          "convulsion",
          "paroxysm",
          "storm",
          "tempest",
          "tumult",
          "upheaval",
          "uproar"
        ]
      ],
      "ants": [],
      "offensive": false
    },
    "hwi": {
      "hw": "earthquake"
    },
    "fl": "noun",
    "def": [
      {
        "sseq": [
          [
            [
              "sense",
              {
                "sn": "1",
                "dt": [
                  [
                    "text",
                    "a shaking of the earth "
                  ],
                  [
                    "vis",
                    [
                      {
                        "t": "the San Andreas Fault is notorious for its {it}earthquakes{/it}"
                      }
                    ]
                  ]
                ],
                "syn_list": [
                  [
                    {
                      "wd": "quake"
                    },
                    {
                      "wd": "shake"
                    },
                    {
                      "wd": "temblor"
                    },
                    {
                      "wd": "tremor"
                    }
                  ]
                ],
                "rel_list": [
                  [
                    {
                      "wd": "aftershock"
                    },
                    {
                      "wd": "foreshock"
                    },
                    {
                      "wd": "shock"
                    }
                  ],
                  [
                    {
                      "wd": "cataclysm"
                    },
                    {
                      "wd": "convulsion"
                    },
                    {
                      "wd": "upheaval"
                    }
                  ],
                  [
                    {
                      "wd": "microearthquake"
                    },
                    {
                      "wd": "microseism"
                    },
                    {
                      "wd": "seaquake"
                    }
                  ]
                ]
              }
            ]
          ],
          [
            [
              "sense",
              {
                "sn": "2",
                "dt": [
                  [
                    "text",
                    "a violent disturbance (as of the political or social order) "
                  ],
                  [
                    "vis",
                    [
                      {
                        "t": "the election of the socialist candidate caused a political {it}earthquake{/it} that nearly led to a military coup"
                      }
                    ]
                  ]
                ],
                "syn_list": [
                  [
                    {
                      "wd": "bouleversement"
                    },
                    {
                      "wd": "cataclysm"
                    },
                    {
                      "wd": "convulsion"
                    },
                    {
                      "wd": "paroxysm"
                    },
                    {
                      "wd": "storm"
                    },
                    {
                      "wd": "tempest"
                    },
                    {
                      "wd": "tumult"
                    },
                    {
                      "wd": "upheaval"
                    },
                    {
                      "wd": "uproar"
                    }
                  ]
                ],
                "rel_list": [
                  [
                    {
                      "wd": "insurgency"
                    },
                    {
                      "wd": "insurrection"
                    },
                    {
                      "wd": "mutiny"
                    },
                    {
                      "wd": "overthrow"
                    },
                    {
                      "wd": "overturn"
                    },
                    {
                      "wd": "rebellion"
                    },
                    {
                      "wd": "revolt"
                    },
                    {
                      "wd": "revolution"
                    },
                    {
                      "wd": "subversion"
                    },
                    {
                      "wd": "unrest"
                    },
                    {
                      "wd": "uprising"
                    },
                    {
                      "wd": "upset"
                    }
                  ],
                  [
                    {
                      "wd": "fit"
                    },
                    {
                      "wd": "seizure"
                    },
                    {
                      "wd": "spasm"
                    }
                  ],
                  [
                    {
                      "wd": "eruption"
                    },
                    {
                      "wd": "flare-up"
                    },
                    {
                      "wd": "outbreak"
                    },
                    {
                      "wd": "outburst"
                    }
                  ],
                  [
                    {
                      "wd": "bluster"
                    },
                    {
                      "wd": "bobbery"
                    },
                    {
                      "wd": "bustle"
                    },
                    {
                      "wd": "coil"
                    },
                    {
                      "wd": "commotion"
                    },
                    {
                      "wd": "furor"
                    },
                    {
                      "wd": "furore"
                    },
                    {
                      "wd": "fuss"
                    },
                    {
                      "wd": "hubbub"
                    },
                    {
                      "wd": "hullabaloo"
                    },
                    {
                      "wd": "hurly-burly"
                    },
                    {
                      "wd": "pandemonium"
                    },
                    {
                      "wd": "rout"
                    },
                    {
                      "wd": "row"
                    },
                    {
                      "wd": "ruckus"
                    },
                    {
                      "wd": "ruction"
                    },
                    {
                      "wd": "rumpus"
                    },
                    {
                      "wd": "shindy"
                    },
                    {
                      "wd": "squall"
                    },
                    {
                      "wd": "stew"
                    },
                    {
                      "wd": "stir"
                    },
                    {
                      "wd": "to-do"
                    },
                    {
                      "wd": "turmoil"
                    },
                    {
                      "wd": "welter"
                    },
                    {
                      "wd": "williwaw"
                    }
                  ],
                  [
                    {
                      "wd": "quaking"
                    },
                    {
                      "wd": "rocking"
                    },
                    {
                      "wd": "shaking"
                    },
                    {
                      "wd": "trembling"
                    }
                  ]
                ]
              }
            ]
          ]
        ]
      }
    ],
    "shortdef": [
      "a shaking of the earth",
      "a violent disturbance (as of the political or social order)"
    ]
  }
]