[
  {
    "meta": {
      "id": "economic",
      "uuid": "46e8c499-d0d6-4982-a55c-4a8a8606f9f1",
      "src": "coll_thes",
      "section": "alpha",
      "target": {
        "tuuid": "958ff9c7-6a0b-43c5-bf40-d28c18bbf7ba",
        "tsrc": "collegiate"
      },
      "stems": [
        "economic"
      ],
      "syns": [
        [
          "fat",
          "gainful",
          "juicy",
          "lucrative",
          "money-spinning",
          "moneymaking",
          "paying",
          "profitable",
          "remunerative"
        ]
      ],
      "ants": [
        [
          "unprofitable"
        ]
      ],
      "offensive": false
    },
    "hwi": {
      "hw": "economic"
    },
    "fl": "adjective",
    "def": [
      {
        "sseq": [
          [
            [
              "sense",
              {
                "dt": [
                  [
                    "text",
                    "yielding a profit "
                  ],
                  [
                    "vis",
                    [
                      {
                        "t": "unfortunately, raising employees' salaries would not be {it}economic{/it}\u2014the business would have to fold"
                      }
                    ]
                  ]
                ],
                "syn_list": [
                  [
                    {
                      "wd": "fat"
                    },
                    {
                      "wd": "gainful"
                    },
                    {
                      "wd": "juicy"
                    },
                    {
                      "wd": "lucrative"
                    },
                    {
                      "wd": "money-spinning",
                      "wsls": [
                        "chiefly British"
                      ]
                    },
                    {
                      "wd": "moneymaking"
                    },
                    {
                      "wd": "paying"
                    },
                    {
                      "wd": "profitable"
                    },
                    {
                      "wd": "remunerative"
                    }
                  ]
                ],
                "rel_list": [
                  [
                    {
                      "wd": "advantageous"
                    },
                    {
                      "wd": "beneficial"
                    },
                    {
                      "wd": "favorable"
                    },
                    {
                      "wd": "rewarding"
                    },
                    {
                      "wd": "useful"
                    },
                    {
                      "wd": "worthwhile"
                    }
                  ],
                  [
                    {
                      "wd": "bankable"
                    }
                  ]
                ],
                "near_list": [
                  [
                    {
                      "wd": "disadvantageous"
                    },
                    {
                      "wd": "unfavorable"
                    }
                  ]
                ],
                "ant_list": [
                  [
                    {
                      "wd": "unprofitable"
                    }
                  ]
                ]
              }
            ]
          ]
        ]
      }
    ],
    "shortdef": [
      "yielding a profit"
    ]
  },
  {
    "meta": {
      "id": "economical",
      "uuid": "17693b94-cd58-436d-9624-127c20fbc638",
      "src": "coll_thes",
      "section": "alpha",
      "target": {
        "tuuid": "3c104bd4-54f2-4482-bb15-cf72362b9da9",
        "tsrc": "collegiate"
      },
      "stems": [
        "economical",
        "economic"
      ],
      "syns": [
        [
          "economizing",
          "frugal",
          "provident",
          "scrimping",
          "sparing",
          "thrifty"
        ]
      ],
      "ants": [
        [
          "prodigal",
          "profligate",
          "spendthrift",
          "squandering",
          "thriftless",
          "unthrifty",
          "wasteful"
        ]
      ],
      "offensive": false
    },
    "hwi": {
      "hw": "economical"
    },
    "fl": "adjective",
    "def": [
      {
        "sseq": [
          [
            [
              "sense",
              {
                "dt": [
                  [
                    "text",
                    "careful in the management of money or resources "
                  ],
                  [
                    "vis",
                    [
                      {
                        "t": "we have to be {it}economical{/it} in our use of the camp's limited supply of electricity"
                      }
                    ]
                  ]
                ],
                "syn_list": [
                  [
                    {
                      "wd": "economizing"
                    },
                    {
                      "wd": "frugal"
                    },
                    {
                      "wd": "provident"
                    },
                    {
                      "wd": "scrimping"
                    },
                    {
                      "wd": "sparing"
                    },
                    {
                      "wd": "thrifty"
                    }
                  ]
                ],
                "rel_list": [
                  [
                    {
                      "wd": "conserving"
                    },
                    {
                      "wd": "preserving"
                    },
                    {
                      "wd": "saving"
                    }
                  ],
                  [
                    {
                      "wd": "forehanded"
                    },
                    {
                      "wd": "foresighted"
                    },
                    {
                      "wd": "foresightful"
                    },
                    {
                      "wd": "prudent"
                    }
                  ],
                  [
                    {
                      "wd": "penny-wise"
                    }
                  ],
                  [
                    {
                      "wd": "cheap"
                    },
                    {
                      "wd": "close"
                    },
                    {
                      "wd": "closefisted"
                    },
                    {
                      "wd": "mean"
                    },
                    {
                      "wd": "miserly"
                    },
                    {
                      "wd": "niggard"
                    },
                    {
                      "wd": "niggardly"
                    },
                    {
                      "wd": "parsimonious"
                    },
                    {
                      "wd": "penny-pinching"
                    },
                    {
                      "wd": "penurious"
                    },
                    {
                      "wd": "pinching"
                    },
                    {
                      "wd": "spare"
                    },
                    {
                      "wd": "stingy"
                    },
                    {
                      "wd": "stinting"
                    },
                    {
                      "wd": "tight"
                    },
                    {
                      "wd": "tightfisted"
                    }
                  ]
                ],
                "near_list": [
                  [
                    {
                      "wd": "improvident"
                    },
                    {
                      "wd": "shortsighted"
                    }
                  ],
                  [
                    {
                      "wd": "bountiful"
                    },
                    {
                      "wd": "charitable"
                    },
                    {
                      "wd": "freehanded"
                    },
                    {
                      "wd": "generous"
                    },
                    {
                      "wd": "liberal"
                    },
                    {
                      "wd": "munificent"
                    },
                    {
                      "wd": "openhanded"
                    },
                    {
                      "wd": "unselfish"
                    },
                    {
                      "wd": "unsparing"
                    }
                  ],
                  [
                    {
                      "wd": "extravagant"
                    },
                    {
                      "wd": "indulgent"
                    },
                    {
                      "wd": "lavish"
                    }
                  ]
                ],
                "ant_list": [
                  [
                    {
                      "wd": "prodigal"
                    },
                    {
                      "wd": "profligate"
                    },
                    {
                      "wd": "spendthrift"
                    },
                    {
                      "wd": "squandering"
                    },
                    {
                      "wd": "thriftless"
                    },
                    {
                      "wd": "unthrifty"
                    },
                    {
                      "wd": "wasteful"
                    }
                  ]
                ]
              }
            ]
          ]
        ]
      }
    ],
    "shortdef": [
      "careful in the management of money or resources"
    ]
  }
]