[
  {
    "meta": {
      "id": "effect",
      "uuid": "d9b0eae9-8e77-442c-82b9-d84c04147689",
      "src": "coll_thes",
      "section": "alpha",
      "target": {
        "tuuid": "d9ddf6a4-0980-40db-8bae-11a49a8ced31",
        "tsrc": "collegiate"
      },
      "stems": [
        "effect",
        "effects",
        "in effect",
        "to the effect"
      ],
      "syns": [
        [
          "aftereffect",
          "aftermath",
          "backwash",
          "child",
          "conclusion",
          "consequence",
          "corollary",
          "development",
          "fate",
          "fruit",
          "issue",
          "outcome",
          "outgrowth",
          "precipitate",
          "product",
          "result",
          "resultant",
          "sequel",
          "sequence",
          "upshot"
        ],
        [
          "impact",
          "influence",
          "mark",
          "repercussion",
          "sway"
        ],
        [
          "belongings",
          "chattels",
          "duds",
          "gear",
          "goods",
          "holdings",
          "movables",
          "paraphernalia",
          "personal effects",
          "personal property",
          "personalty",
          "plunder",
          "possession",
          "stuff",
          "things"
        ]
      ],
      "ants": [
        [
          "antecedent",
          "causation",
          "cause",
          "occasion",
          "reason"
        ]
      ],
      "offensive": false
    },
    "hwi": {
      "hw": "effect"
    },
    "fl": "noun",
    "def": [
      {
        "sseq": [
          [
            [
              "sense",
              {
                "sn": "1",
                "dt": [
                  [
                    "text",
                    "a condition or occurrence traceable to a cause "
                  ],
                  [
                    "vis",
                    [
                      {
                        "t": "better health is always one of the {it}effects{/it} of improved hygiene"
                      }
                    ]
                  ]
                ],
                "syn_list": [
                  [
                    {
                      "wd": "aftereffect"
                    },
                    {
                      "wd": "aftermath"
                    },
                    {
                      "wd": "backwash"
                    },
                    {
                      "wd": "child"
                    },
                    {
                      "wd": "conclusion"
                    },
                    {
                      "wd": "consequence"
                    },
                    {
                      "wd": "corollary"
                    },
                    {
                      "wd": "development"
                    },
                    {
                      "wd": "fate"
                    },
                    {
                      "wd": "fruit"
                    },
                    {
                      "wd": "issue"
                    },
                    {
                      "wd": "outcome"
                    },
                    {
                      "wd": "outgrowth"
                    },
                    {
                      "wd": "precipitate"
                    },
                    {
                      "wd": "product"
                    },
                    {
                      "wd": "result"
                    },
                    {
                      "wd": "resultant"
                    },
                    {
                      "wd": "sequel"
                    },
                    {
                      "wd": "sequence"
                    },
                    {
                      "wd": "upshot"
                    }
                  ]
                ],
                "rel_list": [
                  [
                    {
                      "wd": "ramification"
                    }
                  ],
                  [
                    {
                      "wd": "denouement",
                      "wvrs": [
                        {
                          "wvl": "also",
                          "wva": "d\u00e9nouement"
                        }
                      ]
                    },
                    {
                      "wd": "echo"
                    },
                    {
                      "wd": "implication"
                    },
                    {
                      "wd": "repercussion"
                    }
                  ],
                  [
                    {
                      "wd": "afterclap"
                    },
                    {
                      "wd": "afterglow"
                    },
                    {
                      "wd": "aftershock"
                    }
                  ],
                  [
                    {
                      "wd": "blowback"
                    },
                    {
                      "wd": "by-product"
                    },
                    {
                      "wd": "fallout"
                    },
                    {
                      "wd": "offshoot"
                    },
                    {
                      "wd": "ripple"
                    },
                    {
                      "wd": "side effect",
                      "wvrs": [
                        {
                          "wvl": "also",
                          "wva": "side reaction"
                        }
                      ]
                    },
                    {
                      "wd": "spin-off"
                    }
                  ]
                ],
                "phrase_list": [
                  [
                    {
                      "wd": "matter of course"
                    }
                  ]
                ],
                "near_list": [
                  [
                    {
                      "wd": "consideration"
                    },
                    {
                      "wd": "determinant"
                    },
                    {
                      "wd": "factor"
                    }
                  ],
                  [
                    {
                      "wd": "base"
                    },
                    {
                      "wd": "basis"
                    },
                    {
                      "wd": "foundation"
                    },
                    {
                      "wd": "ground"
                    },
                    {
                      "wd": "groundwork"
                    }
                  ],
                  [
                    {
                      "wd": "impetus"
                    },
                    {
                      "wd": "incentive"
                    },
                    {
                      "wd": "inspiration"
                    },
                    {
                      "wd": "instigation"
                    },
                    {
                      "wd": "stimulus"
                    }
                  ],
                  [
                    {
                      "wd": "mother"
                    },
                    {
                      "wd": "origin"
                    },
                    {
                      "wd": "root"
                    },
                    {
                      "wd": "source"
                    },
                    {
                      "wd": "spring"
                    }
                  ]
                ],
                "ant_list": [
                  [
                    {
                      "wd": "antecedent"
                    },
                    {
                      "wd": "causation"
                    },
                    {
                      "wd": "cause"
                    },
                    {
                      "wd": "occasion"
                    },
                    {
                      "wd": "reason"
                    }
                  ]
                ]
              }
            ]
          ],
          [
            [
              "sense",
              {
                "sn": "2",
                "dt": [
                  [
                    "text",
                    "the power to bring about a result on another "
                  ],
                  [
                    "vis",
                    [
                      {
                        "t": "religion has a profound {it}effect{/it} on our lives"
                      }
                    ]
                  ]
                ],
                "syn_list": [
                  [
                    {
                      "wd": "impact"
                    },
                    {
                      "wd": "influence"
                    },
                    {
                      "wd": "mark"
                    },
                    {
                      "wd": "repercussion"
                    },
                    {
                      "wd": "sway"
                    }
                  ]
                ],
                "rel_list": [
                  [
                    {
                      "wd": "authority"
                    },
                    {
                      "wd": "clout"
                    },
                    {
                      "wd": "prestige"
                    },
                    {
                      "wd": "pull"
                    },
                    {
                      "wd": "weight"
                    }
                  ],
                  [
                    {
                      "wd": "command"
                    },
                    {
                      "wd": "domination"
                    },
                    {
                      "wd": "dominion"
                    },
                    {
                      "wd": "mastery"
                    }
                  ],
                  [
                    {
                      "wd": "consequence"
                    },
                    {
                      "wd": "importance"
                    },
                    {
                      "wd": "significance"
                    }
                  ],
                  [
                    {
                      "wd": "sovereignty",
                      "wvrs": [
                        {
                          "wvl": "also",
                          "wva": "sovranty"
                        }
                      ]
                    },
                    {
                      "wd": "supremacy"
                    }
                  ]
                ],
                "near_list": [
                  [
                    {
                      "wd": "helplessness"
                    },
                    {
                      "wd": "impotence"
                    },
                    {
                      "wd": "impotency"
                    },
                    {
                      "wd": "powerlessness"
                    },
                    {
                      "wd": "weakness"
                    }
                  ]
                ]
              }
            ]
          ],
          [
            [
              "sense",
              {
                "sn": "3",
                "ins": [
                  {
                    "if": "effects",
                    "spl": "plural"
                  }
                ],
                "dt": [
                  [
                    "text",
                    "transportable items that one owns "
                  ],
                  [
                    "vis",
                    [
                      {
                        "t": "the family packed up its household {it}effects{/it} and moved to Florida"
                      }
                    ]
                  ]
                ],
                "syn_list": [
                  [
                    {
                      "wd": "belongings"
                    },
                    {
                      "wd": "chattels"
                    },
                    {
                      "wd": "duds"
                    },
                    {
                      "wd": "gear"
                    },
                    {
                      "wd": "goods"
                    },
                    {
                      "wd": "holdings"
                    },
                    {
                      "wd": "movables",
                      "wvrs": [
                        {
                          "wvl": "or",
                          "wva": "moveables"
                        }
                      ]
                    },
                    {
                      "wd": "paraphernalia"
                    },
                    {
                      "wd": "personal effects"
                    },
                    {
                      "wd": "personal property"
                    },
                    {
                      "wd": "personalty"
                    },
                    {
                      "wd": "plunder",
                      "wsls": [
                        "chiefly dialect"
                      ]
                    },
                    {
                      "wd": "possession"
                    },
                    {
                      "wd": "stuff"
                    },
                    {
                      "wd": "things"
                    }
                  ]
                ],
                "rel_list": [
                  [
                    {
                      "wd": "treasures"
                    },
                    {
                      "wd": "valuables"
                    }
                  ],
                  [
                    {
                      "wd": "appointments"
                    },
                    {
                      "wd": "fixtures"
                    },
                    {
                      "wd": "furnishings"
                    }
                  ],
                  [
                    {
                      "wd": "estate"
                    },
                    {
                      "wd": "property"
                    },
                    {
                      "wd": "tangibles"
                    }
                  ],
                  [
                    {
                      "wd": "collateral"
                    }
                  ]
                ],
                "near_list": [
                  [
                    {
                      "wd": "immovables"
                    },
                    {
                      "wd": "real estate"
                    }
                  ]
                ]
              }
            ]
          ]
        ]
      }
    ],
    "shortdef": [
      "a condition or occurrence traceable to a cause",
      "the power to bring about a result on another",
      "transportable items that one owns"
    ]
  },
  {
    "meta": {
      "id": "effect",
      "uuid": "8db58d09-569a-457f-b809-f070a485149f",
      "src": "coll_thes",
      "section": "alpha",
      "target": {
        "tuuid": "0e16173f-0e2d-432f-a2e6-9439980fa29b",
        "tsrc": "collegiate"
      },
      "stems": [
        "effect",
        "effected",
        "effecting",
        "effects"
      ],
      "syns": [
        [
          "beget",
          "breed",
          "bring",
          "bring about",
          "bring on",
          "catalyze",
          "cause",
          "create",
          "do",
          "draw on",
          "effectuate",
          "engender",
          "generate",
          "induce",
          "invoke",
          "make",
          "occasion",
          "produce",
          "prompt",
          "result (in)",
          "spawn",
          "translate (into)",
          "work",
          "yield"
        ]
      ],
      "ants": [],
      "offensive": false
    },
    "hwi": {
      "hw": "effect"
    },
    "fl": "verb",
    "def": [
      {
        "sseq": [
          [
            [
              "sense",
              {
                "dt": [
                  [
                    "text",
                    "to be the cause of (a situation, action, or state of mind) "
                  ],
                  [
                    "vis",
                    [
                      {
                        "t": "classroom presentations designed to {it}effect{/it} greater interest in careers in scientific fields"
                      }
                    ]
                  ]
                ],
                "syn_list": [
                  [
                    {
                      "wd": "beget"
                    },
                    {
                      "wd": "breed"
                    },
                    {
                      "wd": "bring"
                    },
                    {
                      "wd": "bring about"
                    },
                    {
                      "wd": "bring on"
                    },
                    {
                      "wd": "catalyze"
                    },
                    {
                      "wd": "cause"
                    },
                    {
                      "wd": "create"
                    },
                    {
                      "wd": "do"
                    },
                    {
                      "wd": "draw on"
                    },
                    {
                      "wd": "effectuate"
                    },
                    {
                      "wd": "engender"
                    },
                    {
                      "wd": "generate"
                    },
                    {
                      "wd": "induce"
                    },
                    {
                      "wd": "invoke"
                    },
                    {
                      "wd": "make"
                    },
                    {
                      "wd": "occasion"
                    },
                    {
                      "wd": "produce"
                    },
                    {
                      "wd": "prompt"
                    },
                    {
                      "wd": "result (in)"
                    },
                    {
                      "wd": "spawn"
                    },
                    {
                      "wd": "translate (into)"
                    },
                    {
                      "wd": "work"
                    },
                    {
                      "wd": "yield"
                    }
                  ]
                ],
                "rel_list": [
                  [
                    {
                      "wd": "conduce (to)"
                    },
                    {
                      "wd": "contribute (to)"
                    }
                  ],
                  [
                    {
                      "wd": "decide"
                    },
                    {
                      "wd": "determine"
                    }
                  ],
                  [
                    {
                      "wd": "begin"
                    },
                    {
                      "wd": "establish"
                    },
                    {
                      "wd": "father"
                    },
                    {
                      "wd": "found"
                    },
                    {
                      "wd": "inaugurate"
                    },
                    {
                      "wd": "initiate"
                    },
                    {
                      "wd": "innovate"
                    },
                    {
                      "wd": "institute"
                    },
                    {
                      "wd": "introduce"
                    },
                    {
                      "wd": "launch"
                    },
                    {
                      "wd": "pioneer"
                    },
                    {
                      "wd": "set"
                    },
                    {
                      "wd": "set up"
                    },
                    {
                      "wd": "start"
                    }
                  ],
                  [
                    {
                      "wd": "advance"
                    },
                    {
                      "wd": "cultivate"
                    },
                    {
                      "wd": "develop"
                    },
                    {
                      "wd": "encourage"
                    },
                    {
                      "wd": "forward"
                    },
                    {
                      "wd": "foster"
                    },
                    {
                      "wd": "further"
                    },
                    {
                      "wd": "nourish"
                    },
                    {
                      "wd": "nurture"
                    },
                    {
                      "wd": "promote"
                    }
                  ],
                  [
                    {
                      "wd": "enact"
                    },
                    {
                      "wd": "render"
                    },
                    {
                      "wd": "turn out"
                    }
                  ]
                ],
                "phrase_list": [
                  [
                    {
                      "wd": "bring forth"
                    },
                    {
                      "wd": "give rise to"
                    }
                  ]
                ],
                "near_list": [
                  [
                    {
                      "wd": "impede"
                    },
                    {
                      "wd": "limit"
                    },
                    {
                      "wd": "restrict"
                    }
                  ],
                  [
                    {
                      "wd": "clamp down (on)"
                    },
                    {
                      "wd": "crack down (on)"
                    },
                    {
                      "wd": "crush"
                    },
                    {
                      "wd": "dampen"
                    },
                    {
                      "wd": "put down"
                    },
                    {
                      "wd": "quash"
                    },
                    {
                      "wd": "quell"
                    },
                    {
                      "wd": "repress"
                    },
                    {
                      "wd": "smother"
                    },
                    {
                      "wd": "squash"
                    },
                    {
                      "wd": "squelch"
                    },
                    {
                      "wd": "stifle"
                    },
                    {
                      "wd": "subdue"
                    },
                    {
                      "wd": "suppress"
                    }
                  ],
                  [
                    {
                      "wd": "arrest"
                    },
                    {
                      "wd": "check"
                    },
                    {
                      "wd": "control"
                    },
                    {
                      "wd": "curb"
                    },
                    {
                      "wd": "inhibit"
                    },
                    {
                      "wd": "rein (in)"
                    },
                    {
                      "wd": "restrain"
                    },
                    {
                      "wd": "retard"
                    }
                  ],
                  [
                    {
                      "wd": "can",
                      "wsls": [
                        "slang"
                      ]
                    },
                    {
                      "wd": "kill"
                    },
                    {
                      "wd": "snuff (out)"
                    },
                    {
                      "wd": "still"
                    }
                  ],
                  [
                    {
                      "wd": "abolish"
                    },
                    {
                      "wd": "demolish"
                    },
                    {
                      "wd": "destroy"
                    },
                    {
                      "wd": "extinguish"
                    },
                    {
                      "wd": "liquidate"
                    },
                    {
                      "wd": "quench"
                    }
                  ]
                ]
              }
            ]
          ]
        ]
      }
    ],
    "shortdef": [
      "to be the cause of (a situation, action, or state of mind)"
    ]
  },
  {
    "meta": {
      "id": "take effect",
      "uuid": "2e2aca89-266c-439c-83dc-4e77728d3bc1",
      "src": "CTenhance",
      "section": "phrases",
      "stems": [
        "take effect",
        "taking effect",
        "took effect",
        "taken effect",
        "takes effect"
      ],
      "syns": [
        [
          "act",
          "operate",
          "perform",
          "take",
          "work"
        ]
      ],
      "ants": [],
      "offensive": false
    },
    "hwi": {
      "hw": "take effect"
    },
    "fl": "phrase",
    "def": [
      {
        "sseq": [
          [
            [
              "sense",
              {
                "dt": [
                  [
                    "text",
                    "to produce a desired effect "
                  ],
                  [
                    "vis",
                    [
                      {
                        "t": "You'll feel better once the medication {it}takes effect{/it}."
                      }
                    ]
                  ]
                ],
                "syn_list": [
                  [
                    {
                      "wd": "act"
                    },
                    {
                      "wd": "operate"
                    },
                    {
                      "wd": "perform"
                    },
                    {
                      "wd": "take"
                    },
                    {
                      "wd": "work"
                    }
                  ]
                ],
                "rel_list": [
                  [
                    {
                      "wd": "behave"
                    },
                    {
                      "wd": "react"
                    },
                    {
                      "wd": "respond"
                    }
                  ],
                  [
                    {
                      "wd": "affect"
                    },
                    {
                      "wd": "influence"
                    },
                    {
                      "wd": "sway"
                    }
                  ],
                  [
                    {
                      "wd": "pan out"
                    },
                    {
                      "wd": "redound"
                    },
                    {
                      "wd": "result"
                    }
                  ]
                ],
                "phrase_list": [
                  [
                    {
                      "wd": "take hold"
                    }
                  ]
                ],
                "near_list": [
                  [
                    {
                      "wd": "backfire"
                    }
                  ],
                  [
                    {
                      "wd": "fizzle"
                    }
                  ]
                ]
              }
            ]
          ]
        ]
      }
    ],
    "shortdef": [
      "to produce a desired effect"
    ]
  },
  {
    "meta": {
      "id": "side effect",
      "uuid": "37ad7596-ed37-4956-8916-c2205b30aca2",
      "src": "CTcompile",
      "section": "alpha",
      "stems": [
        "side effect",
        "side reaction"
      ],
      "syns": [
        [
          "aftereffect",
          "ramification",
          "complexity",
          "complicacy",
          "complication",
          "convolution",
          "difficulty",
          "intricacy",
          "subtlety",
          "technicality",
          "annoyance",
          "bitch",
          "bother",
          "headache",
          "inconvenience",
          "matter",
          "trouble"
        ]
      ],
      "ants": [],
      "offensive": false
    },
    "hwi": {
      "hw": "side effect"
    },
    "vrs": [
      {
        "vl": "also",
        "va": "side reaction"
      }
    ],
    "fl": "noun",
    "def": [
      {
        "sseq": [
          [
            [
              "sense",
              {
                "dt": [
                  [
                    "text",
                    "as in {it}ramification{/it}, {it}aftereffect{/it}"
                  ]
                ],
                "sim_list": [
                  [
                    {
                      "wd": "aftereffect"
                    },
                    {
                      "wd": "ramification"
                    }
                  ],
                  [
                    {
                      "wd": "complexity"
                    },
                    {
                      "wd": "complicacy"
                    },
                    {
                      "wd": "complication"
                    },
                    {
                      "wd": "convolution"
                    },
                    {
                      "wd": "difficulty"
                    },
                    {
                      "wd": "intricacy"
                    }
                  ],
                  [
                    {
                      "wd": "subtlety"
                    },
                    {
                      "wd": "technicality"
                    }
                  ],
                  [
                    {
                      "wd": "annoyance"
                    },
                    {
                      "wd": "bitch"
                    },
                    {
                      "wd": "bother"
                    },
                    {
                      "wd": "headache"
                    },
                    {
                      "wd": "inconvenience"
                    },
                    {
                      "wd": "matter"
                    },
                    {
                      "wd": "trouble"
                    }
                  ]
                ]
              }
            ]
          ]
        ]
      }
    ],
    "shortdef": [
      "as in ramification, aftereffect"
    ]
  },
  {
    "meta": {
      "id": "taken effect",
      "uuid": "08134133-2266-4fa4-9488-a4700906652a",
      "src": "CTenhance",
      "section": "phrases",
      "stems": [
        "taken effect"
      ],
      "syns": [
        [
          "acted",
          "operated",
          "performed",
          "taken",
          "worked"
        ]
      ],
      "ants": [],
      "offensive": false
    },
    "hwi": {
      "hw": "taken effect"
    },
    "fl": "phrase",
    "sls": [
      "past participle of {d_link|take effect|take effect}"
    ],
    "def": [
      {
        "sseq": [
          [
            [
              "sense",
              {
                "dt": [
                  [
                    "text",
                    "to produce a desired effect "
                  ],
                  [
                    "vis",
                    [
                      {
                        "t": "You'll feel better once the medication {it}takes effect{/it}."
                      }
                    ]
                  ]
                ],
                "syn_list": [
                  [
                    {
                      "wd": "acted"
                    },
                    {
                      "wd": "operated"
                    },
                    {
                      "wd": "performed"
                    },
                    {
                      "wd": "taken"
                    },
                    {
                      "wd": "worked",
                      "wvrs": [
                        {
                          "wvl": "or",
                          "wva": "wrought"
                        }
                      ]
                    }
                  ]
                ],
                "rel_list": [
                  [
                    {
                      "wd": "behaved"
                    },
                    {
                      "wd": "reacted"
                    },
                    {
                      "wd": "responded"
                    }
                  ],
                  [
                    {
                      "wd": "affected"
                    },
                    {
                      "wd": "influenced"
                    },
                    {
                      "wd": "swayed"
                    }
                  ],
                  [
                    {
                      "wd": "panned out"
                    },
                    {
                      "wd": "redounded"
                    },
                    {
                      "wd": "resulted"
                    }
                  ]
                ],
                "phrase_list": [
                  [
                    {
                      "wd": "taken hold"
                    }
                  ]
                ],
                "near_list": [
                  [
                    {
                      "wd": "backfired"
                    }
                  ],
                  [
                    {
                      "wd": "fizzled"
                    }
                  ]
                ]
              }
            ]
          ]
        ]
      }
    ],
    "shortdef": [
      "to produce a desired effect"
    ]
  },
  {
    "meta": {
      "id": "took effect",
      "uuid": "4b1dc5e9-abe3-4ba1-a159-dffe96a3a090",
      "src": "CTenhance",
      "section": "phrases",
      "stems": [
        "took effect"
      ],
      "syns": [
        [
          "acted",
          "operated",
          "performed",
          "took",
          "worked"
        ]
      ],
      "ants": [],
      "offensive": false
    },
    "hwi": {
      "hw": "took effect"
    },
    "fl": "phrase",
    "sls": [
      "past tense of {d_link|take effect|take effect}"
    ],
    "def": [
      {
        "sseq": [
          [
            [
              "sense",
              {
                "dt": [
                  [
                    "text",
                    "to produce a desired effect "
                  ],
                  [
                    "vis",
                    [
                      {
                        "t": "You'll feel better once the medication {it}takes effect{/it}."
                      }
                    ]
                  ]
                ],
                "syn_list": [
                  [
                    {
                      "wd": "acted"
                    },
                    {
                      "wd": "operated"
                    },
                    {
                      "wd": "performed"
                    },
                    {
                      "wd": "took"
                    },
                    {
                      "wd": "worked",
                      "wvrs": [
                        {
                          "wvl": "or",
                          "wva": "wrought"
                        }
                      ]
                    }
                  ]
                ],
                "rel_list": [
                  [
                    {
                      "wd": "behaved"
                    },
                    {
                      "wd": "reacted"
                    },
                    {
                      "wd": "responded"
                    }
                  ],
                  [
                    {
                      "wd": "affected"
                    },
                    {
                      "wd": "influenced"
                    },
                    {
                      "wd": "swayed"
                    }
                  ],
                  [
                    {
                      "wd": "panned out"
                    },
                    {
                      "wd": "redounded"
                    },
                    {
                      "wd": "resulted"
                    }
                  ]
                ],
                "phrase_list": [
                  [
                    {
                      "wd": "took hold"
                    }
                  ]
                ],
                "near_list": [
                  [
                    {
                      "wd": "backfired"
                    }
                  ],
                  [
                    {
                      "wd": "fizzled"
                    }
                  ]
                ]
              }
            ]
          ]
        ]
      }
    ],
    "shortdef": [
      "to produce a desired effect"
    ]
  },
  {
    "meta": {
      "id": "takes effect",
      "uuid": "a4f5492a-905c-4f86-8e96-771811007721",
      "src": "CTenhance",
      "section": "phrases",
      "stems": [
        "takes effect"
      ],
      "syns": [
        [
          "acts",
          "operates",
          "performs",
          "takes",
          "works"
        ]
      ],
      "ants": [],
      "offensive": false
    },
    "hwi": {
      "hw": "takes effect"
    },
    "fl": "phrase",
    "sls": [
      "present tense third-person singular of {d_link|take effect|take effect}"
    ],
    "def": [
      {
        "sseq": [
          [
            [
              "sense",
              {
                "dt": [
                  [
                    "text",
                    "to produce a desired effect "
                  ],
                  [
                    "vis",
                    [
                      {
                        "t": "You'll feel better once the medication {it}takes effect{/it}."
                      }
                    ]
                  ]
                ],
                "syn_list": [
                  [
                    {
                      "wd": "acts"
                    },
                    {
                      "wd": "operates"
                    },
                    {
                      "wd": "performs"
                    },
                    {
                      "wd": "takes"
                    },
                    {
                      "wd": "works"
                    }
                  ]
                ],
                "rel_list": [
                  [
                    {
                      "wd": "behaves"
                    },
                    {
                      "wd": "reacts"
                    },
                    {
                      "wd": "responds"
                    }
                  ],
                  [
                    {
                      "wd": "affects"
                    },
                    {
                      "wd": "influences"
                    },
                    {
                      "wd": "sways"
                    }
                  ],
                  [
                    {
                      "wd": "pans out"
                    },
                    {
                      "wd": "redounds"
                    },
                    {
                      "wd": "results"
                    }
                  ]
                ],
                "phrase_list": [
                  [
                    {
                      "wd": "takes hold"
                    }
                  ]
                ],
                "near_list": [
                  [
                    {
                      "wd": "backfires"
                    }
                  ],
                  [
                    {
                      "wd": "fizzles"
                    }
                  ]
                ]
              }
            ]
          ]
        ]
      }
    ],
    "shortdef": [
      "to produce a desired effect"
    ]
  },
  {
    "meta": {
      "id": "taking effect",
      "uuid": "387e0409-c940-4f4f-bf70-b8b2e5a514ce",
      "src": "CTenhance",
      "section": "phrases",
      "stems": [
        "taking effect"
      ],
      "syns": [
        [
          "acting",
          "operating",
          "performing",
          "taking",
          "working"
        ]
      ],
      "ants": [],
      "offensive": false
    },
    "hwi": {
      "hw": "taking effect"
    },
    "fl": "phrase",
    "sls": [
      "present participle of {d_link|take effect|take effect}"
    ],
    "def": [
      {
        "sseq": [
          [
            [
              "sense",
              {
                "dt": [
                  [
                    "text",
                    "to produce a desired effect "
                  ],
                  [
                    "vis",
                    [
                      {
                        "t": "You'll feel better once the medication {it}takes effect{/it}."
                      }
                    ]
                  ]
                ],
                "syn_list": [
                  [
                    {
                      "wd": "acting"
                    },
                    {
                      "wd": "operating"
                    },
                    {
                      "wd": "performing"
                    },
                    {
                      "wd": "taking"
                    },
                    {
                      "wd": "working"
                    }
                  ]
                ],
                "rel_list": [
                  [
                    {
                      "wd": "behaving"
                    },
                    {
                      "wd": "reacting"
                    },
                    {
                      "wd": "responding"
                    }
                  ],
                  [
                    {
                      "wd": "affecting"
                    },
                    {
                      "wd": "influencing"
                    },
                    {
                      "wd": "swaying"
                    }
                  ],
                  [
                    {
                      "wd": "panning out"
                    },
                    {
                      "wd": "redounding"
                    },
                    {
                      "wd": "resulting"
                    }
                  ]
                ],
                "phrase_list": [
                  [
                    {
                      "wd": "taking hold"
                    }
                  ]
                ],
                "near_list": [
                  [
                    {
                      "wd": "backfiring"
                    }
                  ],
                  [
                    {
                      "wd": "fizzling"
                    }
                  ]
                ]
              }
            ]
          ]
        ]
      }
    ],
    "shortdef": [
      "to produce a desired effect"
    ]
  }
]