[
  {
    "meta": {
      "id": "embryonic",
      "uuid": "0097c9de-638d-4eaa-ae3d-3bd50f876505",
      "src": "CTcompile",
      "section": "alpha",
      "stems": [
        "embryonic"
      ],
      "syns": [
        [
          "budding",
          "germinal",
          "infant",
          "ancient",
          "early",
          "primal",
          "primeval",
          "primitive",
          "primordial",
          "aged",
          "age-old",
          "antediluvian",
          "antiquated",
          "antique",
          "dateless",
          "hoary",
          "old",
          "prehistoric",
          "obsolete",
          "outmoded",
          "out-of-date",
          "pass\u00e9"
        ],
        [
          "emergent",
          "ephebic",
          "minor",
          "preteen",
          "subadult",
          "teenage",
          "underage",
          "callow",
          "green",
          "inexperienced",
          "puerile",
          "raw",
          "adolescent",
          "immature",
          "juvenile",
          "young",
          "youngish",
          "youthful",
          "babyish",
          "childish",
          "childlike",
          "infantile",
          "infantine",
          "kiddish",
          "undeveloped",
          "unfinished",
          "unfledged",
          "unformed",
          "unripe",
          "unripened",
          "blooming",
          "blossoming",
          "burgeoning",
          "flourishing",
          "flowering"
        ]
      ],
      "ants": [
        [
          "late",
          "advanced",
          "complex",
          "developed",
          "evolved",
          "high",
          "higher",
          "full-blown",
          "full-fledged",
          "full-scale"
        ],
        [
          "adult",
          "grown-up",
          "mature",
          "matured",
          "aged",
          "aging",
          "ancient",
          "elderly",
          "geriatric",
          "long-lived",
          "old",
          "older",
          "oldish",
          "senescent",
          "senior",
          "full-blown",
          "full-fledged",
          "golden",
          "mellow",
          "ripe",
          "ripened",
          "middle-aged",
          "anile",
          "decrepit",
          "doddering",
          "over-the-hill",
          "senile",
          "spavined",
          "tottery"
        ]
      ],
      "offensive": false
    },
    "hwi": {
      "hw": "embryonic"
    },
    "fl": "adjective",
    "def": [
      {
        "sseq": [
          [
            [
              "sense",
              {
                "sn": "1",
                "dt": [
                  [
                    "text",
                    "as in {it}budding{/it}, {it}infant{/it}"
                  ]
                ],
                "sim_list": [
                  [
                    {
                      "wd": "budding"
                    },
                    {
                      "wd": "germinal"
                    },
                    {
                      "wd": "infant"
                    }
                  ],
                  [
                    {
                      "wd": "ancient"
                    },
                    {
                      "wd": "early"
                    },
                    {
                      "wd": "primal"
                    },
                    {
                      "wd": "primeval"
                    },
                    {
                      "wd": "primitive"
                    },
                    {
                      "wd": "primordial"
                    }
                  ],
                  [
                    {
                      "wd": "aged"
                    },
                    {
                      "wd": "age-old"
                    },
                    {
                      "wd": "antediluvian"
                    },
                    {
                      "wd": "antiquated"
                    },
                    {
                      "wd": "antique"
                    },
                    {
                      "wd": "dateless"
                    },
                    {
                      "wd": "hoary"
                    },
                    {
                      "wd": "old"
                    },
                    {
                      "wd": "prehistoric",
                      "wvrs": [
                        {
                          "wvl": "also",
                          "wva": "prehistorical"
                        }
                      ]
                    }
                  ],
                  [
                    {
                      "wd": "obsolete"
                    },
                    {
                      "wd": "outmoded"
                    },
                    {
                      "wd": "out-of-date"
                    },
                    {
                      "wd": "pass\u00e9"
                    }
                  ]
                ],
                "opp_list": [
                  [
                    {
                      "wd": "late"
                    }
                  ],
                  [
                    {
                      "wd": "advanced"
                    },
                    {
                      "wd": "complex"
                    },
                    {
                      "wd": "developed"
                    },
                    {
                      "wd": "evolved"
                    },
                    {
                      "wd": "high"
                    },
                    {
                      "wd": "higher"
                    }
                  ],
                  [
                    {
                      "wd": "full-blown"
                    },
                    {
                      "wd": "full-fledged"
                    },
                    {
                      "wd": "full-scale"
                    }
                  ]
                ]
              }
            ]
          ],
          [
            [
              "sense",
              {
                "sn": "2",
                "dt": [
                  [
                    "text",
                    "as in {it}emergent{/it}"
                  ]
                ],
                "sim_list": [
                  [
                    {
                      "wd": "emergent"
                    }
                  ],
                  [
                    {
                      "wd": "ephebic"
                    },
                    {
                      "wd": "minor"
                    },
                    {
                      "wd": "preteen"
                    },
                    {
                      "wd": "subadult"
                    },
                    {
                      "wd": "teenage",
                      "wvrs": [
                        {
                          "wvl": "or",
                          "wva": "teenaged"
                        }
                      ]
                    },
                    {
                      "wd": "underage"
                    }
                  ],
                  [
                    {
                      "wd": "callow"
                    },
                    {
                      "wd": "green"
                    },
                    {
                      "wd": "inexperienced"
                    },
                    {
                      "wd": "puerile"
                    },
                    {
                      "wd": "raw"
                    }
                  ],
                  [
                    {
                      "wd": "adolescent"
                    },
                    {
                      "wd": "immature"
                    },
                    {
                      "wd": "juvenile"
                    },
                    {
                      "wd": "young"
                    },
                    {
                      "wd": "youngish"
                    },
                    {
                      "wd": "youthful"
                    }
                  ],
                  [
                    {
                      "wd": "babyish"
                    },
                    {
                      "wd": "childish"
                    },
                    {
                      "wd": "childlike"
                    },
                    {
                      "wd": "infantile"
                    },
                    {
                      "wd": "infantine"
                    },
                    {
                      "wd": "kiddish"
                    }
                  ],
                  [
                    {
                      "wd": "undeveloped"
                    },
                    {
                      "wd": "unfinished"
                    },
                    {
                      "wd": "unfledged"
                    },
                    {
                      "wd": "unformed"
                    },
                    {
                      "wd": "unripe"
                    },
                    {
                      "wd": "unripened"
                    }
                  ],
                  [
                    {
                      "wd": "blooming"
                    },
                    {
                      "wd": "blossoming"
                    },
                    {
                      "wd": "burgeoning"
                    },
                    {
                      "wd": "flourishing"
                    },
                    {
                      "wd": "flowering"
                    }
                  ]
                ],
                "opp_list": [
                  [
                    {
                      "wd": "adult"
                    },
                    {
                      "wd": "grown-up"
                    },
                    {
                      "wd": "mature"
                    },
                    {
                      "wd": "matured"
                    }
                  ],
                  [
                    {
                      "wd": "aged"
                    },
                    {
                      "wd": "aging",
                      "wvrs": [
                        {
                          "wvl": "or",
                          "wva": "ageing"
                        }
                      ]
                    },
                    {
                      "wd": "ancient"
                    },
                    {
                      "wd": "elderly"
                    },
                    {
                      "wd": "geriatric"
                    },
                    {
                      "wd": "long-lived"
                    },
                    {
                      "wd": "old"
                    },
                    {
                      "wd": "older"
                    },
                    {
                      "wd": "oldish"
                    },
                    {
                      "wd": "senescent"
                    },
                    {
                      "wd": "senior"
                    }
                  ],
                  [
                    {
                      "wd": "full-blown"
                    },
                    {
                      "wd": "full-fledged"
                    }
                  ],
                  [
                    {
                      "wd": "golden"
                    },
                    {
                      "wd": "mellow"
                    },
                    {
                      "wd": "ripe"
                    },
                    {
                      "wd": "ripened"
                    }
                  ],
                  [
                    {
                      "wd": "middle-aged"
                    }
                  ],
                  [
                    {
                      "wd": "anile"
                    },
                    {
                      "wd": "decrepit"
                    },
                    {
                      "wd": "doddering"
                    },
                    {
                      "wd": "over-the-hill"
                    },
                    {
                      "wd": "senile"
                    },
                    {
                      "wd": "spavined"
                    },
                    {
                      "wd": "tottery"
                    }
                  ]
                ]
              }
            ]
          ]
        ]
      }
    ],
    "shortdef": [
      "as in budding, infant",
      "as in emergent"
    ]
  }
]