[
  {
    "meta": {
      "id": "energy",
      "uuid": "3adc971b-571d-4e0c-84da-0bfc9b878e2a",
      "src": "coll_thes",
      "section": "alpha",
      "target": {
        "tuuid": "67c9e638-d8cc-4271-a9dc-a0ac295233aa",
        "tsrc": "collegiate"
      },
      "stems": [
        "energy",
        "energies"
      ],
      "syns": [
        [
          "aura",
          "chi",
          "ki",
          "vibe(s)",
          "vibration(s)"
        ],
        [
          "beans",
          "bounce",
          "brio",
          "dash",
          "drive",
          "dynamism",
          "esprit",
          "gas",
          "get-up-and-go",
          "ginger",
          "go",
          "gusto",
          "hardihood",
          "juice",
          "life",
          "moxie",
          "oomph",
          "pep",
          "punch",
          "sap",
          "snap",
          "starch",
          "verve",
          "vigor",
          "vim",
          "vinegar",
          "vitality",
          "zing",
          "zip"
        ],
        [
          "fuel",
          "power"
        ],
        [
          "firepower",
          "force",
          "horsepower",
          "might",
          "muscle",
          "potence",
          "potency",
          "power",
          "puissance",
          "sinew",
          "strength",
          "vigor"
        ]
      ],
      "ants": [
        [
          "lethargy",
          "listlessness",
          "sluggishness",
          "torpidity"
        ],
        [
          "impotence",
          "impotency",
          "powerlessness",
          "weakness"
        ]
      ],
      "offensive": false
    },
    "hwi": {
      "hw": "energy"
    },
    "fl": "noun",
    "def": [
      {
        "sseq": [
          [
            [
              "sense",
              {
                "sn": "1",
                "dt": [
                  [
                    "text",
                    "a spiritual force that is held to emanate from or give animation to living beings "
                  ],
                  [
                    "vis",
                    [
                      {
                        "t": "many Eastern cultures believe in the significance of life {it}energy{/it} in the healing process"
                      }
                    ]
                  ]
                ],
                "syn_list": [
                  [
                    {
                      "wd": "aura"
                    },
                    {
                      "wd": "chi",
                      "wvrs": [
                        {
                          "wvl": "or",
                          "wva": "ch'i"
                        },
                        {
                          "wvl": "also",
                          "wva": "qi"
                        }
                      ]
                    },
                    {
                      "wd": "ki"
                    },
                    {
                      "wd": "vibe(s)"
                    },
                    {
                      "wd": "vibration(s)"
                    }
                  ]
                ],
                "rel_list": [
                  [
                    {
                      "wd": "inner light"
                    },
                    {
                      "wd": "light"
                    },
                    {
                      "wd": "nature"
                    },
                    {
                      "wd": "orgone"
                    },
                    {
                      "wd": "soul"
                    },
                    {
                      "wd": "spirit"
                    }
                  ],
                  [
                    {
                      "wd": "\u00e9lan vital"
                    },
                    {
                      "wd": "life"
                    },
                    {
                      "wd": "lifeblood"
                    },
                    {
                      "wd": "Shakti",
                      "wvrs": [
                        {
                          "wvl": "also",
                          "wva": "Sakti"
                        }
                      ]
                    },
                    {
                      "wd": "world soul"
                    }
                  ],
                  [
                    {
                      "wd": "karma"
                    },
                    {
                      "wd": "mana"
                    }
                  ]
                ]
              }
            ]
          ],
          [
            [
              "sense",
              {
                "sn": "2",
                "dt": [
                  [
                    "text",
                    "active strength of body or mind "
                  ],
                  [
                    "vis",
                    [
                      {
                        "t": "for a woman of advanced years, she has remarkable {it}energy{/it}"
                      }
                    ]
                  ]
                ],
                "syn_list": [
                  [
                    {
                      "wd": "beans"
                    },
                    {
                      "wd": "bounce"
                    },
                    {
                      "wd": "brio"
                    },
                    {
                      "wd": "dash"
                    },
                    {
                      "wd": "drive"
                    },
                    {
                      "wd": "dynamism"
                    },
                    {
                      "wd": "esprit"
                    },
                    {
                      "wd": "gas"
                    },
                    {
                      "wd": "get-up-and-go"
                    },
                    {
                      "wd": "ginger"
                    },
                    {
                      "wd": "go"
                    },
                    {
                      "wd": "gusto"
                    },
                    {
                      "wd": "hardihood"
                    },
                    {
                      "wd": "juice"
                    },
                    {
                      "wd": "life"
                    },
                    {
                      "wd": "moxie"
                    },
                    {
                      "wd": "oomph"
                    },
                    {
                      "wd": "pep"
                    },
                    {
                      "wd": "punch"
                    },
                    {
                      "wd": "sap"
                    },
                    {
                      "wd": "snap"
                    },
                    {
                      "wd": "starch"
                    },
                    {
                      "wd": "verve"
                    },
                    {
                      "wd": "vigor"
                    },
                    {
                      "wd": "vim"
                    },
                    {
                      "wd": "vinegar"
                    },
                    {
                      "wd": "vitality"
                    },
                    {
                      "wd": "zing"
                    },
                    {
                      "wd": "zip"
                    }
                  ]
                ],
                "rel_list": [
                  [
                    {
                      "wd": "animal spirits"
                    },
                    {
                      "wd": "animation"
                    },
                    {
                      "wd": "briskness"
                    },
                    {
                      "wd": "jauntiness"
                    },
                    {
                      "wd": "liveliness"
                    },
                    {
                      "wd": "snappiness"
                    },
                    {
                      "wd": "spirit"
                    },
                    {
                      "wd": "spiritedness"
                    },
                    {
                      "wd": "sprightliness"
                    },
                    {
                      "wd": "spunk"
                    },
                    {
                      "wd": "spunkiness"
                    },
                    {
                      "wd": "vibrance"
                    },
                    {
                      "wd": "vibrancy"
                    },
                    {
                      "wd": "vivaciousness"
                    },
                    {
                      "wd": "vivacity"
                    }
                  ],
                  [
                    {
                      "wd": "ardor"
                    },
                    {
                      "wd": "\u00e9lan"
                    },
                    {
                      "wd": "fervor"
                    },
                    {
                      "wd": "fire"
                    },
                    {
                      "wd": "passion"
                    },
                    {
                      "wd": "zeal"
                    }
                  ],
                  [
                    {
                      "wd": "main"
                    },
                    {
                      "wd": "metal"
                    },
                    {
                      "wd": "mettle"
                    },
                    {
                      "wd": "might"
                    },
                    {
                      "wd": "muscle"
                    },
                    {
                      "wd": "potency"
                    },
                    {
                      "wd": "power"
                    },
                    {
                      "wd": "puissance"
                    },
                    {
                      "wd": "stamina"
                    },
                    {
                      "wd": "strength"
                    }
                  ],
                  [
                    {
                      "wd": "brawniness"
                    },
                    {
                      "wd": "fitness"
                    },
                    {
                      "wd": "hardiness"
                    },
                    {
                      "wd": "huskiness"
                    },
                    {
                      "wd": "sturdiness"
                    },
                    {
                      "wd": "virility"
                    }
                  ],
                  [
                    {
                      "wd": "health"
                    },
                    {
                      "wd": "healthiness"
                    },
                    {
                      "wd": "soundness"
                    },
                    {
                      "wd": "verdure"
                    },
                    {
                      "wd": "wellness"
                    }
                  ]
                ],
                "near_list": [
                  [
                    {
                      "wd": "indolence"
                    },
                    {
                      "wd": "laziness"
                    }
                  ],
                  [
                    {
                      "wd": "debilitation"
                    },
                    {
                      "wd": "debility"
                    },
                    {
                      "wd": "delicacy"
                    },
                    {
                      "wd": "disablement"
                    },
                    {
                      "wd": "enfeeblement"
                    },
                    {
                      "wd": "faintness"
                    },
                    {
                      "wd": "feebleness"
                    },
                    {
                      "wd": "frailness"
                    },
                    {
                      "wd": "frailty"
                    },
                    {
                      "wd": "impotence"
                    },
                    {
                      "wd": "impotency"
                    },
                    {
                      "wd": "infirmity"
                    },
                    {
                      "wd": "powerlessness"
                    },
                    {
                      "wd": "puniness"
                    },
                    {
                      "wd": "slightness"
                    },
                    {
                      "wd": "softness"
                    },
                    {
                      "wd": "tenderness"
                    },
                    {
                      "wd": "weakness"
                    }
                  ],
                  [
                    {
                      "wd": "enervation"
                    },
                    {
                      "wd": "exhaustion"
                    },
                    {
                      "wd": "inanition"
                    },
                    {
                      "wd": "prostration"
                    }
                  ]
                ],
                "ant_list": [
                  [
                    {
                      "wd": "lethargy"
                    },
                    {
                      "wd": "listlessness"
                    },
                    {
                      "wd": "sluggishness"
                    },
                    {
                      "wd": "torpidity"
                    }
                  ]
                ]
              }
            ]
          ],
          [
            [
              "sense",
              {
                "sn": "3",
                "dt": [
                  [
                    "text",
                    "something with a usable capacity for doing work "
                  ],
                  [
                    "vis",
                    [
                      {
                        "t": "some of the power needs of the house are provided by solar {it}energy{/it}"
                      }
                    ]
                  ]
                ],
                "syn_list": [
                  [
                    {
                      "wd": "fuel"
                    },
                    {
                      "wd": "power"
                    }
                  ]
                ],
                "rel_list": [
                  [
                    {
                      "wd": "kindling"
                    },
                    {
                      "wd": "propellant",
                      "wvrs": [
                        {
                          "wvl": "also",
                          "wva": "propellent"
                        }
                      ]
                    }
                  ],
                  [
                    {
                      "wd": "force"
                    }
                  ]
                ]
              }
            ]
          ],
          [
            [
              "sense",
              {
                "sn": "4",
                "dt": [
                  [
                    "text",
                    "the ability to exert effort for the accomplishment of a task "
                  ],
                  [
                    "vis",
                    [
                      {
                        "t": "I'm so tired that I don't think I have the {it}energy{/it} to take another step"
                      }
                    ]
                  ]
                ],
                "syn_list": [
                  [
                    {
                      "wd": "firepower"
                    },
                    {
                      "wd": "force"
                    },
                    {
                      "wd": "horsepower"
                    },
                    {
                      "wd": "might"
                    },
                    {
                      "wd": "muscle"
                    },
                    {
                      "wd": "potence"
                    },
                    {
                      "wd": "potency"
                    },
                    {
                      "wd": "power"
                    },
                    {
                      "wd": "puissance"
                    },
                    {
                      "wd": "sinew"
                    },
                    {
                      "wd": "strength"
                    },
                    {
                      "wd": "vigor"
                    }
                  ]
                ],
                "rel_list": [
                  [
                    {
                      "wd": "aptitude"
                    },
                    {
                      "wd": "capability"
                    },
                    {
                      "wd": "capacity"
                    },
                    {
                      "wd": "competence"
                    },
                    {
                      "wd": "competency"
                    }
                  ],
                  [
                    {
                      "wd": "adequacy"
                    },
                    {
                      "wd": "effectiveness"
                    },
                    {
                      "wd": "effectualness"
                    },
                    {
                      "wd": "usefulness"
                    }
                  ]
                ],
                "near_list": [
                  [
                    {
                      "wd": "disability"
                    },
                    {
                      "wd": "inability"
                    },
                    {
                      "wd": "inaptitude"
                    },
                    {
                      "wd": "incapability"
                    },
                    {
                      "wd": "incapableness"
                    },
                    {
                      "wd": "incapacity"
                    },
                    {
                      "wd": "incompetence"
                    },
                    {
                      "wd": "incompetency"
                    }
                  ],
                  [
                    {
                      "wd": "ineffectiveness"
                    },
                    {
                      "wd": "ineffectuality"
                    },
                    {
                      "wd": "ineffectualness"
                    },
                    {
                      "wd": "inefficaciousness"
                    },
                    {
                      "wd": "inefficacy"
                    },
                    {
                      "wd": "uselessness"
                    }
                  ],
                  [
                    {
                      "wd": "helplessness"
                    },
                    {
                      "wd": "paralysis"
                    }
                  ]
                ],
                "ant_list": [
                  [
                    {
                      "wd": "impotence"
                    },
                    {
                      "wd": "impotency"
                    },
                    {
                      "wd": "powerlessness"
                    },
                    {
                      "wd": "weakness"
                    }
                  ]
                ]
              }
            ]
          ]
        ]
      }
    ],
    "shortdef": [
      "a spiritual force that is held to emanate from or give animation to living beings",
      "active strength of body or mind",
      "something with a usable capacity for doing work"
    ]
  }
]