[
  {
    "meta": {
      "id": "equilibrium",
      "uuid": "d83cba70-1fd0-483d-915e-943a3ee804b7",
      "src": "coll_thes",
      "section": "alpha",
      "target": {
        "tuuid": "a02b9f5a-5090-472d-9257-e229b33a22d4",
        "tsrc": "collegiate"
      },
      "stems": [
        "equilibrium",
        "equilibria",
        "equilibriums"
      ],
      "syns": [
        [
          "balance",
          "counterpoise",
          "equilibration",
          "equipoise",
          "poise",
          "stasis"
        ],
        [
          "aplomb",
          "calmness",
          "collectedness",
          "composedness",
          "composure",
          "cool",
          "coolness",
          "countenance",
          "equanimity",
          "imperturbability",
          "placidity",
          "repose",
          "sangfroid",
          "self-composedness",
          "self-possession",
          "serenity",
          "tranquillity",
          "tranquilness"
        ]
      ],
      "ants": [
        [
          "disequilibration",
          "disequilibrium",
          "imbalance",
          "nonequilibrium",
          "unbalance"
        ],
        [
          "agitation",
          "discomposure",
          "perturbation"
        ]
      ],
      "offensive": false
    },
    "hwi": {
      "hw": "equilibrium"
    },
    "fl": "noun",
    "def": [
      {
        "sseq": [
          [
            [
              "sense",
              {
                "sn": "1",
                "dt": [
                  [
                    "text",
                    "a condition in which opposing forces are equal to one another "
                  ],
                  [
                    "vis",
                    [
                      {
                        "t": "we must find an {it}equilibrium{/it} between commercial development and conservation of our natural treasures"
                      }
                    ]
                  ]
                ],
                "syn_list": [
                  [
                    {
                      "wd": "balance"
                    },
                    {
                      "wd": "counterpoise"
                    },
                    {
                      "wd": "equilibration"
                    },
                    {
                      "wd": "equipoise"
                    },
                    {
                      "wd": "poise"
                    },
                    {
                      "wd": "stasis"
                    }
                  ]
                ],
                "rel_list": [
                  [
                    {
                      "wd": "counterbalance"
                    },
                    {
                      "wd": "offset"
                    }
                  ],
                  [
                    {
                      "wd": "firmness"
                    },
                    {
                      "wd": "fixedness"
                    },
                    {
                      "wd": "security"
                    },
                    {
                      "wd": "stability"
                    },
                    {
                      "wd": "steadiness"
                    }
                  ]
                ],
                "near_list": [
                  [
                    {
                      "wd": "changeability"
                    },
                    {
                      "wd": "fluctuation"
                    },
                    {
                      "wd": "inconstancy"
                    },
                    {
                      "wd": "insecurity"
                    },
                    {
                      "wd": "instability"
                    },
                    {
                      "wd": "mutability"
                    },
                    {
                      "wd": "precariousness"
                    },
                    {
                      "wd": "shakiness"
                    },
                    {
                      "wd": "unsteadiness"
                    },
                    {
                      "wd": "volatility"
                    }
                  ]
                ],
                "ant_list": [
                  [
                    {
                      "wd": "disequilibration"
                    },
                    {
                      "wd": "disequilibrium"
                    },
                    {
                      "wd": "imbalance"
                    },
                    {
                      "wd": "nonequilibrium"
                    },
                    {
                      "wd": "unbalance"
                    }
                  ]
                ]
              }
            ]
          ],
          [
            [
              "sense",
              {
                "sn": "2",
                "dt": [
                  [
                    "text",
                    "evenness of emotions or temper "
                  ],
                  [
                    "vis",
                    [
                      {
                        "t": "that stunning insult left me speechless, and several minutes passed before I recovered my {it}equilibrium{/it}"
                      }
                    ]
                  ]
                ],
                "syn_list": [
                  [
                    {
                      "wd": "aplomb"
                    },
                    {
                      "wd": "calmness"
                    },
                    {
                      "wd": "collectedness"
                    },
                    {
                      "wd": "composedness"
                    },
                    {
                      "wd": "composure"
                    },
                    {
                      "wd": "cool"
                    },
                    {
                      "wd": "coolness"
                    },
                    {
                      "wd": "countenance"
                    },
                    {
                      "wd": "equanimity"
                    },
                    {
                      "wd": "imperturbability"
                    },
                    {
                      "wd": "placidity"
                    },
                    {
                      "wd": "repose"
                    },
                    {
                      "wd": "sangfroid"
                    },
                    {
                      "wd": "self-composedness"
                    },
                    {
                      "wd": "self-possession"
                    },
                    {
                      "wd": "serenity"
                    },
                    {
                      "wd": "tranquillity",
                      "wvrs": [
                        {
                          "wvl": "or",
                          "wva": "tranquility"
                        }
                      ]
                    },
                    {
                      "wd": "tranquilness"
                    }
                  ]
                ],
                "rel_list": [
                  [
                    {
                      "wd": "assurance"
                    },
                    {
                      "wd": "confidence"
                    },
                    {
                      "wd": "poise"
                    },
                    {
                      "wd": "self-assurance"
                    },
                    {
                      "wd": "self-assuredness"
                    },
                    {
                      "wd": "self-confidence"
                    },
                    {
                      "wd": "self-trust"
                    }
                  ],
                  [
                    {
                      "wd": "easygoingness"
                    },
                    {
                      "wd": "laid-backness"
                    }
                  ],
                  [
                    {
                      "wd": "apathy"
                    },
                    {
                      "wd": "detachment"
                    },
                    {
                      "wd": "impassivity"
                    },
                    {
                      "wd": "indifference"
                    },
                    {
                      "wd": "insensibility"
                    },
                    {
                      "wd": "numbness"
                    },
                    {
                      "wd": "phlegm"
                    },
                    {
                      "wd": "unconcern"
                    }
                  ]
                ],
                "near_list": [
                  [
                    {
                      "wd": "alarm",
                      "wvrs": [
                        {
                          "wvl": "also",
                          "wva": "alarum"
                        }
                      ]
                    },
                    {
                      "wd": "anxiety"
                    },
                    {
                      "wd": "anxiousness"
                    },
                    {
                      "wd": "apprehension"
                    },
                    {
                      "wd": "apprehensiveness"
                    },
                    {
                      "wd": "care"
                    },
                    {
                      "wd": "concern"
                    },
                    {
                      "wd": "disquiet"
                    },
                    {
                      "wd": "solicitude"
                    },
                    {
                      "wd": "uneasiness"
                    },
                    {
                      "wd": "worry"
                    }
                  ],
                  [
                    {
                      "wd": "excitability"
                    },
                    {
                      "wd": "excitableness"
                    },
                    {
                      "wd": "nervousness"
                    }
                  ],
                  [
                    {
                      "wd": "disturbance"
                    }
                  ]
                ],
                "ant_list": [
                  [
                    {
                      "wd": "agitation"
                    },
                    {
                      "wd": "discomposure"
                    },
                    {
                      "wd": "perturbation"
                    }
                  ]
                ]
              }
            ]
          ]
        ]
      }
    ],
    "shortdef": [
      "a condition in which opposing forces are equal to one another",
      "evenness of emotions or temper"
    ]
  }
]