[
  {
    "meta": {
      "id": "evaporation",
      "uuid": "5ee78bd9-0c8e-47df-956b-94815a4367d0",
      "src": "CTcompile",
      "section": "alpha",
      "stems": [
        "evaporation"
      ],
      "syns": [
        [
          "dissipation",
          "dissolution",
          "fadeaway",
          "fading",
          "melting",
          "passing",
          "vanishing",
          "decamping",
          "decampment",
          "departing",
          "departure",
          "disappearance",
          "exit",
          "exiting",
          "farewell",
          "going",
          "leave-taking",
          "parting",
          "quitting",
          "clearing out",
          "egress",
          "leaving",
          "retirement",
          "retreat",
          "withdrawal",
          "emigration",
          "evacuation",
          "exodus"
        ]
      ],
      "ants": [
        [
          "advent",
          "appearance",
          "arrival",
          "coming",
          "incoming",
          "approach",
          "entrance",
          "ingress",
          "beginning",
          "birth",
          "commencement",
          "dawn",
          "dawning",
          "debut",
          "genesis",
          "inception",
          "morning",
          "onset",
          "start"
        ]
      ],
      "offensive": false
    },
    "hwi": {
      "hw": "evaporation"
    },
    "fl": "noun",
    "def": [
      {
        "sseq": [
          [
            [
              "sense",
              {
                "dt": [
                  [
                    "text",
                    "as in {it}melting{/it}, {it}dissipation{/it}"
                  ]
                ],
                "sim_list": [
                  [
                    {
                      "wd": "dissipation"
                    },
                    {
                      "wd": "dissolution"
                    },
                    {
                      "wd": "fadeaway"
                    },
                    {
                      "wd": "fading"
                    },
                    {
                      "wd": "melting"
                    },
                    {
                      "wd": "passing"
                    },
                    {
                      "wd": "vanishing"
                    }
                  ],
                  [
                    {
                      "wd": "decamping"
                    },
                    {
                      "wd": "decampment"
                    },
                    {
                      "wd": "departing"
                    },
                    {
                      "wd": "departure"
                    },
                    {
                      "wd": "disappearance"
                    },
                    {
                      "wd": "exit"
                    },
                    {
                      "wd": "exiting"
                    },
                    {
                      "wd": "farewell"
                    },
                    {
                      "wd": "going"
                    },
                    {
                      "wd": "leave-taking"
                    },
                    {
                      "wd": "parting"
                    },
                    {
                      "wd": "quitting"
                    }
                  ],
                  [
                    {
                      "wd": "clearing out"
                    },
                    {
                      "wd": "egress"
                    },
                    {
                      "wd": "leaving"
                    },
                    {
                      "wd": "retirement"
                    },
                    {
                      "wd": "retreat"
                    },
                    {
                      "wd": "withdrawal"
                    }
                  ],
                  [
                    {
                      "wd": "emigration"
                    },
                    {
                      "wd": "evacuation"
                    },
                    {
                      "wd": "exodus"
                    }
                  ]
                ],
                "opp_list": [
                  [
                    {
                      "wd": "advent"
                    },
                    {
                      "wd": "appearance"
                    },
                    {
                      "wd": "arrival"
                    },
                    {
                      "wd": "coming"
                    },
                    {
                      "wd": "incoming"
                    }
                  ],
                  [
                    {
                      "wd": "approach"
                    },
                    {
                      "wd": "entrance"
                    },
                    {
                      "wd": "ingress"
                    }
                  ],
                  [
                    {
                      "wd": "beginning"
                    },
                    {
                      "wd": "birth"
                    },
                    {
                      "wd": "commencement"
                    },
                    {
                      "wd": "dawn"
                    },
                    {
                      "wd": "dawning"
                    },
                    {
                      "wd": "debut",
                      "wvrs": [
                        {
                          "wvl": "also",
                          "wva": "d\u00e9but"
                        }
                      ]
                    },
                    {
                      "wd": "genesis"
                    },
                    {
                      "wd": "inception"
                    },
                    {
                      "wd": "morning"
                    },
                    {
                      "wd": "onset"
                    },
                    {
                      "wd": "start"
                    }
                  ]
                ]
              }
            ]
          ]
        ]
      }
    ],
    "shortdef": [
      "as in melting, dissipation"
    ]
  },
  {
    "meta": {
      "id": "evaporate",
      "uuid": "7ba1813b-7dae-41e5-8785-a98ebba4e9c5",
      "src": "coll_thes",
      "section": "alpha",
      "target": {
        "tuuid": "0dbd88bf-9586-49db-9ea7-20623a4cf020",
        "tsrc": "collegiate"
      },
      "stems": [
        "evaporate",
        "evaporated",
        "evaporates",
        "evaporating",
        "evaporation",
        "evaporations",
        "evaporative",
        "evaporator",
        "evaporators"
      ],
      "syns": [
        [
          "dematerialize",
          "disappear",
          "dissolve",
          "evanesce",
          "fade",
          "flee",
          "fly",
          "melt",
          "sink",
          "vanish"
        ]
      ],
      "ants": [
        [
          "appear",
          "materialize"
        ]
      ],
      "offensive": false
    },
    "hwi": {
      "hw": "evaporate"
    },
    "fl": "verb",
    "def": [
      {
        "sseq": [
          [
            [
              "sense",
              {
                "dt": [
                  [
                    "text",
                    "to cease to be visible "
                  ],
                  [
                    "vis",
                    [
                      {
                        "t": "by mid-morning the fog that had enshrouded the island had just {it}evaporated{/it}"
                      }
                    ]
                  ]
                ],
                "syn_list": [
                  [
                    {
                      "wd": "dematerialize"
                    },
                    {
                      "wd": "disappear"
                    },
                    {
                      "wd": "dissolve"
                    },
                    {
                      "wd": "evanesce"
                    },
                    {
                      "wd": "fade"
                    },
                    {
                      "wd": "flee"
                    },
                    {
                      "wd": "fly"
                    },
                    {
                      "wd": "melt"
                    },
                    {
                      "wd": "sink"
                    },
                    {
                      "wd": "vanish"
                    }
                  ]
                ],
                "rel_list": [
                  [
                    {
                      "wd": "blank (out)"
                    },
                    {
                      "wd": "clear"
                    },
                    {
                      "wd": "die (away or down or out)"
                    },
                    {
                      "wd": "disperse"
                    },
                    {
                      "wd": "dissipate"
                    },
                    {
                      "wd": "dry up"
                    }
                  ],
                  [
                    {
                      "wd": "blur"
                    },
                    {
                      "wd": "dim"
                    }
                  ]
                ],
                "phrase_list": [
                  [
                    {
                      "wd": "drop out of sight"
                    }
                  ]
                ],
                "near_list": [
                  [
                    {
                      "wd": "arrive"
                    },
                    {
                      "wd": "break out"
                    },
                    {
                      "wd": "come out"
                    },
                    {
                      "wd": "emerge"
                    },
                    {
                      "wd": "issue"
                    },
                    {
                      "wd": "loom"
                    },
                    {
                      "wd": "show up"
                    }
                  ]
                ],
                "ant_list": [
                  [
                    {
                      "wd": "appear"
                    },
                    {
                      "wd": "materialize"
                    }
                  ]
                ]
              }
            ]
          ]
        ]
      }
    ],
    "shortdef": [
      "to cease to be visible"
    ]
  }
]