[
  {
    "meta": {
      "id": "exchange",
      "uuid": "df7dfdcd-9cee-4ae6-bf39-4b22c362c8e6",
      "src": "coll_thes",
      "section": "alpha",
      "target": {
        "tuuid": "745b08c1-a219-492c-82d9-cedaa010c977",
        "tsrc": "collegiate"
      },
      "stems": [
        "exchange",
        "exchanges",
        "in exchange"
      ],
      "syns": [
        [
          "back-and-forth",
          "barter",
          "commutation",
          "dicker",
          "quid pro quo",
          "swap",
          "trade",
          "trade-off",
          "truck"
        ],
        [
          "chat",
          "colloquy",
          "conversation",
          "converse",
          "dialogue",
          "discourse",
          "discussion"
        ]
      ],
      "ants": [],
      "offensive": false
    },
    "hwi": {
      "hw": "exchange"
    },
    "fl": "noun",
    "def": [
      {
        "sseq": [
          [
            [
              "sense",
              {
                "sn": "1",
                "dt": [
                  [
                    "text",
                    "a giving or taking of one thing of value in return for another "
                  ],
                  [
                    "vis",
                    [
                      {
                        "t": "{it}exchanges{/it} of commemorative pins are common among Olympic athletes"
                      }
                    ]
                  ]
                ],
                "syn_list": [
                  [
                    {
                      "wd": "back-and-forth"
                    },
                    {
                      "wd": "barter"
                    },
                    {
                      "wd": "commutation"
                    },
                    {
                      "wd": "dicker"
                    },
                    {
                      "wd": "quid pro quo"
                    },
                    {
                      "wd": "swap"
                    },
                    {
                      "wd": "trade"
                    },
                    {
                      "wd": "trade-off"
                    },
                    {
                      "wd": "truck"
                    }
                  ]
                ],
                "rel_list": [
                  [
                    {
                      "wd": "replacement"
                    },
                    {
                      "wd": "substitution"
                    }
                  ],
                  [
                    {
                      "wd": "reciprocation"
                    },
                    {
                      "wd": "recompense"
                    },
                    {
                      "wd": "requital"
                    }
                  ],
                  [
                    {
                      "wd": "bargain"
                    },
                    {
                      "wd": "deal"
                    },
                    {
                      "wd": "horse trade"
                    },
                    {
                      "wd": "negotiation"
                    },
                    {
                      "wd": "transaction"
                    }
                  ],
                  [
                    {
                      "wd": "bargaining"
                    },
                    {
                      "wd": "dealing"
                    },
                    {
                      "wd": "dickering"
                    },
                    {
                      "wd": "haggling"
                    },
                    {
                      "wd": "horse trading"
                    }
                  ],
                  [
                    {
                      "wd": "logrolling"
                    }
                  ]
                ]
              }
            ]
          ],
          [
            [
              "sense",
              {
                "sn": "2",
                "dt": [
                  [
                    "text",
                    "talking or a talk between two or more people "
                  ],
                  [
                    "vis",
                    [
                      {
                        "t": "we had a brief {it}exchange{/it} with the pastor as we passed him on the way out of church"
                      }
                    ]
                  ]
                ],
                "syn_list": [
                  [
                    {
                      "wd": "chat"
                    },
                    {
                      "wd": "colloquy"
                    },
                    {
                      "wd": "conversation"
                    },
                    {
                      "wd": "converse"
                    },
                    {
                      "wd": "dialogue",
                      "wvrs": [
                        {
                          "wvl": "also",
                          "wva": "dialog"
                        }
                      ]
                    },
                    {
                      "wd": "discourse"
                    },
                    {
                      "wd": "discussion"
                    }
                  ]
                ],
                "rel_list": [
                  [
                    {
                      "wd": "banter"
                    },
                    {
                      "wd": "chaff"
                    },
                    {
                      "wd": "cross fire"
                    },
                    {
                      "wd": "give-and-take"
                    },
                    {
                      "wd": "persiflage"
                    },
                    {
                      "wd": "raillery"
                    },
                    {
                      "wd": "repartee"
                    }
                  ],
                  [
                    {
                      "wd": "conference"
                    },
                    {
                      "wd": "parley"
                    }
                  ],
                  [
                    {
                      "wd": "babble"
                    },
                    {
                      "wd": "chatter"
                    },
                    {
                      "wd": "chin-wag",
                      "wsls": [
                        "slang"
                      ]
                    },
                    {
                      "wd": "chitchat"
                    },
                    {
                      "wd": "confabulation"
                    },
                    {
                      "wd": "gabfest"
                    },
                    {
                      "wd": "gossip"
                    },
                    {
                      "wd": "natter",
                      "wsls": [
                        "chiefly British"
                      ]
                    },
                    {
                      "wd": "palaver"
                    },
                    {
                      "wd": "prate"
                    },
                    {
                      "wd": "prattle"
                    },
                    {
                      "wd": "rap"
                    },
                    {
                      "wd": "small talk"
                    },
                    {
                      "wd": "table talk"
                    }
                  ],
                  [
                    {
                      "wd": "round-robin"
                    },
                    {
                      "wd": "roundtable"
                    },
                    {
                      "wd": "symposium"
                    }
                  ],
                  [
                    {
                      "wd": "debate"
                    },
                    {
                      "wd": "deliberation"
                    }
                  ]
                ]
              }
            ]
          ]
        ]
      }
    ],
    "shortdef": [
      "a giving or taking of one thing of value in return for another",
      "talking or a talk between two or more people"
    ]
  },
  {
    "meta": {
      "id": "exchange",
      "uuid": "2301f43e-f616-40ea-85c3-d229ea50c69a",
      "src": "coll_thes",
      "section": "alpha",
      "target": {
        "tuuid": "785d8746-68b0-4835-b882-9f8abadf1c54",
        "tsrc": "collegiate"
      },
      "stems": [
        "exchange",
        "exchangeabilities",
        "exchangeability",
        "exchangeable",
        "exchanged",
        "exchanger",
        "exchangers",
        "exchanges",
        "exchanging"
      ],
      "syns": [
        [
          "change",
          "commute",
          "shift",
          "substitute",
          "swap",
          "switch",
          "trade"
        ]
      ],
      "ants": [],
      "offensive": false
    },
    "hwi": {
      "hw": "exchange"
    },
    "fl": "verb",
    "def": [
      {
        "sseq": [
          [
            [
              "sense",
              {
                "dt": [
                  [
                    "text",
                    "to give up (something) and take something else in return "
                  ],
                  [
                    "vis",
                    [
                      {
                        "t": "I'd like to {it}exchange{/it} this sweater for one in a larger size"
                      }
                    ]
                  ]
                ],
                "syn_list": [
                  [
                    {
                      "wd": "change"
                    },
                    {
                      "wd": "commute"
                    },
                    {
                      "wd": "shift"
                    },
                    {
                      "wd": "substitute"
                    },
                    {
                      "wd": "swap"
                    },
                    {
                      "wd": "switch"
                    },
                    {
                      "wd": "trade"
                    }
                  ]
                ],
                "rel_list": [
                  [
                    {
                      "wd": "interchange"
                    }
                  ],
                  [
                    {
                      "wd": "displace"
                    },
                    {
                      "wd": "replace"
                    },
                    {
                      "wd": "supersede"
                    }
                  ],
                  [
                    {
                      "wd": "cede"
                    },
                    {
                      "wd": "hand over"
                    },
                    {
                      "wd": "surrender"
                    },
                    {
                      "wd": "yield"
                    }
                  ],
                  [
                    {
                      "wd": "reciprocate"
                    }
                  ]
                ]
              }
            ]
          ]
        ]
      }
    ],
    "shortdef": [
      "to give up (something) and take something else in return"
    ]
  },
  {
    "meta": {
      "id": "exchange (for)",
      "uuid": "7e4edf1d-9924-447b-80ab-26e63ca67e90",
      "src": "CTcompile",
      "section": "alpha",
      "stems": [
        "exchange (for)",
        "exchange for"
      ],
      "syns": [
        [
          "barter (for)",
          "deal (for)",
          "dicker (over)",
          "haggle (for)",
          "negotiate (about)",
          "trade (for)",
          "finance",
          "pay (for)",
          "spring (for)",
          "bargain (with)",
          "chaffer (with)",
          "horse-trade (with)",
          "palter (with)",
          "acquire",
          "gain",
          "garner",
          "get",
          "obtain",
          "procure",
          "secure",
          "win",
          "bid",
          "offer",
          "buy",
          "cop",
          "pick up",
          "purchase",
          "take",
          "rebuy",
          "repurchase"
        ]
      ],
      "ants": [
        [
          "deal (in)",
          "market",
          "merchandise",
          "retail",
          "sell",
          "vend"
        ]
      ],
      "offensive": false
    },
    "hwi": {
      "hw": "exchange (for)"
    },
    "fl": "verb",
    "def": [
      {
        "sseq": [
          [
            [
              "sense",
              {
                "dt": [
                  [
                    "text",
                    "as in {it}deal (for){/it}, {it}trade (for){/it}"
                  ]
                ],
                "sim_list": [
                  [
                    {
                      "wd": "barter (for)"
                    },
                    {
                      "wd": "deal (for)"
                    },
                    {
                      "wd": "dicker (over)"
                    },
                    {
                      "wd": "haggle (for)"
                    },
                    {
                      "wd": "negotiate (about)"
                    },
                    {
                      "wd": "trade (for)"
                    }
                  ],
                  [
                    {
                      "wd": "finance"
                    },
                    {
                      "wd": "pay (for)"
                    },
                    {
                      "wd": "spring (for)"
                    }
                  ],
                  [
                    {
                      "wd": "bargain (with)"
                    },
                    {
                      "wd": "chaffer (with)"
                    },
                    {
                      "wd": "horse-trade (with)"
                    },
                    {
                      "wd": "palter (with)"
                    }
                  ],
                  [
                    {
                      "wd": "acquire"
                    },
                    {
                      "wd": "gain"
                    },
                    {
                      "wd": "garner"
                    },
                    {
                      "wd": "get"
                    },
                    {
                      "wd": "obtain"
                    },
                    {
                      "wd": "procure"
                    },
                    {
                      "wd": "secure"
                    },
                    {
                      "wd": "win"
                    }
                  ],
                  [
                    {
                      "wd": "bid"
                    },
                    {
                      "wd": "offer"
                    }
                  ],
                  [
                    {
                      "wd": "buy"
                    },
                    {
                      "wd": "cop",
                      "wsls": [
                        "slang"
                      ]
                    },
                    {
                      "wd": "pick up"
                    },
                    {
                      "wd": "purchase"
                    },
                    {
                      "wd": "take"
                    }
                  ],
                  [
                    {
                      "wd": "rebuy"
                    },
                    {
                      "wd": "repurchase"
                    }
                  ]
                ],
                "opp_list": [
                  [
                    {
                      "wd": "deal (in)"
                    },
                    {
                      "wd": "market"
                    },
                    {
                      "wd": "merchandise",
                      "wvrs": [
                        {
                          "wvl": "also",
                          "wva": "merchandize"
                        }
                      ]
                    },
                    {
                      "wd": "retail"
                    },
                    {
                      "wd": "sell"
                    },
                    {
                      "wd": "vend"
                    }
                  ]
                ]
              }
            ]
          ]
        ]
      }
    ],
    "shortdef": [
      "as in deal (for), trade (for)"
    ]
  },
  {
    "meta": {
      "id": "exchange student",
      "uuid": "56c8857e-941a-4d90-8199-b1c4db567d92",
      "src": "CTcompile",
      "section": "alpha",
      "stems": [
        "exchange student"
      ],
      "syns": [
        [
          "day student",
          "preppy",
          "schoolboy",
          "schoolchild",
          "schoolgirl",
          "freshman",
          "junior",
          "senior",
          "sophomore",
          "high schooler",
          "kindergartner",
          "middler",
          "middle schooler",
          "pupil",
          "scholar",
          "student",
          "coed",
          "collegian",
          "postgraduate",
          "undergraduate",
          "underclassman",
          "undergrad",
          "upperclassman",
          "schoolfellow",
          "schoolmate",
          "reader",
          "studier"
        ]
      ],
      "ants": [],
      "offensive": false
    },
    "hwi": {
      "hw": "exchange student"
    },
    "fl": "noun",
    "def": [
      {
        "sseq": [
          [
            [
              "sense",
              {
                "dt": [
                  [
                    "text",
                    "as in {it}student{/it}, {it}day student{/it}"
                  ]
                ],
                "sim_list": [
                  [
                    {
                      "wd": "day student"
                    },
                    {
                      "wd": "preppy",
                      "wvrs": [
                        {
                          "wvl": "or",
                          "wva": "preppie"
                        }
                      ]
                    },
                    {
                      "wd": "schoolboy"
                    },
                    {
                      "wd": "schoolchild"
                    },
                    {
                      "wd": "schoolgirl"
                    }
                  ],
                  [
                    {
                      "wd": "freshman"
                    },
                    {
                      "wd": "junior"
                    },
                    {
                      "wd": "senior"
                    },
                    {
                      "wd": "sophomore"
                    }
                  ],
                  [
                    {
                      "wd": "high schooler"
                    },
                    {
                      "wd": "kindergartner",
                      "wvrs": [
                        {
                          "wvl": "also",
                          "wva": "kindergartener"
                        }
                      ]
                    },
                    {
                      "wd": "middler"
                    },
                    {
                      "wd": "middle schooler"
                    }
                  ],
                  [
                    {
                      "wd": "pupil"
                    },
                    {
                      "wd": "scholar"
                    },
                    {
                      "wd": "student"
                    }
                  ],
                  [
                    {
                      "wd": "coed"
                    },
                    {
                      "wd": "collegian"
                    },
                    {
                      "wd": "postgraduate"
                    },
                    {
                      "wd": "undergraduate"
                    }
                  ],
                  [
                    {
                      "wd": "underclassman"
                    },
                    {
                      "wd": "undergrad"
                    },
                    {
                      "wd": "upperclassman"
                    }
                  ],
                  [
                    {
                      "wd": "schoolfellow"
                    },
                    {
                      "wd": "schoolmate"
                    }
                  ],
                  [
                    {
                      "wd": "reader"
                    },
                    {
                      "wd": "studier"
                    }
                  ]
                ],
                "opp_list": [
                  [
                    {
                      "wd": "nonstudent"
                    }
                  ]
                ]
              }
            ]
          ]
        ]
      }
    ],
    "shortdef": [
      "as in student, day student"
    ]
  },
  {
    "meta": {
      "id": "exchange students",
      "uuid": "63170a12-8755-4bc7-b622-b02bd9ac80e3",
      "src": "CTcompile",
      "section": "alpha",
      "stems": [
        "exchange students"
      ],
      "syns": [
        [
          "day students",
          "preppies",
          "schoolboys",
          "schoolchildren",
          "schoolgirls",
          "freshmen",
          "juniors",
          "seniors",
          "sophomores",
          "high schoolers",
          "kindergartners",
          "middlers",
          "middle schoolers",
          "pupils",
          "scholars",
          "students",
          "coeds",
          "collegians",
          "postgraduates",
          "undergraduates",
          "underclassmen",
          "undergrads",
          "upperclassmen",
          "schoolfellows",
          "schoolmates",
          "readers",
          "studiers"
        ]
      ],
      "ants": [],
      "offensive": false
    },
    "hwi": {
      "hw": "exchange students"
    },
    "fl": "noun",
    "sls": [
      "plural of {d_link|exchange student|exchange student}"
    ],
    "def": [
      {
        "sseq": [
          [
            [
              "sense",
              {
                "dt": [
                  [
                    "text",
                    "as in {it}students{/it}, {it}day students{/it}"
                  ]
                ],
                "sim_list": [
                  [
                    {
                      "wd": "day students"
                    },
                    {
                      "wd": "preppies"
                    },
                    {
                      "wd": "schoolboys"
                    },
                    {
                      "wd": "schoolchildren"
                    },
                    {
                      "wd": "schoolgirls"
                    }
                  ],
                  [
                    {
                      "wd": "freshmen"
                    },
                    {
                      "wd": "juniors"
                    },
                    {
                      "wd": "seniors"
                    },
                    {
                      "wd": "sophomores"
                    }
                  ],
                  [
                    {
                      "wd": "high schoolers"
                    },
                    {
                      "wd": "kindergartners",
                      "wvrs": [
                        {
                          "wvl": "also",
                          "wva": "kindergarteners"
                        }
                      ]
                    },
                    {
                      "wd": "middlers"
                    },
                    {
                      "wd": "middle schoolers"
                    }
                  ],
                  [
                    {
                      "wd": "pupils"
                    },
                    {
                      "wd": "scholars"
                    },
                    {
                      "wd": "students"
                    }
                  ],
                  [
                    {
                      "wd": "coeds"
                    },
                    {
                      "wd": "collegians"
                    },
                    {
                      "wd": "postgraduates"
                    },
                    {
                      "wd": "undergraduates"
                    }
                  ],
                  [
                    {
                      "wd": "underclassmen"
                    },
                    {
                      "wd": "undergrads"
                    },
                    {
                      "wd": "upperclassmen"
                    }
                  ],
                  [
                    {
                      "wd": "schoolfellows"
                    },
                    {
                      "wd": "schoolmates"
                    }
                  ],
                  [
                    {
                      "wd": "readers"
                    },
                    {
                      "wd": "studiers"
                    }
                  ]
                ],
                "opp_list": [
                  [
                    {
                      "wd": "nonstudents"
                    }
                  ]
                ]
              }
            ]
          ]
        ]
      }
    ],
    "shortdef": [
      "as in students, day students"
    ]
  }
]