[
  {
    "meta": {
      "id": "feedback",
      "uuid": "447728d4-6730-4b54-83c4-5fcb64212744",
      "src": "CTenhance",
      "section": "alpha",
      "stems": [
        "feedback",
        "feedbacks"
      ],
      "syns": [
        [
          "brief",
          "direction",
          "instruction",
          "observation",
          "advice",
          "advisement",
          "assistance",
          "counsel",
          "guidance",
          "input",
          "recommendation",
          "suggestion",
          "assistance",
          "briefing",
          "coaching",
          "mentoring",
          "priming",
          "prompting",
          "teaching",
          "tutoring",
          "caution",
          "cautioning",
          "sign",
          "signal",
          "telltale",
          "tip-off",
          "warning",
          "prompt",
          "reminder",
          "urging",
          "answer",
          "clue",
          "solution",
          "hint",
          "lead",
          "pointer",
          "tip"
        ]
      ],
      "ants": [],
      "offensive": false
    },
    "hwi": {
      "hw": "feedback"
    },
    "fl": "noun",
    "def": [
      {
        "sseq": [
          [
            [
              "sense",
              {
                "dt": [
                  [
                    "text",
                    "advice or useful information especially from an expert "
                  ],
                  [
                    "vis",
                    [
                      {
                        "t": "He plans to ask his manager for {it}feedback{/it} on his job performance."
                      },
                      {
                        "t": "They sent out a survey to encourage customer {it}feedback{/it}."
                      }
                    ]
                  ]
                ],
                "sim_list": [
                  [
                    {
                      "wd": "brief"
                    },
                    {
                      "wd": "direction"
                    },
                    {
                      "wd": "instruction"
                    },
                    {
                      "wd": "observation"
                    }
                  ],
                  [
                    {
                      "wd": "advice"
                    },
                    {
                      "wd": "advisement"
                    },
                    {
                      "wd": "assistance"
                    },
                    {
                      "wd": "counsel"
                    },
                    {
                      "wd": "guidance"
                    },
                    {
                      "wd": "input"
                    },
                    {
                      "wd": "recommendation"
                    },
                    {
                      "wd": "suggestion"
                    }
                  ],
                  [
                    {
                      "wd": "assistance"
                    },
                    {
                      "wd": "briefing"
                    },
                    {
                      "wd": "coaching"
                    },
                    {
                      "wd": "mentoring"
                    },
                    {
                      "wd": "priming"
                    },
                    {
                      "wd": "prompting"
                    },
                    {
                      "wd": "teaching"
                    },
                    {
                      "wd": "tutoring"
                    }
                  ],
                  [
                    {
                      "wd": "caution"
                    },
                    {
                      "wd": "cautioning"
                    },
                    {
                      "wd": "sign"
                    },
                    {
                      "wd": "signal"
                    },
                    {
                      "wd": "telltale"
                    },
                    {
                      "wd": "tip-off"
                    },
                    {
                      "wd": "warning"
                    }
                  ],
                  [
                    {
                      "wd": "prompt"
                    },
                    {
                      "wd": "reminder"
                    },
                    {
                      "wd": "urging"
                    }
                  ],
                  [
                    {
                      "wd": "answer"
                    },
                    {
                      "wd": "clue"
                    },
                    {
                      "wd": "solution"
                    }
                  ],
                  [
                    {
                      "wd": "hint"
                    },
                    {
                      "wd": "lead"
                    },
                    {
                      "wd": "pointer"
                    },
                    {
                      "wd": "tip"
                    }
                  ]
                ]
              }
            ]
          ]
        ]
      }
    ],
    "shortdef": [
      "advice or useful information especially from an expert"
    ]
  }
]