[
  {
    "meta": {
      "id": "focal point",
      "uuid": "c89e1949-5d6d-4eea-b323-f8504a68723b",
      "src": "CTcompile",
      "section": "alpha",
      "stems": [
        "focal point"
      ],
      "syns": [
        [
          "center",
          "focus",
          "heart",
          "foreground"
        ]
      ],
      "ants": [
        [
          "backdrop",
          "background",
          "ground",
          "mise-en-sc\u00e8ne",
          "scene",
          "scenery",
          "set",
          "stage",
          "entourage",
          "environment",
          "milieu",
          "setting",
          "surroundings"
        ]
      ],
      "offensive": false
    },
    "hwi": {
      "hw": "focal point"
    },
    "fl": "noun",
    "def": [
      {
        "sseq": [
          [
            [
              "sense",
              {
                "dt": [
                  [
                    "text",
                    "as in {it}center{/it}, {it}heart{/it}"
                  ]
                ],
                "sim_list": [
                  [
                    {
                      "wd": "center"
                    },
                    {
                      "wd": "focus"
                    },
                    {
                      "wd": "heart"
                    }
                  ],
                  [
                    {
                      "wd": "foreground"
                    }
                  ]
                ],
                "opp_list": [
                  [
                    {
                      "wd": "backdrop"
                    },
                    {
                      "wd": "background"
                    },
                    {
                      "wd": "ground"
                    }
                  ],
                  [
                    {
                      "wd": "mise-en-sc\u00e8ne"
                    },
                    {
                      "wd": "scene"
                    },
                    {
                      "wd": "scenery"
                    },
                    {
                      "wd": "set"
                    },
                    {
                      "wd": "stage"
                    }
                  ],
                  [
                    {
                      "wd": "entourage"
                    },
                    {
                      "wd": "environment"
                    },
                    {
                      "wd": "milieu"
                    },
                    {
                      "wd": "setting"
                    },
                    {
                      "wd": "surroundings"
                    }
                  ]
                ]
              }
            ]
          ]
        ]
      }
    ],
    "shortdef": [
      "as in center, heart"
    ]
  },
  {
    "meta": {
      "id": "focal points",
      "uuid": "c48b6c06-80a4-497e-aca9-8f15dc2820b5",
      "src": "CTcompile",
      "section": "alpha",
      "stems": [
        "focal points"
      ],
      "syns": [
        [
          "centers",
          "foci",
          "hearts",
          "foregrounds"
        ]
      ],
      "ants": [
        [
          "backdrops",
          "backgrounds",
          "grounds",
          "mise-en-sc\u00e8nes",
          "sceneries",
          "scenes",
          "sets",
          "stages",
          "entourages",
          "environments",
          "milieus",
          "settings",
          "surroundings"
        ]
      ],
      "offensive": false
    },
    "hwi": {
      "hw": "focal points"
    },
    "fl": "noun",
    "sls": [
      "plural of {d_link|focal point|focal point}"
    ],
    "def": [
      {
        "sseq": [
          [
            [
              "sense",
              {
                "dt": [
                  [
                    "text",
                    "as in {it}centers{/it}, {it}hearts{/it}"
                  ]
                ],
                "sim_list": [
                  [
                    {
                      "wd": "centers"
                    },
                    {
                      "wd": "foci",
                      "wvrs": [
                        {
                          "wvl": "also",
                          "wva": "focuses"
                        }
                      ]
                    },
                    {
                      "wd": "hearts"
                    }
                  ],
                  [
                    {
                      "wd": "foregrounds"
                    }
                  ]
                ],
                "opp_list": [
                  [
                    {
                      "wd": "backdrops"
                    },
                    {
                      "wd": "backgrounds"
                    },
                    {
                      "wd": "grounds"
                    }
                  ],
                  [
                    {
                      "wd": "mise-en-sc\u00e8nes"
                    },
                    {
                      "wd": "sceneries"
                    },
                    {
                      "wd": "scenes"
                    },
                    {
                      "wd": "sets"
                    },
                    {
                      "wd": "stages"
                    }
                  ],
                  [
                    {
                      "wd": "entourages"
                    },
                    {
                      "wd": "environments"
                    },
                    {
                      "wd": "milieus",
                      "wvrs": [
                        {
                          "wvl": "or",
                          "wva": "milieux"
                        }
                      ]
                    },
                    {
                      "wd": "settings"
                    },
                    {
                      "wd": "surroundings"
                    }
                  ]
                ]
              }
            ]
          ]
        ]
      }
    ],
    "shortdef": [
      "as in centers, hearts"
    ]
  }
]