[
  {
    "meta": {
      "id": "fog",
      "uuid": "449facd4-7472-4d13-94ec-efa166e2f759",
      "src": "coll_thes",
      "section": "alpha",
      "target": {
        "tuuid": "c6be290e-93ef-4ee1-a616-d1a380d9aa2b",
        "tsrc": "collegiate"
      },
      "stems": [
        "fog",
        "fogless",
        "fogs"
      ],
      "syns": [
        [
          "daze",
          "dazedness",
          "haze",
          "muddle",
          "spin",
          "swoon"
        ],
        [
          "brume",
          "gauze",
          "haze",
          "mist",
          "murk",
          "reek",
          "smog",
          "soup"
        ],
        [
          "bafflement",
          "bamboozlement",
          "befuddlement",
          "bemusement",
          "bewilderedness",
          "bewilderment",
          "confusedness",
          "confusion",
          "discombobulation",
          "distraction",
          "head-scratching",
          "maze",
          "muddle",
          "mystification",
          "perplexity",
          "puzzlement",
          "tangle",
          "whirl"
        ]
      ],
      "ants": [],
      "offensive": false
    },
    "hwi": {
      "hw": "fog"
    },
    "fl": "noun",
    "def": [
      {
        "sseq": [
          [
            [
              "sense",
              {
                "sn": "1",
                "dt": [
                  [
                    "text",
                    "a state of mental confusion "
                  ],
                  [
                    "vis",
                    [
                      {
                        "t": "didn't get enough sleep and now I'm in a {it}fog{/it}"
                      }
                    ]
                  ]
                ],
                "syn_list": [
                  [
                    {
                      "wd": "daze"
                    },
                    {
                      "wd": "dazedness"
                    },
                    {
                      "wd": "haze"
                    },
                    {
                      "wd": "muddle"
                    },
                    {
                      "wd": "spin"
                    },
                    {
                      "wd": "swoon"
                    }
                  ]
                ],
                "rel_list": [
                  [
                    {
                      "wd": "reverie"
                    },
                    {
                      "wd": "stupor"
                    },
                    {
                      "wd": "trance"
                    }
                  ],
                  [
                    {
                      "wd": "befuddlement"
                    },
                    {
                      "wd": "bewilderment"
                    },
                    {
                      "wd": "perplexity"
                    },
                    {
                      "wd": "puzzlement"
                    }
                  ],
                  [
                    {
                      "wd": "delirium"
                    },
                    {
                      "wd": "malaise"
                    },
                    {
                      "wd": "paralysis"
                    }
                  ],
                  [
                    {
                      "wd": "cloudiness"
                    },
                    {
                      "wd": "fogginess"
                    }
                  ]
                ],
                "near_list": [
                  [
                    {
                      "wd": "alertness"
                    },
                    {
                      "wd": "levelheadedness"
                    }
                  ]
                ]
              }
            ]
          ],
          [
            [
              "sense",
              {
                "sn": "2",
                "dt": [
                  [
                    "text",
                    "an atmospheric condition in which suspended particles in the air rob it of its transparency "
                  ],
                  [
                    "vis",
                    [
                      {
                        "t": "the {it}fog{/it} lifted once the sun was out"
                      }
                    ]
                  ]
                ],
                "syn_list": [
                  [
                    {
                      "wd": "brume"
                    },
                    {
                      "wd": "gauze"
                    },
                    {
                      "wd": "haze"
                    },
                    {
                      "wd": "mist"
                    },
                    {
                      "wd": "murk"
                    },
                    {
                      "wd": "reek"
                    },
                    {
                      "wd": "smog"
                    },
                    {
                      "wd": "soup"
                    }
                  ]
                ],
                "rel_list": [
                  [
                    {
                      "wd": "bank"
                    },
                    {
                      "wd": "cloud"
                    },
                    {
                      "wd": "fume"
                    },
                    {
                      "wd": "miasma"
                    },
                    {
                      "wd": "smoke"
                    },
                    {
                      "wd": "smother"
                    },
                    {
                      "wd": "steam"
                    }
                  ]
                ]
              }
            ]
          ],
          [
            [
              "sense",
              {
                "sn": "3",
                "dt": [
                  [
                    "text",
                    "a state of mental uncertainty "
                  ],
                  [
                    "vis",
                    [
                      {
                        "t": "I wandered around in a {it}fog{/it} after the shocking news"
                      }
                    ]
                  ]
                ],
                "syn_list": [
                  [
                    {
                      "wd": "bafflement"
                    },
                    {
                      "wd": "bamboozlement"
                    },
                    {
                      "wd": "befuddlement"
                    },
                    {
                      "wd": "bemusement"
                    },
                    {
                      "wd": "bewilderedness"
                    },
                    {
                      "wd": "bewilderment"
                    },
                    {
                      "wd": "confusedness"
                    },
                    {
                      "wd": "confusion"
                    },
                    {
                      "wd": "discombobulation"
                    },
                    {
                      "wd": "distraction"
                    },
                    {
                      "wd": "head-scratching"
                    },
                    {
                      "wd": "maze",
                      "wsls": [
                        "chiefly dialect"
                      ]
                    },
                    {
                      "wd": "muddle"
                    },
                    {
                      "wd": "mystification"
                    },
                    {
                      "wd": "perplexity"
                    },
                    {
                      "wd": "puzzlement"
                    },
                    {
                      "wd": "tangle"
                    },
                    {
                      "wd": "whirl"
                    }
                  ]
                ],
                "rel_list": [
                  [
                    {
                      "wd": "abashment"
                    },
                    {
                      "wd": "discomfiture"
                    },
                    {
                      "wd": "disconcertment"
                    },
                    {
                      "wd": "embarrassment"
                    },
                    {
                      "wd": "mortification"
                    }
                  ],
                  [
                    {
                      "wd": "agitation"
                    },
                    {
                      "wd": "chagrin"
                    },
                    {
                      "wd": "discomfort"
                    },
                    {
                      "wd": "dismay"
                    },
                    {
                      "wd": "disquiet"
                    },
                    {
                      "wd": "distress"
                    },
                    {
                      "wd": "disturbance"
                    },
                    {
                      "wd": "perturbation"
                    },
                    {
                      "wd": "upset"
                    }
                  ],
                  [
                    {
                      "wd": "bother"
                    },
                    {
                      "wd": "commotion"
                    },
                    {
                      "wd": "dither"
                    },
                    {
                      "wd": "flurry"
                    },
                    {
                      "wd": "fluster"
                    },
                    {
                      "wd": "fuss"
                    },
                    {
                      "wd": "stew"
                    },
                    {
                      "wd": "turmoil"
                    }
                  ]
                ],
                "near_list": [
                  [
                    {
                      "wd": "assurance"
                    },
                    {
                      "wd": "certainty"
                    },
                    {
                      "wd": "certitude"
                    },
                    {
                      "wd": "confidence"
                    },
                    {
                      "wd": "conviction"
                    },
                    {
                      "wd": "positiveness"
                    },
                    {
                      "wd": "sureness"
                    }
                  ]
                ]
              }
            ]
          ]
        ]
      }
    ],
    "shortdef": [
      "a state of mental confusion",
      "an atmospheric condition in which suspended particles in the air rob it of its transparency",
      "a state of mental uncertainty"
    ]
  },
  {
    "meta": {
      "id": "fog",
      "uuid": "a6a91965-e14f-4f29-9b8e-eb87880510b9",
      "src": "coll_thes",
      "section": "alpha",
      "target": {
        "tuuid": "076351f9-11ce-42eb-b70f-2e349e40976a",
        "tsrc": "collegiate"
      },
      "stems": [
        "fog",
        "fogged",
        "fogging",
        "fogs"
      ],
      "syns": [
        [
          "becloud",
          "befog",
          "blur",
          "cloud",
          "confuse",
          "muddy",
          "obfuscate"
        ],
        [
          "becloud",
          "bedim",
          "befog",
          "blacken",
          "blear",
          "blur",
          "cloud",
          "darken",
          "dim",
          "dislimn",
          "fuzz (up)",
          "haze",
          "mist",
          "obscure",
          "overcast",
          "overcloud",
          "overshadow",
          "shadow",
          "shroud"
        ]
      ],
      "ants": [
        [
          "clarify",
          "clear (up)",
          "illuminate"
        ],
        [
          "brighten",
          "illuminate",
          "illumine",
          "light (up)",
          "lighten"
        ]
      ],
      "offensive": false
    },
    "hwi": {
      "hw": "fog"
    },
    "fl": "verb",
    "def": [
      {
        "sseq": [
          [
            [
              "sense",
              {
                "sn": "1",
                "dt": [
                  [
                    "text",
                    "to make (something) unclear to the understanding "
                  ],
                  [
                    "vis",
                    [
                      {
                        "t": "extraneous matters that only serve to {it}fog{/it} the central issue"
                      }
                    ]
                  ]
                ],
                "syn_list": [
                  [
                    {
                      "wd": "becloud"
                    },
                    {
                      "wd": "befog"
                    },
                    {
                      "wd": "blur"
                    },
                    {
                      "wd": "cloud"
                    },
                    {
                      "wd": "confuse"
                    },
                    {
                      "wd": "muddy"
                    },
                    {
                      "wd": "obfuscate"
                    }
                  ]
                ],
                "rel_list": [
                  [
                    {
                      "wd": "complicate"
                    },
                    {
                      "wd": "perplex"
                    },
                    {
                      "wd": "sophisticate"
                    }
                  ],
                  [
                    {
                      "wd": "entangle"
                    },
                    {
                      "wd": "snarl"
                    },
                    {
                      "wd": "tangle"
                    }
                  ],
                  [
                    {
                      "wd": "disarrange"
                    },
                    {
                      "wd": "disarray"
                    },
                    {
                      "wd": "discompose"
                    },
                    {
                      "wd": "dishevel"
                    },
                    {
                      "wd": "disorder"
                    },
                    {
                      "wd": "disrupt"
                    },
                    {
                      "wd": "disturb"
                    },
                    {
                      "wd": "jumble"
                    },
                    {
                      "wd": "mess (up)"
                    },
                    {
                      "wd": "mix (up)"
                    },
                    {
                      "wd": "muddle"
                    },
                    {
                      "wd": "scramble"
                    },
                    {
                      "wd": "shuffle"
                    },
                    {
                      "wd": "tousle"
                    },
                    {
                      "wd": "upset"
                    }
                  ]
                ],
                "near_list": [
                  [
                    {
                      "wd": "simplify"
                    },
                    {
                      "wd": "streamline"
                    }
                  ],
                  [
                    {
                      "wd": "disentangle"
                    },
                    {
                      "wd": "straighten (out)"
                    },
                    {
                      "wd": "undo"
                    },
                    {
                      "wd": "unravel"
                    },
                    {
                      "wd": "unscramble"
                    },
                    {
                      "wd": "untangle"
                    }
                  ],
                  [
                    {
                      "wd": "decipher"
                    },
                    {
                      "wd": "decode"
                    }
                  ],
                  [
                    {
                      "wd": "analyze"
                    },
                    {
                      "wd": "break down"
                    }
                  ]
                ],
                "ant_list": [
                  [
                    {
                      "wd": "clarify"
                    },
                    {
                      "wd": "clear (up)"
                    },
                    {
                      "wd": "illuminate"
                    }
                  ]
                ]
              }
            ]
          ],
          [
            [
              "sense",
              {
                "sn": "2",
                "dt": [
                  [
                    "text",
                    "to make dark, dim, or indistinct "
                  ],
                  [
                    "vis",
                    [
                      {
                        "t": "time will {it}fog{/it} memories"
                      }
                    ]
                  ]
                ],
                "syn_list": [
                  [
                    {
                      "wd": "becloud"
                    },
                    {
                      "wd": "bedim"
                    },
                    {
                      "wd": "befog"
                    },
                    {
                      "wd": "blacken"
                    },
                    {
                      "wd": "blear"
                    },
                    {
                      "wd": "blur"
                    },
                    {
                      "wd": "cloud"
                    },
                    {
                      "wd": "darken"
                    },
                    {
                      "wd": "dim"
                    },
                    {
                      "wd": "dislimn"
                    },
                    {
                      "wd": "fuzz (up)"
                    },
                    {
                      "wd": "haze"
                    },
                    {
                      "wd": "mist"
                    },
                    {
                      "wd": "obscure"
                    },
                    {
                      "wd": "overcast"
                    },
                    {
                      "wd": "overcloud"
                    },
                    {
                      "wd": "overshadow"
                    },
                    {
                      "wd": "shadow"
                    },
                    {
                      "wd": "shroud"
                    }
                  ]
                ],
                "rel_list": [
                  [
                    {
                      "wd": "adumbrate"
                    },
                    {
                      "wd": "blot out"
                    },
                    {
                      "wd": "conceal"
                    },
                    {
                      "wd": "eclipse"
                    },
                    {
                      "wd": "hide"
                    },
                    {
                      "wd": "obliterate"
                    },
                    {
                      "wd": "screen"
                    },
                    {
                      "wd": "shade"
                    }
                  ],
                  [
                    {
                      "wd": "camouflage"
                    },
                    {
                      "wd": "cloak"
                    },
                    {
                      "wd": "cover"
                    },
                    {
                      "wd": "curtain"
                    },
                    {
                      "wd": "disguise"
                    },
                    {
                      "wd": "mask"
                    },
                    {
                      "wd": "veil"
                    }
                  ]
                ],
                "near_list": [
                  [
                    {
                      "wd": "expose"
                    },
                    {
                      "wd": "reveal"
                    },
                    {
                      "wd": "uncover"
                    },
                    {
                      "wd": "unveil"
                    }
                  ]
                ],
                "ant_list": [
                  [
                    {
                      "wd": "brighten"
                    },
                    {
                      "wd": "illuminate"
                    },
                    {
                      "wd": "illumine"
                    },
                    {
                      "wd": "light (up)"
                    },
                    {
                      "wd": "lighten"
                    }
                  ]
                ]
              }
            ]
          ]
        ]
      }
    ],
    "shortdef": [
      "to make (something) unclear to the understanding",
      "to make dark, dim, or indistinct"
    ]
  }
]