[
  {
    "meta": {
      "id": "genetic",
      "uuid": "3cb4052c-5fba-44fa-b6fb-de5f076b3346",
      "src": "coll_thes",
      "section": "alpha",
      "target": {
        "tuuid": "68e0fac0-ee84-4725-8dad-3b6961b61c60",
        "tsrc": "collegiate"
      },
      "stems": [
        "genetic",
        "genetical",
        "genetically"
      ],
      "syns": [
        [
          "hereditary",
          "heritable",
          "inborn",
          "inheritable",
          "inherited"
        ]
      ],
      "ants": [
        [
          "nonhereditary"
        ]
      ],
      "offensive": false
    },
    "hwi": {
      "hw": "genetic"
    },
    "vrs": [
      {
        "vl": "also",
        "va": "genetical"
      }
    ],
    "fl": "adjective",
    "def": [
      {
        "sseq": [
          [
            [
              "sense",
              {
                "dt": [
                  [
                    "text",
                    "genetically passed or capable of being passed from parent to offspring "
                  ],
                  [
                    "vis",
                    [
                      {
                        "t": "hemophilia and other {it}genetic{/it} medical disorders"
                      }
                    ]
                  ]
                ],
                "syn_list": [
                  [
                    {
                      "wd": "hereditary"
                    },
                    {
                      "wd": "heritable"
                    },
                    {
                      "wd": "inborn"
                    },
                    {
                      "wd": "inheritable"
                    },
                    {
                      "wd": "inherited"
                    }
                  ]
                ],
                "rel_list": [
                  [
                    {
                      "wd": "congenital"
                    },
                    {
                      "wd": "inbred"
                    },
                    {
                      "wd": "inherent"
                    },
                    {
                      "wd": "innate"
                    },
                    {
                      "wd": "native"
                    },
                    {
                      "wd": "natural"
                    }
                  ]
                ],
                "near_list": [
                  [
                    {
                      "wd": "acquired"
                    }
                  ]
                ],
                "ant_list": [
                  [
                    {
                      "wd": "nonhereditary"
                    }
                  ]
                ]
              }
            ]
          ]
        ]
      }
    ],
    "shortdef": [
      "genetically passed or capable of being passed from parent to offspring"
    ]
  },
  {
    "meta": {
      "id": "map",
      "uuid": "f540f320-a020-4b5c-99ee-8b37935f2427",
      "src": "coll_thes",
      "section": "alpha",
      "target": {
        "tuuid": "3eaa42d8-612b-4c07-a96d-6139319503aa",
        "tsrc": "collegiate"
      },
      "stems": [
        "map",
        "genetic map",
        "maplike",
        "maps",
        "on the map"
      ],
      "syns": [
        [
          "chart"
        ]
      ],
      "ants": [],
      "offensive": false
    },
    "hwi": {
      "hw": "map"
    },
    "fl": "noun",
    "def": [
      {
        "sseq": [
          [
            [
              "sense",
              {
                "dt": [
                  [
                    "text",
                    "an illustration of certain features of a geographical area "
                  ],
                  [
                    "vis",
                    [
                      {
                        "t": "a wall {it}map{/it} of the United States"
                      }
                    ]
                  ]
                ],
                "syn_list": [
                  [
                    {
                      "wd": "chart"
                    }
                  ]
                ],
                "rel_list": [
                  [
                    {
                      "wd": "ground plan"
                    },
                    {
                      "wd": "plan"
                    },
                    {
                      "wd": "plat"
                    },
                    {
                      "wd": "plot"
                    }
                  ],
                  [
                    {
                      "wd": "relief map"
                    }
                  ]
                ]
              }
            ]
          ]
        ]
      }
    ],
    "shortdef": [
      "an illustration of certain features of a geographical area"
    ]
  }
]