[
  {
    "meta": {
      "id": "gravity",
      "uuid": "a0d65766-ce2b-4199-8164-bcbb9a67a386",
      "src": "coll_thes",
      "section": "alpha",
      "target": {
        "tuuid": "016e78d7-42ad-483f-b08e-6fa54215961f",
        "tsrc": "collegiate"
      },
      "stems": [
        "gravity",
        "gravitation",
        "gravitational force",
        "gravities"
      ],
      "syns": [
        [
          "earnest",
          "earnestness",
          "graveness",
          "intentness",
          "serious-mindedness",
          "seriousness",
          "soberness",
          "sobriety",
          "solemnity",
          "solemnness",
          "staidness"
        ]
      ],
      "ants": [
        [
          "facetiousness",
          "flightiness",
          "flippancy",
          "frivolity",
          "frivolousness",
          "levity",
          "lightheartedness",
          "lightness",
          "play",
          "unseriousness"
        ]
      ],
      "offensive": false
    },
    "hwi": {
      "hw": "gravity"
    },
    "fl": "noun",
    "def": [
      {
        "sseq": [
          [
            [
              "sense",
              {
                "dt": [
                  [
                    "text",
                    "a mental state free of jesting or trifling "
                  ],
                  [
                    "vis",
                    [
                      {
                        "t": "the hospital waiting room was filled with the kind of {it}gravity{/it} that inevitably accompanies worry"
                      }
                    ]
                  ]
                ],
                "syn_list": [
                  [
                    {
                      "wd": "earnest"
                    },
                    {
                      "wd": "earnestness"
                    },
                    {
                      "wd": "graveness"
                    },
                    {
                      "wd": "intentness"
                    },
                    {
                      "wd": "serious-mindedness"
                    },
                    {
                      "wd": "seriousness"
                    },
                    {
                      "wd": "soberness"
                    },
                    {
                      "wd": "sobriety"
                    },
                    {
                      "wd": "solemnity"
                    },
                    {
                      "wd": "solemnness"
                    },
                    {
                      "wd": "staidness"
                    }
                  ]
                ],
                "rel_list": [
                  [
                    {
                      "wd": "gravitas"
                    },
                    {
                      "wd": "humorlessness"
                    }
                  ],
                  [
                    {
                      "wd": "decisiveness"
                    },
                    {
                      "wd": "deliberation"
                    },
                    {
                      "wd": "determination"
                    },
                    {
                      "wd": "firmness"
                    },
                    {
                      "wd": "purposefulness"
                    },
                    {
                      "wd": "resoluteness"
                    },
                    {
                      "wd": "resolve"
                    }
                  ],
                  [
                    {
                      "wd": "absorption"
                    },
                    {
                      "wd": "attentiveness"
                    },
                    {
                      "wd": "concentration"
                    },
                    {
                      "wd": "engrossment"
                    },
                    {
                      "wd": "enthrallment"
                    },
                    {
                      "wd": "immersion"
                    },
                    {
                      "wd": "intensity"
                    }
                  ]
                ],
                "near_list": [
                  [
                    {
                      "wd": "lightness"
                    },
                    {
                      "wd": "shallowness"
                    },
                    {
                      "wd": "superficiality"
                    }
                  ],
                  [
                    {
                      "wd": "dalliance"
                    },
                    {
                      "wd": "dilettantism"
                    }
                  ],
                  [
                    {
                      "wd": "cheerfulness"
                    },
                    {
                      "wd": "gaiety",
                      "wvrs": [
                        {
                          "wvl": "also",
                          "wva": "gayety"
                        }
                      ]
                    },
                    {
                      "wd": "glee"
                    },
                    {
                      "wd": "high-spiritedness"
                    },
                    {
                      "wd": "merriment"
                    },
                    {
                      "wd": "mirth"
                    }
                  ]
                ],
                "ant_list": [
                  [
                    {
                      "wd": "facetiousness"
                    },
                    {
                      "wd": "flightiness"
                    },
                    {
                      "wd": "flippancy"
                    },
                    {
                      "wd": "frivolity"
                    },
                    {
                      "wd": "frivolousness"
                    },
                    {
                      "wd": "levity"
                    },
                    {
                      "wd": "lightheartedness"
                    },
                    {
                      "wd": "lightness"
                    },
                    {
                      "wd": "play"
                    },
                    {
                      "wd": "unseriousness"
                    }
                  ]
                ]
              }
            ]
          ]
        ]
      }
    ],
    "shortdef": [
      "a mental state free of jesting or trifling"
    ]
  }
]