[
  {
    "meta": {
      "id": "guide",
      "uuid": "f6701f29-19f7-4409-9d17-2fa42e055a87",
      "src": "coll_thes",
      "section": "alpha",
      "target": {
        "tuuid": "4b22b0f8-cc80-4cfd-9880-e914ad74452e",
        "tsrc": "collegiate"
      },
      "stems": [
        "guide",
        "guided",
        "guider",
        "guiders",
        "guides",
        "guiding"
      ],
      "syns": [
        [
          "coach",
          "counsel",
          "lead",
          "mentor",
          "pilot",
          "shepherd",
          "show",
          "tutor"
        ],
        [
          "administer",
          "administrate",
          "carry on",
          "conduct",
          "control",
          "direct",
          "govern",
          "handle",
          "keep",
          "manage",
          "operate",
          "overlook",
          "oversee",
          "preside (over)",
          "regulate",
          "run",
          "steward",
          "superintend",
          "supervise",
          "tend"
        ],
        [
          "conduct",
          "direct",
          "lead",
          "marshal",
          "pilot",
          "route",
          "show",
          "steer",
          "usher"
        ]
      ],
      "ants": [
        [
          "follow",
          "trail"
        ]
      ],
      "offensive": false
    },
    "hwi": {
      "hw": "guide"
    },
    "fl": "verb",
    "def": [
      {
        "sseq": [
          [
            [
              "sense",
              {
                "sn": "1",
                "dt": [
                  [
                    "text",
                    "to give advice and instruction to (someone) regarding the course or process to be followed "
                  ],
                  [
                    "vis",
                    [
                      {
                        "t": "the pastry chef {it}guided{/it} her through the creation of the wedding cake, showing her how to ice the layers, fashion the elaborate decorations, and assemble the whole shebang"
                      }
                    ]
                  ]
                ],
                "syn_list": [
                  [
                    {
                      "wd": "coach"
                    },
                    {
                      "wd": "counsel"
                    },
                    {
                      "wd": "lead"
                    },
                    {
                      "wd": "mentor"
                    },
                    {
                      "wd": "pilot"
                    },
                    {
                      "wd": "shepherd"
                    },
                    {
                      "wd": "show"
                    },
                    {
                      "wd": "tutor"
                    }
                  ]
                ],
                "rel_list": [
                  [
                    {
                      "wd": "godfather"
                    }
                  ],
                  [
                    {
                      "wd": "direct"
                    },
                    {
                      "wd": "engineer"
                    },
                    {
                      "wd": "steer"
                    },
                    {
                      "wd": "sway"
                    }
                  ],
                  [
                    {
                      "wd": "accompany"
                    },
                    {
                      "wd": "attend"
                    },
                    {
                      "wd": "chaperone",
                      "wvrs": [
                        {
                          "wvl": "or",
                          "wva": "chaperon"
                        }
                      ]
                    },
                    {
                      "wd": "convoy"
                    },
                    {
                      "wd": "escort"
                    },
                    {
                      "wd": "see"
                    },
                    {
                      "wd": "squire"
                    }
                  ],
                  [
                    {
                      "wd": "oversee"
                    },
                    {
                      "wd": "superintend"
                    },
                    {
                      "wd": "supervise"
                    }
                  ],
                  [
                    {
                      "wd": "drill"
                    },
                    {
                      "wd": "train"
                    }
                  ],
                  [
                    {
                      "wd": "brief"
                    },
                    {
                      "wd": "enlighten"
                    },
                    {
                      "wd": "inform"
                    }
                  ],
                  [
                    {
                      "wd": "instruct"
                    },
                    {
                      "wd": "school"
                    },
                    {
                      "wd": "teach"
                    }
                  ],
                  [
                    {
                      "wd": "inculcate"
                    },
                    {
                      "wd": "indoctrinate"
                    }
                  ],
                  [
                    {
                      "wd": "cultivate"
                    },
                    {
                      "wd": "foster"
                    },
                    {
                      "wd": "nurture"
                    }
                  ]
                ],
                "phrase_list": [
                  [
                    {
                      "wd": "walk through"
                    }
                  ]
                ]
              }
            ]
          ],
          [
            [
              "sense",
              {
                "sn": "2",
                "dt": [
                  [
                    "text",
                    "to look after and make decisions about "
                  ],
                  [
                    "vis",
                    [
                      {
                        "t": "thought the new superintendent would {it}guide{/it} the school system well"
                      }
                    ]
                  ]
                ],
                "syn_list": [
                  [
                    {
                      "wd": "administer"
                    },
                    {
                      "wd": "administrate"
                    },
                    {
                      "wd": "carry on"
                    },
                    {
                      "wd": "conduct"
                    },
                    {
                      "wd": "control"
                    },
                    {
                      "wd": "direct"
                    },
                    {
                      "wd": "govern"
                    },
                    {
                      "wd": "handle"
                    },
                    {
                      "wd": "keep"
                    },
                    {
                      "wd": "manage"
                    },
                    {
                      "wd": "operate"
                    },
                    {
                      "wd": "overlook"
                    },
                    {
                      "wd": "oversee"
                    },
                    {
                      "wd": "preside (over)"
                    },
                    {
                      "wd": "regulate"
                    },
                    {
                      "wd": "run"
                    },
                    {
                      "wd": "steward"
                    },
                    {
                      "wd": "superintend"
                    },
                    {
                      "wd": "supervise"
                    },
                    {
                      "wd": "tend"
                    }
                  ]
                ],
                "rel_list": [
                  [
                    {
                      "wd": "care (for)"
                    },
                    {
                      "wd": "mind"
                    },
                    {
                      "wd": "watch"
                    }
                  ],
                  [
                    {
                      "wd": "lead"
                    },
                    {
                      "wd": "pilot"
                    },
                    {
                      "wd": "steer"
                    }
                  ],
                  [
                    {
                      "wd": "guard"
                    },
                    {
                      "wd": "protect"
                    },
                    {
                      "wd": "safeguard"
                    }
                  ],
                  [
                    {
                      "wd": "micromanage"
                    },
                    {
                      "wd": "stage-manage"
                    }
                  ],
                  [
                    {
                      "wd": "codirect"
                    },
                    {
                      "wd": "comanage"
                    }
                  ]
                ],
                "phrase_list": [
                  [
                    {
                      "wd": "watch over"
                    }
                  ]
                ]
              }
            ]
          ],
          [
            [
              "sense",
              {
                "sn": "3",
                "dt": [
                  [
                    "text",
                    "to point out the way for (someone) especially from a position in front "
                  ],
                  [
                    "vis",
                    [
                      {
                        "t": "would be happy to {it}guide{/it} you folks to the historic part of town"
                      }
                    ]
                  ]
                ],
                "syn_list": [
                  [
                    {
                      "wd": "conduct"
                    },
                    {
                      "wd": "direct"
                    },
                    {
                      "wd": "lead"
                    },
                    {
                      "wd": "marshal",
                      "wvrs": [
                        {
                          "wvl": "also",
                          "wva": "marshall"
                        }
                      ]
                    },
                    {
                      "wd": "pilot"
                    },
                    {
                      "wd": "route"
                    },
                    {
                      "wd": "show"
                    },
                    {
                      "wd": "steer"
                    },
                    {
                      "wd": "usher"
                    }
                  ]
                ],
                "rel_list": [
                  [
                    {
                      "wd": "precede"
                    }
                  ],
                  [
                    {
                      "wd": "accompany"
                    },
                    {
                      "wd": "attend"
                    },
                    {
                      "wd": "chaperone",
                      "wvrs": [
                        {
                          "wvl": "or",
                          "wva": "chaperon"
                        }
                      ]
                    },
                    {
                      "wd": "convoy"
                    },
                    {
                      "wd": "escort"
                    },
                    {
                      "wd": "see"
                    }
                  ],
                  [
                    {
                      "wd": "control"
                    },
                    {
                      "wd": "manage"
                    }
                  ]
                ],
                "near_list": [
                  [
                    {
                      "wd": "dog"
                    },
                    {
                      "wd": "hound"
                    },
                    {
                      "wd": "shadow"
                    },
                    {
                      "wd": "tail"
                    },
                    {
                      "wd": "tailgate"
                    }
                  ]
                ],
                "ant_list": [
                  [
                    {
                      "wd": "follow"
                    },
                    {
                      "wd": "trail"
                    }
                  ]
                ]
              }
            ]
          ]
        ]
      }
    ],
    "shortdef": [
      "to give advice and instruction to (someone) regarding the course or process to be followed",
      "to look after and make decisions about",
      "to point out the way for (someone) especially from a position in front"
    ]
  },
  {
    "meta": {
      "id": "guide",
      "uuid": "71eab18f-4bc7-484e-84e9-3cca74774071",
      "src": "coll_thes",
      "section": "alpha",
      "target": {
        "tuuid": "1b7551e5-0eed-438f-a499-87f959940785",
        "tsrc": "collegiate"
      },
      "stems": [
        "guide",
        "guides"
      ],
      "syns": [
        [
          "attendant",
          "companion",
          "escort",
          "guard"
        ]
      ],
      "ants": [],
      "offensive": false
    },
    "hwi": {
      "hw": "guide"
    },
    "fl": "noun",
    "def": [
      {
        "sseq": [
          [
            [
              "sense",
              {
                "dt": [
                  [
                    "text",
                    "one that accompanies another for protection, guidance, or as a courtesy "
                  ],
                  [
                    "vis",
                    [
                      {
                        "t": "followed our {it}guide{/it} through the dangerous mountain trails"
                      }
                    ]
                  ]
                ],
                "syn_list": [
                  [
                    {
                      "wd": "attendant"
                    },
                    {
                      "wd": "companion"
                    },
                    {
                      "wd": "escort"
                    },
                    {
                      "wd": "guard"
                    }
                  ]
                ],
                "rel_list": [
                  [
                    {
                      "wd": "chaperone",
                      "wvrs": [
                        {
                          "wvl": "or",
                          "wva": "chaperon"
                        }
                      ]
                    },
                    {
                      "wd": "squire"
                    }
                  ],
                  [
                    {
                      "wd": "shadow"
                    },
                    {
                      "wd": "sidekick"
                    }
                  ],
                  [
                    {
                      "wd": "conductor"
                    },
                    {
                      "wd": "leader"
                    },
                    {
                      "wd": "pilot"
                    }
                  ],
                  [
                    {
                      "wd": "convoy"
                    },
                    {
                      "wd": "courier"
                    },
                    {
                      "wd": "honor guard"
                    },
                    {
                      "wd": "outrider"
                    }
                  ]
                ]
              }
            ]
          ]
        ]
      }
    ],
    "shortdef": [
      "one that accompanies another for protection, guidance, or as a courtesy"
    ]
  },
  {
    "meta": {
      "id": "guide word",
      "uuid": "01f6d64a-69d7-41ec-98e6-ca42f91b530b",
      "src": "CTenhance",
      "section": "alpha",
      "stems": [
        "guide word",
        "guide words"
      ],
      "syns": [
        [
          "catchword",
          "running head",
          "caption",
          "head",
          "header",
          "heading",
          "headline",
          "rubric",
          "title",
          "banner",
          "streamer",
          "greeting",
          "salutation",
          "superscript",
          "superscription",
          "subhead",
          "subheading",
          "subtitle"
        ]
      ],
      "ants": [],
      "offensive": false
    },
    "hwi": {
      "hw": "guide word"
    },
    "fl": "noun",
    "def": [
      {
        "sseq": [
          [
            [
              "sense",
              {
                "dt": [
                  [
                    "text",
                    "either one of the words that are at the top of a page in a dictionary or similar book and that show the first and last words on the page "
                  ],
                  [
                    "vis",
                    [
                      {
                        "t": "It is easiest to use the {it}guide words{/it} to find the page for the word you are looking up."
                      }
                    ]
                  ]
                ],
                "sim_list": [
                  [
                    {
                      "wd": "catchword"
                    },
                    {
                      "wd": "running head"
                    }
                  ],
                  [
                    {
                      "wd": "caption"
                    },
                    {
                      "wd": "head"
                    },
                    {
                      "wd": "header"
                    },
                    {
                      "wd": "heading"
                    },
                    {
                      "wd": "headline"
                    },
                    {
                      "wd": "rubric"
                    },
                    {
                      "wd": "title"
                    }
                  ],
                  [
                    {
                      "wd": "banner"
                    },
                    {
                      "wd": "streamer"
                    }
                  ],
                  [
                    {
                      "wd": "greeting"
                    },
                    {
                      "wd": "salutation"
                    }
                  ],
                  [
                    {
                      "wd": "superscript"
                    },
                    {
                      "wd": "superscription"
                    }
                  ],
                  [
                    {
                      "wd": "subhead"
                    },
                    {
                      "wd": "subheading"
                    },
                    {
                      "wd": "subtitle"
                    }
                  ]
                ]
              }
            ]
          ]
        ]
      }
    ],
    "shortdef": [
      "either one of the words that are at the top of a page in a dictionary or similar book and that show the first and last words on the page"
    ]
  },
  {
    "meta": {
      "id": "guide dog",
      "uuid": "15b1df0c-157c-45bc-b7b6-b6c089d787e4",
      "src": "CTcompile",
      "section": "alpha",
      "stems": [
        "guide dog"
      ],
      "syns": [
        [
          "police dog",
          "working dog",
          "bandog",
          "bird dog",
          "coonhound",
          "courser",
          "gundog",
          "hunter",
          "sheepdog",
          "sled dog",
          "watchdog",
          "wolf dog",
          "wolfhound",
          "lapdog",
          "pup",
          "puppy",
          "puppy dog",
          "whelp",
          "bitch",
          "cur",
          "mongrel",
          "mutt",
          "canine",
          "dog",
          "doggy",
          "hound",
          "pooch",
          "tyke"
        ]
      ],
      "ants": [],
      "offensive": false
    },
    "hwi": {
      "hw": "guide dog"
    },
    "fl": "noun",
    "def": [
      {
        "sseq": [
          [
            [
              "sense",
              {
                "dt": [
                  [
                    "text",
                    "as in {it}police dog{/it}, {it}working dog{/it}"
                  ]
                ],
                "sim_list": [
                  [
                    {
                      "wd": "police dog"
                    },
                    {
                      "wd": "working dog"
                    }
                  ],
                  [
                    {
                      "wd": "bandog"
                    },
                    {
                      "wd": "bird dog"
                    },
                    {
                      "wd": "coonhound"
                    },
                    {
                      "wd": "courser"
                    },
                    {
                      "wd": "gundog"
                    },
                    {
                      "wd": "hunter"
                    },
                    {
                      "wd": "sheepdog"
                    },
                    {
                      "wd": "sled dog"
                    },
                    {
                      "wd": "watchdog"
                    },
                    {
                      "wd": "wolf dog"
                    },
                    {
                      "wd": "wolfhound"
                    }
                  ],
                  [
                    {
                      "wd": "lapdog"
                    },
                    {
                      "wd": "pup"
                    },
                    {
                      "wd": "puppy"
                    },
                    {
                      "wd": "puppy dog"
                    },
                    {
                      "wd": "whelp"
                    }
                  ],
                  [
                    {
                      "wd": "bitch"
                    }
                  ],
                  [
                    {
                      "wd": "cur"
                    },
                    {
                      "wd": "mongrel"
                    },
                    {
                      "wd": "mutt"
                    }
                  ],
                  [
                    {
                      "wd": "canine"
                    },
                    {
                      "wd": "dog"
                    },
                    {
                      "wd": "doggy",
                      "wvrs": [
                        {
                          "wvl": "or",
                          "wva": "doggie"
                        }
                      ]
                    },
                    {
                      "wd": "hound"
                    },
                    {
                      "wd": "pooch"
                    },
                    {
                      "wd": "tyke",
                      "wvrs": [
                        {
                          "wvl": "also",
                          "wva": "tike"
                        }
                      ]
                    }
                  ]
                ]
              }
            ]
          ]
        ]
      }
    ],
    "shortdef": [
      "as in police dog, working dog"
    ]
  },
  {
    "meta": {
      "id": "guide dogs",
      "uuid": "fe5dd217-1e93-4acb-bdde-5168f9639bf5",
      "src": "CTcompile",
      "section": "alpha",
      "stems": [
        "guide dogs"
      ],
      "syns": [
        [
          "police dogs",
          "working dogs",
          "bandogs",
          "bird dogs",
          "coonhounds",
          "coursers",
          "gundogs",
          "hunters",
          "sheepdogs",
          "sled dogs",
          "watchdogs",
          "wolf dogs",
          "wolfhounds",
          "lapdogs",
          "puppies",
          "puppy dogs",
          "pups",
          "whelps",
          "bitches",
          "curs",
          "mongrels",
          "mutts",
          "canines",
          "doggies",
          "dogs",
          "hounds",
          "pooches",
          "tykes"
        ]
      ],
      "ants": [],
      "offensive": false
    },
    "hwi": {
      "hw": "guide dogs"
    },
    "fl": "noun",
    "sls": [
      "plural of {d_link|guide dog|guide dog}"
    ],
    "def": [
      {
        "sseq": [
          [
            [
              "sense",
              {
                "dt": [
                  [
                    "text",
                    "as in {it}police dogs{/it}, {it}working dogs{/it}"
                  ]
                ],
                "sim_list": [
                  [
                    {
                      "wd": "police dogs"
                    },
                    {
                      "wd": "working dogs"
                    }
                  ],
                  [
                    {
                      "wd": "bandogs"
                    },
                    {
                      "wd": "bird dogs"
                    },
                    {
                      "wd": "coonhounds"
                    },
                    {
                      "wd": "coursers"
                    },
                    {
                      "wd": "gundogs"
                    },
                    {
                      "wd": "hunters"
                    },
                    {
                      "wd": "sheepdogs"
                    },
                    {
                      "wd": "sled dogs"
                    },
                    {
                      "wd": "watchdogs"
                    },
                    {
                      "wd": "wolf dogs"
                    },
                    {
                      "wd": "wolfhounds"
                    }
                  ],
                  [
                    {
                      "wd": "lapdogs"
                    },
                    {
                      "wd": "puppies"
                    },
                    {
                      "wd": "puppy dogs"
                    },
                    {
                      "wd": "pups"
                    },
                    {
                      "wd": "whelps"
                    }
                  ],
                  [
                    {
                      "wd": "bitches"
                    }
                  ],
                  [
                    {
                      "wd": "curs"
                    },
                    {
                      "wd": "mongrels"
                    },
                    {
                      "wd": "mutts"
                    }
                  ],
                  [
                    {
                      "wd": "canines"
                    },
                    {
                      "wd": "doggies"
                    },
                    {
                      "wd": "dogs"
                    },
                    {
                      "wd": "hounds"
                    },
                    {
                      "wd": "pooches"
                    },
                    {
                      "wd": "tykes",
                      "wvrs": [
                        {
                          "wvl": "also",
                          "wva": "tikes"
                        }
                      ]
                    }
                  ]
                ]
              }
            ]
          ]
        ]
      }
    ],
    "shortdef": [
      "as in police dogs, working dogs"
    ]
  },
  {
    "meta": {
      "id": "guide words",
      "uuid": "4593d24f-3fab-4d7c-8f7d-5c06ffa08403",
      "src": "CTenhance",
      "section": "alpha",
      "stems": [
        "guide words"
      ],
      "syns": [
        [
          "catchwords",
          "running heads",
          "captions",
          "headers",
          "headings",
          "headlines",
          "heads",
          "rubrics",
          "titles",
          "banners",
          "streamers",
          "greetings",
          "salutations",
          "superscriptions",
          "superscripts",
          "subheadings",
          "subheads",
          "subtitles"
        ]
      ],
      "ants": [],
      "offensive": false
    },
    "hwi": {
      "hw": "guide words"
    },
    "fl": "noun",
    "sls": [
      "plural of {d_link|guide word|guide word}"
    ],
    "def": [
      {
        "sseq": [
          [
            [
              "sense",
              {
                "dt": [
                  [
                    "text",
                    "either one of the words that are at the top of a page in a dictionary or similar book and that show the first and last words on the page "
                  ],
                  [
                    "vis",
                    [
                      {
                        "t": "It is easiest to use the {it}guide words{/it} to find the page for the word you are looking up."
                      }
                    ]
                  ]
                ],
                "sim_list": [
                  [
                    {
                      "wd": "catchwords"
                    },
                    {
                      "wd": "running heads"
                    }
                  ],
                  [
                    {
                      "wd": "captions"
                    },
                    {
                      "wd": "headers"
                    },
                    {
                      "wd": "headings"
                    },
                    {
                      "wd": "headlines"
                    },
                    {
                      "wd": "heads"
                    },
                    {
                      "wd": "rubrics"
                    },
                    {
                      "wd": "titles"
                    }
                  ],
                  [
                    {
                      "wd": "banners"
                    },
                    {
                      "wd": "streamers"
                    }
                  ],
                  [
                    {
                      "wd": "greetings"
                    },
                    {
                      "wd": "salutations"
                    }
                  ],
                  [
                    {
                      "wd": "superscriptions"
                    },
                    {
                      "wd": "superscripts"
                    }
                  ],
                  [
                    {
                      "wd": "subheadings"
                    },
                    {
                      "wd": "subheads"
                    },
                    {
                      "wd": "subtitles"
                    }
                  ]
                ]
              }
            ]
          ]
        ]
      }
    ],
    "shortdef": [
      "either one of the words that are at the top of a page in a dictionary or similar book and that show the first and last words on the page"
    ]
  },
  {
    "meta": {
      "id": "tour guide",
      "uuid": "ccb4ea63-b805-468e-aa27-ec8c381513d9",
      "src": "CTcompile",
      "section": "alpha",
      "stems": [
        "tour guide"
      ],
      "syns": [
        [
          "captain",
          "chauffeur",
          "driver",
          "engineer",
          "operator",
          "pilot",
          "skipper",
          "attendant",
          "guard",
          "guide",
          "conductor",
          "ticket agent"
        ]
      ],
      "ants": [],
      "offensive": false
    },
    "hwi": {
      "hw": "tour guide"
    },
    "fl": "noun",
    "def": [
      {
        "sseq": [
          [
            [
              "sense",
              {
                "dt": [
                  [
                    "text",
                    "as in {it}driver{/it}, {it}ticket agent{/it}"
                  ]
                ],
                "sim_list": [
                  [
                    {
                      "wd": "captain"
                    },
                    {
                      "wd": "chauffeur"
                    },
                    {
                      "wd": "driver"
                    },
                    {
                      "wd": "engineer"
                    },
                    {
                      "wd": "operator"
                    },
                    {
                      "wd": "pilot"
                    },
                    {
                      "wd": "skipper"
                    }
                  ],
                  [
                    {
                      "wd": "attendant"
                    },
                    {
                      "wd": "guard"
                    },
                    {
                      "wd": "guide"
                    }
                  ],
                  [
                    {
                      "wd": "conductor"
                    },
                    {
                      "wd": "ticket agent"
                    }
                  ]
                ]
              }
            ]
          ]
        ]
      }
    ],
    "shortdef": [
      "as in driver, ticket agent"
    ]
  }
]