[
  {
    "meta": {
      "id": "human",
      "uuid": "969e9323-36f2-4304-8ab1-d6d98c2b0511",
      "src": "coll_thes",
      "section": "alpha",
      "target": {
        "tuuid": "573f57f8-1829-4eba-813f-a8fdc134dfcc",
        "tsrc": "collegiate"
      },
      "stems": [
        "human",
        "humaner",
        "humanest",
        "humanness",
        "humannesses"
      ],
      "syns": [
        [
          "earthborn",
          "mortal",
          "natural"
        ]
      ],
      "ants": [
        [
          "nonhuman"
        ]
      ],
      "offensive": false
    },
    "hwi": {
      "hw": "human"
    },
    "fl": "adjective",
    "def": [
      {
        "sseq": [
          [
            [
              "sense",
              {
                "dt": [
                  [
                    "text",
                    "relating to or characteristic of human beings "
                  ],
                  [
                    "vis",
                    [
                      {
                        "t": "it's {it}human{/it} nature to care about what people think of us"
                      }
                    ]
                  ]
                ],
                "syn_list": [
                  [
                    {
                      "wd": "earthborn"
                    },
                    {
                      "wd": "mortal"
                    },
                    {
                      "wd": "natural"
                    }
                  ]
                ],
                "rel_list": [
                  [
                    {
                      "wd": "anthropoid"
                    },
                    {
                      "wd": "creatural"
                    },
                    {
                      "wd": "hominid"
                    },
                    {
                      "wd": "humanlike"
                    },
                    {
                      "wd": "humanoid"
                    }
                  ]
                ],
                "near_list": [
                  [
                    {
                      "wd": "angelic",
                      "wvrs": [
                        {
                          "wvl": "or",
                          "wva": "angelical"
                        }
                      ]
                    },
                    {
                      "wd": "divine"
                    },
                    {
                      "wd": "godlike"
                    },
                    {
                      "wd": "preternatural"
                    },
                    {
                      "wd": "superhuman"
                    },
                    {
                      "wd": "supernatural"
                    },
                    {
                      "wd": "supernormal"
                    }
                  ],
                  [
                    {
                      "wd": "immortal"
                    },
                    {
                      "wd": "omnipotent"
                    },
                    {
                      "wd": "omniscient"
                    }
                  ],
                  [
                    {
                      "wd": "animal"
                    },
                    {
                      "wd": "beastly"
                    },
                    {
                      "wd": "bestial"
                    },
                    {
                      "wd": "brute"
                    },
                    {
                      "wd": "infrahuman"
                    }
                  ],
                  [
                    {
                      "wd": "inhuman"
                    },
                    {
                      "wd": "robotic"
                    },
                    {
                      "wd": "subhuman"
                    }
                  ]
                ],
                "ant_list": [
                  [
                    {
                      "wd": "nonhuman"
                    }
                  ]
                ]
              }
            ]
          ]
        ]
      }
    ],
    "shortdef": [
      "relating to or characteristic of human beings"
    ]
  },
  {
    "meta": {
      "id": "human",
      "uuid": "111c2909-1ea0-43ca-99de-01189805c115",
      "src": "coll_thes",
      "section": "alpha",
      "target": {
        "tuuid": "aa45d915-759c-462b-b034-d210dac94112",
        "tsrc": "collegiate"
      },
      "stems": [
        "human",
        "humanlike",
        "humans"
      ],
      "syns": [
        [
          "baby",
          "being",
          "bird",
          "bod",
          "body",
          "character",
          "cookie",
          "creature",
          "customer",
          "devil",
          "duck",
          "egg",
          "face",
          "fish",
          "guy",
          "head",
          "human being",
          "individual",
          "life",
          "man",
          "mortal",
          "party",
          "person",
          "personage",
          "scout",
          "slob",
          "sort",
          "soul",
          "specimen",
          "stiff",
          "thing",
          "wight"
        ]
      ],
      "ants": [],
      "offensive": false
    },
    "hwi": {
      "hw": "human"
    },
    "fl": "noun",
    "def": [
      {
        "sseq": [
          [
            [
              "sense",
              {
                "dt": [
                  [
                    "text",
                    "a member of the human race "
                  ],
                  [
                    "vis",
                    [
                      {
                        "t": "{it}humans{/it} are the only mammals not endowed with a natural defense against the elements, such as fur or a thick hide"
                      }
                    ]
                  ]
                ],
                "syn_list": [
                  [
                    {
                      "wd": "baby"
                    },
                    {
                      "wd": "being"
                    },
                    {
                      "wd": "bird"
                    },
                    {
                      "wd": "bod",
                      "wsls": [
                        "British"
                      ]
                    },
                    {
                      "wd": "body"
                    },
                    {
                      "wd": "character"
                    },
                    {
                      "wd": "cookie",
                      "wvrs": [
                        {
                          "wvl": "or",
                          "wva": "cooky"
                        }
                      ]
                    },
                    {
                      "wd": "creature"
                    },
                    {
                      "wd": "customer"
                    },
                    {
                      "wd": "devil"
                    },
                    {
                      "wd": "duck"
                    },
                    {
                      "wd": "egg"
                    },
                    {
                      "wd": "face"
                    },
                    {
                      "wd": "fish"
                    },
                    {
                      "wd": "guy"
                    },
                    {
                      "wd": "head"
                    },
                    {
                      "wd": "human being"
                    },
                    {
                      "wd": "individual"
                    },
                    {
                      "wd": "life"
                    },
                    {
                      "wd": "man"
                    },
                    {
                      "wd": "mortal"
                    },
                    {
                      "wd": "party"
                    },
                    {
                      "wd": "person"
                    },
                    {
                      "wd": "personage"
                    },
                    {
                      "wd": "scout"
                    },
                    {
                      "wd": "slob"
                    },
                    {
                      "wd": "sort"
                    },
                    {
                      "wd": "soul"
                    },
                    {
                      "wd": "specimen"
                    },
                    {
                      "wd": "stiff"
                    },
                    {
                      "wd": "thing"
                    },
                    {
                      "wd": "wight"
                    }
                  ]
                ],
                "rel_list": [
                  [
                    {
                      "wd": "hominid"
                    },
                    {
                      "wd": "homo"
                    },
                    {
                      "wd": "humanoid"
                    }
                  ],
                  [
                    {
                      "wd": "brother"
                    },
                    {
                      "wd": "fellow"
                    },
                    {
                      "wd": "fellowman"
                    },
                    {
                      "wd": "neighbor"
                    }
                  ],
                  [
                    {
                      "wd": "celebrity"
                    },
                    {
                      "wd": "personality"
                    },
                    {
                      "wd": "self"
                    },
                    {
                      "wd": "somebody"
                    }
                  ]
                ],
                "phrase_list": [
                  [
                    {
                      "wd": "son of man"
                    }
                  ]
                ],
                "near_list": [
                  [
                    {
                      "wd": "animal"
                    },
                    {
                      "wd": "beast"
                    },
                    {
                      "wd": "beastie"
                    },
                    {
                      "wd": "brute"
                    },
                    {
                      "wd": "critter"
                    }
                  ]
                ]
              }
            ]
          ]
        ]
      }
    ],
    "shortdef": [
      "a member of the human race"
    ]
  },
  {
    "meta": {
      "id": "human being",
      "uuid": "2f367147-0faf-496a-b882-739552b622fb",
      "src": "coll_thes",
      "section": "alpha",
      "target": {
        "tuuid": "9499f54c-a39a-4124-874b-60cbb785f7cf",
        "tsrc": "collegiate"
      },
      "stems": [
        "human being",
        "human beings"
      ],
      "syns": [
        [
          "baby",
          "being",
          "bird",
          "bod",
          "body",
          "character",
          "cookie",
          "creature",
          "customer",
          "devil",
          "duck",
          "egg",
          "face",
          "fish",
          "guy",
          "head",
          "human",
          "individual",
          "life",
          "man",
          "mortal",
          "party",
          "person",
          "personage",
          "scout",
          "slob",
          "sort",
          "soul",
          "specimen",
          "stiff",
          "thing",
          "wight"
        ]
      ],
      "ants": [],
      "offensive": false
    },
    "hwi": {
      "hw": "human being"
    },
    "fl": "noun",
    "def": [
      {
        "sseq": [
          [
            [
              "sense",
              {
                "dt": [
                  [
                    "text",
                    "a member of the human race "
                  ],
                  [
                    "vis",
                    [
                      {
                        "t": "we're all {it}human beings{/it}, regardless of our differences"
                      }
                    ]
                  ]
                ],
                "syn_list": [
                  [
                    {
                      "wd": "baby"
                    },
                    {
                      "wd": "being"
                    },
                    {
                      "wd": "bird"
                    },
                    {
                      "wd": "bod",
                      "wsls": [
                        "British"
                      ]
                    },
                    {
                      "wd": "body"
                    },
                    {
                      "wd": "character"
                    },
                    {
                      "wd": "cookie",
                      "wvrs": [
                        {
                          "wvl": "or",
                          "wva": "cooky"
                        }
                      ]
                    },
                    {
                      "wd": "creature"
                    },
                    {
                      "wd": "customer"
                    },
                    {
                      "wd": "devil"
                    },
                    {
                      "wd": "duck"
                    },
                    {
                      "wd": "egg"
                    },
                    {
                      "wd": "face"
                    },
                    {
                      "wd": "fish"
                    },
                    {
                      "wd": "guy"
                    },
                    {
                      "wd": "head"
                    },
                    {
                      "wd": "human"
                    },
                    {
                      "wd": "individual"
                    },
                    {
                      "wd": "life"
                    },
                    {
                      "wd": "man"
                    },
                    {
                      "wd": "mortal"
                    },
                    {
                      "wd": "party"
                    },
                    {
                      "wd": "person"
                    },
                    {
                      "wd": "personage"
                    },
                    {
                      "wd": "scout"
                    },
                    {
                      "wd": "slob"
                    },
                    {
                      "wd": "sort"
                    },
                    {
                      "wd": "soul"
                    },
                    {
                      "wd": "specimen"
                    },
                    {
                      "wd": "stiff"
                    },
                    {
                      "wd": "thing"
                    },
                    {
                      "wd": "wight"
                    }
                  ]
                ],
                "rel_list": [
                  [
                    {
                      "wd": "hominid"
                    },
                    {
                      "wd": "homo"
                    },
                    {
                      "wd": "humanoid"
                    }
                  ],
                  [
                    {
                      "wd": "brother"
                    },
                    {
                      "wd": "fellow"
                    },
                    {
                      "wd": "fellowman"
                    },
                    {
                      "wd": "neighbor"
                    }
                  ],
                  [
                    {
                      "wd": "celebrity"
                    },
                    {
                      "wd": "personality"
                    },
                    {
                      "wd": "self"
                    },
                    {
                      "wd": "somebody"
                    }
                  ]
                ],
                "phrase_list": [
                  [
                    {
                      "wd": "son of man"
                    }
                  ]
                ],
                "near_list": [
                  [
                    {
                      "wd": "animal"
                    },
                    {
                      "wd": "beast"
                    },
                    {
                      "wd": "beastie"
                    },
                    {
                      "wd": "brute"
                    },
                    {
                      "wd": "critter"
                    }
                  ]
                ]
              }
            ]
          ]
        ]
      }
    ],
    "shortdef": [
      "a member of the human race"
    ]
  },
  {
    "meta": {
      "id": "human beings",
      "uuid": "9b7c310d-e61e-4910-9080-f4b841d381bf",
      "src": "coll_thes",
      "section": "alpha",
      "stems": [
        "human beings"
      ],
      "syns": [
        [
          "babies",
          "beings",
          "birds",
          "bodies",
          "bods",
          "characters",
          "cookies",
          "creatures",
          "customers",
          "devils",
          "ducks",
          "eggs",
          "faces",
          "fish",
          "guys",
          "heads",
          "humans",
          "individuals",
          "lives",
          "men",
          "mortals",
          "parties",
          "people",
          "personages",
          "scouts",
          "slobs",
          "sorts",
          "souls",
          "specimens",
          "stiffs",
          "things",
          "wights"
        ]
      ],
      "ants": [],
      "offensive": false
    },
    "hwi": {
      "hw": "human beings"
    },
    "fl": "noun",
    "sls": [
      "plural of {d_link|human being|human being}"
    ],
    "def": [
      {
        "sseq": [
          [
            [
              "sense",
              {
                "dt": [
                  [
                    "text",
                    "a member of the human race "
                  ],
                  [
                    "vis",
                    [
                      {
                        "t": "we're all {it}human beings{/it}, regardless of our differences"
                      }
                    ]
                  ]
                ],
                "syn_list": [
                  [
                    {
                      "wd": "babies"
                    },
                    {
                      "wd": "beings"
                    },
                    {
                      "wd": "birds"
                    },
                    {
                      "wd": "bodies"
                    },
                    {
                      "wd": "bods",
                      "wsls": [
                        "British"
                      ]
                    },
                    {
                      "wd": "characters"
                    },
                    {
                      "wd": "cookies"
                    },
                    {
                      "wd": "creatures"
                    },
                    {
                      "wd": "customers"
                    },
                    {
                      "wd": "devils"
                    },
                    {
                      "wd": "ducks"
                    },
                    {
                      "wd": "eggs"
                    },
                    {
                      "wd": "faces"
                    },
                    {
                      "wd": "fish",
                      "wvrs": [
                        {
                          "wvl": "or",
                          "wva": "fishes"
                        }
                      ]
                    },
                    {
                      "wd": "guys"
                    },
                    {
                      "wd": "heads"
                    },
                    {
                      "wd": "humans"
                    },
                    {
                      "wd": "individuals"
                    },
                    {
                      "wd": "lives"
                    },
                    {
                      "wd": "men"
                    },
                    {
                      "wd": "mortals"
                    },
                    {
                      "wd": "parties"
                    },
                    {
                      "wd": "people"
                    },
                    {
                      "wd": "personages"
                    },
                    {
                      "wd": "scouts"
                    },
                    {
                      "wd": "slobs"
                    },
                    {
                      "wd": "sorts"
                    },
                    {
                      "wd": "souls"
                    },
                    {
                      "wd": "specimens"
                    },
                    {
                      "wd": "stiffs"
                    },
                    {
                      "wd": "things"
                    },
                    {
                      "wd": "wights"
                    }
                  ]
                ],
                "rel_list": [
                  [
                    {
                      "wd": "hominids"
                    },
                    {
                      "wd": "homos"
                    },
                    {
                      "wd": "humanoids"
                    }
                  ],
                  [
                    {
                      "wd": "brothers",
                      "wvrs": [
                        {
                          "wvl": "also",
                          "wva": "brethren"
                        }
                      ]
                    },
                    {
                      "wd": "fellowmen"
                    },
                    {
                      "wd": "fellows"
                    },
                    {
                      "wd": "neighbors"
                    }
                  ],
                  [
                    {
                      "wd": "celebrities"
                    },
                    {
                      "wd": "personalities"
                    },
                    {
                      "wd": "selves"
                    },
                    {
                      "wd": "somebodies"
                    }
                  ]
                ],
                "phrase_list": [
                  [
                    {
                      "wd": "sons of man"
                    }
                  ]
                ],
                "near_list": [
                  [
                    {
                      "wd": "animals"
                    },
                    {
                      "wd": "beasties"
                    },
                    {
                      "wd": "beasts"
                    },
                    {
                      "wd": "brutes"
                    },
                    {
                      "wd": "critters"
                    }
                  ]
                ]
              }
            ]
          ]
        ]
      }
    ],
    "shortdef": [
      "a member of the human race"
    ]
  }
]