[
  {
    "meta": {
      "id": "identity",
      "uuid": "eeffee8f-5886-4f06-820e-699d45665748",
      "src": "coll_thes",
      "section": "alpha",
      "target": {
        "tuuid": "01d02ebb-a0db-4a1b-a238-317b87b6e596",
        "tsrc": "collegiate"
      },
      "stems": [
        "identity",
        "identities"
      ],
      "syns": [
        [
          "identicalness",
          "sameness"
        ],
        [
          "character",
          "individualism",
          "individuality",
          "personality",
          "self-identity",
          "selfhood"
        ]
      ],
      "ants": [
        [
          "difference",
          "disagreement",
          "discrepancy",
          "disparateness",
          "disparity",
          "dissimilarity",
          "unlikeness"
        ]
      ],
      "offensive": false
    },
    "hwi": {
      "hw": "identity"
    },
    "fl": "noun",
    "def": [
      {
        "sseq": [
          [
            [
              "sense",
              {
                "sn": "1",
                "dt": [
                  [
                    "text",
                    "the state of being exactly alike "
                  ],
                  [
                    "vis",
                    [
                      {
                        "t": "although the covers of the two paperback editions of the novel are different, there's a complete {it}identity{/it} in the texts"
                      }
                    ]
                  ]
                ],
                "syn_list": [
                  [
                    {
                      "wd": "identicalness"
                    },
                    {
                      "wd": "sameness"
                    }
                  ]
                ],
                "rel_list": [
                  [
                    {
                      "wd": "oneness"
                    },
                    {
                      "wd": "selfsameness"
                    }
                  ],
                  [
                    {
                      "wd": "homogeneity"
                    },
                    {
                      "wd": "homogeneousness"
                    },
                    {
                      "wd": "homology"
                    }
                  ],
                  [
                    {
                      "wd": "equality"
                    },
                    {
                      "wd": "equivalence"
                    }
                  ],
                  [
                    {
                      "wd": "accordance"
                    },
                    {
                      "wd": "agreement"
                    },
                    {
                      "wd": "conformity"
                    },
                    {
                      "wd": "congruity"
                    },
                    {
                      "wd": "correspondence"
                    },
                    {
                      "wd": "likeness"
                    },
                    {
                      "wd": "resemblance"
                    },
                    {
                      "wd": "similarity"
                    }
                  ]
                ],
                "near_list": [
                  [
                    {
                      "wd": "alteration"
                    },
                    {
                      "wd": "change"
                    },
                    {
                      "wd": "modification"
                    },
                    {
                      "wd": "variation"
                    }
                  ],
                  [
                    {
                      "wd": "distinction"
                    },
                    {
                      "wd": "distinctiveness"
                    },
                    {
                      "wd": "distinctness"
                    },
                    {
                      "wd": "exoticness"
                    },
                    {
                      "wd": "individuality"
                    },
                    {
                      "wd": "separateness"
                    },
                    {
                      "wd": "separation"
                    },
                    {
                      "wd": "uniqueness"
                    },
                    {
                      "wd": "unusualness"
                    }
                  ],
                  [
                    {
                      "wd": "deviance"
                    },
                    {
                      "wd": "divergence"
                    }
                  ],
                  [
                    {
                      "wd": "variance"
                    }
                  ],
                  [
                    {
                      "wd": "incompatibility"
                    },
                    {
                      "wd": "incongruence"
                    },
                    {
                      "wd": "incongruity"
                    },
                    {
                      "wd": "incongruousness"
                    }
                  ],
                  [
                    {
                      "wd": "contrast"
                    }
                  ]
                ],
                "ant_list": [
                  [
                    {
                      "wd": "difference"
                    },
                    {
                      "wd": "disagreement"
                    },
                    {
                      "wd": "discrepancy"
                    },
                    {
                      "wd": "disparateness"
                    },
                    {
                      "wd": "disparity"
                    },
                    {
                      "wd": "dissimilarity"
                    },
                    {
                      "wd": "unlikeness"
                    }
                  ]
                ]
              }
            ]
          ],
          [
            [
              "sense",
              {
                "sn": "2",
                "dt": [
                  [
                    "text",
                    "the set of qualities that make a person different from other people "
                  ],
                  [
                    "vis",
                    [
                      {
                        "t": "children begin to form their own {it}identity{/it} by the age of two"
                      }
                    ]
                  ]
                ],
                "syn_list": [
                  [
                    {
                      "wd": "character"
                    },
                    {
                      "wd": "individualism"
                    },
                    {
                      "wd": "individuality"
                    },
                    {
                      "wd": "personality"
                    },
                    {
                      "wd": "self-identity"
                    },
                    {
                      "wd": "selfhood"
                    }
                  ]
                ],
                "rel_list": [
                  [
                    {
                      "wd": "distinctiveness"
                    },
                    {
                      "wd": "idiosyncrasy"
                    },
                    {
                      "wd": "oneness"
                    },
                    {
                      "wd": "peculiarity"
                    },
                    {
                      "wd": "separateness"
                    },
                    {
                      "wd": "singleness"
                    },
                    {
                      "wd": "singularity"
                    },
                    {
                      "wd": "uniqueness"
                    }
                  ],
                  [
                    {
                      "wd": "disposition"
                    },
                    {
                      "wd": "humor"
                    },
                    {
                      "wd": "nature"
                    },
                    {
                      "wd": "temper"
                    },
                    {
                      "wd": "temperament"
                    }
                  ],
                  [
                    {
                      "wd": "independence"
                    }
                  ]
                ],
                "near_list": [
                  [
                    {
                      "wd": "conformity"
                    },
                    {
                      "wd": "conventionality"
                    }
                  ]
                ]
              }
            ]
          ]
        ]
      }
    ],
    "shortdef": [
      "the state of being exactly alike",
      "the set of qualities that make a person different from other people"
    ]
  },
  {
    "meta": {
      "id": "identity card",
      "uuid": "3cabfe27-b8e1-408a-8d0e-1f47b5cf89f1",
      "src": "CTenhance",
      "section": "alpha",
      "stems": [
        "identity card",
        "identity cards"
      ],
      "syns": [
        [
          "ID",
          "ID card",
          "identification",
          "identification card",
          "certificate",
          "document",
          "exhibit",
          "paper",
          "attestation",
          "confirmation",
          "corroboration",
          "documentation",
          "evidence",
          "proof",
          "substantiation",
          "testament",
          "testimonial",
          "testimony",
          "validation",
          "voucher",
          "witness",
          "authentication",
          "manifestation",
          "verification",
          "(the) goods",
          "demonstration",
          "illustration"
        ]
      ],
      "ants": [
        [
          "rebuttal",
          "refutation",
          "disproof"
        ]
      ],
      "offensive": false
    },
    "hwi": {
      "hw": "identity card"
    },
    "fl": "noun",
    "def": [
      {
        "sseq": [
          [
            [
              "sense",
              {
                "dt": [
                  [
                    "text",
                    "something presented to show that someone is the person they claim to be "
                  ],
                  [
                    "vis",
                    [
                      {
                        "t": "Motorists were stopped at a checkpoint and required to present {it}identity cards{/it} before traveling any further."
                      }
                    ]
                  ]
                ],
                "sim_list": [
                  [
                    {
                      "wd": "ID"
                    },
                    {
                      "wd": "ID card"
                    },
                    {
                      "wd": "identification"
                    },
                    {
                      "wd": "identification card"
                    }
                  ],
                  [
                    {
                      "wd": "certificate"
                    },
                    {
                      "wd": "document"
                    },
                    {
                      "wd": "exhibit"
                    },
                    {
                      "wd": "paper"
                    }
                  ],
                  [
                    {
                      "wd": "attestation"
                    },
                    {
                      "wd": "confirmation"
                    },
                    {
                      "wd": "corroboration"
                    },
                    {
                      "wd": "documentation"
                    },
                    {
                      "wd": "evidence"
                    },
                    {
                      "wd": "proof"
                    },
                    {
                      "wd": "substantiation"
                    },
                    {
                      "wd": "testament"
                    },
                    {
                      "wd": "testimonial"
                    },
                    {
                      "wd": "testimony"
                    },
                    {
                      "wd": "validation"
                    },
                    {
                      "wd": "voucher"
                    },
                    {
                      "wd": "witness"
                    }
                  ],
                  [
                    {
                      "wd": "authentication"
                    },
                    {
                      "wd": "manifestation"
                    },
                    {
                      "wd": "verification"
                    }
                  ],
                  [
                    {
                      "wd": "(the) goods"
                    }
                  ],
                  [
                    {
                      "wd": "demonstration"
                    },
                    {
                      "wd": "illustration"
                    }
                  ]
                ],
                "opp_list": [
                  [
                    {
                      "wd": "rebuttal"
                    },
                    {
                      "wd": "refutation"
                    }
                  ],
                  [
                    {
                      "wd": "disproof"
                    }
                  ]
                ]
              }
            ]
          ]
        ]
      }
    ],
    "shortdef": [
      "something presented to show that someone is the person they claim to be"
    ]
  },
  {
    "meta": {
      "id": "identity cards",
      "uuid": "df504843-6d02-48ff-855b-e7eed13968f2",
      "src": "CTenhance",
      "section": "alpha",
      "stems": [
        "identity cards"
      ],
      "syns": [
        [
          "ID cards",
          "identification cards",
          "identifications",
          "ID's",
          "certificates",
          "documents",
          "exhibits",
          "papers",
          "attestations",
          "confirmations",
          "corroborations",
          "documentations",
          "evidences",
          "proofs",
          "substantiations",
          "testaments",
          "testimonials",
          "testimonies",
          "validations",
          "vouchers",
          "witnesses",
          "authentications",
          "manifestations",
          "verifications",
          "(the) goods",
          "demonstrations",
          "illustrations"
        ]
      ],
      "ants": [
        [
          "rebuttals",
          "refutations",
          "disproofs"
        ]
      ],
      "offensive": false
    },
    "hwi": {
      "hw": "identity cards"
    },
    "fl": "noun",
    "sls": [
      "plural of {d_link|identity card|identity card}"
    ],
    "def": [
      {
        "sseq": [
          [
            [
              "sense",
              {
                "dt": [
                  [
                    "text",
                    "something presented to show that someone is the person they claim to be "
                  ],
                  [
                    "vis",
                    [
                      {
                        "t": "Motorists were stopped at a checkpoint and required to present {it}identity cards{/it} before traveling any further."
                      }
                    ]
                  ]
                ],
                "sim_list": [
                  [
                    {
                      "wd": "ID cards"
                    },
                    {
                      "wd": "identification cards"
                    },
                    {
                      "wd": "identifications"
                    },
                    {
                      "wd": "ID's",
                      "wvrs": [
                        {
                          "wvl": "or",
                          "wva": "IDs"
                        }
                      ]
                    }
                  ],
                  [
                    {
                      "wd": "certificates"
                    },
                    {
                      "wd": "documents"
                    },
                    {
                      "wd": "exhibits"
                    },
                    {
                      "wd": "papers"
                    }
                  ],
                  [
                    {
                      "wd": "attestations"
                    },
                    {
                      "wd": "confirmations"
                    },
                    {
                      "wd": "corroborations"
                    },
                    {
                      "wd": "documentations"
                    },
                    {
                      "wd": "evidences"
                    },
                    {
                      "wd": "proofs"
                    },
                    {
                      "wd": "substantiations"
                    },
                    {
                      "wd": "testaments"
                    },
                    {
                      "wd": "testimonials"
                    },
                    {
                      "wd": "testimonies"
                    },
                    {
                      "wd": "validations"
                    },
                    {
                      "wd": "vouchers"
                    },
                    {
                      "wd": "witnesses"
                    }
                  ],
                  [
                    {
                      "wd": "authentications"
                    },
                    {
                      "wd": "manifestations"
                    },
                    {
                      "wd": "verifications"
                    }
                  ],
                  [
                    {
                      "wd": "(the) goods"
                    }
                  ],
                  [
                    {
                      "wd": "demonstrations"
                    },
                    {
                      "wd": "illustrations"
                    }
                  ]
                ],
                "opp_list": [
                  [
                    {
                      "wd": "rebuttals"
                    },
                    {
                      "wd": "refutations"
                    }
                  ],
                  [
                    {
                      "wd": "disproofs"
                    }
                  ]
                ]
              }
            ]
          ]
        ]
      }
    ],
    "shortdef": [
      "something presented to show that someone is the person they claim to be"
    ]
  },
  {
    "meta": {
      "id": "self-identity",
      "uuid": "fe2c9091-6fdf-490b-a38a-39d8588d3fb3",
      "src": "coll_thes",
      "section": "alpha",
      "target": {
        "tuuid": "8b5d5a7f-a5a7-43b9-b854-ca809a69868b",
        "tsrc": "collegiate"
      },
      "stems": [
        "self-identity",
        "self-identities"
      ],
      "syns": [
        [
          "character",
          "identity",
          "individualism",
          "individuality",
          "personality",
          "selfhood"
        ]
      ],
      "ants": [],
      "offensive": false
    },
    "hwi": {
      "hw": "self-identity"
    },
    "fl": "noun",
    "def": [
      {
        "sseq": [
          [
            [
              "sense",
              {
                "dt": [
                  [
                    "text",
                    "the set of qualities that make a person different from other people "
                  ],
                  [
                    "vis",
                    [
                      {
                        "t": "twins making an effort to establish their separate {it}self-identities{/it}"
                      }
                    ]
                  ]
                ],
                "syn_list": [
                  [
                    {
                      "wd": "character"
                    },
                    {
                      "wd": "identity"
                    },
                    {
                      "wd": "individualism"
                    },
                    {
                      "wd": "individuality"
                    },
                    {
                      "wd": "personality"
                    },
                    {
                      "wd": "selfhood"
                    }
                  ]
                ],
                "rel_list": [
                  [
                    {
                      "wd": "distinctiveness"
                    },
                    {
                      "wd": "idiosyncrasy"
                    },
                    {
                      "wd": "oneness"
                    },
                    {
                      "wd": "peculiarity"
                    },
                    {
                      "wd": "separateness"
                    },
                    {
                      "wd": "singleness"
                    },
                    {
                      "wd": "singularity"
                    },
                    {
                      "wd": "uniqueness"
                    }
                  ],
                  [
                    {
                      "wd": "disposition"
                    },
                    {
                      "wd": "humor"
                    },
                    {
                      "wd": "nature"
                    },
                    {
                      "wd": "temper"
                    },
                    {
                      "wd": "temperament"
                    }
                  ],
                  [
                    {
                      "wd": "independence"
                    }
                  ]
                ],
                "near_list": [
                  [
                    {
                      "wd": "conformity"
                    },
                    {
                      "wd": "conventionality"
                    }
                  ]
                ]
              }
            ]
          ]
        ]
      }
    ],
    "shortdef": [
      "the set of qualities that make a person different from other people"
    ]
  }
]