[
  {
    "meta": {
      "id": "illusion",
      "uuid": "7754ddf4-4b9b-4a28-b0ff-7f86643991da",
      "src": "coll_thes",
      "section": "alpha",
      "target": {
        "tuuid": "24a44e5c-f6ed-4d63-8416-cb2f463c8e3f",
        "tsrc": "collegiate"
      },
      "stems": [
        "illusion",
        "illusional",
        "illusions"
      ],
      "syns": [
        [
          "chimera",
          "conceit",
          "daydream",
          "delusion",
          "dream",
          "fancy",
          "fantasy",
          "figment",
          "hallucination",
          "nonentity",
          "phantasm",
          "pipe dream",
          "unreality",
          "vision"
        ],
        [
          "delusion",
          "error",
          "fallacy",
          "falsehood",
          "falsity",
          "hallucination",
          "misbelief",
          "misconception",
          "myth",
          "old wives' tale",
          "untruth"
        ]
      ],
      "ants": [
        [
          "truth",
          "verity"
        ]
      ],
      "offensive": false
    },
    "hwi": {
      "hw": "illusion"
    },
    "fl": "noun",
    "def": [
      {
        "sseq": [
          [
            [
              "sense",
              {
                "sn": "1",
                "dt": [
                  [
                    "text",
                    "a conception or image created by the imagination and having no objective reality "
                  ],
                  [
                    "vis",
                    [
                      {
                        "t": "the magician specializes in creating {it}illusions{/it}, so that people believe they have seen something when they really haven't"
                      }
                    ]
                  ]
                ],
                "syn_list": [
                  [
                    {
                      "wd": "chimera"
                    },
                    {
                      "wd": "conceit"
                    },
                    {
                      "wd": "daydream"
                    },
                    {
                      "wd": "delusion"
                    },
                    {
                      "wd": "dream"
                    },
                    {
                      "wd": "fancy"
                    },
                    {
                      "wd": "fantasy",
                      "wvrs": [
                        {
                          "wvl": "also",
                          "wva": "phantasy"
                        }
                      ]
                    },
                    {
                      "wd": "figment"
                    },
                    {
                      "wd": "hallucination"
                    },
                    {
                      "wd": "nonentity"
                    },
                    {
                      "wd": "phantasm",
                      "wvrs": [
                        {
                          "wvl": "also",
                          "wva": "fantasm"
                        }
                      ]
                    },
                    {
                      "wd": "pipe dream"
                    },
                    {
                      "wd": "unreality"
                    },
                    {
                      "wd": "vision"
                    }
                  ]
                ],
                "rel_list": [
                  [
                    {
                      "wd": "ignis fatuus"
                    },
                    {
                      "wd": "mirage"
                    },
                    {
                      "wd": "will-o'-the-wisp"
                    }
                  ],
                  [
                    {
                      "wd": "brainchild"
                    },
                    {
                      "wd": "idea"
                    }
                  ],
                  [
                    {
                      "wd": "concoction"
                    },
                    {
                      "wd": "fable"
                    },
                    {
                      "wd": "fabrication"
                    },
                    {
                      "wd": "fiction"
                    },
                    {
                      "wd": "invention"
                    }
                  ],
                  [
                    {
                      "wd": "envisaging"
                    },
                    {
                      "wd": "imaging"
                    },
                    {
                      "wd": "visualization"
                    }
                  ],
                  [
                    {
                      "wd": "cloud-cuckoo-land"
                    },
                    {
                      "wd": "cloudland"
                    },
                    {
                      "wd": "Shangri-la"
                    },
                    {
                      "wd": "utopia"
                    }
                  ],
                  [
                    {
                      "wd": "daymare"
                    },
                    {
                      "wd": "nightmare"
                    }
                  ]
                ],
                "phrase_list": [
                  [
                    {
                      "wd": "castle in Spain"
                    },
                    {
                      "wd": "castle in the air"
                    }
                  ]
                ],
                "near_list": [
                  [
                    {
                      "wd": "actuality"
                    },
                    {
                      "wd": "fact"
                    },
                    {
                      "wd": "reality"
                    }
                  ]
                ]
              }
            ]
          ],
          [
            [
              "sense",
              {
                "sn": "2",
                "dt": [
                  [
                    "text",
                    "a false idea or belief "
                  ],
                  [
                    "vis",
                    [
                      {
                        "t": "he had no {it}illusions{/it} about how much effort and money the renovation project would require"
                      }
                    ]
                  ]
                ],
                "syn_list": [
                  [
                    {
                      "wd": "delusion"
                    },
                    {
                      "wd": "error"
                    },
                    {
                      "wd": "fallacy"
                    },
                    {
                      "wd": "falsehood"
                    },
                    {
                      "wd": "falsity"
                    },
                    {
                      "wd": "hallucination"
                    },
                    {
                      "wd": "misbelief"
                    },
                    {
                      "wd": "misconception"
                    },
                    {
                      "wd": "myth"
                    },
                    {
                      "wd": "old wives' tale"
                    },
                    {
                      "wd": "untruth"
                    }
                  ]
                ],
                "rel_list": [
                  [
                    {
                      "wd": "factoid"
                    }
                  ],
                  [
                    {
                      "wd": "superstition"
                    }
                  ],
                  [
                    {
                      "wd": "fiction"
                    },
                    {
                      "wd": "pretense",
                      "wvrs": [
                        {
                          "wvl": "or",
                          "wva": "pretence"
                        }
                      ]
                    }
                  ],
                  [
                    {
                      "wd": "distortion"
                    },
                    {
                      "wd": "inaccuracy"
                    },
                    {
                      "wd": "misapprehension"
                    },
                    {
                      "wd": "miscomprehension"
                    },
                    {
                      "wd": "misinterpretation"
                    },
                    {
                      "wd": "misjudgment"
                    },
                    {
                      "wd": "misperception"
                    },
                    {
                      "wd": "misunderstanding"
                    }
                  ],
                  [
                    {
                      "wd": "misinformation"
                    },
                    {
                      "wd": "misknowledge"
                    },
                    {
                      "wd": "misreport"
                    },
                    {
                      "wd": "misrepresentation"
                    },
                    {
                      "wd": "misstatement"
                    }
                  ],
                  [
                    {
                      "wd": "sophism"
                    },
                    {
                      "wd": "sophistry"
                    }
                  ],
                  [
                    {
                      "wd": "fib"
                    },
                    {
                      "wd": "half-truth"
                    },
                    {
                      "wd": "lie"
                    },
                    {
                      "wd": "story"
                    },
                    {
                      "wd": "tale"
                    }
                  ]
                ],
                "ant_list": [
                  [
                    {
                      "wd": "truth"
                    },
                    {
                      "wd": "verity"
                    }
                  ]
                ]
              }
            ]
          ]
        ]
      }
    ],
    "shortdef": [
      "a conception or image created by the imagination and having no objective reality",
      "a false idea or belief"
    ]
  },
  {
    "meta": {
      "id": "optical illusion",
      "uuid": "23670bae-9eec-41f6-a62b-2e7ad5227714",
      "src": "CTenhance",
      "section": "alpha",
      "stems": [
        "optical illusion",
        "optical illusions"
      ],
      "syns": [
        [
          "mirage",
          "chimera",
          "conceit",
          "daydream",
          "delusion",
          "dream",
          "fancy",
          "fantasy",
          "figment",
          "hallucination",
          "illusion",
          "nonentity",
          "phantasm",
          "pipe dream",
          "unreality",
          "vision",
          "ignis fatuus",
          "will-o'-the-wisp",
          "brainchild",
          "idea",
          "concoction",
          "fable",
          "fabrication",
          "fiction",
          "invention",
          "envisaging",
          "imaging",
          "visualization",
          "apparition",
          "appearance",
          "cloudland",
          "Shangri-la",
          "utopia",
          "daymare",
          "nightmare",
          "contrivance",
          "creativity",
          "ideation",
          "imaginativeness",
          "inventiveness",
          "mind's eye",
          "originality"
        ]
      ],
      "ants": [
        [
          "actuality",
          "fact",
          "reality"
        ]
      ],
      "offensive": false
    },
    "hwi": {
      "hw": "optical illusion"
    },
    "fl": "noun",
    "def": [
      {
        "sseq": [
          [
            [
              "sense",
              {
                "dt": [
                  [
                    "text",
                    "an image that tricks a person's vision "
                  ],
                  [
                    "vis",
                    [
                      {
                        "t": "Some may dismiss what we witnessed that night as an {it}optical illusion{/it}, but we firmly believe it was a UFO."
                      }
                    ]
                  ]
                ],
                "sim_list": [
                  [
                    {
                      "wd": "mirage"
                    }
                  ],
                  [
                    {
                      "wd": "chimera"
                    },
                    {
                      "wd": "conceit"
                    },
                    {
                      "wd": "daydream"
                    },
                    {
                      "wd": "delusion"
                    },
                    {
                      "wd": "dream"
                    },
                    {
                      "wd": "fancy"
                    },
                    {
                      "wd": "fantasy",
                      "wvrs": [
                        {
                          "wvl": "also",
                          "wva": "phantasy"
                        }
                      ]
                    },
                    {
                      "wd": "figment"
                    },
                    {
                      "wd": "hallucination"
                    },
                    {
                      "wd": "illusion"
                    },
                    {
                      "wd": "nonentity"
                    },
                    {
                      "wd": "phantasm",
                      "wvrs": [
                        {
                          "wvl": "also",
                          "wva": "fantasm"
                        }
                      ]
                    },
                    {
                      "wd": "pipe dream"
                    },
                    {
                      "wd": "unreality"
                    },
                    {
                      "wd": "vision"
                    }
                  ],
                  [
                    {
                      "wd": "ignis fatuus"
                    },
                    {
                      "wd": "will-o'-the-wisp"
                    }
                  ],
                  [
                    {
                      "wd": "brainchild"
                    },
                    {
                      "wd": "idea"
                    }
                  ],
                  [
                    {
                      "wd": "concoction"
                    },
                    {
                      "wd": "fable"
                    },
                    {
                      "wd": "fabrication"
                    },
                    {
                      "wd": "fiction"
                    },
                    {
                      "wd": "invention"
                    }
                  ],
                  [
                    {
                      "wd": "envisaging"
                    },
                    {
                      "wd": "imaging"
                    },
                    {
                      "wd": "visualization"
                    }
                  ],
                  [
                    {
                      "wd": "apparition"
                    }
                  ],
                  [
                    {
                      "wd": "appearance"
                    }
                  ],
                  [
                    {
                      "wd": "cloudland"
                    },
                    {
                      "wd": "Shangri-la"
                    },
                    {
                      "wd": "utopia"
                    }
                  ],
                  [
                    {
                      "wd": "daymare"
                    },
                    {
                      "wd": "nightmare"
                    }
                  ],
                  [
                    {
                      "wd": "contrivance"
                    },
                    {
                      "wd": "creativity"
                    },
                    {
                      "wd": "ideation"
                    },
                    {
                      "wd": "imaginativeness"
                    },
                    {
                      "wd": "inventiveness"
                    },
                    {
                      "wd": "mind's eye"
                    },
                    {
                      "wd": "originality"
                    }
                  ]
                ],
                "opp_list": [
                  [
                    {
                      "wd": "actuality"
                    },
                    {
                      "wd": "fact"
                    },
                    {
                      "wd": "reality"
                    }
                  ]
                ]
              }
            ]
          ]
        ]
      }
    ],
    "shortdef": [
      "an image that tricks a person's vision"
    ]
  }
]