[
  {
    "meta": {
      "id": "image",
      "uuid": "5a2b6df9-842c-4068-8b42-d90efe9b4df1",
      "src": "coll_thes",
      "section": "alpha",
      "target": {
        "tuuid": "8dccf131-f725-4607-bf41-cc190322c507",
        "tsrc": "collegiate"
      },
      "stems": [
        "image",
        "images"
      ],
      "syns": [
        [
          "alter ego",
          "carbon",
          "carbon copy",
          "clone",
          "counterpart",
          "doppelg\u00e4nger",
          "double",
          "duplicate",
          "duplication",
          "facsimile",
          "fetch",
          "likeness",
          "look-alike",
          "match",
          "mirror image",
          "picture",
          "replica",
          "ringer",
          "spit",
          "spitting image",
          "twin"
        ],
        [
          "icon",
          "illustration",
          "likeness",
          "picture"
        ],
        [
          "abstraction",
          "cogitation",
          "concept",
          "conception",
          "idea",
          "impression",
          "intellection",
          "mind's eye",
          "notion",
          "picture",
          "thought"
        ],
        [
          "abstract",
          "avatar",
          "embodier",
          "embodiment",
          "epitome",
          "externalization",
          "genius",
          "icon",
          "incarnation",
          "incorporation",
          "instantiation",
          "manifestation",
          "objectification",
          "personification",
          "personifier"
        ]
      ],
      "ants": [],
      "offensive": false
    },
    "hwi": {
      "hw": "image"
    },
    "fl": "noun",
    "def": [
      {
        "sseq": [
          [
            [
              "sense",
              {
                "sn": "1",
                "dt": [
                  [
                    "text",
                    "something or someone that strongly resembles another "
                  ],
                  [
                    "vis",
                    [
                      {
                        "t": "the girl is growing up to be the perfect {it}image{/it} of her mother"
                      }
                    ]
                  ]
                ],
                "syn_list": [
                  [
                    {
                      "wd": "alter ego"
                    },
                    {
                      "wd": "carbon"
                    },
                    {
                      "wd": "carbon copy"
                    },
                    {
                      "wd": "clone"
                    },
                    {
                      "wd": "counterpart"
                    },
                    {
                      "wd": "doppelg\u00e4nger",
                      "wvrs": [
                        {
                          "wvl": "or",
                          "wva": "doppelganger"
                        }
                      ]
                    },
                    {
                      "wd": "double"
                    },
                    {
                      "wd": "duplicate"
                    },
                    {
                      "wd": "duplication"
                    },
                    {
                      "wd": "facsimile"
                    },
                    {
                      "wd": "fetch"
                    },
                    {
                      "wd": "likeness"
                    },
                    {
                      "wd": "look-alike"
                    },
                    {
                      "wd": "match"
                    },
                    {
                      "wd": "mirror image"
                    },
                    {
                      "wd": "picture"
                    },
                    {
                      "wd": "replica"
                    },
                    {
                      "wd": "ringer"
                    },
                    {
                      "wd": "spit"
                    },
                    {
                      "wd": "spitting image"
                    },
                    {
                      "wd": "twin"
                    }
                  ]
                ],
                "rel_list": [
                  [
                    {
                      "wd": "Chinese copy"
                    }
                  ],
                  [
                    {
                      "wd": "effigy"
                    },
                    {
                      "wd": "portrait"
                    },
                    {
                      "wd": "portrayal"
                    }
                  ],
                  [
                    {
                      "wd": "companion"
                    },
                    {
                      "wd": "fellow"
                    },
                    {
                      "wd": "mate"
                    }
                  ],
                  [
                    {
                      "wd": "equal"
                    },
                    {
                      "wd": "equivalent"
                    }
                  ],
                  [
                    {
                      "wd": "analogue",
                      "wvrs": [
                        {
                          "wvl": "or",
                          "wva": "analog"
                        }
                      ]
                    },
                    {
                      "wd": "parallel"
                    }
                  ]
                ],
                "near_list": [
                  [
                    {
                      "wd": "antithesis"
                    },
                    {
                      "wd": "converse"
                    },
                    {
                      "wd": "opposite"
                    },
                    {
                      "wd": "reverse"
                    }
                  ]
                ]
              }
            ]
          ],
          [
            [
              "sense",
              {
                "sn": "2",
                "dt": [
                  [
                    "text",
                    "a two-dimensional design intended to look like a person or thing "
                  ],
                  [
                    "vis",
                    [
                      {
                        "t": "a cave with prehistoric {it}images{/it} of wild animals"
                      }
                    ]
                  ]
                ],
                "syn_list": [
                  [
                    {
                      "wd": "icon",
                      "wvrs": [
                        {
                          "wvl": "also",
                          "wva": "ikon"
                        }
                      ]
                    },
                    {
                      "wd": "illustration"
                    },
                    {
                      "wd": "likeness"
                    },
                    {
                      "wd": "picture"
                    }
                  ]
                ],
                "rel_list": [
                  [
                    {
                      "wd": "delineation"
                    },
                    {
                      "wd": "depiction"
                    },
                    {
                      "wd": "representation"
                    },
                    {
                      "wd": "resemblance"
                    },
                    {
                      "wd": "view"
                    }
                  ],
                  [
                    {
                      "wd": "portrait"
                    }
                  ],
                  [
                    {
                      "wd": "daub"
                    },
                    {
                      "wd": "drawing"
                    },
                    {
                      "wd": "finger painting"
                    }
                  ],
                  [
                    {
                      "wd": "etching"
                    },
                    {
                      "wd": "silhouette"
                    },
                    {
                      "wd": "sketch"
                    },
                    {
                      "wd": "watercolor"
                    }
                  ],
                  [
                    {
                      "wd": "caricature"
                    },
                    {
                      "wd": "cartoon"
                    },
                    {
                      "wd": "doodle"
                    }
                  ],
                  [
                    {
                      "wd": "collage"
                    },
                    {
                      "wd": "montage"
                    },
                    {
                      "wd": "photograph"
                    }
                  ],
                  [
                    {
                      "wd": "hieroglyph"
                    },
                    {
                      "wd": "hieroglyphic"
                    },
                    {
                      "wd": "ideogram"
                    },
                    {
                      "wd": "ideograph"
                    }
                  ],
                  [
                    {
                      "wd": "pictograph"
                    }
                  ],
                  [
                    {
                      "wd": "diagram"
                    }
                  ]
                ]
              }
            ]
          ],
          [
            [
              "sense",
              {
                "sn": "3",
                "dt": [
                  [
                    "text",
                    "something imagined or pictured in the mind "
                  ],
                  [
                    "vis",
                    [
                      {
                        "t": "a sentimental visit to her childhood home to see if it still matched her mental {it}image{/it} of the place"
                      }
                    ]
                  ]
                ],
                "syn_list": [
                  [
                    {
                      "wd": "abstraction"
                    },
                    {
                      "wd": "cogitation"
                    },
                    {
                      "wd": "concept"
                    },
                    {
                      "wd": "conception"
                    },
                    {
                      "wd": "idea"
                    },
                    {
                      "wd": "impression"
                    },
                    {
                      "wd": "intellection"
                    },
                    {
                      "wd": "mind's eye"
                    },
                    {
                      "wd": "notion"
                    },
                    {
                      "wd": "picture"
                    },
                    {
                      "wd": "thought"
                    }
                  ]
                ],
                "rel_list": [
                  [
                    {
                      "wd": "apprehension"
                    },
                    {
                      "wd": "premonition"
                    },
                    {
                      "wd": "presentiment"
                    }
                  ],
                  [
                    {
                      "wd": "preconception"
                    },
                    {
                      "wd": "prejudice"
                    },
                    {
                      "wd": "prepossession"
                    }
                  ],
                  [
                    {
                      "wd": "chimera"
                    },
                    {
                      "wd": "delusion"
                    },
                    {
                      "wd": "hallucination"
                    },
                    {
                      "wd": "illusion"
                    },
                    {
                      "wd": "phantasm",
                      "wvrs": [
                        {
                          "wvl": "also",
                          "wva": "fantasm"
                        }
                      ]
                    }
                  ],
                  [
                    {
                      "wd": "caprice"
                    },
                    {
                      "wd": "conceit"
                    },
                    {
                      "wd": "fancy"
                    },
                    {
                      "wd": "freak"
                    },
                    {
                      "wd": "kink"
                    },
                    {
                      "wd": "vagary"
                    },
                    {
                      "wd": "whim"
                    }
                  ],
                  [
                    {
                      "wd": "cognition"
                    },
                    {
                      "wd": "observation"
                    },
                    {
                      "wd": "perception"
                    },
                    {
                      "wd": "reflection"
                    }
                  ],
                  [
                    {
                      "wd": "assumption"
                    },
                    {
                      "wd": "belief"
                    },
                    {
                      "wd": "conclusion"
                    },
                    {
                      "wd": "conviction"
                    }
                  ],
                  [
                    {
                      "wd": "conjecture"
                    },
                    {
                      "wd": "guess"
                    },
                    {
                      "wd": "hunch"
                    },
                    {
                      "wd": "hypothesis"
                    },
                    {
                      "wd": "speculation"
                    },
                    {
                      "wd": "supposition"
                    },
                    {
                      "wd": "surmise"
                    },
                    {
                      "wd": "theory"
                    }
                  ],
                  [
                    {
                      "wd": "brainchild"
                    },
                    {
                      "wd": "brainstorm"
                    },
                    {
                      "wd": "brain wave"
                    },
                    {
                      "wd": "inspiration"
                    }
                  ]
                ],
                "near_list": [
                  [
                    {
                      "wd": "actuality"
                    },
                    {
                      "wd": "fact"
                    },
                    {
                      "wd": "reality"
                    }
                  ]
                ]
              }
            ]
          ],
          [
            [
              "sense",
              {
                "sn": "4",
                "dt": [
                  [
                    "text",
                    "a visible representation of something abstract (as a quality) "
                  ],
                  [
                    "vis",
                    [
                      {
                        "t": "a general who became for many the very {it}image{/it} of the stoic warrior"
                      }
                    ]
                  ]
                ],
                "syn_list": [
                  [
                    {
                      "wd": "abstract"
                    },
                    {
                      "wd": "avatar"
                    },
                    {
                      "wd": "embodier"
                    },
                    {
                      "wd": "embodiment"
                    },
                    {
                      "wd": "epitome"
                    },
                    {
                      "wd": "externalization"
                    },
                    {
                      "wd": "genius"
                    },
                    {
                      "wd": "icon",
                      "wvrs": [
                        {
                          "wvl": "also",
                          "wva": "ikon"
                        }
                      ]
                    },
                    {
                      "wd": "incarnation"
                    },
                    {
                      "wd": "incorporation"
                    },
                    {
                      "wd": "instantiation"
                    },
                    {
                      "wd": "manifestation"
                    },
                    {
                      "wd": "objectification"
                    },
                    {
                      "wd": "personification"
                    },
                    {
                      "wd": "personifier"
                    }
                  ]
                ],
                "rel_list": [
                  [
                    {
                      "wd": "actualization"
                    },
                    {
                      "wd": "concretization"
                    },
                    {
                      "wd": "exemplification"
                    },
                    {
                      "wd": "personalization"
                    },
                    {
                      "wd": "realization"
                    },
                    {
                      "wd": "substantiation"
                    }
                  ],
                  [
                    {
                      "wd": "essence"
                    },
                    {
                      "wd": "quintessence"
                    },
                    {
                      "wd": "soul"
                    }
                  ],
                  [
                    {
                      "wd": "archetype"
                    },
                    {
                      "wd": "exemplar"
                    },
                    {
                      "wd": "model"
                    },
                    {
                      "wd": "paradigm"
                    },
                    {
                      "wd": "pattern"
                    }
                  ],
                  [
                    {
                      "wd": "reincarnation"
                    }
                  ]
                ]
              }
            ]
          ]
        ]
      }
    ],
    "shortdef": [
      "something or someone that strongly resembles another",
      "a two-dimensional design intended to look like a person or thing",
      "something imagined or pictured in the mind"
    ]
  },
  {
    "meta": {
      "id": "image",
      "uuid": "75edf660-5667-479c-b79f-bda21ae33301",
      "src": "coll_thes",
      "section": "alpha",
      "target": {
        "tuuid": "624324eb-e62e-4f09-b9dd-dbd6e52c7a8c",
        "tsrc": "collegiate"
      },
      "stems": [
        "image",
        "imaged",
        "imager",
        "imagers",
        "images",
        "imaging"
      ],
      "syns": [
        [
          "depict",
          "picture",
          "portray",
          "represent"
        ],
        [
          "delineate",
          "depict",
          "describe",
          "draw",
          "limn",
          "paint",
          "picture",
          "portray",
          "render",
          "set out",
          "sketch"
        ],
        [
          "mirror",
          "reflect"
        ],
        [
          "conceit",
          "conceive",
          "conjure (up)",
          "dream",
          "envisage",
          "envision",
          "fancy",
          "fantasize",
          "fantasy",
          "feature",
          "ideate",
          "imagine",
          "picture",
          "see",
          "vision",
          "visualize"
        ]
      ],
      "ants": [],
      "offensive": false
    },
    "hwi": {
      "hw": "image"
    },
    "fl": "verb",
    "def": [
      {
        "sseq": [
          [
            [
              "sense",
              {
                "sn": "1",
                "dt": [
                  [
                    "text",
                    "to present a picture of "
                  ],
                  [
                    "vis",
                    [
                      {
                        "t": "in the painting Sacagawea is {it}imaged{/it} as an intrepid woman pointing the way for Lewis and Clark"
                      }
                    ]
                  ]
                ],
                "syn_list": [
                  [
                    {
                      "wd": "depict"
                    },
                    {
                      "wd": "picture"
                    },
                    {
                      "wd": "portray"
                    },
                    {
                      "wd": "represent"
                    }
                  ]
                ],
                "rel_list": [
                  [
                    {
                      "wd": "delineate"
                    },
                    {
                      "wd": "describe"
                    },
                    {
                      "wd": "document"
                    },
                    {
                      "wd": "render"
                    }
                  ],
                  [
                    {
                      "wd": "outline"
                    },
                    {
                      "wd": "silhouette"
                    },
                    {
                      "wd": "sketch"
                    }
                  ],
                  [
                    {
                      "wd": "illustrate"
                    },
                    {
                      "wd": "show"
                    }
                  ],
                  [
                    {
                      "wd": "diagram"
                    }
                  ],
                  [
                    {
                      "wd": "caricature"
                    }
                  ]
                ]
              }
            ]
          ],
          [
            [
              "sense",
              {
                "sn": "2",
                "dt": [
                  [
                    "text",
                    "to give a representation or account of in words "
                  ],
                  [
                    "vis",
                    [
                      {
                        "t": "the brochure {it}images{/it} a vacation at the resort in language that makes you want to make a reservation this instant"
                      }
                    ]
                  ]
                ],
                "syn_list": [
                  [
                    {
                      "wd": "delineate"
                    },
                    {
                      "wd": "depict"
                    },
                    {
                      "wd": "describe"
                    },
                    {
                      "wd": "draw"
                    },
                    {
                      "wd": "limn"
                    },
                    {
                      "wd": "paint"
                    },
                    {
                      "wd": "picture"
                    },
                    {
                      "wd": "portray"
                    },
                    {
                      "wd": "render"
                    },
                    {
                      "wd": "set out"
                    },
                    {
                      "wd": "sketch"
                    }
                  ]
                ],
                "rel_list": [
                  [
                    {
                      "wd": "characterize"
                    },
                    {
                      "wd": "define"
                    },
                    {
                      "wd": "label"
                    },
                    {
                      "wd": "qualify"
                    },
                    {
                      "wd": "represent"
                    }
                  ],
                  [
                    {
                      "wd": "demonstrate"
                    },
                    {
                      "wd": "illustrate"
                    }
                  ],
                  [
                    {
                      "wd": "narrate"
                    },
                    {
                      "wd": "recite"
                    },
                    {
                      "wd": "recount"
                    },
                    {
                      "wd": "rehearse"
                    },
                    {
                      "wd": "relate"
                    },
                    {
                      "wd": "report"
                    },
                    {
                      "wd": "tell"
                    }
                  ],
                  [
                    {
                      "wd": "display"
                    },
                    {
                      "wd": "exhibit"
                    },
                    {
                      "wd": "show"
                    }
                  ],
                  [
                    {
                      "wd": "hint"
                    },
                    {
                      "wd": "suggest"
                    }
                  ],
                  [
                    {
                      "wd": "draft"
                    },
                    {
                      "wd": "outline"
                    },
                    {
                      "wd": "silhouette"
                    },
                    {
                      "wd": "trace"
                    },
                    {
                      "wd": "vignette"
                    }
                  ],
                  [
                    {
                      "wd": "summarize"
                    },
                    {
                      "wd": "sum up"
                    },
                    {
                      "wd": "touch off"
                    }
                  ],
                  [
                    {
                      "wd": "redescribe"
                    },
                    {
                      "wd": "reimage"
                    }
                  ]
                ],
                "near_list": [
                  [
                    {
                      "wd": "color"
                    },
                    {
                      "wd": "distort"
                    },
                    {
                      "wd": "falsify"
                    },
                    {
                      "wd": "garble"
                    },
                    {
                      "wd": "misdescribe"
                    },
                    {
                      "wd": "misrepresent"
                    },
                    {
                      "wd": "misstate"
                    },
                    {
                      "wd": "pervert"
                    },
                    {
                      "wd": "twist"
                    },
                    {
                      "wd": "warp"
                    }
                  ]
                ]
              }
            ]
          ],
          [
            [
              "sense",
              {
                "sn": "3",
                "dt": [
                  [
                    "text",
                    "to reproduce or show (an exact likeness) as a mirror would "
                  ],
                  [
                    "vis",
                    [
                      {
                        "t": "the burnished chrome fixtures {it}imaged{/it} the jewelry store's glittery merchandise"
                      }
                    ]
                  ]
                ],
                "syn_list": [
                  [
                    {
                      "wd": "mirror"
                    },
                    {
                      "wd": "reflect"
                    }
                  ]
                ],
                "rel_list": [
                  [
                    {
                      "wd": "clone"
                    },
                    {
                      "wd": "copy"
                    },
                    {
                      "wd": "duplicate"
                    },
                    {
                      "wd": "imitate"
                    },
                    {
                      "wd": "reduplicate"
                    },
                    {
                      "wd": "repeat"
                    },
                    {
                      "wd": "replicate"
                    },
                    {
                      "wd": "reproduce"
                    }
                  ]
                ]
              }
            ]
          ],
          [
            [
              "sense",
              {
                "sn": "4",
                "dt": [
                  [
                    "text",
                    "to form a mental picture of "
                  ],
                  [
                    "vis",
                    [
                      {
                        "t": "anyone who still {it}images{/it} the cape's coastline as a scene of unspoiled beauty is in for a rude awakening"
                      }
                    ]
                  ]
                ],
                "syn_list": [
                  [
                    {
                      "wd": "conceit",
                      "wsls": [
                        "chiefly dialect"
                      ]
                    },
                    {
                      "wd": "conceive"
                    },
                    {
                      "wd": "conjure (up)"
                    },
                    {
                      "wd": "dream"
                    },
                    {
                      "wd": "envisage"
                    },
                    {
                      "wd": "envision"
                    },
                    {
                      "wd": "fancy"
                    },
                    {
                      "wd": "fantasize"
                    },
                    {
                      "wd": "fantasy"
                    },
                    {
                      "wd": "feature"
                    },
                    {
                      "wd": "ideate"
                    },
                    {
                      "wd": "imagine"
                    },
                    {
                      "wd": "picture"
                    },
                    {
                      "wd": "see"
                    },
                    {
                      "wd": "vision"
                    },
                    {
                      "wd": "visualize"
                    }
                  ]
                ],
                "rel_list": [
                  [
                    {
                      "wd": "daydream"
                    },
                    {
                      "wd": "stargaze"
                    }
                  ],
                  [
                    {
                      "wd": "hallucinate"
                    }
                  ],
                  [
                    {
                      "wd": "re-create"
                    },
                    {
                      "wd": "reflect"
                    },
                    {
                      "wd": "relive"
                    },
                    {
                      "wd": "reminisce"
                    }
                  ],
                  [
                    {
                      "wd": "contemplate"
                    },
                    {
                      "wd": "meditate"
                    },
                    {
                      "wd": "muse"
                    },
                    {
                      "wd": "ponder"
                    },
                    {
                      "wd": "ruminate"
                    }
                  ],
                  [
                    {
                      "wd": "concoct"
                    },
                    {
                      "wd": "fabricate"
                    },
                    {
                      "wd": "invent"
                    },
                    {
                      "wd": "make up"
                    },
                    {
                      "wd": "manufacture"
                    },
                    {
                      "wd": "plan"
                    },
                    {
                      "wd": "project"
                    }
                  ],
                  [
                    {
                      "wd": "foresee"
                    },
                    {
                      "wd": "prefigure"
                    }
                  ]
                ]
              }
            ]
          ]
        ]
      }
    ],
    "shortdef": [
      "to present a picture of",
      "to give a representation or account of in words",
      "to reproduce or show (an exact likeness) as a mirror would"
    ]
  },
  {
    "meta": {
      "id": "mirror image",
      "uuid": "c9f2e471-b585-462a-ad99-1c2c31444221",
      "src": "coll_thes",
      "section": "alpha",
      "target": {
        "tuuid": "256deec5-178c-422c-86e2-e0a8c8c1a0b7",
        "tsrc": "collegiate"
      },
      "stems": [
        "mirror image",
        "mirror images"
      ],
      "syns": [
        [
          "alter ego",
          "carbon",
          "carbon copy",
          "clone",
          "counterpart",
          "doppelg\u00e4nger",
          "double",
          "duplicate",
          "duplication",
          "facsimile",
          "fetch",
          "image",
          "likeness",
          "look-alike",
          "match",
          "picture",
          "replica",
          "ringer",
          "spit",
          "spitting image",
          "twin"
        ]
      ],
      "ants": [],
      "offensive": false
    },
    "hwi": {
      "hw": "mirror image"
    },
    "fl": "noun",
    "def": [
      {
        "sseq": [
          [
            [
              "sense",
              {
                "dt": [
                  [
                    "text",
                    "something or someone that strongly resembles another "
                  ],
                  [
                    "vis",
                    [
                      {
                        "t": "looking at the idealistic intern, the elderly physician could not help but see the {it}mirror image{/it} of himself 40 years earlier"
                      }
                    ]
                  ]
                ],
                "syn_list": [
                  [
                    {
                      "wd": "alter ego"
                    },
                    {
                      "wd": "carbon"
                    },
                    {
                      "wd": "carbon copy"
                    },
                    {
                      "wd": "clone"
                    },
                    {
                      "wd": "counterpart"
                    },
                    {
                      "wd": "doppelg\u00e4nger",
                      "wvrs": [
                        {
                          "wvl": "or",
                          "wva": "doppelganger"
                        }
                      ]
                    },
                    {
                      "wd": "double"
                    },
                    {
                      "wd": "duplicate"
                    },
                    {
                      "wd": "duplication"
                    },
                    {
                      "wd": "facsimile"
                    },
                    {
                      "wd": "fetch"
                    },
                    {
                      "wd": "image"
                    },
                    {
                      "wd": "likeness"
                    },
                    {
                      "wd": "look-alike"
                    },
                    {
                      "wd": "match"
                    },
                    {
                      "wd": "picture"
                    },
                    {
                      "wd": "replica"
                    },
                    {
                      "wd": "ringer"
                    },
                    {
                      "wd": "spit"
                    },
                    {
                      "wd": "spitting image"
                    },
                    {
                      "wd": "twin"
                    }
                  ]
                ],
                "rel_list": [
                  [
                    {
                      "wd": "Chinese copy"
                    }
                  ],
                  [
                    {
                      "wd": "effigy"
                    },
                    {
                      "wd": "portrait"
                    },
                    {
                      "wd": "portrayal"
                    }
                  ],
                  [
                    {
                      "wd": "companion"
                    },
                    {
                      "wd": "fellow"
                    },
                    {
                      "wd": "mate"
                    }
                  ],
                  [
                    {
                      "wd": "equal"
                    },
                    {
                      "wd": "equivalent"
                    }
                  ],
                  [
                    {
                      "wd": "analogue",
                      "wvrs": [
                        {
                          "wvl": "or",
                          "wva": "analog"
                        }
                      ]
                    },
                    {
                      "wd": "parallel"
                    }
                  ]
                ],
                "near_list": [
                  [
                    {
                      "wd": "antithesis"
                    },
                    {
                      "wd": "converse"
                    },
                    {
                      "wd": "opposite"
                    },
                    {
                      "wd": "reverse"
                    }
                  ]
                ]
              }
            ]
          ]
        ]
      }
    ],
    "shortdef": [
      "something or someone that strongly resembles another"
    ]
  },
  {
    "meta": {
      "id": "spitting image",
      "uuid": "745a8554-d1c7-45ce-ade9-1d69589ae757",
      "src": "coll_thes",
      "section": "alpha",
      "target": {
        "tuuid": "4bc4ee87-4051-47d2-b331-eb560190e4bc",
        "tsrc": "collegiate"
      },
      "stems": [
        "spitting image",
        "spitting images"
      ],
      "syns": [
        [
          "alter ego",
          "carbon",
          "carbon copy",
          "clone",
          "counterpart",
          "doppelg\u00e4nger",
          "double",
          "duplicate",
          "duplication",
          "facsimile",
          "fetch",
          "image",
          "likeness",
          "look-alike",
          "match",
          "mirror image",
          "picture",
          "replica",
          "ringer",
          "spit",
          "twin"
        ]
      ],
      "ants": [],
      "offensive": false
    },
    "hwi": {
      "hw": "spitting image"
    },
    "fl": "noun",
    "def": [
      {
        "sseq": [
          [
            [
              "sense",
              {
                "dt": [
                  [
                    "text",
                    "something or someone that strongly resembles another "
                  ],
                  [
                    "vis",
                    [
                      {
                        "t": "with the help of either movie magic or makeup, the actress appeared to be the {it}spitting image{/it} of the queen"
                      }
                    ]
                  ]
                ],
                "syn_list": [
                  [
                    {
                      "wd": "alter ego"
                    },
                    {
                      "wd": "carbon"
                    },
                    {
                      "wd": "carbon copy"
                    },
                    {
                      "wd": "clone"
                    },
                    {
                      "wd": "counterpart"
                    },
                    {
                      "wd": "doppelg\u00e4nger",
                      "wvrs": [
                        {
                          "wvl": "or",
                          "wva": "doppelganger"
                        }
                      ]
                    },
                    {
                      "wd": "double"
                    },
                    {
                      "wd": "duplicate"
                    },
                    {
                      "wd": "duplication"
                    },
                    {
                      "wd": "facsimile"
                    },
                    {
                      "wd": "fetch"
                    },
                    {
                      "wd": "image"
                    },
                    {
                      "wd": "likeness"
                    },
                    {
                      "wd": "look-alike"
                    },
                    {
                      "wd": "match"
                    },
                    {
                      "wd": "mirror image"
                    },
                    {
                      "wd": "picture"
                    },
                    {
                      "wd": "replica"
                    },
                    {
                      "wd": "ringer"
                    },
                    {
                      "wd": "spit"
                    },
                    {
                      "wd": "twin"
                    }
                  ]
                ],
                "rel_list": [
                  [
                    {
                      "wd": "Chinese copy"
                    }
                  ],
                  [
                    {
                      "wd": "effigy"
                    },
                    {
                      "wd": "portrait"
                    },
                    {
                      "wd": "portrayal"
                    }
                  ],
                  [
                    {
                      "wd": "companion"
                    },
                    {
                      "wd": "fellow"
                    },
                    {
                      "wd": "mate"
                    }
                  ],
                  [
                    {
                      "wd": "equal"
                    },
                    {
                      "wd": "equivalent"
                    }
                  ],
                  [
                    {
                      "wd": "analogue",
                      "wvrs": [
                        {
                          "wvl": "or",
                          "wva": "analog"
                        }
                      ]
                    },
                    {
                      "wd": "parallel"
                    }
                  ]
                ],
                "near_list": [
                  [
                    {
                      "wd": "antithesis"
                    },
                    {
                      "wd": "converse"
                    },
                    {
                      "wd": "opposite"
                    },
                    {
                      "wd": "reverse"
                    }
                  ]
                ]
              }
            ]
          ]
        ]
      }
    ],
    "shortdef": [
      "something or someone that strongly resembles another"
    ]
  },
  {
    "meta": {
      "id": "self-image",
      "uuid": "05bc413a-ebec-409a-a24e-788edce6b10d",
      "src": "CTenhance",
      "section": "alpha",
      "stems": [
        "self-image",
        "self-images"
      ],
      "syns": [
        [
          "self-concept",
          "self-perception",
          "introspection",
          "self-contemplation",
          "self-examination",
          "self-observation",
          "self-questioning",
          "self-reflection",
          "self-scrutiny",
          "self-searching",
          "soul-searching",
          "self-analysis",
          "self-awareness",
          "self-consciousness",
          "self-recognition",
          "introversion",
          "self-absorption",
          "self-centeredness",
          "self-concern",
          "self-involvement",
          "self-actualization",
          "self-esteem",
          "self-discovery",
          "self-exploration",
          "self-fulfillment",
          "self-realization",
          "self-knowledge",
          "self-revelation",
          "contemplation",
          "meditation",
          "reflection",
          "rumination"
        ]
      ],
      "ants": [],
      "offensive": false
    },
    "hwi": {
      "hw": "self-image"
    },
    "fl": "noun",
    "def": [
      {
        "sseq": [
          [
            [
              "sense",
              {
                "dt": [
                  [
                    "text",
                    "the way you think about yourself and your abilities or appearance "
                  ],
                  [
                    "vis",
                    [
                      {
                        "t": "She has a positive {it}self-image{/it} buoyed by her years of success."
                      }
                    ]
                  ]
                ],
                "sim_list": [
                  [
                    {
                      "wd": "self-concept"
                    },
                    {
                      "wd": "self-perception"
                    }
                  ],
                  [
                    {
                      "wd": "introspection"
                    },
                    {
                      "wd": "self-contemplation"
                    },
                    {
                      "wd": "self-examination"
                    },
                    {
                      "wd": "self-observation"
                    },
                    {
                      "wd": "self-questioning"
                    },
                    {
                      "wd": "self-reflection"
                    },
                    {
                      "wd": "self-scrutiny"
                    },
                    {
                      "wd": "self-searching"
                    },
                    {
                      "wd": "soul-searching"
                    }
                  ],
                  [
                    {
                      "wd": "self-analysis"
                    },
                    {
                      "wd": "self-awareness"
                    },
                    {
                      "wd": "self-consciousness"
                    },
                    {
                      "wd": "self-recognition"
                    }
                  ],
                  [
                    {
                      "wd": "introversion"
                    },
                    {
                      "wd": "self-absorption"
                    },
                    {
                      "wd": "self-centeredness"
                    },
                    {
                      "wd": "self-concern"
                    },
                    {
                      "wd": "self-involvement"
                    }
                  ],
                  [
                    {
                      "wd": "self-actualization"
                    },
                    {
                      "wd": "self-esteem"
                    },
                    {
                      "wd": "self-discovery"
                    },
                    {
                      "wd": "self-exploration"
                    },
                    {
                      "wd": "self-fulfillment"
                    },
                    {
                      "wd": "self-realization"
                    }
                  ],
                  [
                    {
                      "wd": "self-knowledge"
                    },
                    {
                      "wd": "self-revelation"
                    }
                  ],
                  [
                    {
                      "wd": "contemplation"
                    },
                    {
                      "wd": "meditation"
                    },
                    {
                      "wd": "reflection"
                    },
                    {
                      "wd": "rumination"
                    }
                  ]
                ]
              }
            ]
          ]
        ]
      }
    ],
    "shortdef": [
      "the way you think about yourself and your abilities or appearance"
    ]
  },
  {
    "meta": {
      "id": "father image",
      "uuid": "c4627de5-32df-4446-92f9-a6f04397de8d",
      "src": "CTcompile",
      "section": "alpha",
      "stems": [
        "father image"
      ],
      "syns": [
        [
          "father figure",
          "dad",
          "daddy",
          "father",
          "old man",
          "pa",
          "papa",
          "pater",
          "pop",
          "sire",
          "paterfamilias",
          "patriarch",
          "stepfather"
        ]
      ],
      "ants": [],
      "offensive": false
    },
    "hwi": {
      "hw": "father image"
    },
    "fl": "noun",
    "def": [
      {
        "sseq": [
          [
            [
              "sense",
              {
                "dt": [
                  [
                    "text",
                    "as in {it}father figure{/it}"
                  ]
                ],
                "sim_list": [
                  [
                    {
                      "wd": "father figure"
                    }
                  ],
                  [
                    {
                      "wd": "dad"
                    },
                    {
                      "wd": "daddy"
                    },
                    {
                      "wd": "father"
                    },
                    {
                      "wd": "old man"
                    },
                    {
                      "wd": "pa"
                    },
                    {
                      "wd": "papa",
                      "wvrs": [
                        {
                          "wvl": "also",
                          "wva": "poppa"
                        }
                      ]
                    },
                    {
                      "wd": "pater",
                      "wsls": [
                        "chiefly British"
                      ]
                    },
                    {
                      "wd": "pop"
                    },
                    {
                      "wd": "sire"
                    }
                  ],
                  [
                    {
                      "wd": "paterfamilias"
                    },
                    {
                      "wd": "patriarch"
                    }
                  ],
                  [
                    {
                      "wd": "stepfather"
                    }
                  ]
                ]
              }
            ]
          ]
        ]
      }
    ],
    "shortdef": [
      "as in father figure"
    ]
  }
]