[
  {
    "meta": {
      "id": "inertia",
      "uuid": "7871cfaa-4ccc-4f38-b7f7-8622e1060153",
      "src": "coll_thes",
      "section": "alpha",
      "target": {
        "tuuid": "1d34806d-db9e-4e8d-b54e-a6b093d05113",
        "tsrc": "collegiate"
      },
      "stems": [
        "inertia",
        "inertiae",
        "inertial",
        "inertially",
        "inertias"
      ],
      "syns": [
        [
          "idleness",
          "indolence",
          "laziness",
          "shiftlessness",
          "sloth"
        ]
      ],
      "ants": [
        [
          "drive",
          "industriousness",
          "industry"
        ]
      ],
      "offensive": false
    },
    "hwi": {
      "hw": "inertia"
    },
    "fl": "noun",
    "def": [
      {
        "sseq": [
          [
            [
              "sense",
              {
                "dt": [
                  [
                    "text",
                    "an inclination not to do work or engage in activities "
                  ],
                  [
                    "vis",
                    [
                      {
                        "t": "the {it}inertia{/it} that grips so many of the club's members is the reason why nothing ever gets done"
                      }
                    ]
                  ]
                ],
                "syn_list": [
                  [
                    {
                      "wd": "idleness"
                    },
                    {
                      "wd": "indolence"
                    },
                    {
                      "wd": "laziness"
                    },
                    {
                      "wd": "shiftlessness"
                    },
                    {
                      "wd": "sloth"
                    }
                  ]
                ],
                "rel_list": [
                  [
                    {
                      "wd": "apathy"
                    },
                    {
                      "wd": "languor"
                    },
                    {
                      "wd": "lassitude"
                    },
                    {
                      "wd": "lethargy"
                    },
                    {
                      "wd": "listlessness"
                    },
                    {
                      "wd": "sluggishness"
                    },
                    {
                      "wd": "supineness"
                    }
                  ],
                  [
                    {
                      "wd": "dallying"
                    },
                    {
                      "wd": "goldbricking"
                    },
                    {
                      "wd": "loafing"
                    },
                    {
                      "wd": "lolling"
                    },
                    {
                      "wd": "lounging"
                    }
                  ]
                ],
                "near_list": [
                  [
                    {
                      "wd": "ambition"
                    },
                    {
                      "wd": "enterprise"
                    },
                    {
                      "wd": "go"
                    },
                    {
                      "wd": "hustle"
                    },
                    {
                      "wd": "initiative"
                    }
                  ],
                  [
                    {
                      "wd": "assiduity"
                    },
                    {
                      "wd": "assiduousness"
                    },
                    {
                      "wd": "diligence"
                    },
                    {
                      "wd": "perseverance"
                    }
                  ],
                  [
                    {
                      "wd": "animation"
                    },
                    {
                      "wd": "briskness"
                    },
                    {
                      "wd": "energy"
                    },
                    {
                      "wd": "exuberance"
                    },
                    {
                      "wd": "jazziness"
                    },
                    {
                      "wd": "liveliness"
                    },
                    {
                      "wd": "lustiness"
                    },
                    {
                      "wd": "pep"
                    },
                    {
                      "wd": "peppiness"
                    },
                    {
                      "wd": "robustness"
                    },
                    {
                      "wd": "sprightliness"
                    },
                    {
                      "wd": "vibrancy"
                    },
                    {
                      "wd": "vigor"
                    },
                    {
                      "wd": "vim"
                    },
                    {
                      "wd": "vitality"
                    },
                    {
                      "wd": "vivacity"
                    }
                  ]
                ],
                "ant_list": [
                  [
                    {
                      "wd": "drive"
                    },
                    {
                      "wd": "industriousness"
                    },
                    {
                      "wd": "industry"
                    }
                  ]
                ]
              }
            ]
          ]
        ]
      }
    ],
    "shortdef": [
      "an inclination not to do work or engage in activities"
    ]
  }
]