[
  {
    "meta": {
      "id": "information",
      "uuid": "614595c3-b5aa-4443-8237-f569211c66be",
      "src": "coll_thes",
      "section": "alpha",
      "target": {
        "tuuid": "9cf2517b-52b4-4ec5-b681-606e9c5228ec",
        "tsrc": "collegiate"
      },
      "stems": [
        "information",
        "informational",
        "informationally",
        "informations"
      ],
      "syns": [
        [
          "data",
          "facts"
        ],
        [
          "411",
          "advice(s)",
          "gen",
          "info",
          "intelligence",
          "item",
          "news",
          "story",
          "tidings",
          "uncos",
          "word"
        ]
      ],
      "ants": [],
      "offensive": false
    },
    "hwi": {
      "hw": "information"
    },
    "fl": "noun",
    "def": [
      {
        "sseq": [
          [
            [
              "sense",
              {
                "sn": "1",
                "dt": [
                  [
                    "text",
                    "a collection of factual knowledge about something "
                  ],
                  [
                    "vis",
                    [
                      {
                        "t": "the network correspondent spent the entire day gathering {it}information{/it} for her report on the brewing scandal"
                      }
                    ]
                  ]
                ],
                "syn_list": [
                  [
                    {
                      "wd": "data"
                    },
                    {
                      "wd": "facts"
                    }
                  ]
                ],
                "rel_list": [
                  [
                    {
                      "wd": "findings"
                    },
                    {
                      "wd": "intelligence"
                    }
                  ]
                ]
              }
            ]
          ],
          [
            [
              "sense",
              {
                "sn": "2",
                "dt": [
                  [
                    "text",
                    "a report of recent events or facts not previously known "
                  ],
                  [
                    "vis",
                    [
                      {
                        "t": "what's the latest {it}information{/it} about the wildfires out in the West?"
                      }
                    ]
                  ]
                ],
                "syn_list": [
                  [
                    {
                      "wd": "411",
                      "wsls": [
                        "slang"
                      ]
                    },
                    {
                      "wd": "advice(s)"
                    },
                    {
                      "wd": "gen",
                      "wsls": [
                        "chiefly British"
                      ]
                    },
                    {
                      "wd": "info"
                    },
                    {
                      "wd": "intelligence"
                    },
                    {
                      "wd": "item"
                    },
                    {
                      "wd": "news"
                    },
                    {
                      "wd": "story"
                    },
                    {
                      "wd": "tidings"
                    },
                    {
                      "wd": "uncos",
                      "wsls": [
                        "chiefly Scottish"
                      ]
                    },
                    {
                      "wd": "word"
                    }
                  ]
                ],
                "rel_list": [
                  [
                    {
                      "wd": "announcement"
                    },
                    {
                      "wd": "bulletin"
                    },
                    {
                      "wd": "communication"
                    },
                    {
                      "wd": "correspondence"
                    },
                    {
                      "wd": "dispatch"
                    },
                    {
                      "wd": "message"
                    },
                    {
                      "wd": "reportage"
                    }
                  ],
                  [
                    {
                      "wd": "dope"
                    },
                    {
                      "wd": "lowdown"
                    },
                    {
                      "wd": "scoop"
                    },
                    {
                      "wd": "tidbit",
                      "wvrs": [
                        {
                          "wvl": "also",
                          "wva": "titbit"
                        }
                      ]
                    },
                    {
                      "wd": "tip"
                    }
                  ],
                  [
                    {
                      "wd": "gossip"
                    },
                    {
                      "wd": "rumor"
                    },
                    {
                      "wd": "tale"
                    },
                    {
                      "wd": "tattle"
                    }
                  ],
                  [
                    {
                      "wd": "feedback"
                    }
                  ],
                  [
                    {
                      "wd": "disinformation"
                    },
                    {
                      "wd": "propaganda"
                    }
                  ]
                ]
              }
            ]
          ]
        ]
      }
    ],
    "shortdef": [
      "a collection of factual knowledge about something",
      "a report of recent events or facts not previously known"
    ]
  }
]