[
  {
    "meta": {
      "id": "inhibition",
      "uuid": "126a38aa-ee35-4a0c-9480-6104fb160697",
      "src": "coll_thes",
      "section": "alpha",
      "target": {
        "tuuid": "5895eab0-8bdb-4bdc-9e28-cd1a896e01f3",
        "tsrc": "collegiate"
      },
      "stems": [
        "inhibition",
        "inhibitions"
      ],
      "syns": [
        [
          "constraint",
          "continence",
          "discipline",
          "discretion",
          "refrainment",
          "repression",
          "reserve",
          "restraint",
          "self-command",
          "self-control",
          "self-restraint",
          "suppression"
        ],
        [
          "balk",
          "bar",
          "block",
          "chain",
          "clog",
          "cramp",
          "crimp",
          "deterrent",
          "drag",
          "embarrassment",
          "encumbrance",
          "fetter",
          "handicap",
          "hindrance",
          "holdback",
          "hurdle",
          "impediment",
          "interference",
          "let",
          "manacle",
          "obstacle",
          "obstruction",
          "shackles",
          "stop",
          "stumbling block",
          "trammel"
        ]
      ],
      "ants": [
        [
          "disinhibition",
          "incontinence",
          "unconstraint"
        ]
      ],
      "offensive": false
    },
    "hwi": {
      "hw": "inhibition"
    },
    "fl": "noun",
    "def": [
      {
        "sseq": [
          [
            [
              "sense",
              {
                "sn": "1",
                "dt": [
                  [
                    "text",
                    "the checking of one's true feelings and impulses when dealing with others "
                  ],
                  [
                    "vis",
                    [
                      {
                        "t": "an innate {it}inhibition{/it} made it difficult for him to tell his girlfriend what he was really feeling"
                      }
                    ]
                  ]
                ],
                "syn_list": [
                  [
                    {
                      "wd": "constraint"
                    },
                    {
                      "wd": "continence"
                    },
                    {
                      "wd": "discipline"
                    },
                    {
                      "wd": "discretion"
                    },
                    {
                      "wd": "refrainment"
                    },
                    {
                      "wd": "repression"
                    },
                    {
                      "wd": "reserve"
                    },
                    {
                      "wd": "restraint"
                    },
                    {
                      "wd": "self-command"
                    },
                    {
                      "wd": "self-control"
                    },
                    {
                      "wd": "self-restraint"
                    },
                    {
                      "wd": "suppression"
                    }
                  ]
                ],
                "rel_list": [
                  [
                    {
                      "wd": "command"
                    },
                    {
                      "wd": "control"
                    },
                    {
                      "wd": "mastery"
                    },
                    {
                      "wd": "possession"
                    }
                  ],
                  [
                    {
                      "wd": "self-censorship"
                    },
                    {
                      "wd": "self-containment"
                    },
                    {
                      "wd": "self-denial"
                    },
                    {
                      "wd": "self-discipline"
                    },
                    {
                      "wd": "self-government"
                    },
                    {
                      "wd": "self-mastery"
                    },
                    {
                      "wd": "will"
                    },
                    {
                      "wd": "willpower"
                    }
                  ],
                  [
                    {
                      "wd": "composure"
                    },
                    {
                      "wd": "self-poise"
                    },
                    {
                      "wd": "self-possession"
                    }
                  ],
                  [
                    {
                      "wd": "aloofness"
                    },
                    {
                      "wd": "detachedness"
                    },
                    {
                      "wd": "distance"
                    }
                  ],
                  [
                    {
                      "wd": "bashfulness"
                    },
                    {
                      "wd": "modesty"
                    },
                    {
                      "wd": "shyness"
                    }
                  ],
                  [
                    {
                      "wd": "reticence"
                    },
                    {
                      "wd": "silence"
                    },
                    {
                      "wd": "taciturnity"
                    }
                  ]
                ],
                "near_list": [
                  [
                    {
                      "wd": "self-abandonment"
                    },
                    {
                      "wd": "uninhibitedness"
                    }
                  ],
                  [
                    {
                      "wd": "unrestrainedness"
                    }
                  ],
                  [
                    {
                      "wd": "gratification"
                    },
                    {
                      "wd": "indulgence"
                    },
                    {
                      "wd": "overindulgence"
                    },
                    {
                      "wd": "self-indulgence"
                    }
                  ],
                  [
                    {
                      "wd": "bluntness"
                    },
                    {
                      "wd": "candor"
                    },
                    {
                      "wd": "frankness"
                    }
                  ],
                  [
                    {
                      "wd": "immoderacy"
                    },
                    {
                      "wd": "intemperance"
                    }
                  ]
                ],
                "ant_list": [
                  [
                    {
                      "wd": "disinhibition"
                    },
                    {
                      "wd": "incontinence"
                    },
                    {
                      "wd": "unconstraint"
                    }
                  ]
                ]
              }
            ]
          ],
          [
            [
              "sense",
              {
                "sn": "2",
                "dt": [
                  [
                    "text",
                    "something that makes movement or progress difficult "
                  ],
                  [
                    "vis",
                    [
                      {
                        "t": "without the {it}inhibition{/it} of their jackets, the boys were able to wrestle more vigorously"
                      }
                    ]
                  ]
                ],
                "syn_list": [
                  [
                    {
                      "wd": "balk"
                    },
                    {
                      "wd": "bar"
                    },
                    {
                      "wd": "block"
                    },
                    {
                      "wd": "chain"
                    },
                    {
                      "wd": "clog"
                    },
                    {
                      "wd": "cramp"
                    },
                    {
                      "wd": "crimp"
                    },
                    {
                      "wd": "deterrent"
                    },
                    {
                      "wd": "drag"
                    },
                    {
                      "wd": "embarrassment"
                    },
                    {
                      "wd": "encumbrance"
                    },
                    {
                      "wd": "fetter"
                    },
                    {
                      "wd": "handicap"
                    },
                    {
                      "wd": "hindrance"
                    },
                    {
                      "wd": "holdback"
                    },
                    {
                      "wd": "hurdle"
                    },
                    {
                      "wd": "impediment"
                    },
                    {
                      "wd": "interference"
                    },
                    {
                      "wd": "let"
                    },
                    {
                      "wd": "manacle"
                    },
                    {
                      "wd": "obstacle"
                    },
                    {
                      "wd": "obstruction"
                    },
                    {
                      "wd": "shackles"
                    },
                    {
                      "wd": "stop"
                    },
                    {
                      "wd": "stumbling block"
                    },
                    {
                      "wd": "trammel"
                    }
                  ]
                ],
                "rel_list": [
                  [
                    {
                      "wd": "catch"
                    },
                    {
                      "wd": "hitch"
                    },
                    {
                      "wd": "rub"
                    },
                    {
                      "wd": "snag"
                    }
                  ],
                  [
                    {
                      "wd": "barrier"
                    },
                    {
                      "wd": "blockade"
                    },
                    {
                      "wd": "blockage"
                    },
                    {
                      "wd": "brick wall"
                    },
                    {
                      "wd": "stone wall"
                    }
                  ],
                  [
                    {
                      "wd": "arrest"
                    },
                    {
                      "wd": "bit"
                    },
                    {
                      "wd": "brake"
                    },
                    {
                      "wd": "check"
                    },
                    {
                      "wd": "constraint"
                    },
                    {
                      "wd": "curb"
                    },
                    {
                      "wd": "hobble"
                    },
                    {
                      "wd": "rein"
                    },
                    {
                      "wd": "restraint"
                    }
                  ],
                  [
                    {
                      "wd": "embargo"
                    },
                    {
                      "wd": "stoppage"
                    }
                  ],
                  [
                    {
                      "wd": "delay"
                    },
                    {
                      "wd": "holdup"
                    },
                    {
                      "wd": "stall"
                    }
                  ],
                  [
                    {
                      "wd": "burden"
                    },
                    {
                      "wd": "cumber"
                    },
                    {
                      "wd": "load"
                    }
                  ],
                  [
                    {
                      "wd": "danger"
                    },
                    {
                      "wd": "hazard"
                    },
                    {
                      "wd": "peril"
                    },
                    {
                      "wd": "reef"
                    }
                  ],
                  [
                    {
                      "wd": "adversity"
                    },
                    {
                      "wd": "difficulty"
                    },
                    {
                      "wd": "disadvantage"
                    },
                    {
                      "wd": "drawback"
                    },
                    {
                      "wd": "hardship"
                    }
                  ]
                ],
                "near_list": [
                  [
                    {
                      "wd": "catalyst"
                    },
                    {
                      "wd": "goad"
                    },
                    {
                      "wd": "impetus"
                    },
                    {
                      "wd": "incentive"
                    },
                    {
                      "wd": "spur"
                    },
                    {
                      "wd": "stimulant"
                    },
                    {
                      "wd": "stimulus"
                    }
                  ],
                  [
                    {
                      "wd": "advantage"
                    },
                    {
                      "wd": "break"
                    },
                    {
                      "wd": "edge"
                    }
                  ],
                  [
                    {
                      "wd": "aid"
                    },
                    {
                      "wd": "assistance"
                    },
                    {
                      "wd": "benefit"
                    },
                    {
                      "wd": "boost"
                    },
                    {
                      "wd": "handmaiden",
                      "wvrs": [
                        {
                          "wvl": "also",
                          "wva": "handmaid"
                        }
                      ]
                    },
                    {
                      "wd": "help"
                    }
                  ]
                ]
              }
            ]
          ]
        ]
      }
    ],
    "shortdef": [
      "the checking of one's true feelings and impulses when dealing with others",
      "something that makes movement or progress difficult"
    ]
  }
]