[
  {
    "meta": {
      "id": "kinetic",
      "uuid": "7dfbea23-c8e7-4456-849f-001c9044e610",
      "src": "coll_thes",
      "section": "alpha",
      "target": {
        "tuuid": "acecdc69-6b4b-4da0-be56-3f3b0158de61",
        "tsrc": "collegiate"
      },
      "stems": [
        "kinetic",
        "kinetically"
      ],
      "syns": [
        [
          "active",
          "airy",
          "animate",
          "animated",
          "bouncing",
          "brisk",
          "energetic",
          "frisky",
          "gay",
          "jaunty",
          "jazzy",
          "lively",
          "mettlesome",
          "peppy",
          "perky",
          "pert",
          "pizzazzy",
          "racy",
          "snappy",
          "spanking",
          "sparky",
          "spirited",
          "sprightly",
          "springy",
          "vital",
          "vivacious",
          "zippy"
        ],
        [
          "aboil",
          "abubble",
          "abuzz",
          "alive",
          "animated",
          "astir",
          "brisk",
          "bustling",
          "busy",
          "buzzing",
          "flourishing",
          "happening",
          "hopping",
          "humming",
          "lively",
          "rousing",
          "stirring",
          "thriving",
          "vibrant"
        ]
      ],
      "ants": [
        [
          "dead",
          "inactive",
          "inanimate",
          "lackadaisical",
          "languid",
          "languishing",
          "languorous",
          "leaden",
          "lifeless",
          "limp",
          "listless",
          "spiritless",
          "vapid"
        ],
        [
          "asleep",
          "dead",
          "inactive",
          "lifeless",
          "sleepy"
        ]
      ],
      "offensive": false
    },
    "hwi": {
      "hw": "kinetic"
    },
    "fl": "adjective",
    "def": [
      {
        "sseq": [
          [
            [
              "sense",
              {
                "sn": "1",
                "dt": [
                  [
                    "text",
                    "having much high-spirited energy and movement "
                  ],
                  [
                    "vis",
                    [
                      {
                        "t": "the novel's plot is {it}kinetic{/it} and fast-paced, and its effect on the reader is much like that of a surfeit of caffeine"
                      }
                    ]
                  ]
                ],
                "syn_list": [
                  [
                    {
                      "wd": "active"
                    },
                    {
                      "wd": "airy"
                    },
                    {
                      "wd": "animate"
                    },
                    {
                      "wd": "animated"
                    },
                    {
                      "wd": "bouncing"
                    },
                    {
                      "wd": "brisk"
                    },
                    {
                      "wd": "energetic"
                    },
                    {
                      "wd": "frisky"
                    },
                    {
                      "wd": "gay"
                    },
                    {
                      "wd": "jaunty"
                    },
                    {
                      "wd": "jazzy"
                    },
                    {
                      "wd": "lively"
                    },
                    {
                      "wd": "mettlesome"
                    },
                    {
                      "wd": "peppy"
                    },
                    {
                      "wd": "perky"
                    },
                    {
                      "wd": "pert"
                    },
                    {
                      "wd": "pizzazzy",
                      "wvrs": [
                        {
                          "wvl": "or",
                          "wva": "pizazzy"
                        }
                      ]
                    },
                    {
                      "wd": "racy"
                    },
                    {
                      "wd": "snappy"
                    },
                    {
                      "wd": "spanking"
                    },
                    {
                      "wd": "sparky"
                    },
                    {
                      "wd": "spirited"
                    },
                    {
                      "wd": "sprightly"
                    },
                    {
                      "wd": "springy"
                    },
                    {
                      "wd": "vital"
                    },
                    {
                      "wd": "vivacious"
                    },
                    {
                      "wd": "zippy"
                    }
                  ]
                ],
                "rel_list": [
                  [
                    {
                      "wd": "dapper"
                    },
                    {
                      "wd": "dashing"
                    },
                    {
                      "wd": "spiffy"
                    }
                  ],
                  [
                    {
                      "wd": "agog"
                    },
                    {
                      "wd": "alert"
                    },
                    {
                      "wd": "awake"
                    },
                    {
                      "wd": "open-eyed"
                    },
                    {
                      "wd": "up"
                    },
                    {
                      "wd": "wide-awake"
                    }
                  ],
                  [
                    {
                      "wd": "agile"
                    },
                    {
                      "wd": "nimble"
                    },
                    {
                      "wd": "spry"
                    }
                  ],
                  [
                    {
                      "wd": "bright"
                    },
                    {
                      "wd": "buoyant"
                    },
                    {
                      "wd": "cheerful"
                    },
                    {
                      "wd": "chipper"
                    },
                    {
                      "wd": "chirpy"
                    },
                    {
                      "wd": "chirrupy"
                    },
                    {
                      "wd": "effervescent"
                    },
                    {
                      "wd": "sparkly"
                    },
                    {
                      "wd": "upbeat"
                    }
                  ],
                  [
                    {
                      "wd": "eager"
                    },
                    {
                      "wd": "enthusiastic"
                    },
                    {
                      "wd": "keen"
                    }
                  ],
                  [
                    {
                      "wd": "frolicsome"
                    },
                    {
                      "wd": "impish"
                    },
                    {
                      "wd": "pixieish"
                    },
                    {
                      "wd": "playful"
                    }
                  ],
                  [
                    {
                      "wd": "boisterous"
                    },
                    {
                      "wd": "bubbly"
                    },
                    {
                      "wd": "ebullient"
                    },
                    {
                      "wd": "exuberant"
                    },
                    {
                      "wd": "high-spirited"
                    }
                  ],
                  [
                    {
                      "wd": "high-strung"
                    },
                    {
                      "wd": "nervous"
                    },
                    {
                      "wd": "skittish"
                    }
                  ]
                ],
                "phrase_list": [
                  [
                    {
                      "wd": "on the go"
                    }
                  ]
                ],
                "near_list": [
                  [
                    {
                      "wd": "indolent"
                    },
                    {
                      "wd": "lazy"
                    },
                    {
                      "wd": "unambitious"
                    }
                  ],
                  [
                    {
                      "wd": "inert"
                    },
                    {
                      "wd": "lethargic"
                    },
                    {
                      "wd": "sleepy"
                    },
                    {
                      "wd": "sluggish"
                    },
                    {
                      "wd": "tired"
                    },
                    {
                      "wd": "torpid"
                    },
                    {
                      "wd": "weary"
                    }
                  ],
                  [
                    {
                      "wd": "apathetic"
                    },
                    {
                      "wd": "impassive"
                    },
                    {
                      "wd": "phlegmatic"
                    },
                    {
                      "wd": "stolid"
                    }
                  ],
                  [
                    {
                      "wd": "boring"
                    },
                    {
                      "wd": "dull"
                    },
                    {
                      "wd": "irksome"
                    },
                    {
                      "wd": "tedious"
                    }
                  ]
                ],
                "ant_list": [
                  [
                    {
                      "wd": "dead"
                    },
                    {
                      "wd": "inactive"
                    },
                    {
                      "wd": "inanimate"
                    },
                    {
                      "wd": "lackadaisical"
                    },
                    {
                      "wd": "languid"
                    },
                    {
                      "wd": "languishing"
                    },
                    {
                      "wd": "languorous"
                    },
                    {
                      "wd": "leaden"
                    },
                    {
                      "wd": "lifeless"
                    },
                    {
                      "wd": "limp"
                    },
                    {
                      "wd": "listless"
                    },
                    {
                      "wd": "spiritless"
                    },
                    {
                      "wd": "vapid"
                    }
                  ]
                ]
              }
            ]
          ],
          [
            [
              "sense",
              {
                "sn": "2",
                "dt": [
                  [
                    "text",
                    "marked by much life, movement, or activity "
                  ],
                  [
                    "vis",
                    [
                      {
                        "t": "the loft district is the locus of the city's {it}kinetic{/it} arts scene"
                      }
                    ]
                  ]
                ],
                "syn_list": [
                  [
                    {
                      "wd": "aboil"
                    },
                    {
                      "wd": "abubble"
                    },
                    {
                      "wd": "abuzz"
                    },
                    {
                      "wd": "alive"
                    },
                    {
                      "wd": "animated"
                    },
                    {
                      "wd": "astir"
                    },
                    {
                      "wd": "brisk"
                    },
                    {
                      "wd": "bustling"
                    },
                    {
                      "wd": "busy"
                    },
                    {
                      "wd": "buzzing"
                    },
                    {
                      "wd": "flourishing"
                    },
                    {
                      "wd": "happening"
                    },
                    {
                      "wd": "hopping"
                    },
                    {
                      "wd": "humming"
                    },
                    {
                      "wd": "lively"
                    },
                    {
                      "wd": "rousing"
                    },
                    {
                      "wd": "stirring"
                    },
                    {
                      "wd": "thriving"
                    },
                    {
                      "wd": "vibrant"
                    }
                  ]
                ],
                "rel_list": [
                  [
                    {
                      "wd": "abounding"
                    },
                    {
                      "wd": "crowded"
                    },
                    {
                      "wd": "overflowing"
                    },
                    {
                      "wd": "populous"
                    },
                    {
                      "wd": "swarming"
                    },
                    {
                      "wd": "teeming"
                    },
                    {
                      "wd": "thronging"
                    }
                  ]
                ],
                "ant_list": [
                  [
                    {
                      "wd": "asleep"
                    },
                    {
                      "wd": "dead"
                    },
                    {
                      "wd": "inactive"
                    },
                    {
                      "wd": "lifeless"
                    },
                    {
                      "wd": "sleepy"
                    }
                  ]
                ]
              }
            ]
          ]
        ]
      }
    ],
    "shortdef": [
      "having much high-spirited energy and movement",
      "marked by much life, movement, or activity"
    ]
  }
]