[
  {
    "meta": {
      "id": "lasers",
      "uuid": "8dfafb80-f846-4735-a686-2a74a990846e",
      "src": "CTenhance",
      "section": "alpha",
      "stems": [
        "lasers"
      ],
      "syns": [
        [
          "spotlights",
          "beams",
          "rays",
          "shafts",
          "moonbeams",
          "sunbeams",
          "sunbursts"
        ]
      ],
      "ants": [],
      "offensive": false
    },
    "hwi": {
      "hw": "lasers"
    },
    "fl": "noun",
    "sls": [
      "plural of {d_link|laser|laser}"
    ],
    "def": [
      {
        "sseq": [
          [
            [
              "sense",
              {
                "dt": [
                  [
                    "text",
                    "a device that produces a narrow and powerful stream of light that has many special uses in medicine, industry, etc. "
                  ],
                  [
                    "vis",
                    [
                      {
                        "t": "doctors using a {it}laser{/it} to perform delicate eye surgery"
                      }
                    ]
                  ]
                ],
                "sim_list": [
                  [
                    {
                      "wd": "spotlights"
                    }
                  ],
                  [
                    {
                      "wd": "beams"
                    },
                    {
                      "wd": "rays"
                    },
                    {
                      "wd": "shafts"
                    }
                  ],
                  [
                    {
                      "wd": "moonbeams"
                    },
                    {
                      "wd": "sunbeams"
                    },
                    {
                      "wd": "sunbursts"
                    }
                  ]
                ]
              }
            ]
          ]
        ]
      }
    ],
    "shortdef": [
      "a device that produces a narrow and powerful stream of light that has many special uses in medicine, industry, etc."
    ]
  },
  {
    "meta": {
      "id": "laser",
      "uuid": "8290d1c7-6ecf-4d83-9f77-75923e6047ba",
      "src": "CTenhance",
      "section": "alpha",
      "stems": [
        "laser",
        "lasers"
      ],
      "syns": [
        [
          "spotlight",
          "beam",
          "ray",
          "shaft",
          "moonbeam",
          "sunbeam",
          "sunburst"
        ]
      ],
      "ants": [],
      "offensive": false
    },
    "hwi": {
      "hw": "laser"
    },
    "fl": "noun",
    "def": [
      {
        "sseq": [
          [
            [
              "sense",
              {
                "dt": [
                  [
                    "text",
                    "a device that produces a narrow and powerful stream of light that has many special uses in medicine, industry, etc. "
                  ],
                  [
                    "vis",
                    [
                      {
                        "t": "doctors using a {it}laser{/it} to perform delicate eye surgery"
                      }
                    ]
                  ]
                ],
                "sim_list": [
                  [
                    {
                      "wd": "spotlight"
                    }
                  ],
                  [
                    {
                      "wd": "beam"
                    },
                    {
                      "wd": "ray"
                    },
                    {
                      "wd": "shaft"
                    }
                  ],
                  [
                    {
                      "wd": "moonbeam"
                    },
                    {
                      "wd": "sunbeam"
                    },
                    {
                      "wd": "sunburst"
                    }
                  ]
                ]
              }
            ]
          ]
        ]
      }
    ],
    "shortdef": [
      "a device that produces a narrow and powerful stream of light that has many special uses in medicine, industry, etc."
    ]
  }
]