[
  {
    "meta": {
      "id": "lateral",
      "uuid": "bd93e00c-7460-43d8-a73d-7fb434b0205a",
      "src": "coll_thes",
      "section": "alpha",
      "target": {
        "tuuid": "8cfffd9e-a985-46aa-9a43-69bf4253d746",
        "tsrc": "collegiate"
      },
      "stems": [
        "lateral",
        "laterally"
      ],
      "syns": [
        [
          "side"
        ]
      ],
      "ants": [],
      "offensive": false
    },
    "hwi": {
      "hw": "lateral"
    },
    "fl": "adjective",
    "def": [
      {
        "sseq": [
          [
            [
              "sense",
              {
                "dt": [
                  [
                    "text",
                    "of, relating to, or located on one side "
                  ],
                  [
                    "vis",
                    [
                      {
                        "t": "from the {it}lateral{/it} view you can see how thick the wall really is"
                      }
                    ]
                  ]
                ],
                "syn_list": [
                  [
                    {
                      "wd": "side"
                    }
                  ]
                ],
                "rel_list": [
                  [
                    {
                      "wd": "left"
                    },
                    {
                      "wd": "right"
                    }
                  ],
                  [
                    {
                      "wd": "one-sided"
                    }
                  ]
                ]
              }
            ]
          ]
        ]
      }
    ],
    "shortdef": [
      "of, relating to, or located on one side"
    ]
  }
]