[
  {
    "meta": {
      "id": "law",
      "uuid": "0677be0d-b500-4f40-8c07-c6a31a6b0aad",
      "src": "coll_thes",
      "section": "alpha",
      "target": {
        "tuuid": "1537fda5-5966-40b2-b579-e35478755c75",
        "tsrc": "collegiate"
      },
      "stems": [
        "law",
        "at law",
        "laws"
      ],
      "syns": [
        [
          "act",
          "bill",
          "constitution",
          "enactment",
          "ordinance",
          "statute"
        ],
        [
          "canon",
          "code",
          "constitution",
          "decalogue"
        ],
        [
          "police"
        ]
      ],
      "ants": [],
      "offensive": false
    },
    "hwi": {
      "hw": "law"
    },
    "fl": "noun",
    "def": [
      {
        "sseq": [
          [
            [
              "sense",
              {
                "sn": "1",
                "dt": [
                  [
                    "text",
                    "a rule of conduct or action laid down by a governing authority and especially a legislature "
                  ],
                  [
                    "vis",
                    [
                      {
                        "t": "a record number of {it}laws{/it} were passed in that legislative session"
                      }
                    ]
                  ]
                ],
                "syn_list": [
                  [
                    {
                      "wd": "act"
                    },
                    {
                      "wd": "bill"
                    },
                    {
                      "wd": "constitution"
                    },
                    {
                      "wd": "enactment"
                    },
                    {
                      "wd": "ordinance"
                    },
                    {
                      "wd": "statute"
                    }
                  ]
                ],
                "rel_list": [
                  [
                    {
                      "wd": "command"
                    },
                    {
                      "wd": "commandment"
                    },
                    {
                      "wd": "decree"
                    },
                    {
                      "wd": "dictate"
                    },
                    {
                      "wd": "directive"
                    },
                    {
                      "wd": "edict"
                    },
                    {
                      "wd": "fiat"
                    },
                    {
                      "wd": "ruling"
                    }
                  ],
                  [
                    {
                      "wd": "bylaw"
                    },
                    {
                      "wd": "ground rule"
                    },
                    {
                      "wd": "regulation"
                    },
                    {
                      "wd": "rule"
                    }
                  ],
                  [
                    {
                      "wd": "amendment"
                    },
                    {
                      "wd": "legislation"
                    }
                  ],
                  [
                    {
                      "wd": "common law"
                    },
                    {
                      "wd": "martial law"
                    }
                  ],
                  [
                    {
                      "wd": "blue law"
                    }
                  ],
                  [
                    {
                      "wd": "prohibition"
                    },
                    {
                      "wd": "proscription"
                    },
                    {
                      "wd": "restriction"
                    }
                  ],
                  [
                    {
                      "wd": "canon"
                    },
                    {
                      "wd": "capitulary"
                    },
                    {
                      "wd": "encyclical"
                    }
                  ]
                ],
                "near_list": [
                  [
                    {
                      "wd": "higher law"
                    }
                  ]
                ]
              }
            ]
          ],
          [
            [
              "sense",
              {
                "sn": "2",
                "dt": [
                  [
                    "text",
                    "a collection or system of rules of conduct "
                  ],
                  [
                    "vis",
                    [
                      {
                        "t": "it's important to obey the {it}law{/it} at all times, or else you might end up in jail"
                      }
                    ]
                  ]
                ],
                "syn_list": [
                  [
                    {
                      "wd": "canon"
                    },
                    {
                      "wd": "code"
                    },
                    {
                      "wd": "constitution"
                    },
                    {
                      "wd": "decalogue"
                    }
                  ]
                ],
                "rel_list": [
                  [
                    {
                      "wd": "discipline"
                    },
                    {
                      "wd": "establishment"
                    }
                  ],
                  [
                    {
                      "wd": "common law"
                    },
                    {
                      "wd": "legislation"
                    }
                  ]
                ]
              }
            ]
          ],
          [
            [
              "sense",
              {
                "sn": "3",
                "dt": [
                  [
                    "text",
                    "the department of government that keeps order, fights crime, and enforces statutes "
                  ],
                  [
                    "vis",
                    [
                      {
                        "t": "a petty thief who had somehow managed to avoid the {it}law{/it} for most of his life"
                      }
                    ]
                  ]
                ],
                "syn_list": [
                  [
                    {
                      "wd": "police"
                    }
                  ]
                ],
                "rel_list": [
                  [
                    {
                      "wd": "judiciary"
                    },
                    {
                      "wd": "jurisprudence"
                    },
                    {
                      "wd": "justice"
                    }
                  ]
                ]
              }
            ]
          ]
        ]
      }
    ],
    "shortdef": [
      "a rule of conduct or action laid down by a governing authority and especially a legislature",
      "a collection or system of rules of conduct",
      "the department of government that keeps order, fights crime, and enforces statutes"
    ]
  },
  {
    "meta": {
      "id": "law-abiding",
      "uuid": "59f0f0fa-71f9-4631-9f6a-ceb4244e5742",
      "src": "coll_thes",
      "section": "alpha",
      "target": {
        "tuuid": "e57d7b2a-864b-46e9-88d2-2a29a6e2d4bd",
        "tsrc": "collegiate"
      },
      "stems": [
        "law-abiding",
        "law-abidingness",
        "law-abidingnesses"
      ],
      "syns": [
        [
          "amenable",
          "biddable",
          "compliant",
          "conformable",
          "docile",
          "obedient",
          "submissive",
          "tractable"
        ]
      ],
      "ants": [
        [
          "balky",
          "contrary",
          "contumacious",
          "defiant",
          "disobedient",
          "froward",
          "incompliant",
          "insubordinate",
          "intractable",
          "noncompliant",
          "obstreperous",
          "rebel",
          "rebellious",
          "recalcitrant",
          "refractory",
          "restive",
          "unamenable",
          "ungovernable",
          "unruly",
          "untoward",
          "wayward",
          "willful"
        ]
      ],
      "offensive": false
    },
    "hwi": {
      "hw": "law-abiding"
    },
    "fl": "adjective",
    "def": [
      {
        "sseq": [
          [
            [
              "sense",
              {
                "dt": [
                  [
                    "text",
                    "readily giving in to the command or authority of another "
                  ],
                  [
                    "vis",
                    [
                      {
                        "t": "the {it}law-abiding{/it} citizens of the neighborhood did everything they could to help reduce street crime"
                      }
                    ]
                  ]
                ],
                "syn_list": [
                  [
                    {
                      "wd": "amenable"
                    },
                    {
                      "wd": "biddable"
                    },
                    {
                      "wd": "compliant"
                    },
                    {
                      "wd": "conformable"
                    },
                    {
                      "wd": "docile"
                    },
                    {
                      "wd": "obedient"
                    },
                    {
                      "wd": "submissive"
                    },
                    {
                      "wd": "tractable"
                    }
                  ]
                ],
                "rel_list": [
                  [
                    {
                      "wd": "acquiescent"
                    },
                    {
                      "wd": "agreeable"
                    },
                    {
                      "wd": "amiable"
                    },
                    {
                      "wd": "duteous"
                    },
                    {
                      "wd": "dutiful"
                    },
                    {
                      "wd": "obliging"
                    },
                    {
                      "wd": "placable"
                    }
                  ],
                  [
                    {
                      "wd": "soft"
                    },
                    {
                      "wd": "surrendering"
                    },
                    {
                      "wd": "yielding"
                    }
                  ],
                  [
                    {
                      "wd": "fawning"
                    },
                    {
                      "wd": "kowtowing"
                    },
                    {
                      "wd": "obeisant"
                    },
                    {
                      "wd": "obsequious"
                    },
                    {
                      "wd": "servile"
                    },
                    {
                      "wd": "slavish"
                    },
                    {
                      "wd": "subordinate"
                    },
                    {
                      "wd": "subservient"
                    }
                  ],
                  [
                    {
                      "wd": "decorous"
                    },
                    {
                      "wd": "disciplined"
                    },
                    {
                      "wd": "mannerly"
                    },
                    {
                      "wd": "orderly"
                    }
                  ],
                  [
                    {
                      "wd": "constrained"
                    },
                    {
                      "wd": "curbed"
                    },
                    {
                      "wd": "inhibited"
                    },
                    {
                      "wd": "repressed"
                    },
                    {
                      "wd": "restrained"
                    }
                  ],
                  [
                    {
                      "wd": "controllable"
                    },
                    {
                      "wd": "disciplinable"
                    },
                    {
                      "wd": "governable"
                    },
                    {
                      "wd": "handleable"
                    },
                    {
                      "wd": "manageable"
                    },
                    {
                      "wd": "tame"
                    },
                    {
                      "wd": "teachable"
                    },
                    {
                      "wd": "trainable"
                    }
                  ],
                  [
                    {
                      "wd": "gentle"
                    },
                    {
                      "wd": "meek"
                    },
                    {
                      "wd": "mild"
                    }
                  ]
                ],
                "near_list": [
                  [
                    {
                      "wd": "insurgent"
                    },
                    {
                      "wd": "mutinous"
                    }
                  ],
                  [
                    {
                      "wd": "dogged"
                    },
                    {
                      "wd": "hardheaded"
                    },
                    {
                      "wd": "headstrong"
                    },
                    {
                      "wd": "mulish"
                    },
                    {
                      "wd": "obdurate"
                    },
                    {
                      "wd": "obstinate"
                    },
                    {
                      "wd": "peevish"
                    },
                    {
                      "wd": "pigheaded"
                    },
                    {
                      "wd": "self-willed"
                    },
                    {
                      "wd": "stubborn"
                    },
                    {
                      "wd": "unyielding"
                    }
                  ],
                  [
                    {
                      "wd": "uncontrollable"
                    },
                    {
                      "wd": "unmanageable"
                    },
                    {
                      "wd": "wild"
                    }
                  ],
                  [
                    {
                      "wd": "balky"
                    },
                    {
                      "wd": "defiant"
                    },
                    {
                      "wd": "perverse"
                    },
                    {
                      "wd": "resistant"
                    }
                  ],
                  [
                    {
                      "wd": "bad"
                    },
                    {
                      "wd": "disorderly"
                    },
                    {
                      "wd": "errant"
                    },
                    {
                      "wd": "misbehaving"
                    },
                    {
                      "wd": "mischievous"
                    },
                    {
                      "wd": "naughty"
                    }
                  ],
                  [
                    {
                      "wd": "ill-bred"
                    },
                    {
                      "wd": "undisciplined"
                    }
                  ],
                  [
                    {
                      "wd": "dissident"
                    },
                    {
                      "wd": "nonconformist"
                    }
                  ],
                  [
                    {
                      "wd": "disrespectful"
                    },
                    {
                      "wd": "ill-mannered"
                    },
                    {
                      "wd": "impolite"
                    },
                    {
                      "wd": "impudent"
                    },
                    {
                      "wd": "insolent"
                    },
                    {
                      "wd": "rude"
                    }
                  ]
                ],
                "ant_list": [
                  [
                    {
                      "wd": "balky"
                    },
                    {
                      "wd": "contrary"
                    },
                    {
                      "wd": "contumacious"
                    },
                    {
                      "wd": "defiant"
                    },
                    {
                      "wd": "disobedient"
                    },
                    {
                      "wd": "froward"
                    },
                    {
                      "wd": "incompliant"
                    },
                    {
                      "wd": "insubordinate"
                    },
                    {
                      "wd": "intractable"
                    },
                    {
                      "wd": "noncompliant"
                    },
                    {
                      "wd": "obstreperous"
                    },
                    {
                      "wd": "rebel"
                    },
                    {
                      "wd": "rebellious"
                    },
                    {
                      "wd": "recalcitrant"
                    },
                    {
                      "wd": "refractory"
                    },
                    {
                      "wd": "restive"
                    },
                    {
                      "wd": "unamenable"
                    },
                    {
                      "wd": "ungovernable"
                    },
                    {
                      "wd": "unruly"
                    },
                    {
                      "wd": "untoward"
                    },
                    {
                      "wd": "wayward"
                    },
                    {
                      "wd": "willful",
                      "wvrs": [
                        {
                          "wvl": "or",
                          "wva": "wilful"
                        }
                      ]
                    }
                  ]
                ]
              }
            ]
          ]
        ]
      }
    ],
    "shortdef": [
      "readily giving in to the command or authority of another"
    ]
  },
  {
    "meta": {
      "id": "law-abidingness",
      "uuid": "26eaa2b2-61fe-4129-bb5d-a890a5d34a37",
      "src": "CTcompile",
      "section": "alpha",
      "stems": [
        "law-abidingness"
      ],
      "syns": [
        [
          "decency",
          "goodness",
          "honesty",
          "incorruptibility",
          "integrity",
          "righteousness",
          "uprightness",
          "virtuousness",
          "blamelessness",
          "faultlessness",
          "guiltlessness",
          "impeccability",
          "innocence",
          "innocency",
          "irreproachability",
          "irreproachableness",
          "morality",
          "virtue",
          "chastity",
          "purity",
          "sinlessness",
          "harmlessness",
          "inoffensiveness"
        ]
      ],
      "ants": [
        [
          "blameworthiness",
          "culpability",
          "guilt",
          "guiltiness",
          "blame",
          "fault",
          "responsibility",
          "corruption",
          "criminality",
          "depravity",
          "evil",
          "immorality",
          "reprehensibleness",
          "sinfulness",
          "wickedness",
          "harmfulness",
          "offensiveness"
        ]
      ],
      "offensive": false
    },
    "hwi": {
      "hw": "law-abidingness"
    },
    "fl": "noun",
    "def": [
      {
        "sseq": [
          [
            [
              "sense",
              {
                "dt": [
                  [
                    "text",
                    "as in {it}integrity{/it}, {it}honesty{/it}"
                  ]
                ],
                "sim_list": [
                  [
                    {
                      "wd": "decency"
                    },
                    {
                      "wd": "goodness"
                    },
                    {
                      "wd": "honesty"
                    },
                    {
                      "wd": "incorruptibility"
                    },
                    {
                      "wd": "integrity"
                    },
                    {
                      "wd": "righteousness"
                    },
                    {
                      "wd": "uprightness"
                    },
                    {
                      "wd": "virtuousness"
                    }
                  ],
                  [
                    {
                      "wd": "blamelessness"
                    },
                    {
                      "wd": "faultlessness"
                    },
                    {
                      "wd": "guiltlessness"
                    },
                    {
                      "wd": "impeccability"
                    },
                    {
                      "wd": "innocence"
                    },
                    {
                      "wd": "innocency"
                    },
                    {
                      "wd": "irreproachability"
                    },
                    {
                      "wd": "irreproachableness"
                    }
                  ],
                  [
                    {
                      "wd": "morality"
                    },
                    {
                      "wd": "virtue"
                    }
                  ],
                  [
                    {
                      "wd": "chastity"
                    },
                    {
                      "wd": "purity"
                    },
                    {
                      "wd": "sinlessness"
                    }
                  ],
                  [
                    {
                      "wd": "harmlessness"
                    },
                    {
                      "wd": "inoffensiveness"
                    }
                  ]
                ],
                "opp_list": [
                  [
                    {
                      "wd": "blameworthiness"
                    },
                    {
                      "wd": "culpability"
                    },
                    {
                      "wd": "guilt"
                    },
                    {
                      "wd": "guiltiness"
                    }
                  ],
                  [
                    {
                      "wd": "blame"
                    },
                    {
                      "wd": "fault"
                    },
                    {
                      "wd": "responsibility"
                    }
                  ],
                  [
                    {
                      "wd": "corruption"
                    },
                    {
                      "wd": "criminality"
                    },
                    {
                      "wd": "depravity"
                    },
                    {
                      "wd": "evil"
                    },
                    {
                      "wd": "immorality"
                    },
                    {
                      "wd": "reprehensibleness"
                    },
                    {
                      "wd": "sinfulness"
                    },
                    {
                      "wd": "wickedness"
                    }
                  ],
                  [
                    {
                      "wd": "harmfulness"
                    },
                    {
                      "wd": "offensiveness"
                    }
                  ]
                ]
              }
            ]
          ]
        ]
      }
    ],
    "shortdef": [
      "as in integrity, honesty"
    ]
  },
  {
    "meta": {
      "id": "attorney-at-law",
      "uuid": "c27899b3-1975-4ea3-8983-10cb1880ba54",
      "src": "coll_thes",
      "section": "alpha",
      "target": {
        "tuuid": "d26dbaf6-5d12-4e3a-a4dd-87768e5e07f8",
        "tsrc": "collegiate"
      },
      "stems": [
        "attorney-at-law",
        "attorneys-at-law"
      ],
      "syns": [
        [
          "advocate",
          "attorney",
          "counsel",
          "counselor",
          "counselor-at-law",
          "lawyer",
          "legal eagle"
        ]
      ],
      "ants": [],
      "offensive": false
    },
    "hwi": {
      "hw": "attorney-at-law"
    },
    "fl": "noun",
    "def": [
      {
        "sseq": [
          [
            [
              "sense",
              {
                "dt": [
                  [
                    "text",
                    "a person whose profession is to conduct lawsuits for clients or to advise about legal rights and obligations "
                  ],
                  [
                    "vis",
                    [
                      {
                        "t": "the sign on the door read {ldquo}Blalock Smith, {it}Attorney-at-Law{/it}{rdquo}"
                      }
                    ]
                  ]
                ],
                "syn_list": [
                  [
                    {
                      "wd": "advocate"
                    },
                    {
                      "wd": "attorney"
                    },
                    {
                      "wd": "counsel"
                    },
                    {
                      "wd": "counselor",
                      "wvrs": [
                        {
                          "wvl": "or",
                          "wva": "counsellor"
                        }
                      ]
                    },
                    {
                      "wd": "counselor-at-law"
                    },
                    {
                      "wd": "lawyer"
                    },
                    {
                      "wd": "legal eagle"
                    }
                  ]
                ],
                "rel_list": [
                  [
                    {
                      "wd": "cocounsel"
                    }
                  ],
                  [
                    {
                      "wd": "district attorney"
                    },
                    {
                      "wd": "prosecuting attorney"
                    },
                    {
                      "wd": "prosecutor"
                    },
                    {
                      "wd": "solicitor"
                    }
                  ],
                  [
                    {
                      "wd": "criminal lawyer"
                    },
                    {
                      "wd": "mouthpiece",
                      "wsls": [
                        "slang"
                      ]
                    },
                    {
                      "wd": "public defender"
                    },
                    {
                      "wd": "trial lawyer"
                    }
                  ],
                  [
                    {
                      "wd": "solicitor"
                    }
                  ],
                  [
                    {
                      "wd": "jurist"
                    }
                  ],
                  [
                    {
                      "wd": "lawgiver"
                    },
                    {
                      "wd": "lawmaker"
                    },
                    {
                      "wd": "legislator"
                    },
                    {
                      "wd": "solon"
                    }
                  ],
                  [
                    {
                      "wd": "ambulance chaser"
                    },
                    {
                      "wd": "pettifogger"
                    },
                    {
                      "wd": "Philadelphia lawyer"
                    },
                    {
                      "wd": "shyster"
                    }
                  ]
                ]
              }
            ]
          ]
        ]
      }
    ],
    "shortdef": [
      "a person whose profession is to conduct lawsuits for clients or to advise about legal rights and obligations"
    ]
  },
  {
    "meta": {
      "id": "counselor-at-law",
      "uuid": "bc4b1c6f-e864-4118-8ac2-4290f44afc2d",
      "src": "coll_thes",
      "section": "alpha",
      "target": {
        "tuuid": "f25be75d-95af-4a56-8560-20c741ba34c4",
        "tsrc": "collegiate"
      },
      "stems": [
        "counselor-at-law",
        "counselors-at-law"
      ],
      "syns": [
        [
          "advocate",
          "attorney",
          "attorney-at-law",
          "counsel",
          "counselor",
          "lawyer",
          "legal eagle"
        ]
      ],
      "ants": [],
      "offensive": false
    },
    "hwi": {
      "hw": "counselor-at-law"
    },
    "fl": "noun",
    "def": [
      {
        "sseq": [
          [
            [
              "sense",
              {
                "dt": [
                  [
                    "text",
                    "a person whose profession is to conduct lawsuits for clients or to advise about legal rights and obligations "
                  ],
                  [
                    "vis",
                    [
                      {
                        "t": "enjoyed a distinguished career as a {it}counselor-at-law{/it} for more than 40 years"
                      }
                    ]
                  ]
                ],
                "syn_list": [
                  [
                    {
                      "wd": "advocate"
                    },
                    {
                      "wd": "attorney"
                    },
                    {
                      "wd": "attorney-at-law"
                    },
                    {
                      "wd": "counsel"
                    },
                    {
                      "wd": "counselor",
                      "wvrs": [
                        {
                          "wvl": "or",
                          "wva": "counsellor"
                        }
                      ]
                    },
                    {
                      "wd": "lawyer"
                    },
                    {
                      "wd": "legal eagle"
                    }
                  ]
                ],
                "rel_list": [
                  [
                    {
                      "wd": "cocounsel"
                    }
                  ],
                  [
                    {
                      "wd": "district attorney"
                    },
                    {
                      "wd": "prosecuting attorney"
                    },
                    {
                      "wd": "prosecutor"
                    },
                    {
                      "wd": "solicitor"
                    }
                  ],
                  [
                    {
                      "wd": "criminal lawyer"
                    },
                    {
                      "wd": "mouthpiece",
                      "wsls": [
                        "slang"
                      ]
                    },
                    {
                      "wd": "public defender"
                    },
                    {
                      "wd": "trial lawyer"
                    }
                  ],
                  [
                    {
                      "wd": "solicitor"
                    }
                  ],
                  [
                    {
                      "wd": "jurist"
                    }
                  ],
                  [
                    {
                      "wd": "lawgiver"
                    },
                    {
                      "wd": "lawmaker"
                    },
                    {
                      "wd": "legislator"
                    },
                    {
                      "wd": "solon"
                    }
                  ],
                  [
                    {
                      "wd": "ambulance chaser"
                    },
                    {
                      "wd": "pettifogger"
                    },
                    {
                      "wd": "Philadelphia lawyer"
                    },
                    {
                      "wd": "shyster"
                    }
                  ]
                ]
              }
            ]
          ]
        ]
      }
    ],
    "shortdef": [
      "a person whose profession is to conduct lawsuits for clients or to advise about legal rights and obligations"
    ]
  },
  {
    "meta": {
      "id": "heir at law",
      "uuid": "f81964fc-d147-4be1-8de9-86e2b51752f5",
      "src": "coll_thes",
      "section": "alpha",
      "target": {
        "tuuid": "a44247e7-d3ba-4118-bdee-7e459f5c11eb",
        "tsrc": "collegiate"
      },
      "stems": [
        "heir at law"
      ],
      "syns": [
        [
          "heir",
          "inheritor",
          "legatee"
        ]
      ],
      "ants": [],
      "offensive": false
    },
    "hwi": {
      "hw": "heir at law"
    },
    "fl": "noun",
    "def": [
      {
        "sseq": [
          [
            [
              "sense",
              {
                "dt": [
                  [
                    "text",
                    "a person who has the right to inherit property "
                  ],
                  [
                    "vis",
                    [
                      {
                        "t": "all of the {it}heirs at law{/it} must be located before settlement of the estate is completed"
                      }
                    ]
                  ]
                ],
                "syn_list": [
                  [
                    {
                      "wd": "heir"
                    },
                    {
                      "wd": "inheritor"
                    },
                    {
                      "wd": "legatee"
                    }
                  ]
                ],
                "rel_list": [
                  [
                    {
                      "wd": "claimant"
                    }
                  ],
                  [
                    {
                      "wd": "heir apparent"
                    },
                    {
                      "wd": "representative"
                    },
                    {
                      "wd": "succeeder"
                    },
                    {
                      "wd": "successor"
                    }
                  ],
                  [
                    {
                      "wd": "coheir"
                    },
                    {
                      "wd": "coheiress"
                    },
                    {
                      "wd": "heiress"
                    }
                  ],
                  [
                    {
                      "wd": "assignee"
                    },
                    {
                      "wd": "beneficiary"
                    },
                    {
                      "wd": "devisee"
                    },
                    {
                      "wd": "grantee"
                    }
                  ],
                  [
                    {
                      "wd": "descendant",
                      "wvrs": [
                        {
                          "wvl": "also",
                          "wva": "descendent"
                        }
                      ]
                    },
                    {
                      "wd": "scion"
                    }
                  ]
                ]
              }
            ]
          ]
        ]
      }
    ],
    "shortdef": [
      "a person who has the right to inherit property"
    ]
  },
  {
    "meta": {
      "id": "martial law",
      "uuid": "dfc63708-5df3-4951-aa1e-1597d7e3c330",
      "src": "CTenhance",
      "section": "alpha",
      "stems": [
        "martial law",
        "martial laws"
      ],
      "syns": [
        [
          "common law",
          "act",
          "bill",
          "constitution",
          "enactment",
          "law",
          "ordinance",
          "statute",
          "command",
          "commandment",
          "decree",
          "dictate",
          "directive",
          "edict",
          "fiat",
          "ruling",
          "bylaw",
          "ground rule",
          "regulation",
          "rule",
          "amendment",
          "legislation",
          "blue law",
          "prohibition",
          "proscription",
          "restriction",
          "canon",
          "capitulary",
          "encyclical"
        ]
      ],
      "ants": [],
      "offensive": false
    },
    "hwi": {
      "hw": "martial law"
    },
    "fl": "noun",
    "def": [
      {
        "sseq": [
          [
            [
              "sense",
              {
                "dt": [
                  [
                    "text",
                    "control of an area by military forces rather than by the police "
                  ],
                  [
                    "vis",
                    [
                      {
                        "t": "The government has declared {it}martial law{/it} throughout the city to stop the riots."
                      },
                      {
                        "t": "an area placed under {it}martial law{/it}"
                      }
                    ]
                  ]
                ],
                "sim_list": [
                  [
                    {
                      "wd": "common law"
                    }
                  ],
                  [
                    {
                      "wd": "act"
                    },
                    {
                      "wd": "bill"
                    },
                    {
                      "wd": "constitution"
                    },
                    {
                      "wd": "enactment"
                    },
                    {
                      "wd": "law"
                    },
                    {
                      "wd": "ordinance"
                    },
                    {
                      "wd": "statute"
                    }
                  ],
                  [
                    {
                      "wd": "command"
                    },
                    {
                      "wd": "commandment"
                    },
                    {
                      "wd": "decree"
                    },
                    {
                      "wd": "dictate"
                    },
                    {
                      "wd": "directive"
                    },
                    {
                      "wd": "edict"
                    },
                    {
                      "wd": "fiat"
                    },
                    {
                      "wd": "ruling"
                    }
                  ],
                  [
                    {
                      "wd": "bylaw"
                    },
                    {
                      "wd": "ground rule"
                    },
                    {
                      "wd": "regulation"
                    },
                    {
                      "wd": "rule"
                    }
                  ],
                  [
                    {
                      "wd": "amendment"
                    },
                    {
                      "wd": "legislation"
                    }
                  ],
                  [
                    {
                      "wd": "blue law"
                    }
                  ],
                  [
                    {
                      "wd": "prohibition"
                    },
                    {
                      "wd": "proscription"
                    },
                    {
                      "wd": "restriction"
                    }
                  ],
                  [
                    {
                      "wd": "canon"
                    },
                    {
                      "wd": "capitulary"
                    },
                    {
                      "wd": "encyclical"
                    }
                  ]
                ],
                "opp_list": [
                  [
                    {
                      "wd": "higher law"
                    }
                  ]
                ]
              }
            ]
          ]
        ]
      }
    ],
    "shortdef": [
      "control of an area by military forces rather than by the police"
    ]
  },
  {
    "meta": {
      "id": "break the law",
      "uuid": "b2628d90-87b5-4de3-8864-0d636eee7da7",
      "src": "CTenhance",
      "section": "phrases",
      "stems": [
        "break the law",
        "breaking the law",
        "broke the law",
        "breaks the law"
      ],
      "syns": [
        [
          "err",
          "fall",
          "offend",
          "sin",
          "stray",
          "transgress",
          "trespass",
          "wander"
        ]
      ],
      "ants": [],
      "offensive": false
    },
    "hwi": {
      "hw": "break the law"
    },
    "fl": "phrase",
    "def": [
      {
        "sseq": [
          [
            [
              "sense",
              {
                "dt": [
                  [
                    "text",
                    "to commit an offense "
                  ],
                  [
                    "vis",
                    [
                      {
                        "t": "It's not like she {it}broke the law{/it}, so go easy on her."
                      }
                    ]
                  ]
                ],
                "syn_list": [
                  [
                    {
                      "wd": "err"
                    },
                    {
                      "wd": "fall"
                    },
                    {
                      "wd": "offend"
                    },
                    {
                      "wd": "sin"
                    },
                    {
                      "wd": "stray"
                    },
                    {
                      "wd": "transgress"
                    },
                    {
                      "wd": "trespass"
                    },
                    {
                      "wd": "wander"
                    }
                  ]
                ],
                "rel_list": [
                  [
                    {
                      "wd": "breach"
                    },
                    {
                      "wd": "break"
                    },
                    {
                      "wd": "infringe"
                    },
                    {
                      "wd": "violate"
                    }
                  ],
                  [
                    {
                      "wd": "backslide"
                    },
                    {
                      "wd": "lapse"
                    }
                  ],
                  [
                    {
                      "wd": "mess up"
                    }
                  ]
                ],
                "phrase_list": [
                  [
                    {
                      "wd": "fall from grace"
                    }
                  ]
                ],
                "near_list": [
                  [
                    {
                      "wd": "forgive"
                    },
                    {
                      "wd": "justify"
                    },
                    {
                      "wd": "pardon"
                    }
                  ],
                  [
                    {
                      "wd": "regret"
                    },
                    {
                      "wd": "repent"
                    },
                    {
                      "wd": "rue"
                    }
                  ]
                ]
              }
            ]
          ]
        ]
      }
    ],
    "shortdef": [
      "to commit an offense"
    ]
  },
  {
    "meta": {
      "id": "court of law",
      "uuid": "aa0cceb9-6847-4028-ad18-2f810fa4208a",
      "src": "CTenhance",
      "section": "phrases",
      "stems": [
        "court of law",
        "courts of law"
      ],
      "syns": [
        [
          "bar",
          "bench",
          "court",
          "forum",
          "tribunal"
        ]
      ],
      "ants": [],
      "offensive": false
    },
    "hwi": {
      "hw": "court of law"
    },
    "fl": "phrase",
    "def": [
      {
        "sseq": [
          [
            [
              "sense",
              {
                "dt": [
                  [
                    "text",
                    "an assembly of persons for the administration of justice "
                  ],
                  [
                    "vis",
                    [
                      {
                        "t": "He will be tried and sentenced in a {it}court of law{/it}."
                      }
                    ]
                  ]
                ],
                "syn_list": [
                  [
                    {
                      "wd": "bar"
                    },
                    {
                      "wd": "bench"
                    },
                    {
                      "wd": "court"
                    },
                    {
                      "wd": "forum"
                    },
                    {
                      "wd": "tribunal"
                    }
                  ]
                ],
                "rel_list": [
                  [
                    {
                      "wd": "criminal court"
                    },
                    {
                      "wd": "judicatory"
                    },
                    {
                      "wd": "judicature"
                    },
                    {
                      "wd": "judiciary"
                    }
                  ],
                  [
                    {
                      "wd": "high court"
                    },
                    {
                      "wd": "supreme court"
                    }
                  ],
                  [
                    {
                      "wd": "court-martial"
                    },
                    {
                      "wd": "drumhead court-martial"
                    }
                  ],
                  [
                    {
                      "wd": "inquisition"
                    },
                    {
                      "wd": "kangaroo court"
                    }
                  ]
                ]
              }
            ]
          ]
        ]
      }
    ],
    "shortdef": [
      "an assembly of persons for the administration of justice"
    ]
  },
  {
    "meta": {
      "id": "blue law",
      "uuid": "b89c5614-2a94-4b42-9bdc-197e6d2d06a8",
      "src": "CTcompile",
      "section": "alpha",
      "stems": [
        "blue law"
      ],
      "syns": [
        [
          "act",
          "bill",
          "constitution",
          "enactment",
          "law",
          "ordinance",
          "statute",
          "command",
          "commandment",
          "decree",
          "dictate",
          "directive",
          "edict",
          "fiat",
          "ruling",
          "bylaw",
          "ground rule",
          "regulation",
          "rule",
          "prohibition",
          "proscription",
          "restriction",
          "common law",
          "martial law",
          "canon",
          "capitulary",
          "encyclical",
          "amendment",
          "legislation"
        ]
      ],
      "ants": [],
      "offensive": false
    },
    "hwi": {
      "hw": "blue law"
    },
    "fl": "noun",
    "def": [
      {
        "sseq": [
          [
            [
              "sense",
              {
                "dt": [
                  [
                    "text",
                    "as in {it}law{/it}, {it}rule{/it}"
                  ]
                ],
                "sim_list": [
                  [
                    {
                      "wd": "act"
                    },
                    {
                      "wd": "bill"
                    },
                    {
                      "wd": "constitution"
                    },
                    {
                      "wd": "enactment"
                    },
                    {
                      "wd": "law"
                    },
                    {
                      "wd": "ordinance"
                    },
                    {
                      "wd": "statute"
                    }
                  ],
                  [
                    {
                      "wd": "command"
                    },
                    {
                      "wd": "commandment"
                    },
                    {
                      "wd": "decree"
                    },
                    {
                      "wd": "dictate"
                    },
                    {
                      "wd": "directive"
                    },
                    {
                      "wd": "edict"
                    },
                    {
                      "wd": "fiat"
                    },
                    {
                      "wd": "ruling"
                    }
                  ],
                  [
                    {
                      "wd": "bylaw"
                    },
                    {
                      "wd": "ground rule"
                    },
                    {
                      "wd": "regulation"
                    },
                    {
                      "wd": "rule"
                    }
                  ],
                  [
                    {
                      "wd": "prohibition"
                    },
                    {
                      "wd": "proscription"
                    },
                    {
                      "wd": "restriction"
                    }
                  ],
                  [
                    {
                      "wd": "common law"
                    },
                    {
                      "wd": "martial law"
                    }
                  ],
                  [
                    {
                      "wd": "canon"
                    },
                    {
                      "wd": "capitulary"
                    },
                    {
                      "wd": "encyclical"
                    }
                  ],
                  [
                    {
                      "wd": "amendment"
                    },
                    {
                      "wd": "legislation"
                    }
                  ]
                ],
                "opp_list": [
                  [
                    {
                      "wd": "higher law"
                    }
                  ]
                ]
              }
            ]
          ]
        ]
      }
    ],
    "shortdef": [
      "as in law, rule"
    ]
  }
]