[
  {
    "meta": {
      "id": "linear",
      "uuid": "4d35dcf8-9010-4a13-91b7-246c02ea6a10",
      "src": "coll_thes",
      "section": "alpha",
      "target": {
        "tuuid": "ffcac7dd-2797-4e46-ba74-43546d95eb8e",
        "tsrc": "collegiate"
      },
      "stems": [
        "linear",
        "linearities",
        "linearity",
        "linearly"
      ],
      "syns": [
        [
          "direct",
          "right",
          "straight",
          "straightaway",
          "straightforward"
        ]
      ],
      "ants": [],
      "offensive": false
    },
    "hwi": {
      "hw": "linear"
    },
    "fl": "adjective",
    "def": [
      {
        "sseq": [
          [
            [
              "sense",
              {
                "dt": [
                  [
                    "text",
                    "free from irregularities or digressions in course "
                  ],
                  [
                    "vis",
                    [
                      {
                        "t": "the bullets from early firearms were notorious for not following a strictly {it}linear{/it} path through the air"
                      }
                    ]
                  ]
                ],
                "syn_list": [
                  [
                    {
                      "wd": "direct"
                    },
                    {
                      "wd": "right"
                    },
                    {
                      "wd": "straight"
                    },
                    {
                      "wd": "straightaway"
                    },
                    {
                      "wd": "straightforward"
                    }
                  ]
                ],
                "rel_list": [
                  [
                    {
                      "wd": "unbent"
                    },
                    {
                      "wd": "uncurled"
                    },
                    {
                      "wd": "untwisted"
                    }
                  ],
                  [
                    {
                      "wd": "undeviating"
                    },
                    {
                      "wd": "unswerving"
                    }
                  ]
                ],
                "near_list": [
                  [
                    {
                      "wd": "bowed"
                    },
                    {
                      "wd": "rounded"
                    }
                  ],
                  [
                    {
                      "wd": "entwined"
                    },
                    {
                      "wd": "kinked"
                    },
                    {
                      "wd": "swirled"
                    },
                    {
                      "wd": "turned"
                    },
                    {
                      "wd": "turning"
                    },
                    {
                      "wd": "twined"
                    },
                    {
                      "wd": "twining"
                    },
                    {
                      "wd": "twisted"
                    },
                    {
                      "wd": "twisting"
                    },
                    {
                      "wd": "veering"
                    },
                    {
                      "wd": "warped"
                    }
                  ],
                  [
                    {
                      "wd": "bending"
                    },
                    {
                      "wd": "coiled"
                    },
                    {
                      "wd": "coiling"
                    },
                    {
                      "wd": "corkscrew"
                    },
                    {
                      "wd": "curled"
                    },
                    {
                      "wd": "curling"
                    },
                    {
                      "wd": "curved"
                    },
                    {
                      "wd": "curving"
                    },
                    {
                      "wd": "looped"
                    },
                    {
                      "wd": "looping"
                    },
                    {
                      "wd": "spiral"
                    },
                    {
                      "wd": "spiraling",
                      "wvrs": [
                        {
                          "wvl": "or",
                          "wva": "spiralling"
                        }
                      ]
                    },
                    {
                      "wd": "wavy"
                    },
                    {
                      "wd": "winding"
                    }
                  ],
                  [
                    {
                      "wd": "meandering"
                    },
                    {
                      "wd": "weaving"
                    }
                  ],
                  [
                    {
                      "wd": "devious"
                    },
                    {
                      "wd": "serpentine"
                    },
                    {
                      "wd": "sinuous"
                    }
                  ],
                  [
                    {
                      "wd": "crooked"
                    },
                    {
                      "wd": "zigzag"
                    },
                    {
                      "wd": "zigzagging"
                    }
                  ]
                ]
              }
            ]
          ]
        ]
      }
    ],
    "shortdef": [
      "free from irregularities or digressions in course"
    ]
  }
]