[
  {
    "meta": {
      "id": "liquid",
      "uuid": "7158e0d8-8e8c-4e4a-a8f4-9e847822f0bf",
      "src": "coll_thes",
      "section": "alpha",
      "target": {
        "tuuid": "bdb160e1-7aea-4327-b7c9-fb781a679f1b",
        "tsrc": "collegiate"
      },
      "stems": [
        "liquid",
        "liquidities",
        "liquidity",
        "liquidly",
        "liquidness",
        "liquidnesses"
      ],
      "syns": [
        [
          "flowing",
          "fluent",
          "fluid"
        ],
        [
          "clear",
          "crystal",
          "crystal clear",
          "crystalline",
          "limpid",
          "lucent",
          "pellucid",
          "see-through",
          "transparent"
        ]
      ],
      "ants": [
        [
          "hard",
          "nonliquid",
          "solid"
        ],
        [
          "cloudy",
          "opaque"
        ]
      ],
      "offensive": false
    },
    "hwi": {
      "hw": "liquid"
    },
    "fl": "adjective",
    "def": [
      {
        "sseq": [
          [
            [
              "sense",
              {
                "sn": "1",
                "dt": [
                  [
                    "text",
                    "capable of moving like a liquid "
                  ],
                  [
                    "vis",
                    [
                      {
                        "t": "always have in the kitchen a dispenser of {it}liquid{/it} soap available for hand washing"
                      }
                    ]
                  ]
                ],
                "syn_list": [
                  [
                    {
                      "wd": "flowing"
                    },
                    {
                      "wd": "fluent"
                    },
                    {
                      "wd": "fluid"
                    }
                  ]
                ],
                "rel_list": [
                  [
                    {
                      "wd": "circumfluent"
                    },
                    {
                      "wd": "circumfluous"
                    }
                  ],
                  [
                    {
                      "wd": "diluted"
                    },
                    {
                      "wd": "thin"
                    },
                    {
                      "wd": "watery"
                    },
                    {
                      "wd": "weak"
                    }
                  ],
                  [
                    {
                      "wd": "semiliquid"
                    },
                    {
                      "wd": "semisolid"
                    }
                  ]
                ],
                "near_list": [
                  [
                    {
                      "wd": "clotted"
                    },
                    {
                      "wd": "coagulated"
                    },
                    {
                      "wd": "gelatinous"
                    },
                    {
                      "wd": "gelled"
                    },
                    {
                      "wd": "jelled"
                    },
                    {
                      "wd": "jellied"
                    },
                    {
                      "wd": "thick"
                    }
                  ],
                  [
                    {
                      "wd": "gluey"
                    },
                    {
                      "wd": "glutinous"
                    },
                    {
                      "wd": "gooey"
                    },
                    {
                      "wd": "gummy"
                    },
                    {
                      "wd": "viscous"
                    }
                  ]
                ],
                "ant_list": [
                  [
                    {
                      "wd": "hard"
                    },
                    {
                      "wd": "nonliquid"
                    },
                    {
                      "wd": "solid"
                    }
                  ]
                ]
              }
            ]
          ],
          [
            [
              "sense",
              {
                "sn": "2",
                "dt": [
                  [
                    "text",
                    "easily seen through "
                  ],
                  [
                    "vis",
                    [
                      {
                        "t": "the {it}liquid{/it} air of the remote mountains"
                      }
                    ]
                  ]
                ],
                "syn_list": [
                  [
                    {
                      "wd": "clear"
                    },
                    {
                      "wd": "crystal"
                    },
                    {
                      "wd": "crystal clear"
                    },
                    {
                      "wd": "crystalline"
                    },
                    {
                      "wd": "limpid"
                    },
                    {
                      "wd": "lucent"
                    },
                    {
                      "wd": "pellucid"
                    },
                    {
                      "wd": "see-through"
                    },
                    {
                      "wd": "transparent"
                    }
                  ]
                ],
                "rel_list": [
                  [
                    {
                      "wd": "colorless"
                    },
                    {
                      "wd": "uncolored"
                    }
                  ],
                  [
                    {
                      "wd": "diaphanous"
                    },
                    {
                      "wd": "lucid"
                    },
                    {
                      "wd": "semitranslucent"
                    },
                    {
                      "wd": "semitransparent"
                    },
                    {
                      "wd": "sheer"
                    },
                    {
                      "wd": "translucent"
                    },
                    {
                      "wd": "transparentized"
                    }
                  ],
                  [
                    {
                      "wd": "glassy"
                    },
                    {
                      "wd": "vitreous"
                    }
                  ]
                ],
                "near_list": [
                  [
                    {
                      "wd": "colored"
                    },
                    {
                      "wd": "dark"
                    },
                    {
                      "wd": "glazed"
                    },
                    {
                      "wd": "tinted"
                    }
                  ],
                  [
                    {
                      "wd": "filmy"
                    },
                    {
                      "wd": "foggy"
                    },
                    {
                      "wd": "hazy"
                    },
                    {
                      "wd": "misty"
                    },
                    {
                      "wd": "nebulous"
                    },
                    {
                      "wd": "smoky",
                      "wvrs": [
                        {
                          "wvl": "also",
                          "wva": "smokey"
                        }
                      ]
                    }
                  ],
                  [
                    {
                      "wd": "dense"
                    },
                    {
                      "wd": "muddy"
                    },
                    {
                      "wd": "murky"
                    },
                    {
                      "wd": "turbid"
                    }
                  ]
                ],
                "ant_list": [
                  [
                    {
                      "wd": "cloudy"
                    },
                    {
                      "wd": "opaque"
                    }
                  ]
                ]
              }
            ]
          ]
        ]
      }
    ],
    "shortdef": [
      "capable of moving like a liquid",
      "easily seen through"
    ]
  }
]