[
  {
    "meta": {
      "id": "listening",
      "uuid": "09c67ffc-1cf1-4b32-813d-93a9494fa91e",
      "src": "coll_thes",
      "section": "alpha",
      "stems": [
        "listening"
      ],
      "syns": [
        [
          "attending",
          "harkening",
          "harking",
          "hearing",
          "hearkening",
          "heeding",
          "minding"
        ]
      ],
      "ants": [
        [
          "ignoring",
          "tuning out"
        ]
      ],
      "offensive": false
    },
    "hwi": {
      "hw": "listening"
    },
    "fl": "verb",
    "sls": [
      "present participle of {d_link|listen|listen}"
    ],
    "def": [
      {
        "sseq": [
          [
            [
              "sense",
              {
                "dt": [
                  [
                    "text",
                    "to pay attention especially through the act of hearing "
                  ],
                  [
                    "vis",
                    [
                      {
                        "t": "would you {it}listen{/it} to what I have to say?"
                      }
                    ]
                  ]
                ],
                "syn_list": [
                  [
                    {
                      "wd": "attending"
                    },
                    {
                      "wd": "harkening"
                    },
                    {
                      "wd": "harking"
                    },
                    {
                      "wd": "hearing"
                    },
                    {
                      "wd": "hearkening",
                      "wvrs": [
                        {
                          "wvl": "or",
                          "wva": "harkening"
                        }
                      ]
                    },
                    {
                      "wd": "heeding"
                    },
                    {
                      "wd": "minding"
                    }
                  ]
                ],
                "phrase_list": [
                  [
                    {
                      "wd": "pricking up one's ears"
                    }
                  ]
                ],
                "near_list": [
                  [
                    {
                      "wd": "discounting"
                    },
                    {
                      "wd": "disregarding"
                    }
                  ]
                ],
                "ant_list": [
                  [
                    {
                      "wd": "ignoring"
                    },
                    {
                      "wd": "tuning out"
                    }
                  ]
                ]
              }
            ]
          ]
        ]
      }
    ],
    "shortdef": [
      "to pay attention especially through the act of hearing"
    ]
  },
  {
    "meta": {
      "id": "listen",
      "uuid": "5e6cb1e3-63f7-46f0-bd72-7b2f83be210c",
      "src": "coll_thes",
      "section": "alpha",
      "target": {
        "tuuid": "ee1bd06d-1850-4870-bba3-6bfa2f7709ad",
        "tsrc": "collegiate"
      },
      "stems": [
        "listen",
        "listened",
        "listener",
        "listeners",
        "listening",
        "listens"
      ],
      "syns": [
        [
          "attend",
          "hark",
          "harken",
          "hear",
          "hearken",
          "heed",
          "mind"
        ]
      ],
      "ants": [
        [
          "ignore",
          "tune out"
        ]
      ],
      "offensive": false
    },
    "hwi": {
      "hw": "listen"
    },
    "fl": "verb",
    "def": [
      {
        "sseq": [
          [
            [
              "sense",
              {
                "dt": [
                  [
                    "text",
                    "to pay attention especially through the act of hearing "
                  ],
                  [
                    "vis",
                    [
                      {
                        "t": "would you {it}listen{/it} to what I have to say?"
                      }
                    ]
                  ]
                ],
                "syn_list": [
                  [
                    {
                      "wd": "attend"
                    },
                    {
                      "wd": "hark"
                    },
                    {
                      "wd": "harken"
                    },
                    {
                      "wd": "hear"
                    },
                    {
                      "wd": "hearken"
                    },
                    {
                      "wd": "heed"
                    },
                    {
                      "wd": "mind"
                    }
                  ]
                ],
                "phrase_list": [
                  [
                    {
                      "wd": "prick up one's ears"
                    }
                  ]
                ],
                "near_list": [
                  [
                    {
                      "wd": "discount"
                    },
                    {
                      "wd": "disregard"
                    }
                  ]
                ],
                "ant_list": [
                  [
                    {
                      "wd": "ignore"
                    },
                    {
                      "wd": "tune out"
                    }
                  ]
                ]
              }
            ]
          ]
        ]
      }
    ],
    "shortdef": [
      "to pay attention especially through the act of hearing"
    ]
  },
  {
    "meta": {
      "id": "listen (to)",
      "uuid": "034aa60c-7f68-4b3e-bb77-640e86ea3cd1",
      "src": "coll_thes",
      "section": "alpha",
      "stems": [
        "listen (to)",
        "listen",
        "listen to",
        "listened",
        "listener",
        "listeners",
        "listening",
        "listens"
      ],
      "syns": [
        [
          "follow",
          "heed",
          "mind",
          "note",
          "observe",
          "regard",
          "watch"
        ]
      ],
      "ants": [
        [
          "disregard",
          "ignore",
          "tune out"
        ]
      ],
      "offensive": false
    },
    "hwi": {
      "hw": "listen (to)"
    },
    "fl": "verb",
    "def": [
      {
        "sseq": [
          [
            [
              "sense",
              {
                "dt": [
                  [
                    "text",
                    "to take notice of and be guided by "
                  ],
                  [
                    "vis",
                    [
                      {
                        "t": "you'd better {it}listen to{/it} my advice!"
                      }
                    ]
                  ]
                ],
                "syn_list": [
                  [
                    {
                      "wd": "follow"
                    },
                    {
                      "wd": "heed"
                    },
                    {
                      "wd": "mind"
                    },
                    {
                      "wd": "note"
                    },
                    {
                      "wd": "observe"
                    },
                    {
                      "wd": "regard"
                    },
                    {
                      "wd": "watch"
                    }
                  ]
                ],
                "rel_list": [
                  [
                    {
                      "wd": "consider"
                    },
                    {
                      "wd": "contemplate"
                    },
                    {
                      "wd": "mull"
                    },
                    {
                      "wd": "ponder"
                    },
                    {
                      "wd": "weigh"
                    }
                  ],
                  [
                    {
                      "wd": "comply (with)"
                    },
                    {
                      "wd": "conform (to)"
                    },
                    {
                      "wd": "keep"
                    },
                    {
                      "wd": "obey"
                    },
                    {
                      "wd": "respect"
                    }
                  ],
                  [
                    {
                      "wd": "attend (to)"
                    },
                    {
                      "wd": "hark (to)"
                    },
                    {
                      "wd": "hear"
                    },
                    {
                      "wd": "hearken (to)"
                    }
                  ],
                  [
                    {
                      "wd": "mark"
                    },
                    {
                      "wd": "notice"
                    },
                    {
                      "wd": "see"
                    }
                  ]
                ],
                "near_list": [
                  [
                    {
                      "wd": "brush (aside or off)"
                    },
                    {
                      "wd": "discount"
                    },
                    {
                      "wd": "dismiss"
                    },
                    {
                      "wd": "gloss (over)"
                    },
                    {
                      "wd": "gloze (over)"
                    },
                    {
                      "wd": "neglect"
                    },
                    {
                      "wd": "pass over"
                    },
                    {
                      "wd": "pooh-pooh",
                      "wvrs": [
                        {
                          "wvl": "also",
                          "wva": "pooh"
                        }
                      ]
                    },
                    {
                      "wd": "scorn"
                    },
                    {
                      "wd": "shrug off"
                    }
                  ],
                  [
                    {
                      "wd": "defy"
                    },
                    {
                      "wd": "flout"
                    }
                  ],
                  [
                    {
                      "wd": "slight"
                    },
                    {
                      "wd": "snub"
                    }
                  ]
                ],
                "ant_list": [
                  [
                    {
                      "wd": "disregard"
                    },
                    {
                      "wd": "ignore"
                    },
                    {
                      "wd": "tune out"
                    }
                  ]
                ]
              }
            ]
          ]
        ]
      }
    ],
    "shortdef": [
      "to take notice of and be guided by"
    ]
  },
  {
    "meta": {
      "id": "listen in (on)",
      "uuid": "5fd94d96-969c-4f5d-bc45-a89bc61885bb",
      "src": "coll_thes",
      "section": "alpha",
      "target": {
        "tuuid": "8cf3d0dc-d0ff-4f57-91da-8f864e25813d",
        "tsrc": "collegiate"
      },
      "stems": [
        "listen in (on)",
        "listen in",
        "listen in on",
        "listened in",
        "listener-in",
        "listeners-in",
        "listening in",
        "listens in"
      ],
      "syns": [
        [
          "eavesdrop (on)",
          "overhear"
        ]
      ],
      "ants": [],
      "offensive": false
    },
    "hwi": {
      "hw": "listen in (on)"
    },
    "fl": "verb",
    "def": [
      {
        "sseq": [
          [
            [
              "sense",
              {
                "dt": [
                  [
                    "text",
                    "to listen to (another in private conversation) "
                  ],
                  [
                    "vis",
                    [
                      {
                        "t": "it's not polite to {it}listen in on{/it} other people's private conversations"
                      }
                    ]
                  ]
                ],
                "syn_list": [
                  [
                    {
                      "wd": "eavesdrop (on)"
                    },
                    {
                      "wd": "overhear"
                    }
                  ]
                ],
                "rel_list": [
                  [
                    {
                      "wd": "bug"
                    },
                    {
                      "wd": "tap"
                    },
                    {
                      "wd": "wiretap"
                    }
                  ],
                  [
                    {
                      "wd": "monitor"
                    },
                    {
                      "wd": "snoop"
                    },
                    {
                      "wd": "spy"
                    },
                    {
                      "wd": "surveil"
                    }
                  ],
                  [
                    {
                      "wd": "attend"
                    },
                    {
                      "wd": "hear"
                    },
                    {
                      "wd": "hearken"
                    },
                    {
                      "wd": "heed"
                    },
                    {
                      "wd": "mind"
                    }
                  ]
                ]
              }
            ]
          ]
        ]
      }
    ],
    "shortdef": [
      "to listen to (another in private conversation)"
    ]
  }
]