[
  {
    "meta": {
      "id": "loafing",
      "uuid": "b52a771a-1d97-4ebb-9032-03cac99ac15b",
      "src": "CTcompile",
      "section": "alpha",
      "stems": [
        "loafing"
      ],
      "syns": [
        [
          "inactive",
          "inert",
          "lethargic",
          "lounging",
          "deliberate",
          "measured",
          "lingering",
          "loitering",
          "tarrying",
          "crawling",
          "creeping",
          "dallying",
          "dawdling",
          "dilatory",
          "dillydallying",
          "dragging",
          "laggard",
          "lagging",
          "languid",
          "leisurely",
          "poking",
          "poky",
          "slow",
          "sluggish",
          "snaillike",
          "snail-paced",
          "tardy",
          "unhurried",
          "ambling",
          "heavy-footed",
          "inching",
          "plodding",
          "shuffling",
          "slow-footed",
          "strolling",
          "decelerating",
          "slowing",
          "filibustering",
          "procrastinating",
          "stalling"
        ]
      ],
      "ants": [
        [
          "barreling",
          "bolting",
          "breakneck",
          "breathless",
          "brisk",
          "careering",
          "dizzy",
          "fast",
          "fleet",
          "flying",
          "hasty",
          "hurrying",
          "lightning",
          "meteoric",
          "quick",
          "racing",
          "rapid",
          "rocketing",
          "running",
          "rushing",
          "scooting",
          "scudding",
          "scurrying",
          "snappy",
          "speeding",
          "speedy",
          "swift",
          "warp-speed",
          "whirling",
          "whirlwind",
          "whisking",
          "zipping",
          "expeditious",
          "prompt",
          "ready",
          "accelerated",
          "hastened",
          "quickened",
          "hurried",
          "rushed"
        ]
      ],
      "offensive": false
    },
    "hwi": {
      "hw": "loafing"
    },
    "fl": "adjective",
    "def": [
      {
        "sseq": [
          [
            [
              "sense",
              {
                "dt": [
                  [
                    "text",
                    "as in {it}inactive{/it}, {it}lethargic{/it}"
                  ]
                ],
                "sim_list": [
                  [
                    {
                      "wd": "inactive"
                    },
                    {
                      "wd": "inert"
                    },
                    {
                      "wd": "lethargic"
                    },
                    {
                      "wd": "lounging"
                    }
                  ],
                  [
                    {
                      "wd": "deliberate"
                    },
                    {
                      "wd": "measured"
                    }
                  ],
                  [
                    {
                      "wd": "lingering"
                    },
                    {
                      "wd": "loitering"
                    },
                    {
                      "wd": "tarrying"
                    }
                  ],
                  [
                    {
                      "wd": "crawling"
                    },
                    {
                      "wd": "creeping"
                    },
                    {
                      "wd": "dallying"
                    },
                    {
                      "wd": "dawdling"
                    },
                    {
                      "wd": "dilatory"
                    },
                    {
                      "wd": "dillydallying"
                    },
                    {
                      "wd": "dragging"
                    },
                    {
                      "wd": "laggard"
                    },
                    {
                      "wd": "lagging"
                    },
                    {
                      "wd": "languid"
                    },
                    {
                      "wd": "leisurely"
                    },
                    {
                      "wd": "poking"
                    },
                    {
                      "wd": "poky",
                      "wvrs": [
                        {
                          "wvl": "or",
                          "wva": "pokey"
                        }
                      ]
                    },
                    {
                      "wd": "slow"
                    },
                    {
                      "wd": "sluggish"
                    },
                    {
                      "wd": "snaillike"
                    },
                    {
                      "wd": "snail-paced"
                    },
                    {
                      "wd": "tardy"
                    },
                    {
                      "wd": "unhurried"
                    }
                  ],
                  [
                    {
                      "wd": "ambling"
                    },
                    {
                      "wd": "heavy-footed"
                    },
                    {
                      "wd": "inching"
                    },
                    {
                      "wd": "plodding"
                    },
                    {
                      "wd": "shuffling"
                    },
                    {
                      "wd": "slow-footed"
                    }
                  ],
                  [
                    {
                      "wd": "strolling"
                    }
                  ],
                  [
                    {
                      "wd": "decelerating"
                    },
                    {
                      "wd": "slowing"
                    }
                  ],
                  [
                    {
                      "wd": "filibustering"
                    },
                    {
                      "wd": "procrastinating"
                    },
                    {
                      "wd": "stalling"
                    }
                  ]
                ],
                "opp_list": [
                  [
                    {
                      "wd": "barreling"
                    },
                    {
                      "wd": "bolting"
                    },
                    {
                      "wd": "breakneck"
                    },
                    {
                      "wd": "breathless"
                    },
                    {
                      "wd": "brisk"
                    },
                    {
                      "wd": "careering"
                    },
                    {
                      "wd": "dizzy"
                    },
                    {
                      "wd": "fast"
                    },
                    {
                      "wd": "fleet"
                    },
                    {
                      "wd": "flying"
                    },
                    {
                      "wd": "hasty"
                    },
                    {
                      "wd": "hurrying"
                    },
                    {
                      "wd": "lightning"
                    },
                    {
                      "wd": "meteoric"
                    },
                    {
                      "wd": "quick"
                    },
                    {
                      "wd": "racing"
                    },
                    {
                      "wd": "rapid"
                    },
                    {
                      "wd": "rocketing"
                    },
                    {
                      "wd": "running"
                    },
                    {
                      "wd": "rushing"
                    },
                    {
                      "wd": "scooting"
                    },
                    {
                      "wd": "scudding"
                    },
                    {
                      "wd": "scurrying"
                    },
                    {
                      "wd": "snappy"
                    },
                    {
                      "wd": "speeding"
                    },
                    {
                      "wd": "speedy"
                    },
                    {
                      "wd": "swift"
                    },
                    {
                      "wd": "warp-speed"
                    },
                    {
                      "wd": "whirling"
                    },
                    {
                      "wd": "whirlwind"
                    },
                    {
                      "wd": "whisking"
                    },
                    {
                      "wd": "zipping"
                    }
                  ],
                  [
                    {
                      "wd": "expeditious"
                    },
                    {
                      "wd": "prompt"
                    },
                    {
                      "wd": "ready"
                    }
                  ],
                  [
                    {
                      "wd": "accelerated"
                    },
                    {
                      "wd": "hastened"
                    },
                    {
                      "wd": "quickened"
                    }
                  ],
                  [
                    {
                      "wd": "hurried"
                    },
                    {
                      "wd": "rushed"
                    }
                  ]
                ]
              }
            ]
          ]
        ]
      }
    ],
    "shortdef": [
      "as in inactive, lethargic"
    ]
  },
  {
    "meta": {
      "id": "loafing",
      "uuid": "0cd14acd-602b-4a7c-8e5a-efe055df4784",
      "src": "CTcompile",
      "section": "alpha",
      "stems": [
        "loafing"
      ],
      "syns": [
        [
          "dallying",
          "goldbricking",
          "lolling",
          "lounging",
          "apathy",
          "languor",
          "lassitude",
          "lethargy",
          "listlessness",
          "sluggishness",
          "supineness",
          "idleness",
          "indolence",
          "inertia",
          "laziness",
          "shiftlessness",
          "sloth"
        ]
      ],
      "ants": [
        [
          "drive",
          "industriousness",
          "industry",
          "ambition",
          "enterprise",
          "go",
          "hustle",
          "initiative",
          "assiduity",
          "assiduousness",
          "diligence",
          "perseverance",
          "animation",
          "briskness",
          "energy",
          "exuberance",
          "jazziness",
          "liveliness",
          "lustiness",
          "pep",
          "peppiness",
          "robustness",
          "sprightliness",
          "vibrancy",
          "vigor",
          "vim",
          "vitality",
          "vivacity"
        ]
      ],
      "offensive": false
    },
    "hwi": {
      "hw": "loafing"
    },
    "fl": "noun",
    "def": [
      {
        "sseq": [
          [
            [
              "sense",
              {
                "dt": [
                  [
                    "text",
                    "as in {it}lounging{/it}, {it}dallying{/it}"
                  ]
                ],
                "sim_list": [
                  [
                    {
                      "wd": "dallying"
                    },
                    {
                      "wd": "goldbricking"
                    },
                    {
                      "wd": "lolling"
                    },
                    {
                      "wd": "lounging"
                    }
                  ],
                  [
                    {
                      "wd": "apathy"
                    },
                    {
                      "wd": "languor"
                    },
                    {
                      "wd": "lassitude"
                    },
                    {
                      "wd": "lethargy"
                    },
                    {
                      "wd": "listlessness"
                    },
                    {
                      "wd": "sluggishness"
                    },
                    {
                      "wd": "supineness"
                    }
                  ],
                  [
                    {
                      "wd": "idleness"
                    },
                    {
                      "wd": "indolence"
                    },
                    {
                      "wd": "inertia"
                    },
                    {
                      "wd": "laziness"
                    },
                    {
                      "wd": "shiftlessness"
                    },
                    {
                      "wd": "sloth"
                    }
                  ]
                ],
                "opp_list": [
                  [
                    {
                      "wd": "drive"
                    },
                    {
                      "wd": "industriousness"
                    },
                    {
                      "wd": "industry"
                    }
                  ],
                  [
                    {
                      "wd": "ambition"
                    },
                    {
                      "wd": "enterprise"
                    },
                    {
                      "wd": "go"
                    },
                    {
                      "wd": "hustle"
                    },
                    {
                      "wd": "initiative"
                    }
                  ],
                  [
                    {
                      "wd": "assiduity"
                    },
                    {
                      "wd": "assiduousness"
                    },
                    {
                      "wd": "diligence"
                    },
                    {
                      "wd": "perseverance"
                    }
                  ],
                  [
                    {
                      "wd": "animation"
                    },
                    {
                      "wd": "briskness"
                    },
                    {
                      "wd": "energy"
                    },
                    {
                      "wd": "exuberance"
                    },
                    {
                      "wd": "jazziness"
                    },
                    {
                      "wd": "liveliness"
                    },
                    {
                      "wd": "lustiness"
                    },
                    {
                      "wd": "pep"
                    },
                    {
                      "wd": "peppiness"
                    },
                    {
                      "wd": "robustness"
                    },
                    {
                      "wd": "sprightliness"
                    },
                    {
                      "wd": "vibrancy"
                    },
                    {
                      "wd": "vigor"
                    },
                    {
                      "wd": "vim"
                    },
                    {
                      "wd": "vitality"
                    },
                    {
                      "wd": "vivacity"
                    }
                  ]
                ]
              }
            ]
          ]
        ]
      }
    ],
    "shortdef": [
      "as in lounging, dallying"
    ]
  },
  {
    "meta": {
      "id": "loafing",
      "uuid": "d46c9612-f524-4687-898a-72cbbc9d08cb",
      "src": "coll_thes",
      "section": "alpha",
      "stems": [
        "loafing"
      ],
      "syns": [
        [
          "bumming",
          "chilling",
          "dallying",
          "dawdling",
          "dillydallying",
          "droning",
          "footling",
          "goofing (off)",
          "hacking (around)",
          "hanging about",
          "hanging (around or out)",
          "idling",
          "kicking around",
          "kicking back",
          "lazing",
          "lazying",
          "lolling",
          "lounging",
          "vegging out"
        ]
      ],
      "ants": [],
      "offensive": false
    },
    "hwi": {
      "hw": "loafing"
    },
    "fl": "verb",
    "sls": [
      "present participle of {d_link|loaf|loaf}"
    ],
    "def": [
      {
        "sseq": [
          [
            [
              "sense",
              {
                "dt": [
                  [
                    "text",
                    "to spend time doing nothing "
                  ],
                  [
                    "vis",
                    [
                      {
                        "t": "the kind of sultry August afternoon that makes you just want to {it}loaf{/it}"
                      }
                    ]
                  ]
                ],
                "syn_list": [
                  [
                    {
                      "wd": "bumming"
                    },
                    {
                      "wd": "chilling"
                    },
                    {
                      "wd": "dallying"
                    },
                    {
                      "wd": "dawdling"
                    },
                    {
                      "wd": "dillydallying"
                    },
                    {
                      "wd": "droning"
                    },
                    {
                      "wd": "footling"
                    },
                    {
                      "wd": "goofing (off)"
                    },
                    {
                      "wd": "hacking (around)"
                    },
                    {
                      "wd": "hanging about",
                      "wsls": [
                        "British"
                      ]
                    },
                    {
                      "wd": "hanging (around or out)"
                    },
                    {
                      "wd": "idling"
                    },
                    {
                      "wd": "kicking around"
                    },
                    {
                      "wd": "kicking back"
                    },
                    {
                      "wd": "lazing"
                    },
                    {
                      "wd": "lazying"
                    },
                    {
                      "wd": "lolling"
                    },
                    {
                      "wd": "lounging"
                    },
                    {
                      "wd": "vegging out"
                    }
                  ]
                ],
                "rel_list": [
                  [
                    {
                      "wd": "fiddling (around)"
                    },
                    {
                      "wd": "fooling"
                    },
                    {
                      "wd": "messing"
                    },
                    {
                      "wd": "monkeying"
                    },
                    {
                      "wd": "mucking"
                    },
                    {
                      "wd": "piddling"
                    },
                    {
                      "wd": "playing"
                    },
                    {
                      "wd": "pottering (around)"
                    },
                    {
                      "wd": "puttering (around)"
                    },
                    {
                      "wd": "trifling"
                    }
                  ],
                  [
                    {
                      "wd": "dozing"
                    },
                    {
                      "wd": "estivating",
                      "wvrs": [
                        {
                          "wvl": "or",
                          "wva": "aestivating"
                        }
                      ]
                    },
                    {
                      "wd": "hibernating"
                    }
                  ],
                  [
                    {
                      "wd": "lagging"
                    },
                    {
                      "wd": "lingering"
                    },
                    {
                      "wd": "loitering"
                    },
                    {
                      "wd": "poking"
                    },
                    {
                      "wd": "relaxing"
                    },
                    {
                      "wd": "resting"
                    },
                    {
                      "wd": "tarrying"
                    }
                  ],
                  [
                    {
                      "wd": "ambling"
                    },
                    {
                      "wd": "moseying"
                    },
                    {
                      "wd": "sauntering"
                    },
                    {
                      "wd": "strolling"
                    },
                    {
                      "wd": "swanning"
                    }
                  ],
                  [
                    {
                      "wd": "furloughing"
                    },
                    {
                      "wd": "goldbricking"
                    },
                    {
                      "wd": "malingering"
                    },
                    {
                      "wd": "truanting"
                    }
                  ]
                ],
                "phrase_list": [
                  [
                    {
                      "wd": "killing time"
                    },
                    {
                      "wd": "twiddling one's thumbs"
                    }
                  ]
                ],
                "near_list": [
                  [
                    {
                      "wd": "drudging"
                    },
                    {
                      "wd": "grinding"
                    },
                    {
                      "wd": "grubbing"
                    },
                    {
                      "wd": "humping"
                    },
                    {
                      "wd": "hustling"
                    },
                    {
                      "wd": "laboring"
                    },
                    {
                      "wd": "moiling"
                    },
                    {
                      "wd": "pegging"
                    },
                    {
                      "wd": "plodding"
                    },
                    {
                      "wd": "plowing"
                    },
                    {
                      "wd": "plugging"
                    },
                    {
                      "wd": "slaving"
                    },
                    {
                      "wd": "sweating"
                    },
                    {
                      "wd": "toiling"
                    },
                    {
                      "wd": "travailing"
                    },
                    {
                      "wd": "working"
                    }
                  ],
                  [
                    {
                      "wd": "applying"
                    },
                    {
                      "wd": "buckling (down)"
                    }
                  ],
                  [
                    {
                      "wd": "exerting"
                    },
                    {
                      "wd": "putting out"
                    }
                  ]
                ]
              }
            ]
          ]
        ]
      }
    ],
    "shortdef": [
      "to spend time doing nothing"
    ]
  },
  {
    "meta": {
      "id": "loaf",
      "uuid": "c07c939d-7f8e-44e4-b880-30c40ae3597f",
      "src": "coll_thes",
      "section": "alpha",
      "target": {
        "tuuid": "1a339ca8-4564-48b6-bf76-bdb79da013eb",
        "tsrc": "collegiate"
      },
      "stems": [
        "loaf",
        "loafed",
        "loafing",
        "loafs"
      ],
      "syns": [
        [
          "bum",
          "chill",
          "dally",
          "dawdle",
          "dillydally",
          "drone",
          "footle",
          "goof (off)",
          "hack (around)",
          "hang (around or out)",
          "hang about",
          "idle",
          "kick around",
          "kick back",
          "laze",
          "lazy",
          "loll",
          "lounge",
          "veg out"
        ]
      ],
      "ants": [],
      "offensive": false
    },
    "hwi": {
      "hw": "loaf"
    },
    "fl": "verb",
    "def": [
      {
        "sseq": [
          [
            [
              "sense",
              {
                "dt": [
                  [
                    "text",
                    "to spend time doing nothing "
                  ],
                  [
                    "vis",
                    [
                      {
                        "t": "the kind of sultry August afternoon that makes you just want to {it}loaf{/it}"
                      }
                    ]
                  ]
                ],
                "syn_list": [
                  [
                    {
                      "wd": "bum"
                    },
                    {
                      "wd": "chill"
                    },
                    {
                      "wd": "dally"
                    },
                    {
                      "wd": "dawdle"
                    },
                    {
                      "wd": "dillydally"
                    },
                    {
                      "wd": "drone"
                    },
                    {
                      "wd": "footle"
                    },
                    {
                      "wd": "goof (off)"
                    },
                    {
                      "wd": "hack (around)"
                    },
                    {
                      "wd": "hang (around or out)"
                    },
                    {
                      "wd": "hang about",
                      "wsls": [
                        "British"
                      ]
                    },
                    {
                      "wd": "idle"
                    },
                    {
                      "wd": "kick around"
                    },
                    {
                      "wd": "kick back"
                    },
                    {
                      "wd": "laze"
                    },
                    {
                      "wd": "lazy"
                    },
                    {
                      "wd": "loll"
                    },
                    {
                      "wd": "lounge"
                    },
                    {
                      "wd": "veg out"
                    }
                  ]
                ],
                "rel_list": [
                  [
                    {
                      "wd": "fiddle (around)"
                    },
                    {
                      "wd": "fool"
                    },
                    {
                      "wd": "mess"
                    },
                    {
                      "wd": "monkey"
                    },
                    {
                      "wd": "muck"
                    },
                    {
                      "wd": "piddle"
                    },
                    {
                      "wd": "play"
                    },
                    {
                      "wd": "potter (around)"
                    },
                    {
                      "wd": "putter (around)"
                    },
                    {
                      "wd": "trifle"
                    }
                  ],
                  [
                    {
                      "wd": "doze"
                    },
                    {
                      "wd": "estivate",
                      "wvrs": [
                        {
                          "wvl": "also",
                          "wva": "aestivate"
                        }
                      ]
                    },
                    {
                      "wd": "hibernate"
                    }
                  ],
                  [
                    {
                      "wd": "lag"
                    },
                    {
                      "wd": "linger"
                    },
                    {
                      "wd": "loiter"
                    },
                    {
                      "wd": "poke"
                    },
                    {
                      "wd": "relax"
                    },
                    {
                      "wd": "rest"
                    },
                    {
                      "wd": "tarry"
                    }
                  ],
                  [
                    {
                      "wd": "amble"
                    },
                    {
                      "wd": "mosey"
                    },
                    {
                      "wd": "saunter"
                    },
                    {
                      "wd": "stroll"
                    },
                    {
                      "wd": "swan"
                    }
                  ],
                  [
                    {
                      "wd": "furlough"
                    },
                    {
                      "wd": "goldbrick"
                    },
                    {
                      "wd": "malinger"
                    },
                    {
                      "wd": "truant"
                    }
                  ]
                ],
                "phrase_list": [
                  [
                    {
                      "wd": "kill time"
                    },
                    {
                      "wd": "twiddle one's thumbs"
                    }
                  ]
                ],
                "near_list": [
                  [
                    {
                      "wd": "drudge"
                    },
                    {
                      "wd": "grind"
                    },
                    {
                      "wd": "grub"
                    },
                    {
                      "wd": "hump"
                    },
                    {
                      "wd": "hustle"
                    },
                    {
                      "wd": "labor"
                    },
                    {
                      "wd": "moil"
                    },
                    {
                      "wd": "peg"
                    },
                    {
                      "wd": "plod"
                    },
                    {
                      "wd": "plow"
                    },
                    {
                      "wd": "plug"
                    },
                    {
                      "wd": "slave"
                    },
                    {
                      "wd": "sweat"
                    },
                    {
                      "wd": "toil"
                    },
                    {
                      "wd": "travail"
                    },
                    {
                      "wd": "work"
                    }
                  ],
                  [
                    {
                      "wd": "apply"
                    },
                    {
                      "wd": "buckle (down)"
                    }
                  ],
                  [
                    {
                      "wd": "exert"
                    },
                    {
                      "wd": "put out"
                    }
                  ]
                ]
              }
            ]
          ]
        ]
      }
    ],
    "shortdef": [
      "to spend time doing nothing"
    ]
  }
]