[
  {
    "meta": {
      "id": "magnification",
      "uuid": "6eb228de-af36-4eec-9e62-24f1418384be",
      "src": "coll_thes",
      "section": "alpha",
      "target": {
        "tuuid": "d428b061-5fd2-42d8-a9f3-0b77a0b8f022",
        "tsrc": "collegiate"
      },
      "stems": [
        "magnification",
        "magnifications",
        "power"
      ],
      "syns": [
        [
          "caricature",
          "coloring",
          "elaboration",
          "embellishment",
          "embroidering",
          "embroidery",
          "exaggeration",
          "hyperbole",
          "overstatement",
          "padding",
          "stretching"
        ]
      ],
      "ants": [
        [
          "meiosis",
          "understatement"
        ]
      ],
      "offensive": false
    },
    "hwi": {
      "hw": "magnification"
    },
    "fl": "noun",
    "def": [
      {
        "sseq": [
          [
            [
              "sense",
              {
                "dt": [
                  [
                    "text",
                    "the representation of something in terms that go beyond the facts "
                  ],
                  [
                    "vis",
                    [
                      {
                        "t": "most movies don't deal in reality but in a {it}magnification{/it} of reality where everything is more intense"
                      }
                    ]
                  ]
                ],
                "syn_list": [
                  [
                    {
                      "wd": "caricature"
                    },
                    {
                      "wd": "coloring"
                    },
                    {
                      "wd": "elaboration"
                    },
                    {
                      "wd": "embellishment"
                    },
                    {
                      "wd": "embroidering"
                    },
                    {
                      "wd": "embroidery"
                    },
                    {
                      "wd": "exaggeration"
                    },
                    {
                      "wd": "hyperbole"
                    },
                    {
                      "wd": "overstatement"
                    },
                    {
                      "wd": "padding"
                    },
                    {
                      "wd": "stretching"
                    }
                  ]
                ],
                "rel_list": [
                  [
                    {
                      "wd": "amplification"
                    },
                    {
                      "wd": "enhancement"
                    }
                  ],
                  [
                    {
                      "wd": "fabrication"
                    },
                    {
                      "wd": "misrepresentation"
                    }
                  ],
                  [
                    {
                      "wd": "fudging"
                    },
                    {
                      "wd": "hedging"
                    }
                  ],
                  [
                    {
                      "wd": "hype"
                    },
                    {
                      "wd": "puffery"
                    }
                  ],
                  [
                    {
                      "wd": "superlative"
                    }
                  ]
                ],
                "near_list": [
                  [
                    {
                      "wd": "belittlement"
                    },
                    {
                      "wd": "disparagement"
                    },
                    {
                      "wd": "minimizing"
                    },
                    {
                      "wd": "poor-mouthing"
                    }
                  ]
                ],
                "ant_list": [
                  [
                    {
                      "wd": "meiosis"
                    },
                    {
                      "wd": "understatement"
                    }
                  ]
                ]
              }
            ]
          ]
        ]
      }
    ],
    "shortdef": [
      "the representation of something in terms that go beyond the facts"
    ]
  }
]