[
  {
    "meta": {
      "id": "magnet",
      "uuid": "bba172e5-1530-4472-8565-411deae25010",
      "src": "coll_thes",
      "section": "alpha",
      "target": {
        "tuuid": "620f5319-e9c1-46c5-b7f0-fad636bd06dd",
        "tsrc": "collegiate"
      },
      "stems": [
        "magnet",
        "magnets"
      ],
      "syns": [
        [
          "attraction",
          "draw",
          "lodestone"
        ]
      ],
      "ants": [],
      "offensive": false
    },
    "hwi": {
      "hw": "magnet"
    },
    "fl": "noun",
    "def": [
      {
        "sseq": [
          [
            [
              "sense",
              {
                "dt": [
                  [
                    "text",
                    "something that attracts interest "
                  ],
                  [
                    "vis",
                    [
                      {
                        "t": "the giant theme park is a {it}magnet{/it} for tourists to the area"
                      }
                    ]
                  ]
                ],
                "syn_list": [
                  [
                    {
                      "wd": "attraction"
                    },
                    {
                      "wd": "draw"
                    },
                    {
                      "wd": "lodestone",
                      "wvrs": [
                        {
                          "wvl": "also",
                          "wva": "loadstone"
                        }
                      ]
                    }
                  ]
                ],
                "rel_list": [
                  [
                    {
                      "wd": "capital"
                    },
                    {
                      "wd": "center"
                    },
                    {
                      "wd": "cynosure"
                    },
                    {
                      "wd": "epicenter"
                    },
                    {
                      "wd": "mecca"
                    },
                    {
                      "wd": "pole"
                    },
                    {
                      "wd": "polestar"
                    }
                  ],
                  [
                    {
                      "wd": "allure"
                    },
                    {
                      "wd": "allurement"
                    },
                    {
                      "wd": "bait"
                    },
                    {
                      "wd": "enticement"
                    },
                    {
                      "wd": "fascination"
                    },
                    {
                      "wd": "lure"
                    },
                    {
                      "wd": "temptation"
                    },
                    {
                      "wd": "turn-on"
                    }
                  ],
                  [
                    {
                      "wd": "appeal"
                    },
                    {
                      "wd": "call"
                    }
                  ],
                  [
                    {
                      "wd": "incentive"
                    },
                    {
                      "wd": "inducement"
                    },
                    {
                      "wd": "persuasion"
                    },
                    {
                      "wd": "spur"
                    },
                    {
                      "wd": "stimulus"
                    }
                  ],
                  [
                    {
                      "wd": "curiosity"
                    },
                    {
                      "wd": "sight(s)"
                    },
                    {
                      "wd": "spectacle"
                    }
                  ]
                ]
              }
            ]
          ]
        ]
      }
    ],
    "shortdef": [
      "something that attracts interest"
    ]
  },
  {
    "meta": {
      "id": "magnet school",
      "uuid": "3bf37f6b-1d8f-427d-be78-46e3c809401a",
      "src": "CTcompile",
      "section": "alpha",
      "stems": [
        "magnet school"
      ],
      "syns": [
        [
          "charter school",
          "minischool",
          "common school",
          "elementary school",
          "grammar school",
          "high school",
          "junior high school",
          "kindergarten",
          "middle school",
          "primary school",
          "public school",
          "secondary school",
          "senior high school",
          "trade school",
          "training school",
          "madrassa",
          "Sunday school",
          "yeshiva",
          "boarding school",
          "prep",
          "preparatory school",
          "prep school",
          "academe",
          "academy",
          "school",
          "seminary"
        ]
      ],
      "ants": [],
      "offensive": false
    },
    "hwi": {
      "hw": "magnet school"
    },
    "fl": "noun",
    "def": [
      {
        "sseq": [
          [
            [
              "sense",
              {
                "dt": [
                  [
                    "text",
                    "as in {it}charter school{/it}, {it}minischool{/it}"
                  ]
                ],
                "sim_list": [
                  [
                    {
                      "wd": "charter school"
                    },
                    {
                      "wd": "minischool"
                    }
                  ],
                  [
                    {
                      "wd": "common school"
                    },
                    {
                      "wd": "elementary school"
                    },
                    {
                      "wd": "grammar school"
                    },
                    {
                      "wd": "high school"
                    },
                    {
                      "wd": "junior high school"
                    },
                    {
                      "wd": "kindergarten"
                    },
                    {
                      "wd": "middle school"
                    },
                    {
                      "wd": "primary school"
                    },
                    {
                      "wd": "public school"
                    },
                    {
                      "wd": "secondary school"
                    },
                    {
                      "wd": "senior high school"
                    },
                    {
                      "wd": "trade school"
                    },
                    {
                      "wd": "training school"
                    }
                  ],
                  [
                    {
                      "wd": "madrassa",
                      "wvrs": [
                        {
                          "wvl": "or",
                          "wva": "madrasa"
                        },
                        {
                          "wvl": "also",
                          "wva": "madrassah"
                        },
                        {
                          "wvl": "or",
                          "wva": "madrasah"
                        }
                      ]
                    },
                    {
                      "wd": "Sunday school"
                    },
                    {
                      "wd": "yeshiva",
                      "wvrs": [
                        {
                          "wvl": "also",
                          "wva": "yeshivah"
                        }
                      ]
                    }
                  ],
                  [
                    {
                      "wd": "boarding school"
                    },
                    {
                      "wd": "prep"
                    },
                    {
                      "wd": "preparatory school"
                    },
                    {
                      "wd": "prep school"
                    }
                  ],
                  [
                    {
                      "wd": "academe"
                    },
                    {
                      "wd": "academy"
                    },
                    {
                      "wd": "school"
                    },
                    {
                      "wd": "seminary"
                    }
                  ]
                ]
              }
            ]
          ]
        ]
      }
    ],
    "shortdef": [
      "as in charter school, minischool"
    ]
  },
  {
    "meta": {
      "id": "magnet schools",
      "uuid": "da61cb87-826a-40c1-9805-e3e2f42bf62e",
      "src": "CTcompile",
      "section": "alpha",
      "stems": [
        "magnet schools"
      ],
      "syns": [
        [
          "charter schools",
          "minischools",
          "common schools",
          "elementary schools",
          "grammar schools",
          "high schools",
          "junior high schools",
          "kindergartens",
          "middle schools",
          "primary schools",
          "public schools",
          "secondary schools",
          "senior high schools",
          "trade schools",
          "training schools",
          "madrassas",
          "Sunday schools",
          "yeshivas",
          "boarding schools",
          "preparatory schools",
          "preps",
          "prep schools",
          "academes",
          "academies",
          "schools",
          "seminaries"
        ]
      ],
      "ants": [],
      "offensive": false
    },
    "hwi": {
      "hw": "magnet schools"
    },
    "fl": "noun",
    "sls": [
      "plural of {d_link|magnet school|magnet school}"
    ],
    "def": [
      {
        "sseq": [
          [
            [
              "sense",
              {
                "dt": [
                  [
                    "text",
                    "as in {it}charter schools{/it}, {it}minischools{/it}"
                  ]
                ],
                "sim_list": [
                  [
                    {
                      "wd": "charter schools"
                    },
                    {
                      "wd": "minischools"
                    }
                  ],
                  [
                    {
                      "wd": "common schools"
                    },
                    {
                      "wd": "elementary schools"
                    },
                    {
                      "wd": "grammar schools"
                    },
                    {
                      "wd": "high schools"
                    },
                    {
                      "wd": "junior high schools"
                    },
                    {
                      "wd": "kindergartens"
                    },
                    {
                      "wd": "middle schools"
                    },
                    {
                      "wd": "primary schools"
                    },
                    {
                      "wd": "public schools"
                    },
                    {
                      "wd": "secondary schools"
                    },
                    {
                      "wd": "senior high schools"
                    },
                    {
                      "wd": "trade schools"
                    },
                    {
                      "wd": "training schools"
                    }
                  ],
                  [
                    {
                      "wd": "madrassas",
                      "wvrs": [
                        {
                          "wvl": "or",
                          "wva": "madrasas"
                        },
                        {
                          "wvl": "also",
                          "wva": "madrassahs"
                        },
                        {
                          "wvl": "or",
                          "wva": "madrasahs"
                        }
                      ]
                    },
                    {
                      "wd": "Sunday schools"
                    },
                    {
                      "wd": "yeshivas",
                      "wvrs": [
                        {
                          "wvl": "or",
                          "wva": "yeshivot"
                        }
                      ]
                    }
                  ],
                  [
                    {
                      "wd": "boarding schools"
                    },
                    {
                      "wd": "preparatory schools"
                    },
                    {
                      "wd": "preps"
                    },
                    {
                      "wd": "prep schools"
                    }
                  ],
                  [
                    {
                      "wd": "academes"
                    },
                    {
                      "wd": "academies"
                    },
                    {
                      "wd": "schools"
                    },
                    {
                      "wd": "seminaries"
                    }
                  ]
                ]
              }
            ]
          ]
        ]
      }
    ],
    "shortdef": [
      "as in charter schools, minischools"
    ]
  }
]