[
  {
    "meta": {
      "id": "mental",
      "uuid": "3819d2dd-61b6-4532-84b0-479efb21ab05",
      "src": "coll_thes",
      "section": "alpha",
      "target": {
        "tuuid": "386e543b-9bb2-4230-bd92-8e9ca920334a",
        "tsrc": "collegiate"
      },
      "stems": [
        "mental",
        "mentally"
      ],
      "syns": [
        [
          "cerebral",
          "inner",
          "intellectual",
          "interior",
          "internal",
          "psychological"
        ],
        [
          "balmy",
          "barmy",
          "bats",
          "batty",
          "bedlam",
          "bonkers",
          "brainsick",
          "bughouse",
          "certifiable",
          "crackbrained",
          "cracked",
          "crackers",
          "crackpot",
          "cranky",
          "crazed",
          "crazy",
          "cuckoo",
          "daffy",
          "daft",
          "demented",
          "deranged",
          "fruity",
          "gaga",
          "haywire",
          "insane",
          "kooky",
          "loco",
          "loony",
          "loony tunes",
          "lunatic",
          "mad",
          "maniacal",
          "meshuga",
          "moonstruck",
          "non compos mentis",
          "nuts",
          "nutty",
          "psycho",
          "psychotic",
          "scatty",
          "screwy",
          "unbalanced",
          "unhinged",
          "unsound",
          "wacko",
          "wacky",
          "wud"
        ]
      ],
      "ants": [
        [
          "nonmental"
        ],
        [
          "balanced",
          "compos mentis",
          "sane",
          "sound",
          "uncrazy"
        ]
      ],
      "offensive": false
    },
    "hwi": {
      "hw": "mental"
    },
    "fl": "adjective",
    "def": [
      {
        "sseq": [
          [
            [
              "sense",
              {
                "sn": "1",
                "dt": [
                  [
                    "text",
                    "of or relating to the mind "
                  ],
                  [
                    "vis",
                    [
                      {
                        "t": "a funny {it}mental{/it} image made him laugh out loud"
                      }
                    ]
                  ]
                ],
                "syn_list": [
                  [
                    {
                      "wd": "cerebral"
                    },
                    {
                      "wd": "inner"
                    },
                    {
                      "wd": "intellectual"
                    },
                    {
                      "wd": "interior"
                    },
                    {
                      "wd": "internal"
                    },
                    {
                      "wd": "psychological",
                      "wvrs": [
                        {
                          "wvl": "also",
                          "wva": "psychologic"
                        }
                      ]
                    }
                  ]
                ],
                "rel_list": [
                  [
                    {
                      "wd": "cognitive"
                    },
                    {
                      "wd": "conscious"
                    },
                    {
                      "wd": "epistemic"
                    },
                    {
                      "wd": "knowing"
                    }
                  ],
                  [
                    {
                      "wd": "noetic"
                    }
                  ],
                  [
                    {
                      "wd": "psychic",
                      "wvrs": [
                        {
                          "wvl": "also",
                          "wva": "psychical"
                        }
                      ]
                    },
                    {
                      "wd": "telepathic"
                    }
                  ],
                  [
                    {
                      "wd": "alert"
                    },
                    {
                      "wd": "brainy"
                    },
                    {
                      "wd": "bright"
                    },
                    {
                      "wd": "brilliant"
                    },
                    {
                      "wd": "clever"
                    },
                    {
                      "wd": "intelligent"
                    },
                    {
                      "wd": "quick-witted"
                    },
                    {
                      "wd": "rational"
                    },
                    {
                      "wd": "reasoning"
                    },
                    {
                      "wd": "sharp"
                    },
                    {
                      "wd": "sharp-witted"
                    },
                    {
                      "wd": "smart"
                    },
                    {
                      "wd": "thinking"
                    }
                  ]
                ],
                "near_list": [
                  [
                    {
                      "wd": "bodily"
                    },
                    {
                      "wd": "carnal"
                    },
                    {
                      "wd": "corporal"
                    },
                    {
                      "wd": "corporeal"
                    },
                    {
                      "wd": "fleshly"
                    },
                    {
                      "wd": "physical"
                    },
                    {
                      "wd": "somatic"
                    }
                  ],
                  [
                    {
                      "wd": "unconscious"
                    }
                  ],
                  [
                    {
                      "wd": "brainless"
                    },
                    {
                      "wd": "dense"
                    },
                    {
                      "wd": "doltish"
                    },
                    {
                      "wd": "dopey",
                      "wvrs": [
                        {
                          "wvl": "also",
                          "wva": "dopy"
                        }
                      ]
                    },
                    {
                      "wd": "fatuous"
                    },
                    {
                      "wd": "half-witted"
                    },
                    {
                      "wd": "mindless"
                    },
                    {
                      "wd": "obtuse"
                    },
                    {
                      "wd": "simple"
                    },
                    {
                      "wd": "slow-witted"
                    },
                    {
                      "wd": "stupid"
                    },
                    {
                      "wd": "thick"
                    },
                    {
                      "wd": "thickheaded"
                    },
                    {
                      "wd": "unintelligent"
                    },
                    {
                      "wd": "weak-minded"
                    },
                    {
                      "wd": "witless"
                    }
                  ]
                ],
                "ant_list": [
                  [
                    {
                      "wd": "nonmental"
                    }
                  ]
                ]
              }
            ]
          ],
          [
            [
              "sense",
              {
                "sn": "2",
                "dt": [
                  [
                    "text",
                    "having or showing a very abnormal or sick state of mind "
                  ],
                  [
                    "vis",
                    [
                      {
                        "t": "humane treatment of {it}mental{/it} patients"
                      }
                    ]
                  ]
                ],
                "syn_list": [
                  [
                    {
                      "wd": "balmy"
                    },
                    {
                      "wd": "barmy",
                      "wsls": [
                        "chiefly British"
                      ]
                    },
                    {
                      "wd": "bats"
                    },
                    {
                      "wd": "batty"
                    },
                    {
                      "wd": "bedlam"
                    },
                    {
                      "wd": "bonkers"
                    },
                    {
                      "wd": "brainsick"
                    },
                    {
                      "wd": "bughouse",
                      "wsls": [
                        "slang"
                      ]
                    },
                    {
                      "wd": "certifiable"
                    },
                    {
                      "wd": "crackbrained"
                    },
                    {
                      "wd": "cracked"
                    },
                    {
                      "wd": "crackers"
                    },
                    {
                      "wd": "crackpot"
                    },
                    {
                      "wd": "cranky",
                      "wsls": [
                        "dialect"
                      ]
                    },
                    {
                      "wd": "crazed"
                    },
                    {
                      "wd": "crazy"
                    },
                    {
                      "wd": "cuckoo"
                    },
                    {
                      "wd": "daffy"
                    },
                    {
                      "wd": "daft"
                    },
                    {
                      "wd": "demented"
                    },
                    {
                      "wd": "deranged"
                    },
                    {
                      "wd": "fruity",
                      "wsls": [
                        "slang"
                      ]
                    },
                    {
                      "wd": "gaga"
                    },
                    {
                      "wd": "haywire"
                    },
                    {
                      "wd": "insane"
                    },
                    {
                      "wd": "kooky",
                      "wvrs": [
                        {
                          "wvl": "also",
                          "wva": "kookie"
                        }
                      ]
                    },
                    {
                      "wd": "loco",
                      "wsls": [
                        "slang"
                      ]
                    },
                    {
                      "wd": "loony",
                      "wvrs": [
                        {
                          "wvl": "also",
                          "wva": "looney"
                        }
                      ]
                    },
                    {
                      "wd": "loony tunes",
                      "wvrs": [
                        {
                          "wvl": "or",
                          "wva": "looney tunes"
                        }
                      ]
                    },
                    {
                      "wd": "lunatic"
                    },
                    {
                      "wd": "mad"
                    },
                    {
                      "wd": "maniacal",
                      "wvrs": [
                        {
                          "wvl": "also",
                          "wva": "maniac"
                        }
                      ]
                    },
                    {
                      "wd": "meshuga",
                      "wvrs": [
                        {
                          "wvl": "or",
                          "wva": "meshugge"
                        },
                        {
                          "wvl": "also",
                          "wva": "meshugah"
                        },
                        {
                          "wvl": "or",
                          "wva": "meshuggah"
                        }
                      ]
                    },
                    {
                      "wd": "moonstruck"
                    },
                    {
                      "wd": "non compos mentis"
                    },
                    {
                      "wd": "nuts"
                    },
                    {
                      "wd": "nutty"
                    },
                    {
                      "wd": "psycho"
                    },
                    {
                      "wd": "psychotic"
                    },
                    {
                      "wd": "scatty",
                      "wsls": [
                        "chiefly British"
                      ]
                    },
                    {
                      "wd": "screwy"
                    },
                    {
                      "wd": "unbalanced"
                    },
                    {
                      "wd": "unhinged"
                    },
                    {
                      "wd": "unsound"
                    },
                    {
                      "wd": "wacko",
                      "wvrs": [
                        {
                          "wvl": "also",
                          "wva": "whacko"
                        }
                      ]
                    },
                    {
                      "wd": "wacky",
                      "wvrs": [
                        {
                          "wvl": "also",
                          "wva": "whacky"
                        }
                      ]
                    },
                    {
                      "wd": "wud",
                      "wsls": [
                        "chiefly Scottish"
                      ]
                    }
                  ]
                ],
                "rel_list": [
                  [
                    {
                      "wd": "dotty"
                    },
                    {
                      "wd": "fey"
                    },
                    {
                      "wd": "loopy"
                    },
                    {
                      "wd": "off"
                    },
                    {
                      "wd": "potty",
                      "wsls": [
                        "chiefly British"
                      ]
                    },
                    {
                      "wd": "teched",
                      "wvrs": [
                        {
                          "wvl": "or",
                          "wva": "tetched"
                        }
                      ]
                    },
                    {
                      "wd": "touched"
                    }
                  ],
                  [
                    {
                      "wd": "aberrant"
                    },
                    {
                      "wd": "delirious"
                    },
                    {
                      "wd": "delusional"
                    },
                    {
                      "wd": "delusionary"
                    },
                    {
                      "wd": "disordered"
                    },
                    {
                      "wd": "disturbed"
                    },
                    {
                      "wd": "neurotic"
                    },
                    {
                      "wd": "obsessive-compulsive"
                    },
                    {
                      "wd": "paranoiac",
                      "wvrs": [
                        {
                          "wvl": "also",
                          "wva": "paranoic"
                        }
                      ]
                    },
                    {
                      "wd": "paranoid",
                      "wvrs": [
                        {
                          "wvl": "also",
                          "wva": "paranoidal"
                        }
                      ]
                    },
                    {
                      "wd": "schizoid"
                    },
                    {
                      "wd": "schizophrenic"
                    },
                    {
                      "wd": "sociopathic"
                    }
                  ],
                  [
                    {
                      "wd": "eccentric"
                    },
                    {
                      "wd": "odd"
                    },
                    {
                      "wd": "oddball"
                    },
                    {
                      "wd": "pixilated",
                      "wvrs": [
                        {
                          "wvl": "also",
                          "wva": "pixillated"
                        }
                      ]
                    },
                    {
                      "wd": "queer"
                    },
                    {
                      "wd": "strange"
                    }
                  ],
                  [
                    {
                      "wd": "foolish"
                    },
                    {
                      "wd": "senseless"
                    },
                    {
                      "wd": "witless"
                    }
                  ],
                  [
                    {
                      "wd": "irrational"
                    },
                    {
                      "wd": "unreasonable"
                    }
                  ],
                  [
                    {
                      "wd": "amok",
                      "wvrs": [
                        {
                          "wvl": "or",
                          "wva": "amuck"
                        }
                      ]
                    },
                    {
                      "wd": "ape"
                    },
                    {
                      "wd": "ballistic"
                    },
                    {
                      "wd": "bananas"
                    },
                    {
                      "wd": "berserk"
                    },
                    {
                      "wd": "nuclear"
                    }
                  ],
                  [
                    {
                      "wd": "depressed"
                    }
                  ],
                  [
                    {
                      "wd": "distracted"
                    },
                    {
                      "wd": "distraught"
                    },
                    {
                      "wd": "frantic"
                    },
                    {
                      "wd": "frenzied"
                    },
                    {
                      "wd": "hysterical",
                      "wvrs": [
                        {
                          "wvl": "also",
                          "wva": "hysteric"
                        }
                      ]
                    },
                    {
                      "wd": "raving"
                    },
                    {
                      "wd": "wigged-out"
                    }
                  ],
                  [
                    {
                      "wd": "fixated"
                    },
                    {
                      "wd": "monomaniac"
                    },
                    {
                      "wd": "monomaniacal"
                    },
                    {
                      "wd": "obsessed"
                    }
                  ]
                ],
                "phrase_list": [
                  [
                    {
                      "wd": "around the bend"
                    },
                    {
                      "wd": "off one's gourd"
                    },
                    {
                      "wd": "off one's head"
                    },
                    {
                      "wd": "off one's rocker"
                    },
                    {
                      "wd": "out of one's head",
                      "wvrs": [
                        {
                          "wvl": "or",
                          "wva": "out of one's mind"
                        }
                      ]
                    },
                    {
                      "wd": "out to lunch",
                      "wsls": [
                        "slang"
                      ]
                    }
                  ]
                ],
                "near_list": [
                  [
                    {
                      "wd": "clear"
                    },
                    {
                      "wd": "lucid"
                    },
                    {
                      "wd": "rational"
                    },
                    {
                      "wd": "reasonable"
                    }
                  ],
                  [
                    {
                      "wd": "judicious"
                    },
                    {
                      "wd": "sensible"
                    },
                    {
                      "wd": "wise"
                    }
                  ],
                  [
                    {
                      "wd": "healthy"
                    },
                    {
                      "wd": "normal"
                    },
                    {
                      "wd": "well-adjusted"
                    }
                  ],
                  [
                    {
                      "wd": "unneurotic"
                    }
                  ]
                ],
                "ant_list": [
                  [
                    {
                      "wd": "balanced"
                    },
                    {
                      "wd": "compos mentis"
                    },
                    {
                      "wd": "sane"
                    },
                    {
                      "wd": "sound"
                    },
                    {
                      "wd": "uncrazy"
                    }
                  ]
                ]
              }
            ]
          ]
        ]
      }
    ],
    "shortdef": [
      "of or relating to the mind",
      "having or showing a very abnormal or sick state of mind"
    ]
  },
  {
    "meta": {
      "id": "mental deficiency",
      "uuid": "51b9444a-d80d-4b23-9bdc-dd14e9fa0224",
      "src": "CTcompile",
      "section": "alpha",
      "stems": [
        "mental deficiency"
      ],
      "syns": [
        [
          "mental retardation",
          "fallacy",
          "irrationality",
          "unreasonableness",
          "absurdity",
          "asininity",
          "balminess",
          "craziness",
          "daftness",
          "dippiness",
          "dottiness",
          "fatuousness",
          "folly",
          "idiocy",
          "inaneness",
          "inanity",
          "insanity",
          "lunacy",
          "madness",
          "nincompoopery",
          "nonsensicalness",
          "nuttiness",
          "preposterousness",
          "silliness",
          "simplicity",
          "wackiness",
          "zaniness",
          "feeblemindedness",
          "simplemindedness",
          "boneheadedness",
          "brainlessness",
          "denseness",
          "density",
          "dim-wittedness",
          "doltishness",
          "dopiness",
          "dorkiness",
          "dullness",
          "dumbness",
          "fatuity",
          "foolishness",
          "gormlessness",
          "mindlessness",
          "oafishness",
          "obtuseness",
          "senselessness",
          "simpleness",
          "slowness",
          "stupidity",
          "stupidness",
          "thickness",
          "vacuity",
          "weak-mindedness",
          "witlessness"
        ]
      ],
      "ants": [
        [
          "braininess",
          "brightness",
          "brilliance",
          "cleverness",
          "intelligence",
          "keenness",
          "quickness",
          "quick-wittedness",
          "sharpness",
          "smartness",
          "acumen",
          "alertness",
          "astuteness",
          "discernment",
          "insight",
          "judgment",
          "perception",
          "percipience",
          "perspicacity",
          "sagacity",
          "sageness",
          "sapience",
          "wisdom",
          "wit",
          "logicality",
          "logicalness",
          "rationality",
          "rationalness",
          "reasonableness",
          "soundness",
          "validity"
        ]
      ],
      "offensive": false
    },
    "hwi": {
      "hw": "mental deficiency"
    },
    "fl": "noun",
    "def": [
      {
        "sseq": [
          [
            [
              "sense",
              {
                "dt": [
                  [
                    "text",
                    "as in {it}mental retardation{/it}"
                  ]
                ],
                "sim_list": [
                  [
                    {
                      "wd": "mental retardation"
                    }
                  ],
                  [
                    {
                      "wd": "fallacy"
                    },
                    {
                      "wd": "irrationality"
                    },
                    {
                      "wd": "unreasonableness"
                    }
                  ],
                  [
                    {
                      "wd": "absurdity"
                    },
                    {
                      "wd": "asininity"
                    },
                    {
                      "wd": "balminess"
                    },
                    {
                      "wd": "craziness"
                    },
                    {
                      "wd": "daftness"
                    },
                    {
                      "wd": "dippiness"
                    },
                    {
                      "wd": "dottiness"
                    },
                    {
                      "wd": "fatuousness"
                    },
                    {
                      "wd": "folly"
                    },
                    {
                      "wd": "idiocy"
                    },
                    {
                      "wd": "inaneness"
                    },
                    {
                      "wd": "inanity"
                    },
                    {
                      "wd": "insanity"
                    },
                    {
                      "wd": "lunacy"
                    },
                    {
                      "wd": "madness"
                    },
                    {
                      "wd": "nincompoopery"
                    },
                    {
                      "wd": "nonsensicalness"
                    },
                    {
                      "wd": "nuttiness"
                    },
                    {
                      "wd": "preposterousness"
                    },
                    {
                      "wd": "silliness"
                    },
                    {
                      "wd": "simplicity"
                    },
                    {
                      "wd": "wackiness"
                    },
                    {
                      "wd": "zaniness"
                    }
                  ],
                  [
                    {
                      "wd": "feeblemindedness"
                    },
                    {
                      "wd": "simplemindedness"
                    }
                  ],
                  [
                    {
                      "wd": "boneheadedness"
                    },
                    {
                      "wd": "brainlessness"
                    },
                    {
                      "wd": "denseness"
                    },
                    {
                      "wd": "density"
                    },
                    {
                      "wd": "dim-wittedness"
                    },
                    {
                      "wd": "doltishness"
                    },
                    {
                      "wd": "dopiness"
                    },
                    {
                      "wd": "dorkiness"
                    },
                    {
                      "wd": "dullness",
                      "wvrs": [
                        {
                          "wvl": "also",
                          "wva": "dulness"
                        }
                      ]
                    },
                    {
                      "wd": "dumbness"
                    },
                    {
                      "wd": "fatuity"
                    },
                    {
                      "wd": "foolishness"
                    },
                    {
                      "wd": "gormlessness",
                      "wsls": [
                        "chiefly British"
                      ]
                    },
                    {
                      "wd": "mindlessness"
                    },
                    {
                      "wd": "oafishness"
                    },
                    {
                      "wd": "obtuseness"
                    },
                    {
                      "wd": "senselessness"
                    },
                    {
                      "wd": "simpleness"
                    },
                    {
                      "wd": "slowness"
                    },
                    {
                      "wd": "stupidity"
                    },
                    {
                      "wd": "stupidness"
                    },
                    {
                      "wd": "thickness"
                    },
                    {
                      "wd": "vacuity"
                    },
                    {
                      "wd": "weak-mindedness"
                    },
                    {
                      "wd": "witlessness"
                    }
                  ]
                ],
                "opp_list": [
                  [
                    {
                      "wd": "braininess"
                    },
                    {
                      "wd": "brightness"
                    },
                    {
                      "wd": "brilliance"
                    },
                    {
                      "wd": "cleverness"
                    },
                    {
                      "wd": "intelligence"
                    },
                    {
                      "wd": "keenness"
                    },
                    {
                      "wd": "quickness"
                    },
                    {
                      "wd": "quick-wittedness"
                    },
                    {
                      "wd": "sharpness"
                    },
                    {
                      "wd": "smartness"
                    }
                  ],
                  [
                    {
                      "wd": "acumen"
                    },
                    {
                      "wd": "alertness"
                    },
                    {
                      "wd": "astuteness"
                    },
                    {
                      "wd": "discernment"
                    },
                    {
                      "wd": "insight"
                    },
                    {
                      "wd": "judgment",
                      "wvrs": [
                        {
                          "wvl": "or",
                          "wva": "judgement"
                        }
                      ]
                    },
                    {
                      "wd": "perception"
                    },
                    {
                      "wd": "percipience"
                    },
                    {
                      "wd": "perspicacity"
                    }
                  ],
                  [
                    {
                      "wd": "sagacity"
                    },
                    {
                      "wd": "sageness"
                    },
                    {
                      "wd": "sapience"
                    },
                    {
                      "wd": "wisdom"
                    },
                    {
                      "wd": "wit"
                    }
                  ],
                  [
                    {
                      "wd": "logicality"
                    },
                    {
                      "wd": "logicalness"
                    },
                    {
                      "wd": "rationality"
                    },
                    {
                      "wd": "rationalness"
                    },
                    {
                      "wd": "reasonableness"
                    },
                    {
                      "wd": "soundness"
                    },
                    {
                      "wd": "validity"
                    }
                  ]
                ]
              }
            ]
          ]
        ]
      }
    ],
    "shortdef": [
      "as in mental retardation"
    ]
  },
  {
    "meta": {
      "id": "mental retardation",
      "uuid": "7de2a91c-13f3-4be3-95f4-5117715553df",
      "src": "CTcompile",
      "section": "alpha",
      "stems": [
        "mental retardation"
      ],
      "syns": [
        [
          "mental deficiency",
          "fallacy",
          "irrationality",
          "unreasonableness",
          "absurdity",
          "asininity",
          "balminess",
          "craziness",
          "daftness",
          "dippiness",
          "dottiness",
          "fatuousness",
          "folly",
          "idiocy",
          "inaneness",
          "inanity",
          "insanity",
          "lunacy",
          "madness",
          "nincompoopery",
          "nonsensicalness",
          "nuttiness",
          "preposterousness",
          "silliness",
          "simplicity",
          "wackiness",
          "zaniness",
          "feeblemindedness",
          "simplemindedness",
          "boneheadedness",
          "brainlessness",
          "denseness",
          "density",
          "dim-wittedness",
          "doltishness",
          "dopiness",
          "dorkiness",
          "dullness",
          "dumbness",
          "fatuity",
          "foolishness",
          "gormlessness",
          "mindlessness",
          "oafishness",
          "obtuseness",
          "senselessness",
          "simpleness",
          "slowness",
          "stupidity",
          "stupidness",
          "thickness",
          "vacuity",
          "weak-mindedness",
          "witlessness"
        ]
      ],
      "ants": [
        [
          "braininess",
          "brightness",
          "brilliance",
          "cleverness",
          "intelligence",
          "keenness",
          "quickness",
          "quick-wittedness",
          "sharpness",
          "smartness",
          "acumen",
          "alertness",
          "astuteness",
          "discernment",
          "insight",
          "judgment",
          "perception",
          "percipience",
          "perspicacity",
          "sagacity",
          "sageness",
          "sapience",
          "wisdom",
          "wit",
          "logicality",
          "logicalness",
          "rationality",
          "rationalness",
          "reasonableness",
          "soundness",
          "validity"
        ]
      ],
      "offensive": false
    },
    "hwi": {
      "hw": "mental retardation"
    },
    "fl": "noun",
    "def": [
      {
        "sseq": [
          [
            [
              "sense",
              {
                "dt": [
                  [
                    "text",
                    "as in {it}mental deficiency{/it}"
                  ]
                ],
                "sim_list": [
                  [
                    {
                      "wd": "mental deficiency"
                    }
                  ],
                  [
                    {
                      "wd": "fallacy"
                    },
                    {
                      "wd": "irrationality"
                    },
                    {
                      "wd": "unreasonableness"
                    }
                  ],
                  [
                    {
                      "wd": "absurdity"
                    },
                    {
                      "wd": "asininity"
                    },
                    {
                      "wd": "balminess"
                    },
                    {
                      "wd": "craziness"
                    },
                    {
                      "wd": "daftness"
                    },
                    {
                      "wd": "dippiness"
                    },
                    {
                      "wd": "dottiness"
                    },
                    {
                      "wd": "fatuousness"
                    },
                    {
                      "wd": "folly"
                    },
                    {
                      "wd": "idiocy"
                    },
                    {
                      "wd": "inaneness"
                    },
                    {
                      "wd": "inanity"
                    },
                    {
                      "wd": "insanity"
                    },
                    {
                      "wd": "lunacy"
                    },
                    {
                      "wd": "madness"
                    },
                    {
                      "wd": "nincompoopery"
                    },
                    {
                      "wd": "nonsensicalness"
                    },
                    {
                      "wd": "nuttiness"
                    },
                    {
                      "wd": "preposterousness"
                    },
                    {
                      "wd": "silliness"
                    },
                    {
                      "wd": "simplicity"
                    },
                    {
                      "wd": "wackiness"
                    },
                    {
                      "wd": "zaniness"
                    }
                  ],
                  [
                    {
                      "wd": "feeblemindedness"
                    },
                    {
                      "wd": "simplemindedness"
                    }
                  ],
                  [
                    {
                      "wd": "boneheadedness"
                    },
                    {
                      "wd": "brainlessness"
                    },
                    {
                      "wd": "denseness"
                    },
                    {
                      "wd": "density"
                    },
                    {
                      "wd": "dim-wittedness"
                    },
                    {
                      "wd": "doltishness"
                    },
                    {
                      "wd": "dopiness"
                    },
                    {
                      "wd": "dorkiness"
                    },
                    {
                      "wd": "dullness",
                      "wvrs": [
                        {
                          "wvl": "also",
                          "wva": "dulness"
                        }
                      ]
                    },
                    {
                      "wd": "dumbness"
                    },
                    {
                      "wd": "fatuity"
                    },
                    {
                      "wd": "foolishness"
                    },
                    {
                      "wd": "gormlessness",
                      "wsls": [
                        "chiefly British"
                      ]
                    },
                    {
                      "wd": "mindlessness"
                    },
                    {
                      "wd": "oafishness"
                    },
                    {
                      "wd": "obtuseness"
                    },
                    {
                      "wd": "senselessness"
                    },
                    {
                      "wd": "simpleness"
                    },
                    {
                      "wd": "slowness"
                    },
                    {
                      "wd": "stupidity"
                    },
                    {
                      "wd": "stupidness"
                    },
                    {
                      "wd": "thickness"
                    },
                    {
                      "wd": "vacuity"
                    },
                    {
                      "wd": "weak-mindedness"
                    },
                    {
                      "wd": "witlessness"
                    }
                  ]
                ],
                "opp_list": [
                  [
                    {
                      "wd": "braininess"
                    },
                    {
                      "wd": "brightness"
                    },
                    {
                      "wd": "brilliance"
                    },
                    {
                      "wd": "cleverness"
                    },
                    {
                      "wd": "intelligence"
                    },
                    {
                      "wd": "keenness"
                    },
                    {
                      "wd": "quickness"
                    },
                    {
                      "wd": "quick-wittedness"
                    },
                    {
                      "wd": "sharpness"
                    },
                    {
                      "wd": "smartness"
                    }
                  ],
                  [
                    {
                      "wd": "acumen"
                    },
                    {
                      "wd": "alertness"
                    },
                    {
                      "wd": "astuteness"
                    },
                    {
                      "wd": "discernment"
                    },
                    {
                      "wd": "insight"
                    },
                    {
                      "wd": "judgment",
                      "wvrs": [
                        {
                          "wvl": "or",
                          "wva": "judgement"
                        }
                      ]
                    },
                    {
                      "wd": "perception"
                    },
                    {
                      "wd": "percipience"
                    },
                    {
                      "wd": "perspicacity"
                    }
                  ],
                  [
                    {
                      "wd": "sagacity"
                    },
                    {
                      "wd": "sageness"
                    },
                    {
                      "wd": "sapience"
                    },
                    {
                      "wd": "wisdom"
                    },
                    {
                      "wd": "wit"
                    }
                  ],
                  [
                    {
                      "wd": "logicality"
                    },
                    {
                      "wd": "logicalness"
                    },
                    {
                      "wd": "rationality"
                    },
                    {
                      "wd": "rationalness"
                    },
                    {
                      "wd": "reasonableness"
                    },
                    {
                      "wd": "soundness"
                    },
                    {
                      "wd": "validity"
                    }
                  ]
                ]
              }
            ]
          ]
        ]
      }
    ],
    "shortdef": [
      "as in mental deficiency"
    ]
  }
]