[
  {
    "meta": {
      "id": "modeling",
      "uuid": "efcf322c-dbef-4ac2-bc21-70bafbf1c500",
      "src": "CTcompile",
      "section": "alpha",
      "stems": [
        "modeling",
        "modelling"
      ],
      "syns": [
        [
          "customizing",
          "gearing",
          "matching",
          "patterning",
          "acclimating",
          "acclimatizing",
          "accommodating",
          "adapting",
          "adjusting",
          "conditioning",
          "conforming",
          "doctoring",
          "editing",
          "fashioning",
          "fitting",
          "putting",
          "shaping",
          "suiting",
          "tailoring",
          "readapting",
          "readjusting",
          "attuning",
          "correcting",
          "harmonizing",
          "squaring",
          "tuning",
          "establishing",
          "rooting",
          "settling",
          "acquainting",
          "familiarizing",
          "orientating",
          "orienting",
          "equipping",
          "preparing",
          "priming",
          "rehearsing",
          "hardening",
          "inuring",
          "seasoning",
          "toughening",
          "altering",
          "converting",
          "making over",
          "modifying",
          "recasting",
          "reclaiming",
          "recycling",
          "redesigning",
          "redeveloping",
          "redoing",
          "reengineering",
          "refashioning",
          "refiguring",
          "refitting",
          "refocusing",
          "reinventing",
          "rejiggering",
          "remaking",
          "remodeling",
          "revamping",
          "revising",
          "reworking",
          "transforming"
        ]
      ],
      "ants": [
        [
          "misadjusting"
        ]
      ],
      "offensive": false
    },
    "hwi": {
      "hw": "modeling"
    },
    "vrs": [
      {
        "vl": "or",
        "va": "modelling"
      }
    ],
    "fl": "verb",
    "sls": [
      "present participle of {d_link|model|model}"
    ],
    "def": [
      {
        "sseq": [
          [
            [
              "sense",
              {
                "dt": [
                  [
                    "text",
                    "as in {it}matching{/it}, {it}patterning{/it}"
                  ]
                ],
                "sim_list": [
                  [
                    {
                      "wd": "customizing"
                    },
                    {
                      "wd": "gearing"
                    },
                    {
                      "wd": "matching"
                    },
                    {
                      "wd": "patterning"
                    }
                  ],
                  [
                    {
                      "wd": "acclimating"
                    },
                    {
                      "wd": "acclimatizing"
                    },
                    {
                      "wd": "accommodating"
                    },
                    {
                      "wd": "adapting"
                    },
                    {
                      "wd": "adjusting"
                    },
                    {
                      "wd": "conditioning"
                    },
                    {
                      "wd": "conforming"
                    },
                    {
                      "wd": "doctoring"
                    },
                    {
                      "wd": "editing"
                    },
                    {
                      "wd": "fashioning"
                    },
                    {
                      "wd": "fitting"
                    },
                    {
                      "wd": "putting"
                    },
                    {
                      "wd": "shaping"
                    },
                    {
                      "wd": "suiting"
                    },
                    {
                      "wd": "tailoring"
                    }
                  ],
                  [
                    {
                      "wd": "readapting"
                    },
                    {
                      "wd": "readjusting"
                    }
                  ],
                  [
                    {
                      "wd": "attuning"
                    },
                    {
                      "wd": "correcting"
                    },
                    {
                      "wd": "harmonizing"
                    },
                    {
                      "wd": "squaring"
                    },
                    {
                      "wd": "tuning"
                    }
                  ],
                  [
                    {
                      "wd": "establishing"
                    },
                    {
                      "wd": "rooting"
                    },
                    {
                      "wd": "settling"
                    }
                  ],
                  [
                    {
                      "wd": "acquainting"
                    },
                    {
                      "wd": "familiarizing"
                    },
                    {
                      "wd": "orientating"
                    },
                    {
                      "wd": "orienting"
                    }
                  ],
                  [
                    {
                      "wd": "equipping"
                    },
                    {
                      "wd": "preparing"
                    },
                    {
                      "wd": "priming"
                    },
                    {
                      "wd": "rehearsing"
                    }
                  ],
                  [
                    {
                      "wd": "hardening"
                    },
                    {
                      "wd": "inuring"
                    },
                    {
                      "wd": "seasoning"
                    },
                    {
                      "wd": "toughening"
                    }
                  ],
                  [
                    {
                      "wd": "altering"
                    },
                    {
                      "wd": "converting"
                    },
                    {
                      "wd": "making over"
                    },
                    {
                      "wd": "modifying"
                    },
                    {
                      "wd": "recasting"
                    },
                    {
                      "wd": "reclaiming"
                    },
                    {
                      "wd": "recycling"
                    },
                    {
                      "wd": "redesigning"
                    },
                    {
                      "wd": "redeveloping"
                    },
                    {
                      "wd": "redoing"
                    },
                    {
                      "wd": "reengineering"
                    },
                    {
                      "wd": "refashioning"
                    },
                    {
                      "wd": "refiguring"
                    },
                    {
                      "wd": "refitting"
                    },
                    {
                      "wd": "refocusing"
                    },
                    {
                      "wd": "reinventing"
                    },
                    {
                      "wd": "rejiggering"
                    },
                    {
                      "wd": "remaking"
                    },
                    {
                      "wd": "remodeling"
                    },
                    {
                      "wd": "revamping"
                    },
                    {
                      "wd": "revising"
                    },
                    {
                      "wd": "reworking"
                    },
                    {
                      "wd": "transforming"
                    }
                  ]
                ],
                "opp_list": [
                  [
                    {
                      "wd": "misadjusting"
                    }
                  ]
                ]
              }
            ]
          ]
        ]
      }
    ],
    "shortdef": [
      "as in matching, patterning"
    ]
  }
]