[
  {
    "meta": {
      "id": "model",
      "uuid": "2069e09e-8dc4-4d17-b9f6-64d8e667e7cf",
      "src": "coll_thes",
      "section": "alpha",
      "target": {
        "tuuid": "9d9fbd79-f37c-4ef2-8862-423a76028fec",
        "tsrc": "collegiate"
      },
      "stems": [
        "model",
        "models"
      ],
      "syns": [
        [
          "miniature"
        ],
        [
          "manikin",
          "mannequin"
        ],
        [
          "beau ideal",
          "classic",
          "eidolon",
          "exemplar",
          "idea",
          "ideal",
          "nonesuch",
          "nonpareil",
          "paragon",
          "patron saint"
        ]
      ],
      "ants": [],
      "offensive": false
    },
    "hwi": {
      "hw": "model"
    },
    "fl": "noun",
    "def": [
      {
        "sseq": [
          [
            [
              "sense",
              {
                "sn": "1",
                "dt": [
                  [
                    "text",
                    "an exact representation of something in greatly reduced size "
                  ],
                  [
                    "vis",
                    [
                      {
                        "t": "the dollhouse was a tiny, perfect {it}model{/it} of the family's actual house"
                      }
                    ]
                  ]
                ],
                "syn_list": [
                  [
                    {
                      "wd": "miniature"
                    }
                  ]
                ],
                "rel_list": [
                  [
                    {
                      "wd": "carbon"
                    },
                    {
                      "wd": "carbon copy"
                    },
                    {
                      "wd": "clone"
                    },
                    {
                      "wd": "copy"
                    },
                    {
                      "wd": "dummy"
                    },
                    {
                      "wd": "dupe"
                    },
                    {
                      "wd": "duplicate"
                    },
                    {
                      "wd": "duplication"
                    },
                    {
                      "wd": "facsimile"
                    },
                    {
                      "wd": "imitation"
                    },
                    {
                      "wd": "mock"
                    },
                    {
                      "wd": "reduplication"
                    },
                    {
                      "wd": "replica"
                    },
                    {
                      "wd": "replication"
                    },
                    {
                      "wd": "reproduction"
                    }
                  ],
                  [
                    {
                      "wd": "dwarf"
                    },
                    {
                      "wd": "midget"
                    },
                    {
                      "wd": "mini"
                    },
                    {
                      "wd": "pocket edition"
                    },
                    {
                      "wd": "pygmy",
                      "wvrs": [
                        {
                          "wvl": "also",
                          "wva": "pigmy"
                        }
                      ]
                    }
                  ]
                ],
                "near_list": [
                  [
                    {
                      "wd": "archetype"
                    },
                    {
                      "wd": "original"
                    },
                    {
                      "wd": "prototype"
                    }
                  ],
                  [
                    {
                      "wd": "blowup"
                    },
                    {
                      "wd": "enlargement"
                    }
                  ]
                ]
              }
            ]
          ],
          [
            [
              "sense",
              {
                "sn": "2",
                "dt": [
                  [
                    "text",
                    "a person who poses with or wears merchandise (as clothes) often for pictorial advertising "
                  ],
                  [
                    "vis",
                    [
                      {
                        "t": "the most famous {it}models{/it} can earn thousands of dollars an hour"
                      }
                    ]
                  ]
                ],
                "syn_list": [
                  [
                    {
                      "wd": "manikin",
                      "wvrs": [
                        {
                          "wvl": "also",
                          "wva": "mannikin"
                        }
                      ]
                    },
                    {
                      "wd": "mannequin"
                    }
                  ]
                ],
                "rel_list": [
                  [
                    {
                      "wd": "figure"
                    },
                    {
                      "wd": "form"
                    }
                  ],
                  [
                    {
                      "wd": "doll"
                    },
                    {
                      "wd": "dummy"
                    }
                  ],
                  [
                    {
                      "wd": "spokesmodel"
                    },
                    {
                      "wd": "supermodel"
                    }
                  ]
                ]
              }
            ]
          ],
          [
            [
              "sense",
              {
                "sn": "3",
                "dt": [
                  [
                    "text",
                    "someone of such unequaled perfection as to deserve imitation "
                  ],
                  [
                    "vis",
                    [
                      {
                        "t": "she's the very {it}model{/it} of the dedicated teacher"
                      }
                    ]
                  ]
                ],
                "syn_list": [
                  [
                    {
                      "wd": "beau ideal"
                    },
                    {
                      "wd": "classic"
                    },
                    {
                      "wd": "eidolon"
                    },
                    {
                      "wd": "exemplar"
                    },
                    {
                      "wd": "idea"
                    },
                    {
                      "wd": "ideal"
                    },
                    {
                      "wd": "nonesuch"
                    },
                    {
                      "wd": "nonpareil"
                    },
                    {
                      "wd": "paragon"
                    },
                    {
                      "wd": "patron saint"
                    }
                  ]
                ],
                "rel_list": [
                  [
                    {
                      "wd": "role model"
                    }
                  ],
                  [
                    {
                      "wd": "embodiment"
                    },
                    {
                      "wd": "epitome"
                    },
                    {
                      "wd": "incarnation"
                    },
                    {
                      "wd": "manifestation"
                    },
                    {
                      "wd": "personification"
                    },
                    {
                      "wd": "phantom"
                    },
                    {
                      "wd": "pink"
                    }
                  ],
                  [
                    {
                      "wd": "archetype"
                    },
                    {
                      "wd": "example"
                    },
                    {
                      "wd": "mirror"
                    },
                    {
                      "wd": "paradigm"
                    },
                    {
                      "wd": "pattern"
                    }
                  ],
                  [
                    {
                      "wd": "guideline"
                    },
                    {
                      "wd": "principle"
                    },
                    {
                      "wd": "rule"
                    }
                  ],
                  [
                    {
                      "wd": "gauge",
                      "wvrs": [
                        {
                          "wvl": "also",
                          "wva": "gage"
                        }
                      ]
                    },
                    {
                      "wd": "standard"
                    },
                    {
                      "wd": "touchstone"
                    }
                  ],
                  [
                    {
                      "wd": "essence"
                    },
                    {
                      "wd": "quintessence"
                    }
                  ],
                  [
                    {
                      "wd": "acme"
                    },
                    {
                      "wd": "apex"
                    },
                    {
                      "wd": "apotheosis"
                    },
                    {
                      "wd": "culmination"
                    },
                    {
                      "wd": "peak"
                    },
                    {
                      "wd": "pinnacle"
                    },
                    {
                      "wd": "summit"
                    },
                    {
                      "wd": "zenith"
                    }
                  ]
                ]
              }
            ]
          ]
        ]
      }
    ],
    "shortdef": [
      "an exact representation of something in greatly reduced size",
      "a person who poses with or wears merchandise (as clothes) often for pictorial advertising",
      "someone of such unequaled perfection as to deserve imitation"
    ]
  },
  {
    "meta": {
      "id": "model",
      "uuid": "5175a5a0-9a85-4bac-aa9b-1e301272a292",
      "src": "coll_thes",
      "section": "alpha",
      "target": {
        "tuuid": "ad272a76-c933-4577-9267-21fdbca8caf3",
        "tsrc": "collegiate"
      },
      "stems": [
        "model"
      ],
      "syns": [
        [
          "archetypal",
          "classic",
          "definitive",
          "exemplary",
          "imitable",
          "paradigmatic",
          "quintessential",
          "textbook"
        ]
      ],
      "ants": [],
      "offensive": false
    },
    "hwi": {
      "hw": "model"
    },
    "fl": "adjective",
    "def": [
      {
        "sseq": [
          [
            [
              "sense",
              {
                "dt": [
                  [
                    "text",
                    "constituting, serving as, or worthy of being a pattern to be imitated "
                  ],
                  [
                    "vis",
                    [
                      {
                        "t": "why can't you be like your sister, who is such a well-behaved {it}model{/it} child?"
                      }
                    ]
                  ]
                ],
                "syn_list": [
                  [
                    {
                      "wd": "archetypal",
                      "wvrs": [
                        {
                          "wvl": "also",
                          "wva": "archetypical"
                        }
                      ]
                    },
                    {
                      "wd": "classic"
                    },
                    {
                      "wd": "definitive"
                    },
                    {
                      "wd": "exemplary"
                    },
                    {
                      "wd": "imitable"
                    },
                    {
                      "wd": "paradigmatic"
                    },
                    {
                      "wd": "quintessential"
                    },
                    {
                      "wd": "textbook"
                    }
                  ]
                ],
                "rel_list": [
                  [
                    {
                      "wd": "ideal"
                    },
                    {
                      "wd": "nonpareil"
                    },
                    {
                      "wd": "special"
                    },
                    {
                      "wd": "unique"
                    }
                  ],
                  [
                    {
                      "wd": "absolute"
                    },
                    {
                      "wd": "flawless"
                    },
                    {
                      "wd": "impeccable"
                    },
                    {
                      "wd": "perfect"
                    }
                  ],
                  [
                    {
                      "wd": "A-OK"
                    },
                    {
                      "wd": "A1"
                    },
                    {
                      "wd": "bang-up"
                    },
                    {
                      "wd": "banner"
                    },
                    {
                      "wd": "capital"
                    },
                    {
                      "wd": "choice"
                    },
                    {
                      "wd": "crackerjack"
                    },
                    {
                      "wd": "dandy"
                    },
                    {
                      "wd": "excellent"
                    },
                    {
                      "wd": "fabulous"
                    },
                    {
                      "wd": "fantastic"
                    },
                    {
                      "wd": "fine"
                    },
                    {
                      "wd": "first-class"
                    },
                    {
                      "wd": "first-rate"
                    },
                    {
                      "wd": "grand"
                    },
                    {
                      "wd": "great"
                    },
                    {
                      "wd": "groovy"
                    },
                    {
                      "wd": "jim-dandy"
                    },
                    {
                      "wd": "keen"
                    },
                    {
                      "wd": "marvelous",
                      "wvrs": [
                        {
                          "wvl": "or",
                          "wva": "marvellous"
                        }
                      ]
                    },
                    {
                      "wd": "nifty"
                    },
                    {
                      "wd": "par excellence"
                    },
                    {
                      "wd": "prime"
                    },
                    {
                      "wd": "primo",
                      "wsls": [
                        "slang"
                      ]
                    },
                    {
                      "wd": "sensational"
                    },
                    {
                      "wd": "splendid"
                    },
                    {
                      "wd": "stellar"
                    },
                    {
                      "wd": "sterling"
                    },
                    {
                      "wd": "superb"
                    },
                    {
                      "wd": "superior"
                    },
                    {
                      "wd": "superlative"
                    },
                    {
                      "wd": "swell"
                    },
                    {
                      "wd": "terrific"
                    },
                    {
                      "wd": "tip-top"
                    },
                    {
                      "wd": "top"
                    },
                    {
                      "wd": "top-notch"
                    },
                    {
                      "wd": "unsurpassed"
                    },
                    {
                      "wd": "wizard",
                      "wsls": [
                        "chiefly British"
                      ]
                    },
                    {
                      "wd": "wonderful"
                    }
                  ],
                  [
                    {
                      "wd": "exceptional"
                    },
                    {
                      "wd": "fancy"
                    },
                    {
                      "wd": "high-grade"
                    }
                  ]
                ],
                "near_list": [
                  [
                    {
                      "wd": "bad"
                    },
                    {
                      "wd": "low-grade"
                    },
                    {
                      "wd": "poor"
                    },
                    {
                      "wd": "substandard"
                    },
                    {
                      "wd": "unsatisfactory"
                    }
                  ],
                  [
                    {
                      "wd": "atrocious"
                    },
                    {
                      "wd": "execrable"
                    },
                    {
                      "wd": "vile"
                    },
                    {
                      "wd": "wretched"
                    }
                  ],
                  [
                    {
                      "wd": "deficient"
                    },
                    {
                      "wd": "disappointing"
                    },
                    {
                      "wd": "failed"
                    },
                    {
                      "wd": "inadequate"
                    },
                    {
                      "wd": "inferior"
                    }
                  ],
                  [
                    {
                      "wd": "average"
                    },
                    {
                      "wd": "normal"
                    },
                    {
                      "wd": "ordinary"
                    },
                    {
                      "wd": "representative"
                    },
                    {
                      "wd": "typical"
                    }
                  ],
                  [
                    {
                      "wd": "mediocre"
                    },
                    {
                      "wd": "second-class"
                    },
                    {
                      "wd": "second-rate"
                    }
                  ]
                ]
              }
            ]
          ]
        ]
      }
    ],
    "shortdef": [
      "constituting, serving as, or worthy of being a pattern to be imitated"
    ]
  },
  {
    "meta": {
      "id": "model",
      "uuid": "1c33ad14-385f-4f4f-9e91-7c8c03d760cc",
      "src": "CTcompile",
      "section": "alpha",
      "stems": [
        "model"
      ],
      "syns": [
        [
          "customize",
          "gear",
          "match",
          "pattern",
          "acclimate",
          "acclimatize",
          "accommodate",
          "adapt",
          "adjust",
          "condition",
          "conform",
          "doctor",
          "edit",
          "fashion",
          "fit",
          "put",
          "shape",
          "suit",
          "tailor",
          "readapt",
          "readjust",
          "attune",
          "correct",
          "harmonize",
          "square",
          "tune",
          "establish",
          "root",
          "settle",
          "acquaint",
          "familiarize",
          "orient",
          "orientate",
          "equip",
          "prepare",
          "prime",
          "rehearse",
          "harden",
          "inure",
          "season",
          "toughen",
          "alter",
          "convert",
          "make over",
          "modify",
          "recast",
          "reclaim",
          "recycle",
          "redesign",
          "redevelop",
          "redo",
          "reengineer",
          "refashion",
          "refigure",
          "refit",
          "refocus",
          "reinvent",
          "rejigger",
          "remake",
          "remodel",
          "revamp",
          "revise",
          "rework",
          "transform"
        ]
      ],
      "ants": [
        [
          "misadjust"
        ]
      ],
      "offensive": false
    },
    "hwi": {
      "hw": "model"
    },
    "fl": "verb",
    "def": [
      {
        "sseq": [
          [
            [
              "sense",
              {
                "dt": [
                  [
                    "text",
                    "as in {it}match{/it}, {it}pattern{/it}"
                  ]
                ],
                "sim_list": [
                  [
                    {
                      "wd": "customize"
                    },
                    {
                      "wd": "gear"
                    },
                    {
                      "wd": "match"
                    },
                    {
                      "wd": "pattern"
                    }
                  ],
                  [
                    {
                      "wd": "acclimate"
                    },
                    {
                      "wd": "acclimatize"
                    },
                    {
                      "wd": "accommodate"
                    },
                    {
                      "wd": "adapt"
                    },
                    {
                      "wd": "adjust"
                    },
                    {
                      "wd": "condition"
                    },
                    {
                      "wd": "conform"
                    },
                    {
                      "wd": "doctor"
                    },
                    {
                      "wd": "edit"
                    },
                    {
                      "wd": "fashion"
                    },
                    {
                      "wd": "fit"
                    },
                    {
                      "wd": "put"
                    },
                    {
                      "wd": "shape"
                    },
                    {
                      "wd": "suit"
                    },
                    {
                      "wd": "tailor"
                    }
                  ],
                  [
                    {
                      "wd": "readapt"
                    },
                    {
                      "wd": "readjust"
                    }
                  ],
                  [
                    {
                      "wd": "attune"
                    },
                    {
                      "wd": "correct"
                    },
                    {
                      "wd": "harmonize"
                    },
                    {
                      "wd": "square"
                    },
                    {
                      "wd": "tune"
                    }
                  ],
                  [
                    {
                      "wd": "establish"
                    },
                    {
                      "wd": "root"
                    },
                    {
                      "wd": "settle"
                    }
                  ],
                  [
                    {
                      "wd": "acquaint"
                    },
                    {
                      "wd": "familiarize"
                    },
                    {
                      "wd": "orient"
                    },
                    {
                      "wd": "orientate"
                    }
                  ],
                  [
                    {
                      "wd": "equip"
                    },
                    {
                      "wd": "prepare"
                    },
                    {
                      "wd": "prime"
                    },
                    {
                      "wd": "rehearse"
                    }
                  ],
                  [
                    {
                      "wd": "harden"
                    },
                    {
                      "wd": "inure"
                    },
                    {
                      "wd": "season"
                    },
                    {
                      "wd": "toughen"
                    }
                  ],
                  [
                    {
                      "wd": "alter"
                    },
                    {
                      "wd": "convert"
                    },
                    {
                      "wd": "make over"
                    },
                    {
                      "wd": "modify"
                    },
                    {
                      "wd": "recast"
                    },
                    {
                      "wd": "reclaim"
                    },
                    {
                      "wd": "recycle"
                    },
                    {
                      "wd": "redesign"
                    },
                    {
                      "wd": "redevelop"
                    },
                    {
                      "wd": "redo"
                    },
                    {
                      "wd": "reengineer"
                    },
                    {
                      "wd": "refashion"
                    },
                    {
                      "wd": "refigure"
                    },
                    {
                      "wd": "refit"
                    },
                    {
                      "wd": "refocus"
                    },
                    {
                      "wd": "reinvent"
                    },
                    {
                      "wd": "rejigger"
                    },
                    {
                      "wd": "remake"
                    },
                    {
                      "wd": "remodel"
                    },
                    {
                      "wd": "revamp"
                    },
                    {
                      "wd": "revise"
                    },
                    {
                      "wd": "rework"
                    },
                    {
                      "wd": "transform"
                    }
                  ]
                ],
                "opp_list": [
                  [
                    {
                      "wd": "misadjust"
                    }
                  ]
                ]
              }
            ]
          ]
        ]
      }
    ],
    "shortdef": [
      "as in match, pattern"
    ]
  },
  {
    "meta": {
      "id": "role model",
      "uuid": "a0424c16-2b16-463a-9ac0-49a247702912",
      "src": "CTenhance",
      "section": "alpha",
      "stems": [
        "role model",
        "role models"
      ],
      "syns": [
        [
          "embodiment",
          "epitome",
          "incarnation",
          "manifestation",
          "personification",
          "phantom",
          "pink",
          "beau ideal",
          "classic",
          "eidolon",
          "exemplar",
          "idea",
          "ideal",
          "model",
          "nonesuch",
          "nonpareil",
          "paragon",
          "patron saint",
          "archetype",
          "example",
          "mirror",
          "paradigm",
          "pattern",
          "guideline",
          "principle",
          "rule",
          "gauge",
          "standard",
          "touchstone",
          "essence",
          "quintessence",
          "acme",
          "apex",
          "apotheosis",
          "culmination",
          "peak",
          "pinnacle",
          "summit",
          "zenith"
        ]
      ],
      "ants": [],
      "offensive": false
    },
    "hwi": {
      "hw": "role model"
    },
    "fl": "noun",
    "def": [
      {
        "sseq": [
          [
            [
              "sense",
              {
                "dt": [
                  [
                    "text",
                    "someone who another person admires and tries to be like "
                  ],
                  [
                    "vis",
                    [
                      {
                        "t": "Parents need to be good {it}role models{/it} for their children."
                      },
                      {
                        "t": "Athletes should remember that they are {it}role models{/it}."
                      }
                    ]
                  ]
                ],
                "sim_list": [
                  [
                    {
                      "wd": "embodiment"
                    },
                    {
                      "wd": "epitome"
                    },
                    {
                      "wd": "incarnation"
                    },
                    {
                      "wd": "manifestation"
                    },
                    {
                      "wd": "personification"
                    },
                    {
                      "wd": "phantom"
                    },
                    {
                      "wd": "pink"
                    }
                  ],
                  [
                    {
                      "wd": "beau ideal"
                    },
                    {
                      "wd": "classic"
                    },
                    {
                      "wd": "eidolon"
                    },
                    {
                      "wd": "exemplar"
                    },
                    {
                      "wd": "idea"
                    },
                    {
                      "wd": "ideal"
                    },
                    {
                      "wd": "model"
                    },
                    {
                      "wd": "nonesuch"
                    },
                    {
                      "wd": "nonpareil"
                    },
                    {
                      "wd": "paragon"
                    },
                    {
                      "wd": "patron saint"
                    }
                  ],
                  [
                    {
                      "wd": "archetype"
                    },
                    {
                      "wd": "example"
                    },
                    {
                      "wd": "mirror"
                    },
                    {
                      "wd": "paradigm"
                    },
                    {
                      "wd": "pattern"
                    }
                  ],
                  [
                    {
                      "wd": "guideline"
                    },
                    {
                      "wd": "principle"
                    },
                    {
                      "wd": "rule"
                    }
                  ],
                  [
                    {
                      "wd": "gauge",
                      "wvrs": [
                        {
                          "wvl": "also",
                          "wva": "gage"
                        }
                      ]
                    },
                    {
                      "wd": "standard"
                    },
                    {
                      "wd": "touchstone"
                    }
                  ],
                  [
                    {
                      "wd": "essence"
                    },
                    {
                      "wd": "quintessence"
                    }
                  ],
                  [
                    {
                      "wd": "acme"
                    },
                    {
                      "wd": "apex"
                    },
                    {
                      "wd": "apotheosis"
                    },
                    {
                      "wd": "culmination"
                    },
                    {
                      "wd": "peak"
                    },
                    {
                      "wd": "pinnacle"
                    },
                    {
                      "wd": "summit"
                    },
                    {
                      "wd": "zenith"
                    }
                  ]
                ]
              }
            ]
          ]
        ]
      }
    ],
    "shortdef": [
      "someone who another person admires and tries to be like"
    ]
  }
]