[
  {
    "meta": {
      "id": "momentum",
      "uuid": "05679f01-9933-47e7-b20c-6580bba39d49",
      "src": "coll_thes",
      "section": "alpha",
      "target": {
        "tuuid": "d9d7698f-7700-4ec0-b6a5-4165690140e7",
        "tsrc": "collegiate"
      },
      "stems": [
        "momentum",
        "momenta",
        "momentums"
      ],
      "syns": [
        [
          "boost",
          "encouragement",
          "goad",
          "impetus",
          "impulse",
          "incentive",
          "incitation",
          "incitement",
          "instigation",
          "motivation",
          "provocation",
          "spur",
          "stimulant",
          "stimulus",
          "yeast"
        ]
      ],
      "ants": [
        [
          "counterincentive",
          "disincentive"
        ]
      ],
      "offensive": false
    },
    "hwi": {
      "hw": "momentum"
    },
    "fl": "noun",
    "def": [
      {
        "sseq": [
          [
            [
              "sense",
              {
                "dt": [
                  [
                    "text",
                    "something that arouses action or activity "
                  ],
                  [
                    "vis",
                    [
                      {
                        "t": "the former president's endorsement was all the {it}momentum{/it} the campaign needed"
                      }
                    ]
                  ]
                ],
                "syn_list": [
                  [
                    {
                      "wd": "boost"
                    },
                    {
                      "wd": "encouragement"
                    },
                    {
                      "wd": "goad"
                    },
                    {
                      "wd": "impetus"
                    },
                    {
                      "wd": "impulse"
                    },
                    {
                      "wd": "incentive"
                    },
                    {
                      "wd": "incitation"
                    },
                    {
                      "wd": "incitement"
                    },
                    {
                      "wd": "instigation"
                    },
                    {
                      "wd": "motivation"
                    },
                    {
                      "wd": "provocation"
                    },
                    {
                      "wd": "spur"
                    },
                    {
                      "wd": "stimulant"
                    },
                    {
                      "wd": "stimulus"
                    },
                    {
                      "wd": "yeast"
                    }
                  ]
                ],
                "rel_list": [
                  [
                    {
                      "wd": "inducement"
                    },
                    {
                      "wd": "invitation"
                    }
                  ],
                  [
                    {
                      "wd": "antecedent"
                    },
                    {
                      "wd": "cause"
                    },
                    {
                      "wd": "consideration"
                    },
                    {
                      "wd": "grounds"
                    },
                    {
                      "wd": "motive"
                    },
                    {
                      "wd": "occasion"
                    },
                    {
                      "wd": "reason"
                    }
                  ],
                  [
                    {
                      "wd": "catalyst"
                    },
                    {
                      "wd": "catalyzer"
                    },
                    {
                      "wd": "fuel"
                    },
                    {
                      "wd": "spark"
                    }
                  ]
                ],
                "phrase_list": [
                  [
                    {
                      "wd": "shot in the arm"
                    }
                  ]
                ],
                "ant_list": [
                  [
                    {
                      "wd": "counterincentive"
                    },
                    {
                      "wd": "disincentive"
                    }
                  ]
                ]
              }
            ]
          ]
        ]
      }
    ],
    "shortdef": [
      "something that arouses action or activity"
    ]
  }
]