[
  {
    "meta": {
      "id": "musical",
      "uuid": "64abb638-8db1-45f4-90fa-f3b7f72bf4fb",
      "src": "coll_thes",
      "section": "alpha",
      "target": {
        "tuuid": "91813364-8413-42f5-b3f6-a68d04873908",
        "tsrc": "collegiate"
      },
      "stems": [
        "musical",
        "musically"
      ],
      "syns": [
        [
          "euphonious",
          "lyric",
          "lyrical",
          "mellifluent",
          "mellifluous",
          "mellow",
          "melodic",
          "melodious"
        ],
        [
          "canorous",
          "euphonic",
          "euphonious",
          "harmonious",
          "harmonizing",
          "melodious",
          "symphonic",
          "symphonious",
          "tuneful"
        ]
      ],
      "ants": [
        [
          "unlyrical"
        ],
        [
          "discordant",
          "disharmonious",
          "dissonant",
          "inharmonious",
          "tuneless",
          "unmelodious",
          "unmusical"
        ]
      ],
      "offensive": false
    },
    "hwi": {
      "hw": "musical"
    },
    "fl": "adjective",
    "def": [
      {
        "sseq": [
          [
            [
              "sense",
              {
                "sn": "1",
                "dt": [
                  [
                    "text",
                    "having a pleasantly flowing quality suggestive of music "
                  ],
                  [
                    "vis",
                    [
                      {
                        "t": "the {it}musical{/it} sounds of the babbling brook"
                      }
                    ]
                  ]
                ],
                "syn_list": [
                  [
                    {
                      "wd": "euphonious"
                    },
                    {
                      "wd": "lyric"
                    },
                    {
                      "wd": "lyrical"
                    },
                    {
                      "wd": "mellifluent"
                    },
                    {
                      "wd": "mellifluous"
                    },
                    {
                      "wd": "mellow"
                    },
                    {
                      "wd": "melodic"
                    },
                    {
                      "wd": "melodious"
                    }
                  ]
                ],
                "rel_list": [
                  [
                    {
                      "wd": "dulcet"
                    },
                    {
                      "wd": "golden"
                    },
                    {
                      "wd": "sweet"
                    }
                  ]
                ],
                "near_list": [
                  [
                    {
                      "wd": "disconnected"
                    },
                    {
                      "wd": "staccato"
                    }
                  ],
                  [
                    {
                      "wd": "discordant"
                    },
                    {
                      "wd": "dissonant"
                    },
                    {
                      "wd": "grating"
                    },
                    {
                      "wd": "harsh"
                    },
                    {
                      "wd": "inharmonious"
                    },
                    {
                      "wd": "jarring"
                    },
                    {
                      "wd": "strident"
                    },
                    {
                      "wd": "unmelodious"
                    },
                    {
                      "wd": "unmusical"
                    }
                  ]
                ],
                "ant_list": [
                  [
                    {
                      "wd": "unlyrical"
                    }
                  ]
                ]
              }
            ]
          ],
          [
            [
              "sense",
              {
                "sn": "2",
                "dt": [
                  [
                    "text",
                    "having a pleasing mixture of notes "
                  ],
                  [
                    "vis",
                    [
                      {
                        "t": "the song of the skylark has been celebrated for being especially {it}musical{/it}"
                      }
                    ]
                  ]
                ],
                "syn_list": [
                  [
                    {
                      "wd": "canorous"
                    },
                    {
                      "wd": "euphonic"
                    },
                    {
                      "wd": "euphonious"
                    },
                    {
                      "wd": "harmonious"
                    },
                    {
                      "wd": "harmonizing"
                    },
                    {
                      "wd": "melodious"
                    },
                    {
                      "wd": "symphonic"
                    },
                    {
                      "wd": "symphonious"
                    },
                    {
                      "wd": "tuneful"
                    }
                  ]
                ],
                "rel_list": [
                  [
                    {
                      "wd": "blending"
                    },
                    {
                      "wd": "chiming"
                    },
                    {
                      "wd": "flowing"
                    },
                    {
                      "wd": "mellifluent"
                    },
                    {
                      "wd": "mellifluous"
                    }
                  ],
                  [
                    {
                      "wd": "dulcet"
                    },
                    {
                      "wd": "mellow"
                    },
                    {
                      "wd": "melodic"
                    },
                    {
                      "wd": "sweet"
                    }
                  ],
                  [
                    {
                      "wd": "echoing"
                    },
                    {
                      "wd": "resonant"
                    },
                    {
                      "wd": "sonorous"
                    }
                  ],
                  [
                    {
                      "wd": "quavering"
                    },
                    {
                      "wd": "trilling"
                    },
                    {
                      "wd": "warbling"
                    }
                  ],
                  [
                    {
                      "wd": "agreeable"
                    },
                    {
                      "wd": "appealing"
                    },
                    {
                      "wd": "pleasant"
                    }
                  ],
                  [
                    {
                      "wd": "cadenced"
                    },
                    {
                      "wd": "lilting"
                    },
                    {
                      "wd": "lyric"
                    },
                    {
                      "wd": "lyrical"
                    },
                    {
                      "wd": "rhythmic",
                      "wvrs": [
                        {
                          "wvl": "or",
                          "wva": "rhythmical"
                        }
                      ]
                    },
                    {
                      "wd": "songful"
                    },
                    {
                      "wd": "songlike"
                    }
                  ],
                  [
                    {
                      "wd": "chordal"
                    },
                    {
                      "wd": "harmonic"
                    },
                    {
                      "wd": "homophonic"
                    },
                    {
                      "wd": "orchestral"
                    },
                    {
                      "wd": "polyphonic",
                      "wvrs": [
                        {
                          "wvl": "or",
                          "wva": "polyphonous"
                        }
                      ]
                    },
                    {
                      "wd": "tonal"
                    }
                  ]
                ],
                "near_list": [
                  [
                    {
                      "wd": "blaring"
                    },
                    {
                      "wd": "clanging"
                    },
                    {
                      "wd": "clashing"
                    },
                    {
                      "wd": "clattering"
                    },
                    {
                      "wd": "grating"
                    },
                    {
                      "wd": "harsh"
                    },
                    {
                      "wd": "jangling"
                    },
                    {
                      "wd": "jarring"
                    },
                    {
                      "wd": "metallic"
                    },
                    {
                      "wd": "raspy"
                    },
                    {
                      "wd": "raucous"
                    },
                    {
                      "wd": "scratching"
                    },
                    {
                      "wd": "screeching"
                    },
                    {
                      "wd": "shrill"
                    },
                    {
                      "wd": "squeaky"
                    },
                    {
                      "wd": "strident"
                    }
                  ],
                  [
                    {
                      "wd": "disagreeable"
                    },
                    {
                      "wd": "unpleasant"
                    },
                    {
                      "wd": "unpleasing"
                    }
                  ],
                  [
                    {
                      "wd": "atonal"
                    },
                    {
                      "wd": "off-key"
                    }
                  ]
                ],
                "ant_list": [
                  [
                    {
                      "wd": "discordant"
                    },
                    {
                      "wd": "disharmonious"
                    },
                    {
                      "wd": "dissonant"
                    },
                    {
                      "wd": "inharmonious"
                    },
                    {
                      "wd": "tuneless"
                    },
                    {
                      "wd": "unmelodious"
                    },
                    {
                      "wd": "unmusical"
                    }
                  ]
                ]
              }
            ]
          ]
        ]
      }
    ],
    "shortdef": [
      "having a pleasantly flowing quality suggestive of music",
      "having a pleasing mixture of notes"
    ]
  },
  {
    "meta": {
      "id": "musical",
      "uuid": "7235dacd-cc2e-414f-b79f-743a81c6b31c",
      "src": "CTcompile",
      "section": "alpha",
      "stems": [
        "musical"
      ],
      "syns": [
        [
          "comedy",
          "comedy drama",
          "docudrama",
          "dramedy",
          "melodrama",
          "monodrama",
          "musical comedy",
          "psychodrama",
          "tragedy",
          "tragicomedy",
          "interlude",
          "playlet",
          "magnum opus",
          "opus",
          "work",
          "drama",
          "dramatization",
          "play",
          "adaptation"
        ]
      ],
      "ants": [],
      "offensive": false
    },
    "hwi": {
      "hw": "musical"
    },
    "fl": "noun",
    "def": [
      {
        "sseq": [
          [
            [
              "sense",
              {
                "dt": [
                  [
                    "text",
                    "as in {it}comedy{/it}, {it}tragedy{/it}"
                  ]
                ],
                "sim_list": [
                  [
                    {
                      "wd": "comedy"
                    },
                    {
                      "wd": "comedy drama"
                    },
                    {
                      "wd": "docudrama"
                    },
                    {
                      "wd": "dramedy"
                    },
                    {
                      "wd": "melodrama"
                    },
                    {
                      "wd": "monodrama"
                    },
                    {
                      "wd": "musical comedy"
                    },
                    {
                      "wd": "psychodrama"
                    },
                    {
                      "wd": "tragedy"
                    },
                    {
                      "wd": "tragicomedy"
                    }
                  ],
                  [
                    {
                      "wd": "interlude"
                    },
                    {
                      "wd": "playlet"
                    }
                  ],
                  [
                    {
                      "wd": "magnum opus"
                    },
                    {
                      "wd": "opus"
                    },
                    {
                      "wd": "work"
                    }
                  ],
                  [
                    {
                      "wd": "drama"
                    },
                    {
                      "wd": "dramatization"
                    },
                    {
                      "wd": "play"
                    }
                  ],
                  [
                    {
                      "wd": "adaptation"
                    }
                  ]
                ]
              }
            ]
          ]
        ]
      }
    ],
    "shortdef": [
      "as in comedy, tragedy"
    ]
  },
  {
    "meta": {
      "id": "musical comedies",
      "uuid": "e9d4ebaa-e2e4-4a98-947e-5da4ba49d2fd",
      "src": "CTcompile",
      "section": "alpha",
      "stems": [
        "musical comedies"
      ],
      "syns": [
        [
          "comedies",
          "comedy dramas",
          "docudramas",
          "dramedies",
          "melodramas",
          "monodramas",
          "musicals",
          "psychodramas",
          "tragedies",
          "tragicomedies",
          "interludes",
          "playlets",
          "magnum opuses",
          "opera",
          "works",
          "dramas",
          "dramatizations",
          "plays",
          "adaptations"
        ]
      ],
      "ants": [],
      "offensive": false
    },
    "hwi": {
      "hw": "musical comedies"
    },
    "fl": "noun",
    "sls": [
      "plural of {d_link|musical comedy|musical comedy}"
    ],
    "def": [
      {
        "sseq": [
          [
            [
              "sense",
              {
                "dt": [
                  [
                    "text",
                    "as in {it}comedies{/it}, {it}musicals{/it}"
                  ]
                ],
                "sim_list": [
                  [
                    {
                      "wd": "comedies"
                    },
                    {
                      "wd": "comedy dramas"
                    },
                    {
                      "wd": "docudramas"
                    },
                    {
                      "wd": "dramedies"
                    },
                    {
                      "wd": "melodramas"
                    },
                    {
                      "wd": "monodramas"
                    },
                    {
                      "wd": "musicals"
                    },
                    {
                      "wd": "psychodramas"
                    },
                    {
                      "wd": "tragedies"
                    },
                    {
                      "wd": "tragicomedies"
                    }
                  ],
                  [
                    {
                      "wd": "interludes"
                    },
                    {
                      "wd": "playlets"
                    }
                  ],
                  [
                    {
                      "wd": "magnum opuses"
                    },
                    {
                      "wd": "opera",
                      "wvrs": [
                        {
                          "wvl": "also",
                          "wva": "opuses"
                        }
                      ]
                    },
                    {
                      "wd": "works"
                    }
                  ],
                  [
                    {
                      "wd": "dramas"
                    },
                    {
                      "wd": "dramatizations"
                    },
                    {
                      "wd": "plays"
                    }
                  ],
                  [
                    {
                      "wd": "adaptations"
                    }
                  ]
                ]
              }
            ]
          ]
        ]
      }
    ],
    "shortdef": [
      "as in comedies, musicals"
    ]
  },
  {
    "meta": {
      "id": "musical comedy",
      "uuid": "3ec28528-ff07-47bd-888b-52c638867d71",
      "src": "CTcompile",
      "section": "alpha",
      "stems": [
        "musical comedy"
      ],
      "syns": [
        [
          "comedy",
          "comedy drama",
          "docudrama",
          "dramedy",
          "melodrama",
          "monodrama",
          "musical",
          "psychodrama",
          "tragedy",
          "tragicomedy",
          "interlude",
          "playlet",
          "magnum opus",
          "opus",
          "work",
          "drama",
          "dramatization",
          "play",
          "adaptation"
        ]
      ],
      "ants": [],
      "offensive": false
    },
    "hwi": {
      "hw": "musical comedy"
    },
    "fl": "noun",
    "def": [
      {
        "sseq": [
          [
            [
              "sense",
              {
                "dt": [
                  [
                    "text",
                    "as in {it}comedy{/it}, {it}musical{/it}"
                  ]
                ],
                "sim_list": [
                  [
                    {
                      "wd": "comedy"
                    },
                    {
                      "wd": "comedy drama"
                    },
                    {
                      "wd": "docudrama"
                    },
                    {
                      "wd": "dramedy"
                    },
                    {
                      "wd": "melodrama"
                    },
                    {
                      "wd": "monodrama"
                    },
                    {
                      "wd": "musical"
                    },
                    {
                      "wd": "psychodrama"
                    },
                    {
                      "wd": "tragedy"
                    },
                    {
                      "wd": "tragicomedy"
                    }
                  ],
                  [
                    {
                      "wd": "interlude"
                    },
                    {
                      "wd": "playlet"
                    }
                  ],
                  [
                    {
                      "wd": "magnum opus"
                    },
                    {
                      "wd": "opus"
                    },
                    {
                      "wd": "work"
                    }
                  ],
                  [
                    {
                      "wd": "drama"
                    },
                    {
                      "wd": "dramatization"
                    },
                    {
                      "wd": "play"
                    }
                  ],
                  [
                    {
                      "wd": "adaptation"
                    }
                  ]
                ]
              }
            ]
          ]
        ]
      }
    ],
    "shortdef": [
      "as in comedy, musical"
    ]
  }
]