[
  {
    "meta": {
      "id": "natural",
      "uuid": "25f7fe2a-abfd-449d-bc13-015be2a08edc",
      "src": "coll_thes",
      "section": "alpha",
      "target": {
        "tuuid": "983f8a64-3d8e-4b02-8aab-b7d17089c2a0",
        "tsrc": "collegiate"
      },
      "stems": [
        "natural",
        "naturalness",
        "naturalnesses"
      ],
      "syns": [
        [
          "born",
          "congenital"
        ],
        [
          "lifelike",
          "living",
          "naturalistic",
          "near",
          "photo-realistic",
          "realistic",
          "three-dimensional"
        ],
        [
          "biological",
          "birth",
          "consanguineous"
        ],
        [
          "built-in",
          "constitutional",
          "constitutive",
          "essential",
          "hardwired",
          "immanent",
          "inborn",
          "inbred",
          "indigenous",
          "ingrain",
          "ingrained",
          "inherent",
          "innate",
          "integral",
          "intrinsic",
          "native"
        ],
        [
          "crude",
          "native",
          "raw",
          "rude",
          "undressed",
          "unprocessed",
          "unrefined",
          "untreated"
        ],
        [
          "uncultivated",
          "untamed",
          "virgin",
          "wild"
        ],
        [
          "artless",
          "genuine",
          "guileless",
          "honest",
          "ingenuous",
          "innocent",
          "naive",
          "real",
          "simple",
          "sincere",
          "true",
          "unaffected",
          "unpretending",
          "unpretentious"
        ],
        [
          "earthborn",
          "human",
          "mortal"
        ],
        [
          "baseborn",
          "bastard",
          "illegitimate",
          "misbegotten",
          "spurious",
          "supposititious",
          "unfathered"
        ],
        [
          "big",
          "chivalrous",
          "elevated",
          "gallant",
          "great",
          "greathearted",
          "high",
          "high-minded",
          "lofty",
          "lordly",
          "magnanimous",
          "noble",
          "sublime"
        ],
        [
          "barbarian",
          "barbaric",
          "barbarous",
          "heathen",
          "heathenish",
          "Neanderthal",
          "rude",
          "savage",
          "uncivil",
          "uncivilized",
          "uncultivated",
          "wild"
        ]
      ],
      "ants": [
        [
          "nonnatural"
        ],
        [
          "nonnatural",
          "nonrealistic",
          "unnatural",
          "unrealistic"
        ],
        [
          "adopted",
          "adoptive",
          "nonbiological"
        ],
        [
          "adventitious",
          "extraneous",
          "extrinsic"
        ],
        [
          "dressed",
          "processed",
          "refined",
          "treated"
        ],
        [
          "cultivated",
          "tamed"
        ],
        [
          "affected",
          "artful",
          "artificial",
          "assuming",
          "dishonest",
          "dissembling",
          "dissimulating",
          "fake",
          "false",
          "guileful",
          "insincere",
          "phony",
          "pretentious"
        ],
        [
          "nonhuman"
        ],
        [
          "legitimate"
        ],
        [
          "base",
          "debased",
          "degenerate",
          "degraded",
          "ignoble",
          "low"
        ],
        [
          "civilized"
        ]
      ],
      "offensive": false
    },
    "hwi": {
      "hw": "natural"
    },
    "fl": "adjective",
    "def": [
      {
        "sseq": [
          [
            [
              "sense",
              {
                "sn": "1",
                "dt": [
                  [
                    "text",
                    "being such from birth or by nature "
                  ],
                  [
                    "vis",
                    [
                      {
                        "t": "from his first visits to the wading pool, we could tell that our little boy loved water and was a {it}natural{/it} swimmer"
                      }
                    ]
                  ]
                ],
                "syn_list": [
                  [
                    {
                      "wd": "born"
                    },
                    {
                      "wd": "congenital"
                    }
                  ]
                ],
                "rel_list": [
                  [
                    {
                      "wd": "chronic"
                    },
                    {
                      "wd": "confirmed"
                    },
                    {
                      "wd": "habitual"
                    },
                    {
                      "wd": "incorrigible"
                    },
                    {
                      "wd": "ingrained",
                      "wvrs": [
                        {
                          "wvl": "also",
                          "wva": "engrained"
                        }
                      ]
                    },
                    {
                      "wd": "inveterate"
                    },
                    {
                      "wd": "proper"
                    },
                    {
                      "wd": "regular"
                    },
                    {
                      "wd": "unreconstructed"
                    },
                    {
                      "wd": "unregenerate"
                    }
                  ],
                  [
                    {
                      "wd": "constitutional"
                    },
                    {
                      "wd": "consummate"
                    }
                  ],
                  [
                    {
                      "wd": "elemental"
                    },
                    {
                      "wd": "elementary"
                    },
                    {
                      "wd": "essential"
                    }
                  ],
                  [
                    {
                      "wd": "connate"
                    },
                    {
                      "wd": "hereditary"
                    },
                    {
                      "wd": "inborn"
                    },
                    {
                      "wd": "inherent"
                    },
                    {
                      "wd": "innate"
                    },
                    {
                      "wd": "intimate"
                    },
                    {
                      "wd": "intrinsic"
                    },
                    {
                      "wd": "native"
                    }
                  ],
                  [
                    {
                      "wd": "instinctual"
                    },
                    {
                      "wd": "intuitive"
                    }
                  ]
                ],
                "near_list": [
                  [
                    {
                      "wd": "cultivated"
                    },
                    {
                      "wd": "developed"
                    },
                    {
                      "wd": "trained"
                    }
                  ],
                  [
                    {
                      "wd": "alien"
                    },
                    {
                      "wd": "foreign"
                    },
                    {
                      "wd": "unnatural"
                    }
                  ]
                ],
                "ant_list": [
                  [
                    {
                      "wd": "nonnatural"
                    }
                  ]
                ]
              }
            ]
          ],
          [
            [
              "sense",
              {
                "sn": "2",
                "dt": [
                  [
                    "text",
                    "closely resembling the object imitated "
                  ],
                  [
                    "vis",
                    [
                      {
                        "t": "the diorama featuring stuffed birds and plastic plants actually looked very {it}natural{/it}"
                      }
                    ]
                  ]
                ],
                "syn_list": [
                  [
                    {
                      "wd": "lifelike"
                    },
                    {
                      "wd": "living"
                    },
                    {
                      "wd": "naturalistic",
                      "wvrs": [
                        {
                          "wvl": "also",
                          "wva": "naturalist"
                        }
                      ]
                    },
                    {
                      "wd": "near"
                    },
                    {
                      "wd": "photo-realistic"
                    },
                    {
                      "wd": "realistic"
                    },
                    {
                      "wd": "three-dimensional"
                    }
                  ]
                ],
                "rel_list": [
                  [
                    {
                      "wd": "alike"
                    },
                    {
                      "wd": "like"
                    },
                    {
                      "wd": "matching"
                    },
                    {
                      "wd": "similar"
                    },
                    {
                      "wd": "verisimilar"
                    }
                  ],
                  [
                    {
                      "wd": "akin"
                    },
                    {
                      "wd": "analogous"
                    },
                    {
                      "wd": "approximate"
                    },
                    {
                      "wd": "comparable"
                    },
                    {
                      "wd": "resembling"
                    }
                  ],
                  [
                    {
                      "wd": "accurate"
                    },
                    {
                      "wd": "close"
                    },
                    {
                      "wd": "faithful"
                    },
                    {
                      "wd": "true"
                    }
                  ],
                  [
                    {
                      "wd": "compelling"
                    },
                    {
                      "wd": "convincing"
                    }
                  ],
                  [
                    {
                      "wd": "expressive"
                    },
                    {
                      "wd": "graphic",
                      "wvrs": [
                        {
                          "wvl": "also",
                          "wva": "graphical"
                        }
                      ]
                    },
                    {
                      "wd": "gritty"
                    },
                    {
                      "wd": "vivid"
                    }
                  ]
                ],
                "near_list": [
                  [
                    {
                      "wd": "dissimilar"
                    },
                    {
                      "wd": "off"
                    },
                    {
                      "wd": "unalike"
                    },
                    {
                      "wd": "unlike"
                    }
                  ],
                  [
                    {
                      "wd": "incomparable"
                    },
                    {
                      "wd": "unmatched"
                    }
                  ],
                  [
                    {
                      "wd": "contrasted"
                    },
                    {
                      "wd": "contrasting"
                    },
                    {
                      "wd": "different"
                    },
                    {
                      "wd": "disparate"
                    }
                  ],
                  [
                    {
                      "wd": "fake"
                    },
                    {
                      "wd": "mock"
                    },
                    {
                      "wd": "phony",
                      "wvrs": [
                        {
                          "wvl": "also",
                          "wva": "phoney"
                        }
                      ]
                    },
                    {
                      "wd": "sham"
                    }
                  ]
                ],
                "ant_list": [
                  [
                    {
                      "wd": "nonnatural"
                    },
                    {
                      "wd": "nonrealistic"
                    },
                    {
                      "wd": "unnatural"
                    },
                    {
                      "wd": "unrealistic"
                    }
                  ]
                ]
              }
            ]
          ],
          [
            [
              "sense",
              {
                "sn": "3",
                "dt": [
                  [
                    "text",
                    "being such by blood and not by adoption or marriage "
                  ],
                  [
                    "vis",
                    [
                      {
                        "t": "an adult adoptee who has decided to search for his {it}natural{/it} parents"
                      }
                    ]
                  ]
                ],
                "syn_list": [
                  [
                    {
                      "wd": "biological",
                      "wvrs": [
                        {
                          "wvl": "also",
                          "wva": "biologic"
                        }
                      ]
                    },
                    {
                      "wd": "birth"
                    },
                    {
                      "wd": "consanguineous"
                    }
                  ]
                ],
                "rel_list": [
                  [
                    {
                      "wd": "legitimate"
                    }
                  ]
                ],
                "near_list": [
                  [
                    {
                      "wd": "illegitimate"
                    }
                  ]
                ],
                "ant_list": [
                  [
                    {
                      "wd": "adopted"
                    },
                    {
                      "wd": "adoptive"
                    },
                    {
                      "wd": "nonbiological"
                    }
                  ]
                ]
              }
            ]
          ],
          [
            [
              "sense",
              {
                "sn": "4",
                "dt": [
                  [
                    "text",
                    "being a part of the innermost nature of a person or thing "
                  ],
                  [
                    "vis",
                    [
                      {
                        "t": "her {it}natural{/it} talent for music first became apparent when, unbidden, she started banging on a toy piano"
                      }
                    ]
                  ]
                ],
                "syn_list": [
                  [
                    {
                      "wd": "built-in"
                    },
                    {
                      "wd": "constitutional"
                    },
                    {
                      "wd": "constitutive"
                    },
                    {
                      "wd": "essential"
                    },
                    {
                      "wd": "hardwired"
                    },
                    {
                      "wd": "immanent"
                    },
                    {
                      "wd": "inborn"
                    },
                    {
                      "wd": "inbred"
                    },
                    {
                      "wd": "indigenous"
                    },
                    {
                      "wd": "ingrain"
                    },
                    {
                      "wd": "ingrained",
                      "wvrs": [
                        {
                          "wvl": "also",
                          "wva": "engrained"
                        }
                      ]
                    },
                    {
                      "wd": "inherent"
                    },
                    {
                      "wd": "innate"
                    },
                    {
                      "wd": "integral"
                    },
                    {
                      "wd": "intrinsic"
                    },
                    {
                      "wd": "native"
                    }
                  ]
                ],
                "rel_list": [
                  [
                    {
                      "wd": "basic"
                    },
                    {
                      "wd": "deep-rooted"
                    },
                    {
                      "wd": "elemental"
                    },
                    {
                      "wd": "fundamental"
                    }
                  ],
                  [
                    {
                      "wd": "congenital"
                    },
                    {
                      "wd": "hereditary"
                    },
                    {
                      "wd": "inherited"
                    },
                    {
                      "wd": "inmost"
                    },
                    {
                      "wd": "inner"
                    },
                    {
                      "wd": "interior"
                    }
                  ],
                  [
                    {
                      "wd": "internal"
                    }
                  ],
                  [
                    {
                      "wd": "characteristic"
                    },
                    {
                      "wd": "distinctive"
                    },
                    {
                      "wd": "peculiar"
                    }
                  ],
                  [
                    {
                      "wd": "habitual"
                    },
                    {
                      "wd": "inveterate"
                    }
                  ],
                  [
                    {
                      "wd": "normal"
                    },
                    {
                      "wd": "regular"
                    },
                    {
                      "wd": "typical"
                    }
                  ]
                ],
                "phrase_list": [
                  [
                    {
                      "wd": "in one's blood"
                    }
                  ]
                ],
                "near_list": [
                  [
                    {
                      "wd": "alien"
                    },
                    {
                      "wd": "foreign"
                    }
                  ],
                  [
                    {
                      "wd": "accidental"
                    },
                    {
                      "wd": "coincidental"
                    },
                    {
                      "wd": "incidental"
                    }
                  ],
                  [
                    {
                      "wd": "acquired"
                    },
                    {
                      "wd": "adscititious"
                    }
                  ],
                  [
                    {
                      "wd": "superficial"
                    },
                    {
                      "wd": "surface"
                    }
                  ],
                  [
                    {
                      "wd": "exterior"
                    },
                    {
                      "wd": "external"
                    }
                  ]
                ],
                "ant_list": [
                  [
                    {
                      "wd": "adventitious"
                    },
                    {
                      "wd": "extraneous"
                    },
                    {
                      "wd": "extrinsic"
                    }
                  ]
                ]
              }
            ]
          ],
          [
            [
              "sense",
              {
                "sn": "5",
                "dt": [
                  [
                    "text",
                    "being such as found in nature and not altered by processing or refining "
                  ],
                  [
                    "vis",
                    [
                      {
                        "t": "{it}natural{/it} salts are not edible until they are washed and processed"
                      }
                    ]
                  ]
                ],
                "syn_list": [
                  [
                    {
                      "wd": "crude"
                    },
                    {
                      "wd": "native"
                    },
                    {
                      "wd": "raw"
                    },
                    {
                      "wd": "rude"
                    },
                    {
                      "wd": "undressed"
                    },
                    {
                      "wd": "unprocessed"
                    },
                    {
                      "wd": "unrefined"
                    },
                    {
                      "wd": "untreated"
                    }
                  ]
                ],
                "rel_list": [
                  [
                    {
                      "wd": "undeveloped"
                    }
                  ],
                  [
                    {
                      "wd": "rough-hewn"
                    },
                    {
                      "wd": "semifinished"
                    },
                    {
                      "wd": "unfinished"
                    },
                    {
                      "wd": "unpolished"
                    }
                  ],
                  [
                    {
                      "wd": "uncooked"
                    }
                  ],
                  [
                    {
                      "wd": "impure"
                    },
                    {
                      "wd": "unfiltered"
                    }
                  ]
                ],
                "phrase_list": [
                  [
                    {
                      "wd": "in the raw"
                    },
                    {
                      "wd": "in the rough"
                    }
                  ]
                ],
                "near_list": [
                  [
                    {
                      "wd": "filtered"
                    },
                    {
                      "wd": "pure"
                    },
                    {
                      "wd": "purified"
                    }
                  ]
                ],
                "ant_list": [
                  [
                    {
                      "wd": "dressed"
                    },
                    {
                      "wd": "processed"
                    },
                    {
                      "wd": "refined"
                    },
                    {
                      "wd": "treated"
                    }
                  ]
                ]
              }
            ]
          ],
          [
            [
              "sense",
              {
                "sn": "6",
                "dt": [
                  [
                    "text",
                    "existing without human habitation or cultivation "
                  ],
                  [
                    "vis",
                    [
                      {
                        "t": "photographs of animals in their {it}natural{/it} habitat"
                      }
                    ]
                  ]
                ],
                "syn_list": [
                  [
                    {
                      "wd": "uncultivated"
                    },
                    {
                      "wd": "untamed"
                    },
                    {
                      "wd": "virgin"
                    },
                    {
                      "wd": "wild"
                    }
                  ]
                ],
                "rel_list": [
                  [
                    {
                      "wd": "native"
                    }
                  ],
                  [
                    {
                      "wd": "uninhabited"
                    },
                    {
                      "wd": "unpeopled"
                    },
                    {
                      "wd": "unsettled"
                    }
                  ],
                  [
                    {
                      "wd": "overgrown"
                    },
                    {
                      "wd": "spontaneous"
                    },
                    {
                      "wd": "untended"
                    }
                  ],
                  [
                    {
                      "wd": "waste"
                    }
                  ],
                  [
                    {
                      "wd": "undeveloped"
                    }
                  ],
                  [
                    {
                      "wd": "desolate"
                    },
                    {
                      "wd": "forlorn"
                    },
                    {
                      "wd": "howling"
                    }
                  ]
                ],
                "near_list": [
                  [
                    {
                      "wd": "inhabited"
                    }
                  ],
                  [
                    {
                      "wd": "developed"
                    }
                  ],
                  [
                    {
                      "wd": "seminatural"
                    }
                  ]
                ],
                "ant_list": [
                  [
                    {
                      "wd": "cultivated"
                    },
                    {
                      "wd": "tamed"
                    }
                  ]
                ]
              }
            ]
          ],
          [
            [
              "sense",
              {
                "sn": "7",
                "dt": [
                  [
                    "text",
                    "free from any intent to deceive or impress others "
                  ],
                  [
                    "vis",
                    [
                      {
                        "t": "she was completely {it}natural{/it} in expressing her feelings for him, unafraid of how they would be received"
                      }
                    ]
                  ]
                ],
                "syn_list": [
                  [
                    {
                      "wd": "artless"
                    },
                    {
                      "wd": "genuine"
                    },
                    {
                      "wd": "guileless"
                    },
                    {
                      "wd": "honest"
                    },
                    {
                      "wd": "ingenuous"
                    },
                    {
                      "wd": "innocent"
                    },
                    {
                      "wd": "naive",
                      "wvrs": [
                        {
                          "wvl": "or",
                          "wva": "na\u00efve"
                        }
                      ]
                    },
                    {
                      "wd": "real"
                    },
                    {
                      "wd": "simple"
                    },
                    {
                      "wd": "sincere"
                    },
                    {
                      "wd": "true"
                    },
                    {
                      "wd": "unaffected"
                    },
                    {
                      "wd": "unpretending"
                    },
                    {
                      "wd": "unpretentious"
                    }
                  ]
                ],
                "rel_list": [
                  [
                    {
                      "wd": "childlike"
                    },
                    {
                      "wd": "dewy-eyed"
                    },
                    {
                      "wd": "gee-whiz"
                    },
                    {
                      "wd": "impressionable"
                    },
                    {
                      "wd": "inexperienced"
                    },
                    {
                      "wd": "malleable"
                    },
                    {
                      "wd": "persuadable"
                    },
                    {
                      "wd": "persuasible"
                    },
                    {
                      "wd": "simpleminded"
                    },
                    {
                      "wd": "unsophisticated"
                    },
                    {
                      "wd": "unworldly"
                    },
                    {
                      "wd": "wide-eyed"
                    }
                  ],
                  [
                    {
                      "wd": "spontaneous"
                    },
                    {
                      "wd": "unforced"
                    },
                    {
                      "wd": "unstudied"
                    }
                  ],
                  [
                    {
                      "wd": "candid"
                    },
                    {
                      "wd": "direct"
                    },
                    {
                      "wd": "frank"
                    },
                    {
                      "wd": "free"
                    },
                    {
                      "wd": "free-spoken"
                    },
                    {
                      "wd": "open"
                    },
                    {
                      "wd": "openhearted"
                    },
                    {
                      "wd": "plain"
                    },
                    {
                      "wd": "plainspoken"
                    },
                    {
                      "wd": "single-minded"
                    },
                    {
                      "wd": "straight"
                    },
                    {
                      "wd": "straightforward"
                    },
                    {
                      "wd": "unguarded"
                    }
                  ],
                  [
                    {
                      "wd": "trustful"
                    },
                    {
                      "wd": "trusting"
                    }
                  ],
                  [
                    {
                      "wd": "exploitable"
                    },
                    {
                      "wd": "gullible",
                      "wvrs": [
                        {
                          "wvl": "also",
                          "wva": "gullable"
                        }
                      ]
                    },
                    {
                      "wd": "susceptible"
                    },
                    {
                      "wd": "unwary"
                    }
                  ]
                ],
                "phrase_list": [
                  [
                    {
                      "wd": "on the level"
                    }
                  ]
                ],
                "near_list": [
                  [
                    {
                      "wd": "critical"
                    },
                    {
                      "wd": "cynical"
                    },
                    {
                      "wd": "mistrustful"
                    },
                    {
                      "wd": "skeptical"
                    },
                    {
                      "wd": "suspicious"
                    },
                    {
                      "wd": "wary"
                    }
                  ],
                  [
                    {
                      "wd": "cosmopolitan"
                    },
                    {
                      "wd": "sophisticated"
                    },
                    {
                      "wd": "worldly"
                    },
                    {
                      "wd": "worldly-wise"
                    }
                  ],
                  [
                    {
                      "wd": "civilized"
                    },
                    {
                      "wd": "cultivated"
                    },
                    {
                      "wd": "cultured"
                    },
                    {
                      "wd": "polished"
                    },
                    {
                      "wd": "refined"
                    }
                  ],
                  [
                    {
                      "wd": "crooked"
                    },
                    {
                      "wd": "deceitful"
                    },
                    {
                      "wd": "deceptive"
                    },
                    {
                      "wd": "devious"
                    },
                    {
                      "wd": "double-dealing"
                    },
                    {
                      "wd": "hypocritical"
                    },
                    {
                      "wd": "manipulative"
                    },
                    {
                      "wd": "two-faced"
                    }
                  ],
                  [
                    {
                      "wd": "arch"
                    },
                    {
                      "wd": "calculating"
                    },
                    {
                      "wd": "canny"
                    },
                    {
                      "wd": "crafty"
                    },
                    {
                      "wd": "cunning"
                    },
                    {
                      "wd": "designing"
                    },
                    {
                      "wd": "foxy"
                    },
                    {
                      "wd": "knavish"
                    },
                    {
                      "wd": "scheming"
                    },
                    {
                      "wd": "sharp"
                    },
                    {
                      "wd": "shifty"
                    },
                    {
                      "wd": "shrewd"
                    },
                    {
                      "wd": "slick"
                    },
                    {
                      "wd": "slippery"
                    },
                    {
                      "wd": "sly"
                    },
                    {
                      "wd": "subtle"
                    },
                    {
                      "wd": "tricky"
                    },
                    {
                      "wd": "underhanded"
                    },
                    {
                      "wd": "wily"
                    }
                  ],
                  [
                    {
                      "wd": "flattering"
                    },
                    {
                      "wd": "mealymouthed"
                    },
                    {
                      "wd": "smooth"
                    },
                    {
                      "wd": "sycophantic"
                    },
                    {
                      "wd": "unctuous"
                    }
                  ],
                  [
                    {
                      "wd": "feigned"
                    },
                    {
                      "wd": "forced"
                    },
                    {
                      "wd": "strained"
                    }
                  ]
                ],
                "ant_list": [
                  [
                    {
                      "wd": "affected"
                    },
                    {
                      "wd": "artful"
                    },
                    {
                      "wd": "artificial"
                    },
                    {
                      "wd": "assuming"
                    },
                    {
                      "wd": "dishonest"
                    },
                    {
                      "wd": "dissembling"
                    },
                    {
                      "wd": "dissimulating"
                    },
                    {
                      "wd": "fake"
                    },
                    {
                      "wd": "false"
                    },
                    {
                      "wd": "guileful"
                    },
                    {
                      "wd": "insincere"
                    },
                    {
                      "wd": "phony",
                      "wvrs": [
                        {
                          "wvl": "also",
                          "wva": "phoney"
                        }
                      ]
                    },
                    {
                      "wd": "pretentious"
                    }
                  ]
                ]
              }
            ]
          ],
          [
            [
              "sense",
              {
                "sn": "8",
                "dt": [
                  [
                    "text",
                    "relating to or characteristic of human beings "
                  ],
                  [
                    "vis",
                    [
                      {
                        "t": "it's only {it}natural{/it} to make mistakes\u2014it's part of being human"
                      }
                    ]
                  ]
                ],
                "syn_list": [
                  [
                    {
                      "wd": "earthborn"
                    },
                    {
                      "wd": "human"
                    },
                    {
                      "wd": "mortal"
                    }
                  ]
                ],
                "rel_list": [
                  [
                    {
                      "wd": "anthropoid"
                    },
                    {
                      "wd": "creatural"
                    },
                    {
                      "wd": "hominid"
                    },
                    {
                      "wd": "humanlike"
                    },
                    {
                      "wd": "humanoid"
                    }
                  ]
                ],
                "near_list": [
                  [
                    {
                      "wd": "angelic",
                      "wvrs": [
                        {
                          "wvl": "or",
                          "wva": "angelical"
                        }
                      ]
                    },
                    {
                      "wd": "divine"
                    },
                    {
                      "wd": "godlike"
                    },
                    {
                      "wd": "preternatural"
                    },
                    {
                      "wd": "superhuman"
                    },
                    {
                      "wd": "supernatural"
                    },
                    {
                      "wd": "supernormal"
                    }
                  ],
                  [
                    {
                      "wd": "immortal"
                    },
                    {
                      "wd": "omnipotent"
                    },
                    {
                      "wd": "omniscient"
                    }
                  ],
                  [
                    {
                      "wd": "animal"
                    },
                    {
                      "wd": "beastly"
                    },
                    {
                      "wd": "bestial"
                    },
                    {
                      "wd": "brute"
                    },
                    {
                      "wd": "infrahuman"
                    }
                  ],
                  [
                    {
                      "wd": "inhuman"
                    },
                    {
                      "wd": "robotic"
                    },
                    {
                      "wd": "subhuman"
                    }
                  ]
                ],
                "ant_list": [
                  [
                    {
                      "wd": "nonhuman"
                    }
                  ]
                ]
              }
            ]
          ],
          [
            [
              "sense",
              {
                "sn": "9",
                "dt": [
                  [
                    "text",
                    "born to a father and mother who are not married "
                  ],
                  [
                    "vis",
                    [
                      {
                        "t": "had fathered an unknown number of {it}natural{/it} children"
                      }
                    ]
                  ]
                ],
                "syn_list": [
                  [
                    {
                      "wd": "baseborn"
                    },
                    {
                      "wd": "bastard"
                    },
                    {
                      "wd": "illegitimate"
                    },
                    {
                      "wd": "misbegotten"
                    },
                    {
                      "wd": "spurious"
                    },
                    {
                      "wd": "supposititious"
                    },
                    {
                      "wd": "unfathered"
                    }
                  ]
                ],
                "rel_list": [
                  [
                    {
                      "wd": "fatherless"
                    },
                    {
                      "wd": "motherless"
                    }
                  ],
                  [
                    {
                      "wd": "nameless"
                    }
                  ],
                  [
                    {
                      "wd": "adopted"
                    },
                    {
                      "wd": "orphaned"
                    }
                  ]
                ],
                "ant_list": [
                  [
                    {
                      "wd": "legitimate"
                    }
                  ]
                ]
              }
            ]
          ],
          [
            [
              "sense",
              {
                "sn": "10",
                "dt": [
                  [
                    "text",
                    "having, characterized by, or arising from a dignified and generous nature "
                  ],
                  [
                    "vis",
                    [
                      {
                        "t": "his late grandfather was as kind and {it}natural{/it} a man as one could ever hope to meet"
                      }
                    ]
                  ]
                ],
                "syn_list": [
                  [
                    {
                      "wd": "big"
                    },
                    {
                      "wd": "chivalrous"
                    },
                    {
                      "wd": "elevated"
                    },
                    {
                      "wd": "gallant"
                    },
                    {
                      "wd": "great"
                    },
                    {
                      "wd": "greathearted"
                    },
                    {
                      "wd": "high"
                    },
                    {
                      "wd": "high-minded"
                    },
                    {
                      "wd": "lofty"
                    },
                    {
                      "wd": "lordly"
                    },
                    {
                      "wd": "magnanimous"
                    },
                    {
                      "wd": "noble"
                    },
                    {
                      "wd": "sublime"
                    }
                  ]
                ],
                "rel_list": [
                  [
                    {
                      "wd": "ennobled"
                    },
                    {
                      "wd": "exalted"
                    },
                    {
                      "wd": "glorified"
                    }
                  ],
                  [
                    {
                      "wd": "heroic",
                      "wvrs": [
                        {
                          "wvl": "also",
                          "wva": "heroical"
                        }
                      ]
                    },
                    {
                      "wd": "honorable"
                    },
                    {
                      "wd": "valiant"
                    },
                    {
                      "wd": "venerable"
                    },
                    {
                      "wd": "worthy"
                    }
                  ],
                  [
                    {
                      "wd": "knightly"
                    },
                    {
                      "wd": "princely"
                    },
                    {
                      "wd": "regal"
                    }
                  ],
                  [
                    {
                      "wd": "inspiring"
                    },
                    {
                      "wd": "moving"
                    },
                    {
                      "wd": "numinous"
                    },
                    {
                      "wd": "uplifting"
                    }
                  ],
                  [
                    {
                      "wd": "august"
                    },
                    {
                      "wd": "magnificent"
                    },
                    {
                      "wd": "majestic"
                    }
                  ]
                ],
                "near_list": [
                  [
                    {
                      "wd": "sordid"
                    },
                    {
                      "wd": "squalid"
                    },
                    {
                      "wd": "vile"
                    },
                    {
                      "wd": "wretched"
                    }
                  ],
                  [
                    {
                      "wd": "abominable"
                    },
                    {
                      "wd": "contemptible"
                    },
                    {
                      "wd": "despicable"
                    },
                    {
                      "wd": "detestable"
                    },
                    {
                      "wd": "hateful"
                    },
                    {
                      "wd": "offensive"
                    },
                    {
                      "wd": "repulsive"
                    },
                    {
                      "wd": "ugly"
                    },
                    {
                      "wd": "vicious"
                    }
                  ],
                  [
                    {
                      "wd": "dastardly"
                    },
                    {
                      "wd": "dirty"
                    },
                    {
                      "wd": "lousy"
                    },
                    {
                      "wd": "sorry"
                    }
                  ],
                  [
                    {
                      "wd": "little"
                    },
                    {
                      "wd": "mean"
                    },
                    {
                      "wd": "narrow"
                    },
                    {
                      "wd": "small-minded"
                    }
                  ],
                  [
                    {
                      "wd": "degrading"
                    },
                    {
                      "wd": "discreditable"
                    },
                    {
                      "wd": "humiliating"
                    },
                    {
                      "wd": "ignominious"
                    }
                  ],
                  [
                    {
                      "wd": "coarse"
                    },
                    {
                      "wd": "crude"
                    },
                    {
                      "wd": "vulgar"
                    }
                  ]
                ],
                "ant_list": [
                  [
                    {
                      "wd": "base"
                    },
                    {
                      "wd": "debased"
                    },
                    {
                      "wd": "degenerate"
                    },
                    {
                      "wd": "degraded"
                    },
                    {
                      "wd": "ignoble"
                    },
                    {
                      "wd": "low"
                    }
                  ]
                ]
              }
            ]
          ],
          [
            [
              "sense",
              {
                "sn": "11",
                "dt": [
                  [
                    "text",
                    "not civilized "
                  ],
                  [
                    "vis",
                    [
                      {
                        "t": "a {it}natural{/it} man, unacquainted with the blessings and burdens of society"
                      }
                    ]
                  ]
                ],
                "syn_list": [
                  [
                    {
                      "wd": "barbarian"
                    },
                    {
                      "wd": "barbaric"
                    },
                    {
                      "wd": "barbarous"
                    },
                    {
                      "wd": "heathen"
                    },
                    {
                      "wd": "heathenish"
                    },
                    {
                      "wd": "Neanderthal",
                      "wvrs": [
                        {
                          "wvl": "or",
                          "wva": "Neandertal"
                        }
                      ]
                    },
                    {
                      "wd": "rude"
                    },
                    {
                      "wd": "savage"
                    },
                    {
                      "wd": "uncivil"
                    },
                    {
                      "wd": "uncivilized"
                    },
                    {
                      "wd": "uncultivated"
                    },
                    {
                      "wd": "wild"
                    }
                  ]
                ],
                "rel_list": [
                  [
                    {
                      "wd": "coarse"
                    },
                    {
                      "wd": "crude"
                    },
                    {
                      "wd": "primitive"
                    },
                    {
                      "wd": "rough"
                    }
                  ],
                  [
                    {
                      "wd": "uncouth"
                    },
                    {
                      "wd": "uncultured"
                    }
                  ]
                ],
                "near_list": [
                  [
                    {
                      "wd": "cultured"
                    },
                    {
                      "wd": "enlightened"
                    },
                    {
                      "wd": "humane"
                    },
                    {
                      "wd": "sophisticated"
                    }
                  ],
                  [
                    {
                      "wd": "genteel"
                    },
                    {
                      "wd": "polished"
                    },
                    {
                      "wd": "polite"
                    },
                    {
                      "wd": "refined"
                    },
                    {
                      "wd": "urbane"
                    },
                    {
                      "wd": "well-bred"
                    }
                  ],
                  [
                    {
                      "wd": "semicivilized"
                    }
                  ]
                ],
                "ant_list": [
                  [
                    {
                      "wd": "civilized"
                    }
                  ]
                ]
              }
            ]
          ]
        ]
      }
    ],
    "shortdef": [
      "being such from birth or by nature",
      "closely resembling the object imitated",
      "being such by blood and not by adoption or marriage"
    ]
  },
  {
    "meta": {
      "id": "natural",
      "uuid": "8bd3bc35-a2a2-4e69-840f-376077b571f1",
      "src": "coll_thes",
      "section": "alpha",
      "target": {
        "tuuid": "b3043913-7bea-4681-b7e4-3800a34b881e",
        "tsrc": "collegiate"
      },
      "stems": [
        "natural",
        "naturals"
      ],
      "syns": [
        [
          "airhead",
          "birdbrain",
          "blockhead",
          "bonehead",
          "bubblehead",
          "chowderhead",
          "chucklehead",
          "clodpoll",
          "clot",
          "cluck",
          "clunk",
          "cretin",
          "cuddy",
          "deadhead",
          "dim bulb",
          "dimwit",
          "dip",
          "dodo",
          "dolt",
          "donkey",
          "doofus",
          "dope",
          "dork",
          "dullard",
          "dum-dum",
          "dumbbell",
          "dumbhead",
          "dummkopf",
          "dummy",
          "dunce",
          "dunderhead",
          "fathead",
          "gander",
          "golem",
          "goof",
          "goon",
          "half-wit",
          "hammerhead",
          "hardhead",
          "idiot",
          "ignoramus",
          "imbecile",
          "jackass",
          "know-nothing",
          "knucklehead",
          "lamebrain",
          "loggerhead",
          "loon",
          "lump",
          "lunkhead",
          "meathead",
          "mome",
          "moron",
          "mug",
          "mutt",
          "nimrod",
          "nincompoop",
          "ninny",
          "ninnyhammer",
          "nit",
          "nitwit",
          "noddy",
          "noodle",
          "numskull",
          "oaf",
          "pinhead",
          "prat",
          "ratbag",
          "saphead",
          "schlub",
          "schnook",
          "simpleton",
          "stock",
          "stupe",
          "stupid",
          "thickhead",
          "turkey",
          "woodenhead",
          "yahoo",
          "yo-yo"
        ]
      ],
      "ants": [
        [
          "brain",
          "genius"
        ]
      ],
      "offensive": false
    },
    "hwi": {
      "hw": "natural"
    },
    "fl": "noun",
    "def": [
      {
        "sseq": [
          [
            [
              "sense",
              {
                "dt": [
                  [
                    "text",
                    "a stupid person "
                  ],
                  [
                    "vis",
                    [
                      {
                        "t": "a character depicted as a {it}natural{/it} in the novel as indicated by his unsophisticated speech habits"
                      }
                    ]
                  ]
                ],
                "syn_list": [
                  [
                    {
                      "wd": "airhead"
                    },
                    {
                      "wd": "birdbrain"
                    },
                    {
                      "wd": "blockhead"
                    },
                    {
                      "wd": "bonehead"
                    },
                    {
                      "wd": "bubblehead"
                    },
                    {
                      "wd": "chowderhead"
                    },
                    {
                      "wd": "chucklehead"
                    },
                    {
                      "wd": "clodpoll",
                      "wvrs": [
                        {
                          "wvl": "or",
                          "wva": "clodpole"
                        }
                      ]
                    },
                    {
                      "wd": "clot",
                      "wsls": [
                        "British"
                      ]
                    },
                    {
                      "wd": "cluck"
                    },
                    {
                      "wd": "clunk"
                    },
                    {
                      "wd": "cretin"
                    },
                    {
                      "wd": "cuddy",
                      "wvrs": [
                        {
                          "wvl": "or",
                          "wva": "cuddie"
                        }
                      ],
                      "wsls": [
                        "British dialect"
                      ]
                    },
                    {
                      "wd": "deadhead"
                    },
                    {
                      "wd": "dim bulb",
                      "wsls": [
                        "slang"
                      ]
                    },
                    {
                      "wd": "dimwit"
                    },
                    {
                      "wd": "dip"
                    },
                    {
                      "wd": "dodo"
                    },
                    {
                      "wd": "dolt"
                    },
                    {
                      "wd": "donkey"
                    },
                    {
                      "wd": "doofus",
                      "wsls": [
                        "slang"
                      ]
                    },
                    {
                      "wd": "dope"
                    },
                    {
                      "wd": "dork",
                      "wsls": [
                        "slang"
                      ]
                    },
                    {
                      "wd": "dullard"
                    },
                    {
                      "wd": "dum-dum"
                    },
                    {
                      "wd": "dumbbell"
                    },
                    {
                      "wd": "dumbhead"
                    },
                    {
                      "wd": "dummkopf"
                    },
                    {
                      "wd": "dummy"
                    },
                    {
                      "wd": "dunce"
                    },
                    {
                      "wd": "dunderhead"
                    },
                    {
                      "wd": "fathead"
                    },
                    {
                      "wd": "gander"
                    },
                    {
                      "wd": "golem"
                    },
                    {
                      "wd": "goof"
                    },
                    {
                      "wd": "goon"
                    },
                    {
                      "wd": "half-wit"
                    },
                    {
                      "wd": "hammerhead"
                    },
                    {
                      "wd": "hardhead"
                    },
                    {
                      "wd": "idiot"
                    },
                    {
                      "wd": "ignoramus"
                    },
                    {
                      "wd": "imbecile"
                    },
                    {
                      "wd": "jackass"
                    },
                    {
                      "wd": "know-nothing"
                    },
                    {
                      "wd": "knucklehead"
                    },
                    {
                      "wd": "lamebrain"
                    },
                    {
                      "wd": "loggerhead",
                      "wsls": [
                        "chiefly dialect"
                      ]
                    },
                    {
                      "wd": "loon"
                    },
                    {
                      "wd": "lump"
                    },
                    {
                      "wd": "lunkhead"
                    },
                    {
                      "wd": "meathead"
                    },
                    {
                      "wd": "mome",
                      "wsls": [
                        "archaic"
                      ]
                    },
                    {
                      "wd": "moron"
                    },
                    {
                      "wd": "mug",
                      "wsls": [
                        "chiefly British"
                      ]
                    },
                    {
                      "wd": "mutt"
                    },
                    {
                      "wd": "nimrod",
                      "wsls": [
                        "slang"
                      ]
                    },
                    {
                      "wd": "nincompoop"
                    },
                    {
                      "wd": "ninny"
                    },
                    {
                      "wd": "ninnyhammer"
                    },
                    {
                      "wd": "nit",
                      "wsls": [
                        "chiefly British"
                      ]
                    },
                    {
                      "wd": "nitwit"
                    },
                    {
                      "wd": "noddy"
                    },
                    {
                      "wd": "noodle"
                    },
                    {
                      "wd": "numskull",
                      "wvrs": [
                        {
                          "wvl": "or",
                          "wva": "numbskull"
                        }
                      ]
                    },
                    {
                      "wd": "oaf"
                    },
                    {
                      "wd": "pinhead"
                    },
                    {
                      "wd": "prat",
                      "wsls": [
                        "British"
                      ]
                    },
                    {
                      "wd": "ratbag",
                      "wsls": [
                        "chiefly Australian"
                      ]
                    },
                    {
                      "wd": "saphead"
                    },
                    {
                      "wd": "schlub",
                      "wvrs": [
                        {
                          "wvl": "also",
                          "wva": "shlub"
                        }
                      ],
                      "wsls": [
                        "slang"
                      ]
                    },
                    {
                      "wd": "schnook",
                      "wsls": [
                        "slang"
                      ]
                    },
                    {
                      "wd": "simpleton"
                    },
                    {
                      "wd": "stock"
                    },
                    {
                      "wd": "stupe"
                    },
                    {
                      "wd": "stupid"
                    },
                    {
                      "wd": "thickhead"
                    },
                    {
                      "wd": "turkey"
                    },
                    {
                      "wd": "woodenhead"
                    },
                    {
                      "wd": "yahoo"
                    },
                    {
                      "wd": "yo-yo"
                    }
                  ]
                ],
                "rel_list": [
                  [
                    {
                      "wd": "booby"
                    },
                    {
                      "wd": "buffoon"
                    },
                    {
                      "wd": "fool"
                    },
                    {
                      "wd": "goose"
                    },
                    {
                      "wd": "loony"
                    },
                    {
                      "wd": "lunatic"
                    },
                    {
                      "wd": "madman"
                    },
                    {
                      "wd": "nut"
                    },
                    {
                      "wd": "zany"
                    }
                  ],
                  [
                    {
                      "wd": "loser"
                    }
                  ],
                  [
                    {
                      "wd": "gawk"
                    }
                  ],
                  [
                    {
                      "wd": "featherbrain"
                    },
                    {
                      "wd": "scatterbrain"
                    }
                  ],
                  [
                    {
                      "wd": "beast"
                    },
                    {
                      "wd": "boor"
                    },
                    {
                      "wd": "cad"
                    },
                    {
                      "wd": "churl"
                    },
                    {
                      "wd": "clown"
                    },
                    {
                      "wd": "creep"
                    },
                    {
                      "wd": "cur"
                    },
                    {
                      "wd": "heel"
                    },
                    {
                      "wd": "jerk"
                    },
                    {
                      "wd": "skunk"
                    },
                    {
                      "wd": "snake"
                    },
                    {
                      "wd": "stinker"
                    },
                    {
                      "wd": "villain"
                    }
                  ]
                ],
                "phrase_list": [
                  [
                    {
                      "wd": "dumb cluck"
                    }
                  ]
                ],
                "near_list": [
                  [
                    {
                      "wd": "intellect"
                    },
                    {
                      "wd": "intellectual"
                    },
                    {
                      "wd": "sage"
                    },
                    {
                      "wd": "thinker"
                    },
                    {
                      "wd": "whiz"
                    },
                    {
                      "wd": "wizard"
                    }
                  ],
                  [
                    {
                      "wd": "polymath"
                    },
                    {
                      "wd": "Renaissance man"
                    }
                  ],
                  [
                    {
                      "wd": "sharpie",
                      "wvrs": [
                        {
                          "wvl": "or",
                          "wva": "sharpy"
                        }
                      ]
                    }
                  ]
                ],
                "ant_list": [
                  [
                    {
                      "wd": "brain"
                    },
                    {
                      "wd": "genius"
                    }
                  ]
                ]
              }
            ]
          ]
        ]
      }
    ],
    "shortdef": [
      "a stupid person"
    ]
  },
  {
    "meta": {
      "id": "natural childbirth",
      "uuid": "0d3d814a-4449-408a-a781-e6ff07dfedeb",
      "src": "CTcompile",
      "section": "alpha",
      "stems": [
        "natural childbirth"
      ],
      "syns": [
        [
          "cesarean section",
          "abortion",
          "miscarriage",
          "childbed",
          "confinement",
          "lying-in",
          "pregnancy",
          "birth pang",
          "contraction",
          "pains",
          "accouchement",
          "childbearing",
          "childbirth",
          "delivery",
          "labor",
          "parturition",
          "travail"
        ]
      ],
      "ants": [],
      "offensive": false
    },
    "hwi": {
      "hw": "natural childbirth"
    },
    "fl": "noun",
    "def": [
      {
        "sseq": [
          [
            [
              "sense",
              {
                "dt": [
                  [
                    "text",
                    "as in {it}cesarean section{/it}"
                  ]
                ],
                "sim_list": [
                  [
                    {
                      "wd": "cesarean section",
                      "wvrs": [
                        {
                          "wvl": "or",
                          "wva": "caesarean section"
                        }
                      ]
                    }
                  ],
                  [
                    {
                      "wd": "abortion"
                    },
                    {
                      "wd": "miscarriage"
                    }
                  ],
                  [
                    {
                      "wd": "childbed"
                    },
                    {
                      "wd": "confinement"
                    },
                    {
                      "wd": "lying-in"
                    }
                  ],
                  [
                    {
                      "wd": "pregnancy"
                    }
                  ],
                  [
                    {
                      "wd": "birth pang"
                    },
                    {
                      "wd": "contraction"
                    },
                    {
                      "wd": "pains"
                    }
                  ],
                  [
                    {
                      "wd": "accouchement"
                    },
                    {
                      "wd": "childbearing"
                    },
                    {
                      "wd": "childbirth"
                    },
                    {
                      "wd": "delivery"
                    },
                    {
                      "wd": "labor"
                    },
                    {
                      "wd": "parturition"
                    },
                    {
                      "wd": "travail"
                    }
                  ]
                ]
              }
            ]
          ]
        ]
      }
    ],
    "shortdef": [
      "as in cesarean section"
    ]
  },
  {
    "meta": {
      "id": "natural childbirths",
      "uuid": "79d9915a-723b-4973-8aa1-68e06bb40ea3",
      "src": "CTcompile",
      "section": "alpha",
      "stems": [
        "natural childbirths"
      ],
      "syns": [
        [
          "cesarean sections",
          "abortions",
          "miscarriages",
          "childbeds",
          "confinements",
          "lyings-in",
          "pregnancies",
          "birth pangs",
          "contractions",
          "pains",
          "accouchements",
          "childbearings",
          "childbirths",
          "deliveries",
          "labors",
          "parturitions",
          "travails"
        ]
      ],
      "ants": [],
      "offensive": false
    },
    "hwi": {
      "hw": "natural childbirths"
    },
    "fl": "noun",
    "sls": [
      "plural of {d_link|natural childbirth|natural childbirth}"
    ],
    "def": [
      {
        "sseq": [
          [
            [
              "sense",
              {
                "dt": [
                  [
                    "text",
                    "as in {it}cesarean sections{/it}"
                  ]
                ],
                "sim_list": [
                  [
                    {
                      "wd": "cesarean sections",
                      "wvrs": [
                        {
                          "wvl": "or",
                          "wva": "caesarean sections"
                        }
                      ]
                    }
                  ],
                  [
                    {
                      "wd": "abortions"
                    },
                    {
                      "wd": "miscarriages"
                    }
                  ],
                  [
                    {
                      "wd": "childbeds"
                    },
                    {
                      "wd": "confinements"
                    },
                    {
                      "wd": "lyings-in",
                      "wvrs": [
                        {
                          "wvl": "or",
                          "wva": "lying-ins"
                        }
                      ]
                    }
                  ],
                  [
                    {
                      "wd": "pregnancies"
                    }
                  ],
                  [
                    {
                      "wd": "birth pangs"
                    },
                    {
                      "wd": "contractions"
                    },
                    {
                      "wd": "pains"
                    }
                  ],
                  [
                    {
                      "wd": "accouchements"
                    },
                    {
                      "wd": "childbearings"
                    },
                    {
                      "wd": "childbirths"
                    },
                    {
                      "wd": "deliveries"
                    },
                    {
                      "wd": "labors"
                    },
                    {
                      "wd": "parturitions"
                    },
                    {
                      "wd": "travails"
                    }
                  ]
                ]
              }
            ]
          ]
        ]
      }
    ],
    "shortdef": [
      "as in cesarean sections"
    ]
  },
  {
    "meta": {
      "id": "natural food",
      "uuid": "ee84103f-4b5b-4753-b7b4-4f3df4d5b8e7",
      "src": "CTcompile",
      "section": "alpha",
      "stems": [
        "natural food"
      ],
      "syns": [
        [
          "finger food",
          "amuse-bouche",
          "amuse-gueule",
          "antipasto",
          "app",
          "appetizer",
          "canap\u00e9",
          "cocktail",
          "hors d'oeuvre",
          "munchies",
          "starter",
          "commissary",
          "rations",
          "supplies",
          "aliment",
          "nutriment",
          "diet",
          "nourishment",
          "nurture",
          "sustenance",
          "mess",
          "pap",
          "ensilage",
          "feed",
          "fodder",
          "forage",
          "silage",
          "slop",
          "swill",
          "feast",
          "meal",
          "refreshments",
          "regale",
          "repast",
          "spread",
          "board"
        ]
      ],
      "ants": [
        [
          "bane",
          "poison",
          "toxin",
          "venom"
        ]
      ],
      "offensive": false
    },
    "hwi": {
      "hw": "natural food"
    },
    "fl": "noun",
    "def": [
      {
        "sseq": [
          [
            [
              "sense",
              {
                "dt": [
                  [
                    "text",
                    "as in {it}finger food{/it}"
                  ]
                ],
                "sim_list": [
                  [
                    {
                      "wd": "finger food"
                    }
                  ],
                  [
                    {
                      "wd": "amuse-bouche"
                    },
                    {
                      "wd": "amuse-gueule"
                    },
                    {
                      "wd": "antipasto"
                    },
                    {
                      "wd": "app"
                    },
                    {
                      "wd": "appetizer"
                    },
                    {
                      "wd": "canap\u00e9"
                    },
                    {
                      "wd": "cocktail"
                    },
                    {
                      "wd": "hors d'oeuvre"
                    },
                    {
                      "wd": "munchies"
                    },
                    {
                      "wd": "starter"
                    }
                  ],
                  [
                    {
                      "wd": "commissary"
                    },
                    {
                      "wd": "rations"
                    },
                    {
                      "wd": "supplies"
                    }
                  ],
                  [
                    {
                      "wd": "aliment"
                    },
                    {
                      "wd": "nutriment"
                    }
                  ],
                  [
                    {
                      "wd": "diet"
                    },
                    {
                      "wd": "nourishment"
                    },
                    {
                      "wd": "nurture"
                    },
                    {
                      "wd": "sustenance"
                    }
                  ],
                  [
                    {
                      "wd": "mess"
                    },
                    {
                      "wd": "pap"
                    }
                  ],
                  [
                    {
                      "wd": "ensilage"
                    },
                    {
                      "wd": "feed"
                    },
                    {
                      "wd": "fodder"
                    },
                    {
                      "wd": "forage"
                    },
                    {
                      "wd": "silage"
                    },
                    {
                      "wd": "slop"
                    },
                    {
                      "wd": "swill"
                    }
                  ],
                  [
                    {
                      "wd": "feast"
                    },
                    {
                      "wd": "meal"
                    },
                    {
                      "wd": "refreshments"
                    },
                    {
                      "wd": "regale"
                    },
                    {
                      "wd": "repast"
                    },
                    {
                      "wd": "spread"
                    }
                  ],
                  [
                    {
                      "wd": "board"
                    }
                  ]
                ],
                "opp_list": [
                  [
                    {
                      "wd": "bane"
                    },
                    {
                      "wd": "poison"
                    },
                    {
                      "wd": "toxin"
                    },
                    {
                      "wd": "venom"
                    }
                  ]
                ]
              }
            ]
          ]
        ]
      }
    ],
    "shortdef": [
      "as in finger food"
    ]
  },
  {
    "meta": {
      "id": "natural foods",
      "uuid": "2a096651-b5fc-4ba0-b48d-b6c60514fcd6",
      "src": "CTcompile",
      "section": "alpha",
      "stems": [
        "natural foods"
      ],
      "syns": [
        [
          "finger foods",
          "amuse-bouches",
          "amuse-gueules",
          "antipasti",
          "appetizers",
          "apps",
          "canap\u00e9s",
          "cocktails",
          "hors d'oeuvres",
          "munchies",
          "starters",
          "commissaries",
          "rations",
          "supplies",
          "aliments",
          "nutriments",
          "diets",
          "nourishments",
          "nurtures",
          "sustenances",
          "messes",
          "paps",
          "ensilages",
          "feeds",
          "fodders",
          "forages",
          "silages",
          "slop",
          "swills",
          "feasts",
          "meals",
          "refreshments",
          "regales",
          "repasts",
          "spreads",
          "boards"
        ]
      ],
      "ants": [
        [
          "banes",
          "poisons",
          "toxins",
          "venoms"
        ]
      ],
      "offensive": false
    },
    "hwi": {
      "hw": "natural foods"
    },
    "fl": "noun",
    "sls": [
      "plural of {d_link|natural food|natural food}"
    ],
    "def": [
      {
        "sseq": [
          [
            [
              "sense",
              {
                "dt": [
                  [
                    "text",
                    "as in {it}finger foods{/it}"
                  ]
                ],
                "sim_list": [
                  [
                    {
                      "wd": "finger foods"
                    }
                  ],
                  [
                    {
                      "wd": "amuse-bouches",
                      "wvrs": [
                        {
                          "wvl": "also",
                          "wva": "amuses-bouches"
                        }
                      ]
                    },
                    {
                      "wd": "amuse-gueules"
                    },
                    {
                      "wd": "antipasti"
                    },
                    {
                      "wd": "appetizers"
                    },
                    {
                      "wd": "apps"
                    },
                    {
                      "wd": "canap\u00e9s"
                    },
                    {
                      "wd": "cocktails"
                    },
                    {
                      "wd": "hors d'oeuvres",
                      "wvrs": [
                        {
                          "wvl": "also",
                          "wva": "hors d'oeuvre"
                        }
                      ]
                    },
                    {
                      "wd": "munchies"
                    },
                    {
                      "wd": "starters"
                    }
                  ],
                  [
                    {
                      "wd": "commissaries"
                    },
                    {
                      "wd": "rations"
                    },
                    {
                      "wd": "supplies"
                    }
                  ],
                  [
                    {
                      "wd": "aliments"
                    },
                    {
                      "wd": "nutriments"
                    }
                  ],
                  [
                    {
                      "wd": "diets"
                    },
                    {
                      "wd": "nourishments"
                    },
                    {
                      "wd": "nurtures"
                    },
                    {
                      "wd": "sustenances"
                    }
                  ],
                  [
                    {
                      "wd": "messes"
                    },
                    {
                      "wd": "paps"
                    }
                  ],
                  [
                    {
                      "wd": "ensilages"
                    },
                    {
                      "wd": "feeds"
                    },
                    {
                      "wd": "fodders"
                    },
                    {
                      "wd": "forages"
                    },
                    {
                      "wd": "silages"
                    },
                    {
                      "wd": "slop"
                    },
                    {
                      "wd": "swills"
                    }
                  ],
                  [
                    {
                      "wd": "feasts"
                    },
                    {
                      "wd": "meals"
                    },
                    {
                      "wd": "refreshments"
                    },
                    {
                      "wd": "regales"
                    },
                    {
                      "wd": "repasts"
                    },
                    {
                      "wd": "spreads"
                    }
                  ],
                  [
                    {
                      "wd": "boards"
                    }
                  ]
                ],
                "opp_list": [
                  [
                    {
                      "wd": "banes"
                    },
                    {
                      "wd": "poisons"
                    },
                    {
                      "wd": "toxins"
                    },
                    {
                      "wd": "venoms"
                    }
                  ]
                ]
              }
            ]
          ]
        ]
      }
    ],
    "shortdef": [
      "as in finger foods"
    ]
  }
]