[
  {
    "meta": {
      "id": "nerve",
      "uuid": "65d054ef-a97c-4015-bba9-cfc176698a8d",
      "src": "coll_thes",
      "section": "alpha",
      "target": {
        "tuuid": "cd5f3570-0799-4673-b344-b9574e16b118",
        "tsrc": "collegiate"
      },
      "stems": [
        "nerve",
        "nerves"
      ],
      "syns": [
        [
          "audaciousness",
          "audacity",
          "brashness",
          "brass",
          "brassiness",
          "brazenness",
          "cheek",
          "cheekiness",
          "chutzpah",
          "crust",
          "effrontery",
          "face",
          "gall",
          "nerviness",
          "pertness",
          "presumption",
          "presumptuousness",
          "sauce",
          "sauciness",
          "temerity"
        ],
        [
          "bottle",
          "bravery",
          "courage",
          "courageousness",
          "daring",
          "daringness",
          "dauntlessness",
          "doughtiness",
          "fearlessness",
          "gallantry",
          "greatheartedness",
          "guts",
          "gutsiness",
          "hardihood",
          "heart",
          "heroism",
          "intestinal fortitude",
          "intrepidity",
          "intrepidness",
          "moxie",
          "pecker",
          "prowess",
          "stoutness",
          "valor",
          "virtue"
        ],
        [
          "butterflies",
          "dither",
          "heebie-jeebies",
          "jimjams",
          "jitters",
          "screaming meemies",
          "shakes",
          "shivers",
          "whim-whams",
          "willies"
        ]
      ],
      "ants": [
        [
          "cowardice",
          "cowardliness",
          "cravenness",
          "dastardliness",
          "poltroonery",
          "spinelessness"
        ]
      ],
      "offensive": false
    },
    "hwi": {
      "hw": "nerve"
    },
    "fl": "noun",
    "def": [
      {
        "sseq": [
          [
            [
              "sense",
              {
                "sn": "1",
                "dt": [
                  [
                    "text",
                    "shameless boldness "
                  ],
                  [
                    "vis",
                    [
                      {
                        "t": "you've got a lot of {it}nerve{/it} showing up here"
                      }
                    ]
                  ]
                ],
                "syn_list": [
                  [
                    {
                      "wd": "audaciousness"
                    },
                    {
                      "wd": "audacity"
                    },
                    {
                      "wd": "brashness"
                    },
                    {
                      "wd": "brass"
                    },
                    {
                      "wd": "brassiness"
                    },
                    {
                      "wd": "brazenness"
                    },
                    {
                      "wd": "cheek"
                    },
                    {
                      "wd": "cheekiness"
                    },
                    {
                      "wd": "chutzpah",
                      "wvrs": [
                        {
                          "wvl": "also",
                          "wva": "chutzpa"
                        },
                        {
                          "wvl": "or",
                          "wva": "hutzpah"
                        },
                        {
                          "wvl": "or",
                          "wva": "hutzpa"
                        }
                      ]
                    },
                    {
                      "wd": "crust"
                    },
                    {
                      "wd": "effrontery"
                    },
                    {
                      "wd": "face"
                    },
                    {
                      "wd": "gall"
                    },
                    {
                      "wd": "nerviness"
                    },
                    {
                      "wd": "pertness"
                    },
                    {
                      "wd": "presumption"
                    },
                    {
                      "wd": "presumptuousness"
                    },
                    {
                      "wd": "sauce"
                    },
                    {
                      "wd": "sauciness"
                    },
                    {
                      "wd": "temerity"
                    }
                  ]
                ],
                "rel_list": [
                  [
                    {
                      "wd": "arrogance"
                    },
                    {
                      "wd": "assurance"
                    },
                    {
                      "wd": "cockiness"
                    },
                    {
                      "wd": "confidence"
                    },
                    {
                      "wd": "hardihood"
                    },
                    {
                      "wd": "overconfidence"
                    },
                    {
                      "wd": "sanguinity"
                    },
                    {
                      "wd": "self-assurance"
                    },
                    {
                      "wd": "self-confidence"
                    }
                  ],
                  [
                    {
                      "wd": "discourteousness"
                    },
                    {
                      "wd": "disrespect"
                    },
                    {
                      "wd": "impertinence"
                    },
                    {
                      "wd": "impoliteness"
                    },
                    {
                      "wd": "impudence"
                    },
                    {
                      "wd": "incivility"
                    },
                    {
                      "wd": "inconsiderateness"
                    },
                    {
                      "wd": "inconsideration"
                    },
                    {
                      "wd": "insolence"
                    },
                    {
                      "wd": "rudeness"
                    },
                    {
                      "wd": "ungraciousness"
                    }
                  ],
                  [
                    {
                      "wd": "back talk"
                    },
                    {
                      "wd": "sass"
                    }
                  ],
                  [
                    {
                      "wd": "swagger"
                    },
                    {
                      "wd": "swash"
                    }
                  ]
                ],
                "near_list": [
                  [
                    {
                      "wd": "bashfulness"
                    },
                    {
                      "wd": "diffidence"
                    },
                    {
                      "wd": "faintheartedness"
                    },
                    {
                      "wd": "hesitancy"
                    },
                    {
                      "wd": "modesty"
                    },
                    {
                      "wd": "shyness"
                    },
                    {
                      "wd": "timidity"
                    },
                    {
                      "wd": "timidness"
                    },
                    {
                      "wd": "timorousness"
                    }
                  ],
                  [
                    {
                      "wd": "civility"
                    },
                    {
                      "wd": "courteousness"
                    },
                    {
                      "wd": "courtesy"
                    },
                    {
                      "wd": "gentility"
                    },
                    {
                      "wd": "graciousness"
                    },
                    {
                      "wd": "mannerliness"
                    },
                    {
                      "wd": "manners"
                    }
                  ]
                ]
              }
            ]
          ],
          [
            [
              "sense",
              {
                "sn": "2",
                "dt": [
                  [
                    "text",
                    "strength of mind to carry on in spite of danger "
                  ],
                  [
                    "vis",
                    [
                      {
                        "t": "that daring rescue took some {it}nerve{/it}"
                      }
                    ]
                  ]
                ],
                "syn_list": [
                  [
                    {
                      "wd": "bottle",
                      "wsls": [
                        "British slang"
                      ]
                    },
                    {
                      "wd": "bravery"
                    },
                    {
                      "wd": "courage"
                    },
                    {
                      "wd": "courageousness"
                    },
                    {
                      "wd": "daring"
                    },
                    {
                      "wd": "daringness"
                    },
                    {
                      "wd": "dauntlessness"
                    },
                    {
                      "wd": "doughtiness"
                    },
                    {
                      "wd": "fearlessness"
                    },
                    {
                      "wd": "gallantry"
                    },
                    {
                      "wd": "greatheartedness"
                    },
                    {
                      "wd": "guts"
                    },
                    {
                      "wd": "gutsiness"
                    },
                    {
                      "wd": "hardihood"
                    },
                    {
                      "wd": "heart"
                    },
                    {
                      "wd": "heroism"
                    },
                    {
                      "wd": "intestinal fortitude"
                    },
                    {
                      "wd": "intrepidity"
                    },
                    {
                      "wd": "intrepidness"
                    },
                    {
                      "wd": "moxie"
                    },
                    {
                      "wd": "pecker",
                      "wsls": [
                        "chiefly British"
                      ]
                    },
                    {
                      "wd": "prowess"
                    },
                    {
                      "wd": "stoutness"
                    },
                    {
                      "wd": "valor"
                    },
                    {
                      "wd": "virtue"
                    }
                  ]
                ],
                "rel_list": [
                  [
                    {
                      "wd": "backbone"
                    },
                    {
                      "wd": "fiber"
                    },
                    {
                      "wd": "fortitude"
                    },
                    {
                      "wd": "grit"
                    },
                    {
                      "wd": "gumption"
                    },
                    {
                      "wd": "mettle"
                    },
                    {
                      "wd": "pluck"
                    },
                    {
                      "wd": "pluckiness"
                    },
                    {
                      "wd": "spunk"
                    },
                    {
                      "wd": "temper"
                    }
                  ],
                  [
                    {
                      "wd": "determination"
                    },
                    {
                      "wd": "perseverance"
                    },
                    {
                      "wd": "resolution"
                    }
                  ],
                  [
                    {
                      "wd": "endurance"
                    },
                    {
                      "wd": "stamina"
                    },
                    {
                      "wd": "stomach"
                    },
                    {
                      "wd": "tenacity"
                    }
                  ],
                  [
                    {
                      "wd": "audacity"
                    },
                    {
                      "wd": "boldness"
                    },
                    {
                      "wd": "brazenness"
                    },
                    {
                      "wd": "cheek"
                    },
                    {
                      "wd": "cojones",
                      "wsls": [
                        "slang"
                      ]
                    },
                    {
                      "wd": "effrontery"
                    },
                    {
                      "wd": "gall"
                    },
                    {
                      "wd": "temerity"
                    }
                  ]
                ],
                "near_list": [
                  [
                    {
                      "wd": "cold feet"
                    },
                    {
                      "wd": "faintheartedness"
                    },
                    {
                      "wd": "fearfulness"
                    },
                    {
                      "wd": "mousiness"
                    },
                    {
                      "wd": "timidity"
                    },
                    {
                      "wd": "timorousness"
                    }
                  ],
                  [
                    {
                      "wd": "feebleness"
                    },
                    {
                      "wd": "softness"
                    },
                    {
                      "wd": "weakness"
                    }
                  ],
                  [
                    {
                      "wd": "impotence"
                    },
                    {
                      "wd": "ineffectualness"
                    }
                  ],
                  [
                    {
                      "wd": "hesitation"
                    },
                    {
                      "wd": "indecision"
                    },
                    {
                      "wd": "indecisiveness"
                    },
                    {
                      "wd": "irresolution"
                    }
                  ]
                ],
                "ant_list": [
                  [
                    {
                      "wd": "cowardice"
                    },
                    {
                      "wd": "cowardliness"
                    },
                    {
                      "wd": "cravenness"
                    },
                    {
                      "wd": "dastardliness"
                    },
                    {
                      "wd": "poltroonery"
                    },
                    {
                      "wd": "spinelessness"
                    }
                  ]
                ]
              }
            ]
          ],
          [
            [
              "sense",
              {
                "sn": "3",
                "ins": [
                  {
                    "if": "nerves",
                    "spl": "plural"
                  }
                ],
                "dt": [
                  [
                    "text",
                    "a sense of panic or extreme nervousness "
                  ],
                  [
                    "vis",
                    [
                      {
                        "t": "a veteran performer who still gets a case of the {it}nerves{/it} before performances"
                      }
                    ]
                  ]
                ],
                "syn_list": [
                  [
                    {
                      "wd": "butterflies"
                    },
                    {
                      "wd": "dither"
                    },
                    {
                      "wd": "heebie-jeebies"
                    },
                    {
                      "wd": "jimjams"
                    },
                    {
                      "wd": "jitters"
                    },
                    {
                      "wd": "screaming meemies"
                    },
                    {
                      "wd": "shakes"
                    },
                    {
                      "wd": "shivers"
                    },
                    {
                      "wd": "whim-whams"
                    },
                    {
                      "wd": "willies"
                    }
                  ]
                ],
                "rel_list": [
                  [
                    {
                      "wd": "cold sweat"
                    },
                    {
                      "wd": "creeps"
                    },
                    {
                      "wd": "fidgets"
                    },
                    {
                      "wd": "goose bumps"
                    }
                  ],
                  [
                    {
                      "wd": "agitation"
                    },
                    {
                      "wd": "anxiety"
                    },
                    {
                      "wd": "fear"
                    },
                    {
                      "wd": "hysteria"
                    },
                    {
                      "wd": "uneasiness"
                    }
                  ],
                  [
                    {
                      "wd": "frazzle"
                    },
                    {
                      "wd": "nervous breakdown"
                    }
                  ],
                  [
                    {
                      "wd": "edginess"
                    },
                    {
                      "wd": "jumpiness"
                    },
                    {
                      "wd": "skittishness"
                    }
                  ]
                ],
                "near_list": [
                  [
                    {
                      "wd": "aplomb"
                    },
                    {
                      "wd": "calm"
                    },
                    {
                      "wd": "composure"
                    },
                    {
                      "wd": "equanimity"
                    },
                    {
                      "wd": "imperturbability"
                    },
                    {
                      "wd": "self-possession"
                    },
                    {
                      "wd": "tranquillity",
                      "wvrs": [
                        {
                          "wvl": "or",
                          "wva": "tranquility"
                        }
                      ]
                    }
                  ]
                ]
              }
            ]
          ]
        ]
      }
    ],
    "shortdef": [
      "shameless boldness",
      "strength of mind to carry on in spite of danger",
      "a sense of panic or extreme nervousness"
    ]
  },
  {
    "meta": {
      "id": "nerve",
      "uuid": "be4865cf-00eb-47c5-89d5-9994506c64ab",
      "src": "coll_thes",
      "section": "alpha",
      "target": {
        "tuuid": "25c79e4f-3390-43e5-a8ff-732547b7f413",
        "tsrc": "collegiate"
      },
      "stems": [
        "nerve",
        "nerved",
        "nerves",
        "nerving"
      ],
      "syns": [
        [
          "brace",
          "forearm",
          "fortify",
          "poise",
          "psych (up)",
          "ready",
          "steel",
          "strengthen"
        ]
      ],
      "ants": [],
      "offensive": false
    },
    "hwi": {
      "hw": "nerve"
    },
    "fl": "verb",
    "def": [
      {
        "sseq": [
          [
            [
              "sense",
              {
                "dt": [
                  [
                    "text",
                    "to prepare (oneself) mentally or emotionally "
                  ],
                  [
                    "vis",
                    [
                      {
                        "t": "needs to {it}nerve{/it} himself for the big game tomorrow"
                      }
                    ]
                  ]
                ],
                "syn_list": [
                  [
                    {
                      "wd": "brace"
                    },
                    {
                      "wd": "forearm"
                    },
                    {
                      "wd": "fortify"
                    },
                    {
                      "wd": "poise"
                    },
                    {
                      "wd": "psych (up)"
                    },
                    {
                      "wd": "ready"
                    },
                    {
                      "wd": "steel"
                    },
                    {
                      "wd": "strengthen"
                    }
                  ]
                ],
                "rel_list": [
                  [
                    {
                      "wd": "arm"
                    }
                  ],
                  [
                    {
                      "wd": "harden"
                    },
                    {
                      "wd": "inure"
                    },
                    {
                      "wd": "season"
                    },
                    {
                      "wd": "toughen"
                    }
                  ],
                  [
                    {
                      "wd": "bolster"
                    },
                    {
                      "wd": "boost"
                    },
                    {
                      "wd": "buoy (up)"
                    },
                    {
                      "wd": "buttress"
                    },
                    {
                      "wd": "enforce"
                    },
                    {
                      "wd": "prop (up)"
                    },
                    {
                      "wd": "reinforce",
                      "wvrs": [
                        {
                          "wvl": "also",
                          "wva": "reenforce"
                        }
                      ]
                    },
                    {
                      "wd": "support"
                    },
                    {
                      "wd": "sustain"
                    }
                  ],
                  [
                    {
                      "wd": "cheer (up)"
                    },
                    {
                      "wd": "comfort"
                    },
                    {
                      "wd": "embolden"
                    },
                    {
                      "wd": "encourage"
                    },
                    {
                      "wd": "hearten"
                    },
                    {
                      "wd": "inspire"
                    }
                  ],
                  [
                    {
                      "wd": "rally"
                    },
                    {
                      "wd": "rouse"
                    },
                    {
                      "wd": "stir"
                    }
                  ]
                ],
                "near_list": [
                  [
                    {
                      "wd": "daunt"
                    },
                    {
                      "wd": "demoralize"
                    },
                    {
                      "wd": "discourage"
                    },
                    {
                      "wd": "dishearten"
                    },
                    {
                      "wd": "dispirit"
                    },
                    {
                      "wd": "psych (out)"
                    },
                    {
                      "wd": "shake"
                    },
                    {
                      "wd": "unnerve"
                    }
                  ],
                  [
                    {
                      "wd": "debilitate"
                    },
                    {
                      "wd": "enervate"
                    },
                    {
                      "wd": "enfeeble"
                    },
                    {
                      "wd": "prostrate"
                    },
                    {
                      "wd": "sap"
                    },
                    {
                      "wd": "soften"
                    },
                    {
                      "wd": "tire"
                    },
                    {
                      "wd": "undercut"
                    },
                    {
                      "wd": "undermine"
                    },
                    {
                      "wd": "weaken"
                    }
                  ]
                ]
              }
            ]
          ]
        ]
      }
    ],
    "shortdef": [
      "to prepare (oneself) mentally or emotionally"
    ]
  },
  {
    "meta": {
      "id": "nerve center",
      "uuid": "b8a52fca-1d9d-4bd6-a470-7cb21dfe2bd5",
      "src": "coll_thes",
      "section": "alpha",
      "target": {
        "tuuid": "d4c84244-7f43-432d-aab6-7aa57aedbffa",
        "tsrc": "collegiate"
      },
      "stems": [
        "nerve center",
        "nerve centers"
      ],
      "syns": [
        [
          "axis",
          "base",
          "capital",
          "center",
          "central",
          "core",
          "cynosure",
          "epicenter",
          "eye",
          "focus",
          "ground zero",
          "heart",
          "hub",
          "locus",
          "mecca",
          "navel",
          "nexus",
          "nucleus",
          "omphalos",
          "seat"
        ]
      ],
      "ants": [],
      "offensive": false
    },
    "hwi": {
      "hw": "nerve center"
    },
    "fl": "noun",
    "def": [
      {
        "sseq": [
          [
            [
              "sense",
              {
                "dt": [
                  [
                    "text",
                    "a thing or place that is of greatest importance to an activity or interest "
                  ],
                  [
                    "vis",
                    [
                      {
                        "t": "Wall Street's undisputed status as the {it}nerve center{/it} for the world of high finance"
                      }
                    ]
                  ]
                ],
                "syn_list": [
                  [
                    {
                      "wd": "axis"
                    },
                    {
                      "wd": "base"
                    },
                    {
                      "wd": "capital"
                    },
                    {
                      "wd": "center"
                    },
                    {
                      "wd": "central"
                    },
                    {
                      "wd": "core"
                    },
                    {
                      "wd": "cynosure"
                    },
                    {
                      "wd": "epicenter"
                    },
                    {
                      "wd": "eye"
                    },
                    {
                      "wd": "focus"
                    },
                    {
                      "wd": "ground zero"
                    },
                    {
                      "wd": "heart"
                    },
                    {
                      "wd": "hub"
                    },
                    {
                      "wd": "locus"
                    },
                    {
                      "wd": "mecca"
                    },
                    {
                      "wd": "navel"
                    },
                    {
                      "wd": "nexus"
                    },
                    {
                      "wd": "nucleus"
                    },
                    {
                      "wd": "omphalos"
                    },
                    {
                      "wd": "seat"
                    }
                  ]
                ],
                "rel_list": [
                  [
                    {
                      "wd": "headquarters"
                    }
                  ],
                  [
                    {
                      "wd": "happy hunting ground"
                    },
                    {
                      "wd": "hive"
                    },
                    {
                      "wd": "hotbed"
                    },
                    {
                      "wd": "hot spot"
                    },
                    {
                      "wd": "playground"
                    },
                    {
                      "wd": "playland"
                    }
                  ],
                  [
                    {
                      "wd": "kernel"
                    },
                    {
                      "wd": "nub"
                    },
                    {
                      "wd": "pith"
                    }
                  ],
                  [
                    {
                      "wd": "deep"
                    },
                    {
                      "wd": "thick"
                    }
                  ],
                  [
                    {
                      "wd": "essence"
                    },
                    {
                      "wd": "quintessence"
                    },
                    {
                      "wd": "soul"
                    }
                  ],
                  [
                    {
                      "wd": "attraction"
                    },
                    {
                      "wd": "lodestone",
                      "wvrs": [
                        {
                          "wvl": "also",
                          "wva": "loadstone"
                        }
                      ]
                    },
                    {
                      "wd": "magnet"
                    },
                    {
                      "wd": "polestar"
                    }
                  ]
                ],
                "phrase_list": [
                  [
                    {
                      "wd": "where it's at"
                    }
                  ]
                ]
              }
            ]
          ]
        ]
      }
    ],
    "shortdef": [
      "a thing or place that is of greatest importance to an activity or interest"
    ]
  },
  {
    "meta": {
      "id": "nerve-racking",
      "uuid": "105f5da1-3a37-4526-84a8-596fedb6d7f5",
      "src": "coll_thes",
      "section": "alpha",
      "target": {
        "tuuid": "2c996112-ed1d-4d2f-ac72-83ad0e798d1d",
        "tsrc": "collegiate"
      },
      "stems": [
        "nerve-racking",
        "nerve-wracking"
      ],
      "syns": [
        [
          "agitating",
          "anxious",
          "creepy",
          "disquieting",
          "distressful",
          "distressing",
          "disturbing",
          "fraught",
          "hairy",
          "nail-biting",
          "nervous",
          "restless",
          "tense",
          "uneasy",
          "unnerving",
          "unsettling",
          "worrisome"
        ]
      ],
      "ants": [
        [
          "calming",
          "comfortable",
          "easy",
          "peaceful",
          "quiet",
          "quieting",
          "tranquil"
        ]
      ],
      "offensive": false
    },
    "hwi": {
      "hw": "nerve-racking"
    },
    "vrs": [
      {
        "vl": "or",
        "va": "nerve-wracking"
      }
    ],
    "fl": "adjective",
    "def": [
      {
        "sseq": [
          [
            [
              "sense",
              {
                "dt": [
                  [
                    "text",
                    "marked by or causing agitation or uncomfortable feelings "
                  ],
                  [
                    "vis",
                    [
                      {
                        "t": "the {it}nerve-racking{/it} wait to learn the identities of the passengers who were killed in the plane crash"
                      }
                    ]
                  ]
                ],
                "syn_list": [
                  [
                    {
                      "wd": "agitating"
                    },
                    {
                      "wd": "anxious"
                    },
                    {
                      "wd": "creepy"
                    },
                    {
                      "wd": "disquieting"
                    },
                    {
                      "wd": "distressful"
                    },
                    {
                      "wd": "distressing"
                    },
                    {
                      "wd": "disturbing"
                    },
                    {
                      "wd": "fraught"
                    },
                    {
                      "wd": "hairy"
                    },
                    {
                      "wd": "nail-biting"
                    },
                    {
                      "wd": "nervous"
                    },
                    {
                      "wd": "restless"
                    },
                    {
                      "wd": "tense"
                    },
                    {
                      "wd": "uneasy"
                    },
                    {
                      "wd": "unnerving"
                    },
                    {
                      "wd": "unsettling"
                    },
                    {
                      "wd": "worrisome"
                    }
                  ]
                ],
                "rel_list": [
                  [
                    {
                      "wd": "bothersome"
                    },
                    {
                      "wd": "troublesome"
                    }
                  ],
                  [
                    {
                      "wd": "foreboding"
                    },
                    {
                      "wd": "misgiving"
                    }
                  ],
                  [
                    {
                      "wd": "discouraging"
                    },
                    {
                      "wd": "disheartening"
                    },
                    {
                      "wd": "strained"
                    }
                  ],
                  [
                    {
                      "wd": "restive"
                    },
                    {
                      "wd": "unrestful"
                    }
                  ],
                  [
                    {
                      "wd": "awkward"
                    },
                    {
                      "wd": "embarrassing"
                    }
                  ]
                ],
                "near_list": [
                  [
                    {
                      "wd": "restful"
                    }
                  ],
                  [
                    {
                      "wd": "pacific"
                    }
                  ]
                ],
                "ant_list": [
                  [
                    {
                      "wd": "calming"
                    },
                    {
                      "wd": "comfortable"
                    },
                    {
                      "wd": "easy"
                    },
                    {
                      "wd": "peaceful"
                    },
                    {
                      "wd": "quiet"
                    },
                    {
                      "wd": "quieting"
                    },
                    {
                      "wd": "tranquil"
                    }
                  ]
                ]
              }
            ]
          ]
        ]
      }
    ],
    "shortdef": [
      "marked by or causing agitation or uncomfortable feelings"
    ]
  },
  {
    "meta": {
      "id": "nerve centers",
      "uuid": "be5ee547-9285-440f-b62d-d1f91bc9ccc8",
      "src": "coll_thes",
      "section": "alpha",
      "stems": [
        "nerve centers"
      ],
      "syns": [
        [
          "axes",
          "bases",
          "capitals",
          "centers",
          "centrals",
          "cores",
          "cynosures",
          "epicenters",
          "eyes",
          "foci",
          "ground zeros",
          "hearts",
          "hubs",
          "loci",
          "meccas",
          "navels",
          "nexuses",
          "nuclei",
          "omphali",
          "seats"
        ]
      ],
      "ants": [],
      "offensive": false
    },
    "hwi": {
      "hw": "nerve centers"
    },
    "fl": "noun",
    "sls": [
      "plural of {d_link|nerve center|nerve center}"
    ],
    "def": [
      {
        "sseq": [
          [
            [
              "sense",
              {
                "dt": [
                  [
                    "text",
                    "a thing or place that is of greatest importance to an activity or interest "
                  ],
                  [
                    "vis",
                    [
                      {
                        "t": "Wall Street's undisputed status as the {it}nerve center{/it} for the world of high finance"
                      }
                    ]
                  ]
                ],
                "syn_list": [
                  [
                    {
                      "wd": "axes"
                    },
                    {
                      "wd": "bases"
                    },
                    {
                      "wd": "capitals"
                    },
                    {
                      "wd": "centers"
                    },
                    {
                      "wd": "centrals"
                    },
                    {
                      "wd": "cores"
                    },
                    {
                      "wd": "cynosures"
                    },
                    {
                      "wd": "epicenters"
                    },
                    {
                      "wd": "eyes"
                    },
                    {
                      "wd": "foci",
                      "wvrs": [
                        {
                          "wvl": "also",
                          "wva": "focuses"
                        }
                      ]
                    },
                    {
                      "wd": "ground zeros"
                    },
                    {
                      "wd": "hearts"
                    },
                    {
                      "wd": "hubs"
                    },
                    {
                      "wd": "loci"
                    },
                    {
                      "wd": "meccas"
                    },
                    {
                      "wd": "navels"
                    },
                    {
                      "wd": "nexuses",
                      "wvrs": [
                        {
                          "wvl": "or",
                          "wva": "nexus"
                        }
                      ]
                    },
                    {
                      "wd": "nuclei",
                      "wvrs": [
                        {
                          "wvl": "also",
                          "wva": "nucleuses"
                        }
                      ]
                    },
                    {
                      "wd": "omphali"
                    },
                    {
                      "wd": "seats"
                    }
                  ]
                ],
                "rel_list": [
                  [
                    {
                      "wd": "headquarters"
                    }
                  ],
                  [
                    {
                      "wd": "happy hunting grounds"
                    },
                    {
                      "wd": "hives"
                    },
                    {
                      "wd": "hotbeds"
                    },
                    {
                      "wd": "hot spots"
                    },
                    {
                      "wd": "playgrounds"
                    },
                    {
                      "wd": "playlands"
                    }
                  ],
                  [
                    {
                      "wd": "kernels"
                    },
                    {
                      "wd": "nubs"
                    },
                    {
                      "wd": "piths"
                    }
                  ],
                  [
                    {
                      "wd": "deeps"
                    },
                    {
                      "wd": "thicks"
                    }
                  ],
                  [
                    {
                      "wd": "essences"
                    },
                    {
                      "wd": "quintessences"
                    },
                    {
                      "wd": "souls"
                    }
                  ],
                  [
                    {
                      "wd": "attractions"
                    },
                    {
                      "wd": "lodestones",
                      "wvrs": [
                        {
                          "wvl": "also",
                          "wva": "loadstones"
                        }
                      ]
                    },
                    {
                      "wd": "magnets"
                    },
                    {
                      "wd": "polestars"
                    }
                  ]
                ]
              }
            ]
          ]
        ]
      }
    ],
    "shortdef": [
      "a thing or place that is of greatest importance to an activity or interest"
    ]
  },
  {
    "meta": {
      "id": "accessory",
      "uuid": "0e6c33ed-0282-4e01-913b-d5094922db7d",
      "src": "coll_thes",
      "section": "alpha",
      "target": {
        "tuuid": "3b0f6d9f-570f-4b60-8686-c04ba99f970d",
        "tsrc": "collegiate"
      },
      "stems": [
        "accessory",
        "accessaries",
        "accessary",
        "accessories",
        "accessory after the fact",
        "accessory before the fact",
        "accessory nerve"
      ],
      "syns": [
        [
          "accoutrement",
          "adapter",
          "add-on",
          "adjunct",
          "appendage",
          "appliance",
          "attachment",
          "option"
        ],
        [
          "abettor",
          "accomplice",
          "cohort",
          "confederate"
        ]
      ],
      "ants": [],
      "offensive": false
    },
    "hwi": {
      "hw": "accessory"
    },
    "vrs": [
      {
        "vl": "also",
        "va": "accessary"
      }
    ],
    "fl": "noun",
    "def": [
      {
        "sseq": [
          [
            [
              "sense",
              {
                "sn": "1",
                "dt": [
                  [
                    "text",
                    "something that is not necessary in itself but adds to the convenience or performance of the main piece of equipment "
                  ],
                  [
                    "vis",
                    [
                      {
                        "t": "bought a new car with lots of high-tech {it}accessories{/it}"
                      }
                    ]
                  ]
                ],
                "syn_list": [
                  [
                    {
                      "wd": "accoutrement",
                      "wvrs": [
                        {
                          "wvl": "or",
                          "wva": "accouterment"
                        }
                      ]
                    },
                    {
                      "wd": "adapter",
                      "wvrs": [
                        {
                          "wvl": "also",
                          "wva": "adaptor"
                        }
                      ]
                    },
                    {
                      "wd": "add-on"
                    },
                    {
                      "wd": "adjunct"
                    },
                    {
                      "wd": "appendage"
                    },
                    {
                      "wd": "appliance"
                    },
                    {
                      "wd": "attachment"
                    },
                    {
                      "wd": "option"
                    }
                  ]
                ],
                "rel_list": [
                  [
                    {
                      "wd": "accompaniment"
                    },
                    {
                      "wd": "additive"
                    },
                    {
                      "wd": "complement"
                    },
                    {
                      "wd": "supplement"
                    }
                  ],
                  [
                    {
                      "wd": "auxiliary"
                    },
                    {
                      "wd": "subsidiary"
                    }
                  ],
                  [
                    {
                      "wd": "amenity"
                    },
                    {
                      "wd": "doodad"
                    },
                    {
                      "wd": "embroidery"
                    },
                    {
                      "wd": "extra"
                    },
                    {
                      "wd": "filler"
                    },
                    {
                      "wd": "frill"
                    },
                    {
                      "wd": "incidental"
                    },
                    {
                      "wd": "luxury"
                    },
                    {
                      "wd": "nonessential"
                    },
                    {
                      "wd": "nonnecessity"
                    }
                  ],
                  [
                    {
                      "wd": "appurtenances"
                    },
                    {
                      "wd": "bells and whistles"
                    },
                    {
                      "wd": "equipment"
                    },
                    {
                      "wd": "furnishings"
                    },
                    {
                      "wd": "habiliment(s)"
                    },
                    {
                      "wd": "paraphernalia"
                    },
                    {
                      "wd": "trappings"
                    }
                  ],
                  [
                    {
                      "wd": "adornment"
                    },
                    {
                      "wd": "decoration"
                    },
                    {
                      "wd": "embellishment"
                    },
                    {
                      "wd": "enhancement"
                    },
                    {
                      "wd": "garnish"
                    },
                    {
                      "wd": "ornament"
                    },
                    {
                      "wd": "trim"
                    },
                    {
                      "wd": "trimming"
                    }
                  ]
                ],
                "near_list": [
                  [
                    {
                      "wd": "essential"
                    },
                    {
                      "wd": "necessity"
                    },
                    {
                      "wd": "requirement"
                    },
                    {
                      "wd": "requisite"
                    }
                  ]
                ]
              }
            ]
          ],
          [
            [
              "sense",
              {
                "sn": "2",
                "dt": [
                  [
                    "text",
                    "one associated with another in wrongdoing "
                  ],
                  [
                    "vis",
                    [
                      {
                        "t": "two {it}accessories{/it}, the driver of the getaway car and the dishonest bank teller, were charged in the robbery case"
                      }
                    ]
                  ]
                ],
                "syn_list": [
                  [
                    {
                      "wd": "abettor",
                      "wvrs": [
                        {
                          "wvl": "also",
                          "wva": "abetter"
                        }
                      ]
                    },
                    {
                      "wd": "accomplice"
                    },
                    {
                      "wd": "cohort"
                    },
                    {
                      "wd": "confederate"
                    }
                  ]
                ],
                "rel_list": [
                  [
                    {
                      "wd": "collaborationist"
                    },
                    {
                      "wd": "collaborator"
                    },
                    {
                      "wd": "informant"
                    },
                    {
                      "wd": "informer"
                    }
                  ],
                  [
                    {
                      "wd": "evidence"
                    },
                    {
                      "wd": "state's evidence"
                    }
                  ],
                  [
                    {
                      "wd": "companion"
                    },
                    {
                      "wd": "comrade"
                    },
                    {
                      "wd": "crony"
                    },
                    {
                      "wd": "henchman"
                    },
                    {
                      "wd": "partner"
                    }
                  ],
                  [
                    {
                      "wd": "conspirator"
                    },
                    {
                      "wd": "plotter"
                    },
                    {
                      "wd": "traitor"
                    }
                  ],
                  [
                    {
                      "wd": "gangster"
                    },
                    {
                      "wd": "mobster"
                    },
                    {
                      "wd": "racketeer"
                    }
                  ]
                ]
              }
            ]
          ]
        ]
      }
    ],
    "shortdef": [
      "something that is not necessary in itself but adds to the convenience or performance of the main piece of equipment",
      "one associated with another in wrongdoing"
    ]
  }
]