[
  {
    "meta": {
      "id": "node",
      "uuid": "afe211d3-d2a5-4622-b691-17fe86c235f7",
      "src": "coll_thes",
      "section": "alpha",
      "target": {
        "tuuid": "1670d411-12c1-4f7c-a61b-9b7ec99e3686",
        "tsrc": "collegiate"
      },
      "stems": [
        "node",
        "nodes"
      ],
      "syns": [
        [
          "bump",
          "knot",
          "lump",
          "nodule",
          "swelling"
        ]
      ],
      "ants": [],
      "offensive": false
    },
    "hwi": {
      "hw": "node"
    },
    "fl": "noun",
    "def": [
      {
        "sseq": [
          [
            [
              "sense",
              {
                "dt": [
                  [
                    "text",
                    "a small rounded mass of swollen tissue "
                  ],
                  [
                    "vis",
                    [
                      {
                        "t": "the doctor examined the {it}node{/it} on my knee before deciding it was the result of arthritis"
                      }
                    ]
                  ]
                ],
                "syn_list": [
                  [
                    {
                      "wd": "bump"
                    },
                    {
                      "wd": "knot"
                    },
                    {
                      "wd": "lump"
                    },
                    {
                      "wd": "nodule"
                    },
                    {
                      "wd": "swelling"
                    }
                  ]
                ],
                "rel_list": [
                  [
                    {
                      "wd": "growth"
                    },
                    {
                      "wd": "tumor"
                    },
                    {
                      "wd": "wart"
                    }
                  ],
                  [
                    {
                      "wd": "hump"
                    },
                    {
                      "wd": "hunch"
                    }
                  ],
                  [
                    {
                      "wd": "bruise"
                    },
                    {
                      "wd": "contusion"
                    },
                    {
                      "wd": "welt"
                    }
                  ],
                  [
                    {
                      "wd": "blister"
                    },
                    {
                      "wd": "boil"
                    }
                  ],
                  [
                    {
                      "wd": "blob"
                    },
                    {
                      "wd": "chunk"
                    },
                    {
                      "wd": "clod"
                    },
                    {
                      "wd": "clump"
                    },
                    {
                      "wd": "gob"
                    },
                    {
                      "wd": "gobbet"
                    },
                    {
                      "wd": "hunk"
                    },
                    {
                      "wd": "knob"
                    },
                    {
                      "wd": "nub"
                    },
                    {
                      "wd": "nubble"
                    },
                    {
                      "wd": "nugget"
                    },
                    {
                      "wd": "wad"
                    }
                  ]
                ]
              }
            ]
          ]
        ]
      }
    ],
    "shortdef": [
      "a small rounded mass of swollen tissue"
    ]
  }
]