[
  {
    "meta": {
      "id": "ocean",
      "uuid": "72214237-b340-4a7c-8b21-8d820f4f1479",
      "src": "coll_thes",
      "section": "alpha",
      "target": {
        "tuuid": "46e84b6e-62c9-4c61-9494-3aa5ae46c571",
        "tsrc": "collegiate"
      },
      "stems": [
        "ocean",
        "oceans"
      ],
      "syns": [
        [
          "blue",
          "brine",
          "deep",
          "Neptune",
          "sea",
          "seven seas"
        ],
        [
          "abysm",
          "abyss",
          "chasm",
          "deep",
          "gulf"
        ]
      ],
      "ants": [],
      "offensive": false
    },
    "hwi": {
      "hw": "ocean"
    },
    "fl": "noun",
    "def": [
      {
        "sseq": [
          [
            [
              "sense",
              {
                "sn": "1",
                "dt": [
                  [
                    "text",
                    "the whole body of salt water that covers nearly three-fourths of the earth "
                  ],
                  [
                    "vis",
                    [
                      {
                        "t": "the {it}ocean{/it} still holds mysteries that we are only beginning to unravel"
                      }
                    ]
                  ]
                ],
                "syn_list": [
                  [
                    {
                      "wd": "blue"
                    },
                    {
                      "wd": "brine"
                    },
                    {
                      "wd": "deep"
                    },
                    {
                      "wd": "Neptune"
                    },
                    {
                      "wd": "sea"
                    },
                    {
                      "wd": "seven seas"
                    }
                  ]
                ],
                "rel_list": [
                  [
                    {
                      "wd": "blue water"
                    },
                    {
                      "wd": "high seas"
                    },
                    {
                      "wd": "main"
                    },
                    {
                      "wd": "waters"
                    }
                  ],
                  [
                    {
                      "wd": "basin"
                    }
                  ],
                  [
                    {
                      "wd": "Davy Jones's locker"
                    },
                    {
                      "wd": "depths"
                    }
                  ]
                ]
              }
            ]
          ],
          [
            [
              "sense",
              {
                "sn": "2",
                "dt": [
                  [
                    "text",
                    "an immeasurable depth or space "
                  ],
                  [
                    "vis",
                    [
                      {
                        "t": "with a single bound from the top of the cliff, he propelled the hang glider into the {it}ocean{/it} of air over the valley"
                      }
                    ]
                  ]
                ],
                "syn_list": [
                  [
                    {
                      "wd": "abysm"
                    },
                    {
                      "wd": "abyss"
                    },
                    {
                      "wd": "chasm"
                    },
                    {
                      "wd": "deep"
                    },
                    {
                      "wd": "gulf"
                    }
                  ]
                ],
                "rel_list": [
                  [
                    {
                      "wd": "cleft"
                    },
                    {
                      "wd": "crevasse"
                    },
                    {
                      "wd": "crevice"
                    },
                    {
                      "wd": "fissure"
                    }
                  ],
                  [
                    {
                      "wd": "cavern"
                    },
                    {
                      "wd": "hole"
                    },
                    {
                      "wd": "hollow"
                    },
                    {
                      "wd": "pit"
                    }
                  ],
                  [
                    {
                      "wd": "breadth"
                    },
                    {
                      "wd": "expanse"
                    },
                    {
                      "wd": "extent"
                    },
                    {
                      "wd": "reach"
                    },
                    {
                      "wd": "spread"
                    },
                    {
                      "wd": "stretch"
                    }
                  ],
                  [
                    {
                      "wd": "black hole"
                    },
                    {
                      "wd": "emptiness"
                    },
                    {
                      "wd": "nothingness"
                    },
                    {
                      "wd": "vacancy"
                    },
                    {
                      "wd": "vacuity"
                    },
                    {
                      "wd": "vacuum"
                    },
                    {
                      "wd": "void"
                    }
                  ]
                ]
              }
            ]
          ]
        ]
      }
    ],
    "shortdef": [
      "the whole body of salt water that covers nearly three-fourths of the earth",
      "an immeasurable depth or space"
    ]
  }
]