[
  {
    "meta": {
      "id": "patterns",
      "uuid": "26236ca4-8656-4bd3-b721-378f40016b13",
      "src": "coll_thes",
      "section": "alpha",
      "stems": [
        "patterns"
      ],
      "syns": [
        [
          "designs",
          "figures",
          "motifs",
          "motives"
        ],
        [
          "customs",
          "fashions",
          "habits",
          "habitudes",
          "practices",
          "rituals",
          "tricks",
          "ways",
          "wonts"
        ],
        [
          "drills",
          "grinds",
          "grooves",
          "locksteps",
          "rotes",
          "routines",
          "ruts",
          "treadmills"
        ],
        [
          "arrangements",
          "compositions",
          "configurations",
          "constellations",
          "designs",
          "formats",
          "forms",
          "getups",
          "layouts",
          "makeups",
          "ordonnances"
        ]
      ],
      "ants": [],
      "offensive": false
    },
    "hwi": {
      "hw": "patterns"
    },
    "fl": "noun",
    "sls": [
      "plural of {d_link|pattern|pattern}"
    ],
    "def": [
      {
        "sseq": [
          [
            [
              "sense",
              {
                "sn": "1",
                "dt": [
                  [
                    "text",
                    "a unit of decoration that is repeated all over something (as a fabric) "
                  ],
                  [
                    "vis",
                    [
                      {
                        "t": "a coverlet with a nosegay of tiny pink roses as the {it}pattern{/it}"
                      }
                    ]
                  ]
                ],
                "syn_list": [
                  [
                    {
                      "wd": "designs"
                    },
                    {
                      "wd": "figures"
                    },
                    {
                      "wd": "motifs"
                    },
                    {
                      "wd": "motives"
                    }
                  ]
                ],
                "rel_list": [
                  [
                    {
                      "wd": "schemes"
                    }
                  ],
                  [
                    {
                      "wd": "devices"
                    }
                  ],
                  [
                    {
                      "wd": "adornments"
                    },
                    {
                      "wd": "caparisons"
                    },
                    {
                      "wd": "decorations"
                    },
                    {
                      "wd": "embellishments"
                    },
                    {
                      "wd": "frills"
                    },
                    {
                      "wd": "garnishes"
                    },
                    {
                      "wd": "ornaments"
                    },
                    {
                      "wd": "trims"
                    }
                  ]
                ]
              }
            ]
          ],
          [
            [
              "sense",
              {
                "sn": "2",
                "dt": [
                  [
                    "text",
                    "a usual manner of behaving or doing "
                  ],
                  [
                    "vis",
                    [
                      {
                        "t": "her daily {it}pattern{/it} begins with coffee and a bagel every morning for breakfast"
                      }
                    ]
                  ]
                ],
                "syn_list": [
                  [
                    {
                      "wd": "customs"
                    },
                    {
                      "wd": "fashions"
                    },
                    {
                      "wd": "habits"
                    },
                    {
                      "wd": "habitudes"
                    },
                    {
                      "wd": "practices",
                      "wvrs": [
                        {
                          "wvl": "also",
                          "wva": "practises"
                        }
                      ]
                    },
                    {
                      "wd": "rituals"
                    },
                    {
                      "wd": "tricks"
                    },
                    {
                      "wd": "ways"
                    },
                    {
                      "wd": "wonts"
                    }
                  ]
                ],
                "rel_list": [
                  [
                    {
                      "wd": "addictions"
                    }
                  ],
                  [
                    {
                      "wd": "dispositions"
                    }
                  ],
                  [
                    {
                      "wd": "bents"
                    },
                    {
                      "wd": "inclinations"
                    },
                    {
                      "wd": "proclivities"
                    },
                    {
                      "wd": "sets"
                    },
                    {
                      "wd": "tendencies"
                    },
                    {
                      "wd": "tenors"
                    },
                    {
                      "wd": "turns"
                    }
                  ],
                  [
                    {
                      "wd": "bags"
                    },
                    {
                      "wd": "conventions"
                    },
                    {
                      "wd": "forms"
                    },
                    {
                      "wd": "modes"
                    },
                    {
                      "wd": "styles"
                    }
                  ],
                  [
                    {
                      "wd": "usages"
                    },
                    {
                      "wd": "uses"
                    }
                  ],
                  [
                    {
                      "wd": "deportments"
                    },
                    {
                      "wd": "manners"
                    },
                    {
                      "wd": "mores"
                    }
                  ],
                  [
                    {
                      "wd": "drills"
                    },
                    {
                      "wd": "grooves"
                    },
                    {
                      "wd": "jog trots"
                    },
                    {
                      "wd": "regimens"
                    },
                    {
                      "wd": "regimes",
                      "wvrs": [
                        {
                          "wvl": "also",
                          "wva": "r\u00e9gimes"
                        }
                      ]
                    },
                    {
                      "wd": "rotes"
                    },
                    {
                      "wd": "routines"
                    },
                    {
                      "wd": "ruts"
                    }
                  ],
                  [
                    {
                      "wd": "affectations"
                    },
                    {
                      "wd": "airs"
                    },
                    {
                      "wd": "poses"
                    }
                  ],
                  [
                    {
                      "wd": "attributes"
                    },
                    {
                      "wd": "characteristics"
                    },
                    {
                      "wd": "marks"
                    },
                    {
                      "wd": "traits"
                    }
                  ],
                  [
                    {
                      "wd": "eccentricities"
                    },
                    {
                      "wd": "kinks"
                    },
                    {
                      "wd": "oddities"
                    },
                    {
                      "wd": "peculiarities"
                    },
                    {
                      "wd": "quirks"
                    },
                    {
                      "wd": "singularities"
                    },
                    {
                      "wd": "tics"
                    }
                  ]
                ]
              }
            ]
          ],
          [
            [
              "sense",
              {
                "sn": "3",
                "dt": [
                  [
                    "text",
                    "an established and often automatic or monotonous series of actions followed when engaging in some activity "
                  ],
                  [
                    "vis",
                    [
                      {
                        "t": "with her, everything must be done strictly according to {it}pattern{/it}"
                      }
                    ]
                  ]
                ],
                "syn_list": [
                  [
                    {
                      "wd": "drills"
                    },
                    {
                      "wd": "grinds"
                    },
                    {
                      "wd": "grooves"
                    },
                    {
                      "wd": "locksteps"
                    },
                    {
                      "wd": "rotes"
                    },
                    {
                      "wd": "routines"
                    },
                    {
                      "wd": "ruts"
                    },
                    {
                      "wd": "treadmills"
                    }
                  ]
                ],
                "rel_list": [
                  [
                    {
                      "wd": "daily dozens"
                    },
                    {
                      "wd": "regimens"
                    }
                  ],
                  [
                    {
                      "wd": "housekeepings"
                    }
                  ],
                  [
                    {
                      "wd": "customs"
                    },
                    {
                      "wd": "fashions"
                    },
                    {
                      "wd": "habits"
                    },
                    {
                      "wd": "practices",
                      "wvrs": [
                        {
                          "wvl": "also",
                          "wva": "practises"
                        }
                      ]
                    },
                    {
                      "wd": "tricks"
                    },
                    {
                      "wd": "wonts"
                    }
                  ],
                  [
                    {
                      "wd": "approaches"
                    },
                    {
                      "wd": "manners"
                    },
                    {
                      "wd": "methods"
                    },
                    {
                      "wd": "procedures"
                    },
                    {
                      "wd": "strategies"
                    },
                    {
                      "wd": "styles"
                    },
                    {
                      "wd": "tacks"
                    },
                    {
                      "wd": "techniques"
                    },
                    {
                      "wd": "ways"
                    }
                  ],
                  [
                    {
                      "wd": "designs"
                    },
                    {
                      "wd": "plans"
                    },
                    {
                      "wd": "programs"
                    },
                    {
                      "wd": "schemes"
                    }
                  ],
                  [
                    {
                      "wd": "conventions"
                    },
                    {
                      "wd": "policies"
                    },
                    {
                      "wd": "traditions"
                    }
                  ]
                ]
              }
            ]
          ],
          [
            [
              "sense",
              {
                "sn": "4",
                "dt": [
                  [
                    "text",
                    "the way in which the elements of something (as a work of art) are arranged "
                  ],
                  [
                    "vis",
                    [
                      {
                        "t": "many of the artist's paintings use the same {it}pattern{/it} of a lone figure surrounded by a vast landscape"
                      }
                    ]
                  ]
                ],
                "syn_list": [
                  [
                    {
                      "wd": "arrangements"
                    },
                    {
                      "wd": "compositions"
                    },
                    {
                      "wd": "configurations"
                    },
                    {
                      "wd": "constellations"
                    },
                    {
                      "wd": "designs"
                    },
                    {
                      "wd": "formats"
                    },
                    {
                      "wd": "forms"
                    },
                    {
                      "wd": "getups"
                    },
                    {
                      "wd": "layouts"
                    },
                    {
                      "wd": "makeups"
                    },
                    {
                      "wd": "ordonnances"
                    }
                  ]
                ],
                "rel_list": [
                  [
                    {
                      "wd": "motifs"
                    },
                    {
                      "wd": "themes"
                    }
                  ]
                ]
              }
            ]
          ]
        ]
      }
    ],
    "shortdef": [
      "a unit of decoration that is repeated all over something (as a fabric)",
      "a usual manner of behaving or doing",
      "an established and often automatic or monotonous series of actions followed when engaging in some activity"
    ]
  },
  {
    "meta": {
      "id": "patterns",
      "uuid": "b6c33cbd-ac46-4f4b-a289-8f7e9415e78e",
      "src": "CTcompile",
      "section": "alpha",
      "stems": [
        "patterns"
      ],
      "syns": [
        [
          "customizes",
          "gears",
          "matches",
          "models",
          "acclimates",
          "acclimatizes",
          "accommodates",
          "adapts",
          "adjusts",
          "conditions",
          "conforms",
          "doctors",
          "edits",
          "fashions",
          "fits",
          "puts",
          "shapes",
          "suits",
          "tailors",
          "readapts",
          "readjusts",
          "attunes",
          "corrects",
          "harmonizes",
          "squares",
          "tunes",
          "establishes",
          "roots",
          "settles",
          "acquaints",
          "familiarizes",
          "orientates",
          "orients",
          "equips",
          "prepares",
          "primes",
          "rehearses",
          "hardens",
          "inures",
          "seasons",
          "toughens",
          "alters",
          "converts",
          "makes over",
          "modifies",
          "recasts",
          "reclaims",
          "recycles",
          "redesigns",
          "redevelops",
          "redoes",
          "reengineers",
          "refashions",
          "refigures",
          "refits",
          "refocuses",
          "reinvents",
          "rejiggers",
          "remakes",
          "remodels",
          "revamps",
          "revises",
          "reworks",
          "transforms"
        ],
        [
          "checkers",
          "dapples",
          "daubs",
          "flecks",
          "marbles",
          "mottles",
          "polychromes",
          "speckles",
          "specks",
          "streaks",
          "striates",
          "stripes",
          "variegates",
          "darkens",
          "embrowns",
          "tones (down)",
          "brightens",
          "lightens",
          "bepaints",
          "colors",
          "dyes",
          "paints",
          "pigments",
          "stains",
          "tinctures",
          "tinges",
          "tints"
        ]
      ],
      "ants": [
        [
          "misadjusts"
        ],
        [
          "decolorizes",
          "blanches",
          "bleaches",
          "whitens"
        ]
      ],
      "offensive": false
    },
    "hwi": {
      "hw": "patterns"
    },
    "fl": "verb",
    "sls": [
      "present tense third-person singular of {d_link|pattern|pattern}"
    ],
    "def": [
      {
        "sseq": [
          [
            [
              "sense",
              {
                "sn": "1",
                "dt": [
                  [
                    "text",
                    "as in {it}matches{/it}, {it}models{/it}"
                  ]
                ],
                "sim_list": [
                  [
                    {
                      "wd": "customizes"
                    },
                    {
                      "wd": "gears"
                    },
                    {
                      "wd": "matches"
                    },
                    {
                      "wd": "models"
                    }
                  ],
                  [
                    {
                      "wd": "acclimates"
                    },
                    {
                      "wd": "acclimatizes"
                    },
                    {
                      "wd": "accommodates"
                    },
                    {
                      "wd": "adapts"
                    },
                    {
                      "wd": "adjusts"
                    },
                    {
                      "wd": "conditions"
                    },
                    {
                      "wd": "conforms"
                    },
                    {
                      "wd": "doctors"
                    },
                    {
                      "wd": "edits"
                    },
                    {
                      "wd": "fashions"
                    },
                    {
                      "wd": "fits"
                    },
                    {
                      "wd": "puts"
                    },
                    {
                      "wd": "shapes"
                    },
                    {
                      "wd": "suits"
                    },
                    {
                      "wd": "tailors"
                    }
                  ],
                  [
                    {
                      "wd": "readapts"
                    },
                    {
                      "wd": "readjusts"
                    }
                  ],
                  [
                    {
                      "wd": "attunes"
                    },
                    {
                      "wd": "corrects"
                    },
                    {
                      "wd": "harmonizes"
                    },
                    {
                      "wd": "squares"
                    },
                    {
                      "wd": "tunes"
                    }
                  ],
                  [
                    {
                      "wd": "establishes"
                    },
                    {
                      "wd": "roots"
                    },
                    {
                      "wd": "settles"
                    }
                  ],
                  [
                    {
                      "wd": "acquaints"
                    },
                    {
                      "wd": "familiarizes"
                    },
                    {
                      "wd": "orientates"
                    },
                    {
                      "wd": "orients"
                    }
                  ],
                  [
                    {
                      "wd": "equips"
                    },
                    {
                      "wd": "prepares"
                    },
                    {
                      "wd": "primes"
                    },
                    {
                      "wd": "rehearses"
                    }
                  ],
                  [
                    {
                      "wd": "hardens"
                    },
                    {
                      "wd": "inures"
                    },
                    {
                      "wd": "seasons"
                    },
                    {
                      "wd": "toughens"
                    }
                  ],
                  [
                    {
                      "wd": "alters"
                    },
                    {
                      "wd": "converts"
                    },
                    {
                      "wd": "makes over"
                    },
                    {
                      "wd": "modifies"
                    },
                    {
                      "wd": "recasts"
                    },
                    {
                      "wd": "reclaims"
                    },
                    {
                      "wd": "recycles"
                    },
                    {
                      "wd": "redesigns"
                    },
                    {
                      "wd": "redevelops"
                    },
                    {
                      "wd": "redoes"
                    },
                    {
                      "wd": "reengineers"
                    },
                    {
                      "wd": "refashions"
                    },
                    {
                      "wd": "refigures"
                    },
                    {
                      "wd": "refits"
                    },
                    {
                      "wd": "refocuses"
                    },
                    {
                      "wd": "reinvents"
                    },
                    {
                      "wd": "rejiggers"
                    },
                    {
                      "wd": "remakes"
                    },
                    {
                      "wd": "remodels"
                    },
                    {
                      "wd": "revamps"
                    },
                    {
                      "wd": "revises"
                    },
                    {
                      "wd": "reworks"
                    },
                    {
                      "wd": "transforms"
                    }
                  ]
                ],
                "opp_list": [
                  [
                    {
                      "wd": "misadjusts"
                    }
                  ]
                ]
              }
            ]
          ],
          [
            [
              "sense",
              {
                "sn": "2",
                "dt": [
                  [
                    "text",
                    "as in {it}stripes{/it}, {it}speckles{/it}"
                  ]
                ],
                "sim_list": [
                  [
                    {
                      "wd": "checkers"
                    },
                    {
                      "wd": "dapples"
                    },
                    {
                      "wd": "daubs"
                    },
                    {
                      "wd": "flecks"
                    },
                    {
                      "wd": "marbles"
                    },
                    {
                      "wd": "mottles"
                    },
                    {
                      "wd": "polychromes"
                    },
                    {
                      "wd": "speckles"
                    },
                    {
                      "wd": "specks"
                    },
                    {
                      "wd": "streaks"
                    },
                    {
                      "wd": "striates"
                    },
                    {
                      "wd": "stripes"
                    },
                    {
                      "wd": "variegates"
                    }
                  ],
                  [
                    {
                      "wd": "darkens"
                    },
                    {
                      "wd": "embrowns"
                    },
                    {
                      "wd": "tones (down)"
                    }
                  ],
                  [
                    {
                      "wd": "brightens"
                    },
                    {
                      "wd": "lightens"
                    }
                  ],
                  [
                    {
                      "wd": "bepaints",
                      "wsls": [
                        "archaic"
                      ]
                    },
                    {
                      "wd": "colors"
                    },
                    {
                      "wd": "dyes"
                    },
                    {
                      "wd": "paints"
                    },
                    {
                      "wd": "pigments"
                    },
                    {
                      "wd": "stains"
                    },
                    {
                      "wd": "tinctures"
                    },
                    {
                      "wd": "tinges"
                    },
                    {
                      "wd": "tints"
                    }
                  ]
                ],
                "opp_list": [
                  [
                    {
                      "wd": "decolorizes"
                    }
                  ],
                  [
                    {
                      "wd": "blanches"
                    },
                    {
                      "wd": "bleaches"
                    },
                    {
                      "wd": "whitens"
                    }
                  ]
                ]
              }
            ]
          ]
        ]
      }
    ],
    "shortdef": [
      "as in matches, models",
      "as in stripes, speckles"
    ]
  },
  {
    "meta": {
      "id": "pattern",
      "uuid": "9932f2c1-5315-411e-b3bf-d93185e1466d",
      "src": "coll_thes",
      "section": "alpha",
      "target": {
        "tuuid": "753a432d-a94a-4cbb-84ec-a52aa34cfc61",
        "tsrc": "collegiate"
      },
      "stems": [
        "pattern",
        "patterned",
        "patternless",
        "patterns"
      ],
      "syns": [
        [
          "design",
          "figure",
          "motif",
          "motive"
        ],
        [
          "custom",
          "fashion",
          "habit",
          "habitude",
          "practice",
          "ritual",
          "second nature",
          "trick",
          "way",
          "wont"
        ],
        [
          "drill",
          "grind",
          "groove",
          "lockstep",
          "rote",
          "routine",
          "rut",
          "treadmill"
        ],
        [
          "arrangement",
          "composition",
          "configuration",
          "constellation",
          "design",
          "form",
          "format",
          "getup",
          "layout",
          "makeup",
          "ordonnance"
        ]
      ],
      "ants": [],
      "offensive": false
    },
    "hwi": {
      "hw": "pattern"
    },
    "fl": "noun",
    "def": [
      {
        "sseq": [
          [
            [
              "sense",
              {
                "sn": "1",
                "dt": [
                  [
                    "text",
                    "a unit of decoration that is repeated all over something (as a fabric) "
                  ],
                  [
                    "vis",
                    [
                      {
                        "t": "a coverlet with a nosegay of tiny pink roses as the {it}pattern{/it}"
                      }
                    ]
                  ]
                ],
                "syn_list": [
                  [
                    {
                      "wd": "design"
                    },
                    {
                      "wd": "figure"
                    },
                    {
                      "wd": "motif"
                    },
                    {
                      "wd": "motive"
                    }
                  ]
                ],
                "rel_list": [
                  [
                    {
                      "wd": "scheme"
                    }
                  ],
                  [
                    {
                      "wd": "device"
                    }
                  ],
                  [
                    {
                      "wd": "adornment"
                    },
                    {
                      "wd": "caparison"
                    },
                    {
                      "wd": "decoration"
                    },
                    {
                      "wd": "embellishment"
                    },
                    {
                      "wd": "frill"
                    },
                    {
                      "wd": "garnish"
                    },
                    {
                      "wd": "ornament"
                    },
                    {
                      "wd": "trim"
                    }
                  ]
                ]
              }
            ]
          ],
          [
            [
              "sense",
              {
                "sn": "2",
                "dt": [
                  [
                    "text",
                    "a usual manner of behaving or doing "
                  ],
                  [
                    "vis",
                    [
                      {
                        "t": "her daily {it}pattern{/it} begins with coffee and a bagel every morning for breakfast"
                      }
                    ]
                  ]
                ],
                "syn_list": [
                  [
                    {
                      "wd": "custom"
                    },
                    {
                      "wd": "fashion"
                    },
                    {
                      "wd": "habit"
                    },
                    {
                      "wd": "habitude"
                    },
                    {
                      "wd": "practice",
                      "wvrs": [
                        {
                          "wvl": "also",
                          "wva": "practise"
                        }
                      ]
                    },
                    {
                      "wd": "ritual"
                    },
                    {
                      "wd": "second nature"
                    },
                    {
                      "wd": "trick"
                    },
                    {
                      "wd": "way"
                    },
                    {
                      "wd": "wont"
                    }
                  ]
                ],
                "rel_list": [
                  [
                    {
                      "wd": "addiction"
                    }
                  ],
                  [
                    {
                      "wd": "disposition"
                    }
                  ],
                  [
                    {
                      "wd": "bent"
                    },
                    {
                      "wd": "inclination"
                    },
                    {
                      "wd": "proclivity"
                    },
                    {
                      "wd": "set"
                    },
                    {
                      "wd": "tendency"
                    },
                    {
                      "wd": "tenor"
                    },
                    {
                      "wd": "turn"
                    }
                  ],
                  [
                    {
                      "wd": "bag"
                    },
                    {
                      "wd": "convention"
                    },
                    {
                      "wd": "form"
                    },
                    {
                      "wd": "mode"
                    },
                    {
                      "wd": "style"
                    }
                  ],
                  [
                    {
                      "wd": "usage"
                    },
                    {
                      "wd": "use"
                    }
                  ],
                  [
                    {
                      "wd": "deportment"
                    },
                    {
                      "wd": "manners"
                    },
                    {
                      "wd": "mores"
                    }
                  ],
                  [
                    {
                      "wd": "drill"
                    },
                    {
                      "wd": "groove"
                    },
                    {
                      "wd": "jog trot"
                    },
                    {
                      "wd": "regime",
                      "wvrs": [
                        {
                          "wvl": "also",
                          "wva": "r\u00e9gime"
                        }
                      ]
                    },
                    {
                      "wd": "regimen"
                    },
                    {
                      "wd": "rote"
                    },
                    {
                      "wd": "routine"
                    },
                    {
                      "wd": "rut"
                    }
                  ],
                  [
                    {
                      "wd": "affectation"
                    },
                    {
                      "wd": "airs"
                    },
                    {
                      "wd": "pose"
                    }
                  ],
                  [
                    {
                      "wd": "attribute"
                    },
                    {
                      "wd": "characteristic"
                    },
                    {
                      "wd": "mark"
                    },
                    {
                      "wd": "trait"
                    }
                  ],
                  [
                    {
                      "wd": "eccentricity"
                    },
                    {
                      "wd": "kink"
                    },
                    {
                      "wd": "oddity"
                    },
                    {
                      "wd": "peculiarity"
                    },
                    {
                      "wd": "quirk"
                    },
                    {
                      "wd": "singularity"
                    },
                    {
                      "wd": "tic"
                    }
                  ]
                ]
              }
            ]
          ],
          [
            [
              "sense",
              {
                "sn": "3",
                "dt": [
                  [
                    "text",
                    "an established and often automatic or monotonous series of actions followed when engaging in some activity "
                  ],
                  [
                    "vis",
                    [
                      {
                        "t": "with her, everything must be done strictly according to {it}pattern{/it}"
                      }
                    ]
                  ]
                ],
                "syn_list": [
                  [
                    {
                      "wd": "drill"
                    },
                    {
                      "wd": "grind"
                    },
                    {
                      "wd": "groove"
                    },
                    {
                      "wd": "lockstep"
                    },
                    {
                      "wd": "rote"
                    },
                    {
                      "wd": "routine"
                    },
                    {
                      "wd": "rut"
                    },
                    {
                      "wd": "treadmill"
                    }
                  ]
                ],
                "rel_list": [
                  [
                    {
                      "wd": "daily dozen"
                    },
                    {
                      "wd": "regimen"
                    }
                  ],
                  [
                    {
                      "wd": "housekeeping"
                    }
                  ],
                  [
                    {
                      "wd": "custom"
                    },
                    {
                      "wd": "fashion"
                    },
                    {
                      "wd": "habit"
                    },
                    {
                      "wd": "practice",
                      "wvrs": [
                        {
                          "wvl": "also",
                          "wva": "practise"
                        }
                      ]
                    },
                    {
                      "wd": "trick"
                    },
                    {
                      "wd": "wont"
                    }
                  ],
                  [
                    {
                      "wd": "approach"
                    },
                    {
                      "wd": "manner"
                    },
                    {
                      "wd": "method"
                    },
                    {
                      "wd": "procedure"
                    },
                    {
                      "wd": "strategy"
                    },
                    {
                      "wd": "style"
                    },
                    {
                      "wd": "tack"
                    },
                    {
                      "wd": "technique"
                    },
                    {
                      "wd": "way"
                    }
                  ],
                  [
                    {
                      "wd": "design"
                    },
                    {
                      "wd": "plan"
                    },
                    {
                      "wd": "program"
                    },
                    {
                      "wd": "scheme"
                    }
                  ],
                  [
                    {
                      "wd": "convention"
                    },
                    {
                      "wd": "policy"
                    },
                    {
                      "wd": "tradition"
                    }
                  ]
                ]
              }
            ]
          ],
          [
            [
              "sense",
              {
                "sn": "4",
                "dt": [
                  [
                    "text",
                    "the way in which the elements of something (as a work of art) are arranged "
                  ],
                  [
                    "vis",
                    [
                      {
                        "t": "many of the artist's paintings use the same {it}pattern{/it} of a lone figure surrounded by a vast landscape"
                      }
                    ]
                  ]
                ],
                "syn_list": [
                  [
                    {
                      "wd": "arrangement"
                    },
                    {
                      "wd": "composition"
                    },
                    {
                      "wd": "configuration"
                    },
                    {
                      "wd": "constellation"
                    },
                    {
                      "wd": "design"
                    },
                    {
                      "wd": "form"
                    },
                    {
                      "wd": "format"
                    },
                    {
                      "wd": "getup"
                    },
                    {
                      "wd": "layout"
                    },
                    {
                      "wd": "makeup"
                    },
                    {
                      "wd": "ordonnance"
                    }
                  ]
                ],
                "rel_list": [
                  [
                    {
                      "wd": "motif"
                    },
                    {
                      "wd": "theme"
                    }
                  ]
                ]
              }
            ]
          ]
        ]
      }
    ],
    "shortdef": [
      "a unit of decoration that is repeated all over something (as a fabric)",
      "a usual manner of behaving or doing",
      "an established and often automatic or monotonous series of actions followed when engaging in some activity"
    ]
  },
  {
    "meta": {
      "id": "holding patterns",
      "uuid": "f7fb6c25-ef13-4175-b471-3324f7a117dc",
      "src": "coll_thes",
      "section": "alpha",
      "stems": [
        "holding patterns"
      ],
      "syns": [
        [
          "abeyances",
          "cold storages",
          "deep freezes",
          "doldrums",
          "dormancies",
          "latencies",
          "moratoriums",
          "quiescences",
          "suspended animations",
          "suspenses",
          "suspensions"
        ],
        [
          "delays",
          "detainments",
          "detentions",
          "holdbacks",
          "holdups",
          "waits"
        ]
      ],
      "ants": [
        [
          "continuances",
          "continuations"
        ]
      ],
      "offensive": false
    },
    "hwi": {
      "hw": "holding patterns"
    },
    "fl": "noun",
    "sls": [
      "plural of {d_link|holding pattern|holding pattern}"
    ],
    "def": [
      {
        "sseq": [
          [
            [
              "sense",
              {
                "sn": "1",
                "dt": [
                  [
                    "text",
                    "a state of temporary inactivity "
                  ],
                  [
                    "vis",
                    [
                      {
                        "t": "repair work on the bridge was in a {it}holding pattern{/it} for the duration of the winter"
                      }
                    ]
                  ]
                ],
                "syn_list": [
                  [
                    {
                      "wd": "abeyances"
                    },
                    {
                      "wd": "cold storages"
                    },
                    {
                      "wd": "deep freezes"
                    },
                    {
                      "wd": "doldrums"
                    },
                    {
                      "wd": "dormancies"
                    },
                    {
                      "wd": "latencies"
                    },
                    {
                      "wd": "moratoriums",
                      "wvrs": [
                        {
                          "wvl": "or",
                          "wva": "moratoria"
                        }
                      ]
                    },
                    {
                      "wd": "quiescences"
                    },
                    {
                      "wd": "suspended animations"
                    },
                    {
                      "wd": "suspenses"
                    },
                    {
                      "wd": "suspensions"
                    }
                  ]
                ],
                "rel_list": [
                  [
                    {
                      "wd": "inactions"
                    },
                    {
                      "wd": "inertias"
                    }
                  ],
                  [
                    {
                      "wd": "impasses"
                    },
                    {
                      "wd": "standstills"
                    }
                  ],
                  [
                    {
                      "wd": "comas"
                    },
                    {
                      "wd": "hibernations"
                    },
                    {
                      "wd": "hypnoses"
                    },
                    {
                      "wd": "reposes"
                    },
                    {
                      "wd": "rests"
                    },
                    {
                      "wd": "sleeps"
                    },
                    {
                      "wd": "slumbers"
                    },
                    {
                      "wd": "torpors"
                    }
                  ],
                  [
                    {
                      "wd": "recesses"
                    },
                    {
                      "wd": "recessions"
                    },
                    {
                      "wd": "remissions"
                    }
                  ],
                  [
                    {
                      "wd": "downtimes"
                    },
                    {
                      "wd": "layoffs"
                    }
                  ]
                ],
                "near_list": [
                  [
                    {
                      "wd": "recommencements"
                    },
                    {
                      "wd": "renewals"
                    },
                    {
                      "wd": "resumptions"
                    },
                    {
                      "wd": "resuscitations"
                    }
                  ]
                ],
                "ant_list": [
                  [
                    {
                      "wd": "continuances"
                    },
                    {
                      "wd": "continuations"
                    }
                  ]
                ]
              }
            ]
          ],
          [
            [
              "sense",
              {
                "sn": "2",
                "dt": [
                  [
                    "text",
                    "an instance or period of being prevented from going about one's business "
                  ],
                  [
                    "vis",
                    [
                      {
                        "t": "the couple has been trapped in this {it}holding pattern{/it} for six months, as adoption officials create more red tape"
                      }
                    ]
                  ]
                ],
                "syn_list": [
                  [
                    {
                      "wd": "delays"
                    },
                    {
                      "wd": "detainments"
                    },
                    {
                      "wd": "detentions"
                    },
                    {
                      "wd": "holdbacks"
                    },
                    {
                      "wd": "holdups"
                    },
                    {
                      "wd": "waits"
                    }
                  ]
                ],
                "rel_list": [
                  [
                    {
                      "wd": "deferments"
                    },
                    {
                      "wd": "deferrals"
                    },
                    {
                      "wd": "postponements"
                    }
                  ],
                  [
                    {
                      "wd": "reprieves"
                    },
                    {
                      "wd": "respites"
                    }
                  ],
                  [
                    {
                      "wd": "foot-draggings"
                    },
                    {
                      "wd": "hesitations"
                    },
                    {
                      "wd": "lags"
                    },
                    {
                      "wd": "pauses"
                    },
                    {
                      "wd": "setbacks"
                    },
                    {
                      "wd": "slowdowns"
                    }
                  ]
                ],
                "near_list": [
                  [
                    {
                      "wd": "hastes"
                    },
                    {
                      "wd": "rushes"
                    }
                  ],
                  [
                    {
                      "wd": "dispatches"
                    },
                    {
                      "wd": "promptitudes"
                    }
                  ]
                ]
              }
            ]
          ]
        ]
      }
    ],
    "shortdef": [
      "a state of temporary inactivity",
      "an instance or period of being prevented from going about one's business"
    ]
  },
  {
    "meta": {
      "id": "holding pattern",
      "uuid": "859e26a3-3eac-4067-bb3a-a4349ca91381",
      "src": "coll_thes",
      "section": "alpha",
      "target": {
        "tuuid": "41e08dc6-a2e5-451c-8889-081e8d47ae18",
        "tsrc": "collegiate"
      },
      "stems": [
        "holding pattern",
        "holding patterns"
      ],
      "syns": [
        [
          "abeyance",
          "cold storage",
          "deep freeze",
          "doldrums",
          "dormancy",
          "latency",
          "moratorium",
          "quiescence",
          "suspended animation",
          "suspense",
          "suspension"
        ],
        [
          "delay",
          "detainment",
          "detention",
          "holdback",
          "holdup",
          "wait"
        ]
      ],
      "ants": [
        [
          "continuance",
          "continuation"
        ]
      ],
      "offensive": false
    },
    "hwi": {
      "hw": "holding pattern"
    },
    "fl": "noun",
    "def": [
      {
        "sseq": [
          [
            [
              "sense",
              {
                "sn": "1",
                "dt": [
                  [
                    "text",
                    "a state of temporary inactivity "
                  ],
                  [
                    "vis",
                    [
                      {
                        "t": "repair work on the bridge was in a {it}holding pattern{/it} for the duration of the winter"
                      }
                    ]
                  ]
                ],
                "syn_list": [
                  [
                    {
                      "wd": "abeyance"
                    },
                    {
                      "wd": "cold storage"
                    },
                    {
                      "wd": "deep freeze"
                    },
                    {
                      "wd": "doldrums"
                    },
                    {
                      "wd": "dormancy"
                    },
                    {
                      "wd": "latency"
                    },
                    {
                      "wd": "moratorium"
                    },
                    {
                      "wd": "quiescence"
                    },
                    {
                      "wd": "suspended animation"
                    },
                    {
                      "wd": "suspense"
                    },
                    {
                      "wd": "suspension"
                    }
                  ]
                ],
                "rel_list": [
                  [
                    {
                      "wd": "inaction"
                    },
                    {
                      "wd": "inertia"
                    },
                    {
                      "wd": "inertness"
                    },
                    {
                      "wd": "motionlessness"
                    }
                  ],
                  [
                    {
                      "wd": "impasse"
                    },
                    {
                      "wd": "standstill"
                    }
                  ],
                  [
                    {
                      "wd": "coma"
                    },
                    {
                      "wd": "hibernation"
                    },
                    {
                      "wd": "hypnosis"
                    },
                    {
                      "wd": "repose"
                    },
                    {
                      "wd": "rest"
                    },
                    {
                      "wd": "sleep"
                    },
                    {
                      "wd": "slumber"
                    },
                    {
                      "wd": "torpor"
                    }
                  ],
                  [
                    {
                      "wd": "recess"
                    },
                    {
                      "wd": "recession"
                    },
                    {
                      "wd": "remission"
                    }
                  ],
                  [
                    {
                      "wd": "downtime"
                    },
                    {
                      "wd": "idleness"
                    },
                    {
                      "wd": "layoff"
                    }
                  ]
                ],
                "near_list": [
                  [
                    {
                      "wd": "recommencement"
                    },
                    {
                      "wd": "renewal"
                    },
                    {
                      "wd": "resumption"
                    },
                    {
                      "wd": "resuscitation"
                    }
                  ]
                ],
                "ant_list": [
                  [
                    {
                      "wd": "continuance"
                    },
                    {
                      "wd": "continuation"
                    }
                  ]
                ]
              }
            ]
          ],
          [
            [
              "sense",
              {
                "sn": "2",
                "dt": [
                  [
                    "text",
                    "an instance or period of being prevented from going about one's business "
                  ],
                  [
                    "vis",
                    [
                      {
                        "t": "the couple has been trapped in this {it}holding pattern{/it} for six months, as adoption officials create more red tape"
                      }
                    ]
                  ]
                ],
                "syn_list": [
                  [
                    {
                      "wd": "delay"
                    },
                    {
                      "wd": "detainment"
                    },
                    {
                      "wd": "detention"
                    },
                    {
                      "wd": "holdback"
                    },
                    {
                      "wd": "holdup"
                    },
                    {
                      "wd": "wait"
                    }
                  ]
                ],
                "rel_list": [
                  [
                    {
                      "wd": "deferment"
                    },
                    {
                      "wd": "deferral"
                    },
                    {
                      "wd": "postponement"
                    }
                  ],
                  [
                    {
                      "wd": "reprieve"
                    },
                    {
                      "wd": "respite"
                    }
                  ],
                  [
                    {
                      "wd": "foot-dragging"
                    },
                    {
                      "wd": "hesitation"
                    },
                    {
                      "wd": "lag"
                    },
                    {
                      "wd": "pause"
                    },
                    {
                      "wd": "setback"
                    },
                    {
                      "wd": "slowdown"
                    }
                  ]
                ],
                "near_list": [
                  [
                    {
                      "wd": "haste"
                    },
                    {
                      "wd": "rush"
                    }
                  ],
                  [
                    {
                      "wd": "dispatch"
                    },
                    {
                      "wd": "promptitude"
                    },
                    {
                      "wd": "promptness"
                    }
                  ]
                ]
              }
            ]
          ]
        ]
      }
    ],
    "shortdef": [
      "a state of temporary inactivity",
      "an instance or period of being prevented from going about one's business"
    ]
  }
]