[
  {
    "meta": {
      "id": "periodic",
      "uuid": "7e19dde7-fb34-4cd7-868a-3b8c9beb0ba8",
      "src": "coll_thes",
      "section": "alpha",
      "target": {
        "tuuid": "c8687385-39db-4472-9d81-20aa6754bb59",
        "tsrc": "collegiate"
      },
      "stems": [
        "periodic"
      ],
      "syns": [
        [
          "constant",
          "frequent",
          "habitual",
          "periodical",
          "regular",
          "repeated",
          "steady"
        ],
        [
          "continual",
          "intermittent",
          "on-and-off",
          "periodical",
          "recurrent",
          "recurring"
        ]
      ],
      "ants": [
        [
          "inconstant",
          "infrequent",
          "irregular"
        ],
        [
          "constant",
          "continuous",
          "incessant",
          "unceasing"
        ]
      ],
      "offensive": false
    },
    "hwi": {
      "hw": "periodic"
    },
    "fl": "adjective",
    "def": [
      {
        "sseq": [
          [
            [
              "sense",
              {
                "sn": "1",
                "dt": [
                  [
                    "text",
                    "appearing or occurring repeatedly from time to time "
                  ],
                  [
                    "vis",
                    [
                      {
                        "t": "sent out {it}periodic{/it} reminders about the office dress code"
                      }
                    ]
                  ]
                ],
                "syn_list": [
                  [
                    {
                      "wd": "constant"
                    },
                    {
                      "wd": "frequent"
                    },
                    {
                      "wd": "habitual"
                    },
                    {
                      "wd": "periodical"
                    },
                    {
                      "wd": "regular"
                    },
                    {
                      "wd": "repeated"
                    },
                    {
                      "wd": "steady"
                    }
                  ]
                ],
                "rel_list": [
                  [
                    {
                      "wd": "continual"
                    },
                    {
                      "wd": "intermittent"
                    },
                    {
                      "wd": "recurrent"
                    },
                    {
                      "wd": "recurring"
                    }
                  ],
                  [
                    {
                      "wd": "cyclic",
                      "wvrs": [
                        {
                          "wvl": "or",
                          "wva": "cyclical"
                        }
                      ]
                    }
                  ],
                  [
                    {
                      "wd": "around-the-clock"
                    },
                    {
                      "wd": "hourly"
                    },
                    {
                      "wd": "round-the-clock"
                    },
                    {
                      "wd": "24-7",
                      "wvrs": [
                        {
                          "wvl": "or",
                          "wva": "24/7"
                        }
                      ]
                    }
                  ],
                  [
                    {
                      "wd": "chronic"
                    },
                    {
                      "wd": "confirmed"
                    },
                    {
                      "wd": "inveterate"
                    }
                  ],
                  [
                    {
                      "wd": "expected"
                    },
                    {
                      "wd": "usual"
                    }
                  ]
                ],
                "near_list": [
                  [
                    {
                      "wd": "episodic",
                      "wvrs": [
                        {
                          "wvl": "also",
                          "wva": "episodical"
                        }
                      ]
                    },
                    {
                      "wd": "occasional"
                    }
                  ],
                  [
                    {
                      "wd": "unexpected"
                    },
                    {
                      "wd": "unusual"
                    }
                  ]
                ],
                "ant_list": [
                  [
                    {
                      "wd": "inconstant"
                    },
                    {
                      "wd": "infrequent"
                    },
                    {
                      "wd": "irregular"
                    }
                  ]
                ]
              }
            ]
          ],
          [
            [
              "sense",
              {
                "sn": "2",
                "dt": [
                  [
                    "text",
                    "occurring or appearing at intervals "
                  ],
                  [
                    "vis",
                    [
                      {
                        "t": "{it}periodic{/it} snow showers that might leave up to an inch"
                      }
                    ]
                  ]
                ],
                "syn_list": [
                  [
                    {
                      "wd": "continual"
                    },
                    {
                      "wd": "intermittent"
                    },
                    {
                      "wd": "on-and-off"
                    },
                    {
                      "wd": "periodical"
                    },
                    {
                      "wd": "recurrent"
                    },
                    {
                      "wd": "recurring"
                    }
                  ]
                ],
                "rel_list": [
                  [
                    {
                      "wd": "alternate"
                    },
                    {
                      "wd": "alternating"
                    },
                    {
                      "wd": "cyclic",
                      "wvrs": [
                        {
                          "wvl": "or",
                          "wva": "cyclical"
                        }
                      ]
                    },
                    {
                      "wd": "rhythmic",
                      "wvrs": [
                        {
                          "wvl": "or",
                          "wva": "rhythmical"
                        }
                      ]
                    },
                    {
                      "wd": "seasonal"
                    },
                    {
                      "wd": "serial"
                    }
                  ],
                  [
                    {
                      "wd": "aperiodic"
                    },
                    {
                      "wd": "erratic"
                    },
                    {
                      "wd": "fitful"
                    },
                    {
                      "wd": "irregular"
                    },
                    {
                      "wd": "occasional"
                    },
                    {
                      "wd": "spasmodic"
                    },
                    {
                      "wd": "sporadic"
                    },
                    {
                      "wd": "spotty"
                    },
                    {
                      "wd": "unsteady"
                    }
                  ]
                ],
                "near_list": [
                  [
                    {
                      "wd": "eternal"
                    },
                    {
                      "wd": "everlasting"
                    },
                    {
                      "wd": "interminable"
                    },
                    {
                      "wd": "perpetual"
                    }
                  ]
                ],
                "ant_list": [
                  [
                    {
                      "wd": "constant"
                    },
                    {
                      "wd": "continuous"
                    },
                    {
                      "wd": "incessant"
                    },
                    {
                      "wd": "unceasing"
                    }
                  ]
                ]
              }
            ]
          ]
        ]
      }
    ],
    "shortdef": [
      "appearing or occurring repeatedly from time to time",
      "occurring or appearing at intervals"
    ]
  }
]