[
  {
    "meta": {
      "id": "phase",
      "uuid": "ba893995-48b5-426f-bc05-d5b5fdeac5b1",
      "src": "coll_thes",
      "section": "alpha",
      "target": {
        "tuuid": "f43f41dc-610c-4fcf-96f1-936280914c76",
        "tsrc": "collegiate"
      },
      "stems": [
        "phase",
        "in phase",
        "out of phase",
        "phases",
        "phasic"
      ],
      "syns": [
        [
          "angle",
          "aspect",
          "facet",
          "hand",
          "side"
        ],
        [
          "chapter",
          "cut",
          "degree",
          "grade",
          "inch",
          "notch",
          "peg",
          "place",
          "point",
          "stage",
          "step"
        ]
      ],
      "ants": [],
      "offensive": false
    },
    "hwi": {
      "hw": "phase"
    },
    "fl": "noun",
    "def": [
      {
        "sseq": [
          [
            [
              "sense",
              {
                "sn": "1",
                "dt": [
                  [
                    "text",
                    "a certain way in which something appears or may be regarded "
                  ],
                  [
                    "vis",
                    [
                      {
                        "t": "the moral {it}phase{/it} of the problem has yet to be considered"
                      }
                    ]
                  ]
                ],
                "syn_list": [
                  [
                    {
                      "wd": "angle"
                    },
                    {
                      "wd": "aspect"
                    },
                    {
                      "wd": "facet"
                    },
                    {
                      "wd": "hand"
                    },
                    {
                      "wd": "side"
                    }
                  ]
                ],
                "rel_list": [
                  [
                    {
                      "wd": "air"
                    },
                    {
                      "wd": "appearance"
                    },
                    {
                      "wd": "character"
                    },
                    {
                      "wd": "color"
                    },
                    {
                      "wd": "complexion"
                    },
                    {
                      "wd": "condition"
                    },
                    {
                      "wd": "face"
                    },
                    {
                      "wd": "look"
                    },
                    {
                      "wd": "semblance"
                    },
                    {
                      "wd": "shape"
                    },
                    {
                      "wd": "state"
                    },
                    {
                      "wd": "visage"
                    }
                  ],
                  [
                    {
                      "wd": "period"
                    },
                    {
                      "wd": "stage"
                    },
                    {
                      "wd": "step"
                    }
                  ],
                  [
                    {
                      "wd": "outlook"
                    },
                    {
                      "wd": "perspective"
                    },
                    {
                      "wd": "position"
                    },
                    {
                      "wd": "posture"
                    },
                    {
                      "wd": "shoes"
                    },
                    {
                      "wd": "slant"
                    },
                    {
                      "wd": "stance"
                    },
                    {
                      "wd": "standpoint"
                    },
                    {
                      "wd": "view"
                    },
                    {
                      "wd": "viewpoint"
                    }
                  ],
                  [
                    {
                      "wd": "interpretation"
                    },
                    {
                      "wd": "reading"
                    },
                    {
                      "wd": "rendering"
                    },
                    {
                      "wd": "translation"
                    },
                    {
                      "wd": "version"
                    }
                  ],
                  [
                    {
                      "wd": "article"
                    },
                    {
                      "wd": "case"
                    },
                    {
                      "wd": "component"
                    },
                    {
                      "wd": "count"
                    },
                    {
                      "wd": "detail"
                    },
                    {
                      "wd": "dimension"
                    },
                    {
                      "wd": "element"
                    },
                    {
                      "wd": "factor"
                    },
                    {
                      "wd": "instance"
                    },
                    {
                      "wd": "item"
                    },
                    {
                      "wd": "matter"
                    },
                    {
                      "wd": "part"
                    },
                    {
                      "wd": "particular"
                    },
                    {
                      "wd": "point"
                    },
                    {
                      "wd": "regard"
                    },
                    {
                      "wd": "respect"
                    }
                  ]
                ]
              }
            ]
          ],
          [
            [
              "sense",
              {
                "sn": "2",
                "dt": [
                  [
                    "text",
                    "an individual part of a process, series, or ranking "
                  ],
                  [
                    "vis",
                    [
                      {
                        "t": "in the final {it}phase{/it} of production"
                      }
                    ]
                  ]
                ],
                "syn_list": [
                  [
                    {
                      "wd": "chapter"
                    },
                    {
                      "wd": "cut"
                    },
                    {
                      "wd": "degree"
                    },
                    {
                      "wd": "grade"
                    },
                    {
                      "wd": "inch"
                    },
                    {
                      "wd": "notch"
                    },
                    {
                      "wd": "peg"
                    },
                    {
                      "wd": "place"
                    },
                    {
                      "wd": "point"
                    },
                    {
                      "wd": "stage"
                    },
                    {
                      "wd": "step"
                    }
                  ]
                ],
                "rel_list": [
                  [
                    {
                      "wd": "angle"
                    },
                    {
                      "wd": "aspect"
                    },
                    {
                      "wd": "facet"
                    },
                    {
                      "wd": "side"
                    }
                  ],
                  [
                    {
                      "wd": "amount"
                    },
                    {
                      "wd": "measure"
                    },
                    {
                      "wd": "plane"
                    }
                  ],
                  [
                    {
                      "wd": "decrement"
                    },
                    {
                      "wd": "increment"
                    }
                  ]
                ]
              }
            ]
          ]
        ]
      }
    ],
    "shortdef": [
      "a certain way in which something appears or may be regarded",
      "an individual part of a process, series, or ranking"
    ]
  },
  {
    "meta": {
      "id": "phase",
      "uuid": "078625ad-e230-4771-9536-2a2224558590",
      "src": "CTcompile",
      "section": "alpha",
      "stems": [
        "phase"
      ],
      "syns": [
        [
          "fiddle (with)",
          "fine-tune",
          "register",
          "regulate",
          "rig",
          "acclimate",
          "acclimatize",
          "accommodate",
          "adapt",
          "adjust",
          "condition",
          "conform",
          "doctor",
          "edit",
          "fashion",
          "fit",
          "put",
          "shape",
          "suit",
          "tailor",
          "readapt",
          "readjust",
          "customize",
          "gear",
          "match",
          "model",
          "pattern",
          "attune",
          "correct",
          "harmonize",
          "square",
          "tune",
          "establish",
          "root",
          "settle",
          "acquaint",
          "familiarize",
          "orient",
          "orientate",
          "equip",
          "prepare",
          "prime",
          "rehearse",
          "harden",
          "inure",
          "season",
          "toughen"
        ]
      ],
      "ants": [
        [
          "misadjust"
        ]
      ],
      "offensive": false
    },
    "hwi": {
      "hw": "phase"
    },
    "fl": "verb",
    "def": [
      {
        "sseq": [
          [
            [
              "sense",
              {
                "dt": [
                  [
                    "text",
                    "as in {it}register{/it}, {it}regulate{/it}"
                  ]
                ],
                "sim_list": [
                  [
                    {
                      "wd": "fiddle (with)"
                    },
                    {
                      "wd": "fine-tune"
                    },
                    {
                      "wd": "register"
                    },
                    {
                      "wd": "regulate"
                    },
                    {
                      "wd": "rig"
                    }
                  ],
                  [
                    {
                      "wd": "acclimate"
                    },
                    {
                      "wd": "acclimatize"
                    },
                    {
                      "wd": "accommodate"
                    },
                    {
                      "wd": "adapt"
                    },
                    {
                      "wd": "adjust"
                    },
                    {
                      "wd": "condition"
                    },
                    {
                      "wd": "conform"
                    },
                    {
                      "wd": "doctor"
                    },
                    {
                      "wd": "edit"
                    },
                    {
                      "wd": "fashion"
                    },
                    {
                      "wd": "fit"
                    },
                    {
                      "wd": "put"
                    },
                    {
                      "wd": "shape"
                    },
                    {
                      "wd": "suit"
                    },
                    {
                      "wd": "tailor"
                    }
                  ],
                  [
                    {
                      "wd": "readapt"
                    },
                    {
                      "wd": "readjust"
                    }
                  ],
                  [
                    {
                      "wd": "customize"
                    },
                    {
                      "wd": "gear"
                    },
                    {
                      "wd": "match"
                    },
                    {
                      "wd": "model"
                    },
                    {
                      "wd": "pattern"
                    }
                  ],
                  [
                    {
                      "wd": "attune"
                    },
                    {
                      "wd": "correct"
                    },
                    {
                      "wd": "harmonize"
                    },
                    {
                      "wd": "square"
                    },
                    {
                      "wd": "tune"
                    }
                  ],
                  [
                    {
                      "wd": "establish"
                    },
                    {
                      "wd": "root"
                    },
                    {
                      "wd": "settle"
                    }
                  ],
                  [
                    {
                      "wd": "acquaint"
                    },
                    {
                      "wd": "familiarize"
                    },
                    {
                      "wd": "orient"
                    },
                    {
                      "wd": "orientate"
                    }
                  ],
                  [
                    {
                      "wd": "equip"
                    },
                    {
                      "wd": "prepare"
                    },
                    {
                      "wd": "prime"
                    },
                    {
                      "wd": "rehearse"
                    }
                  ],
                  [
                    {
                      "wd": "harden"
                    },
                    {
                      "wd": "inure"
                    },
                    {
                      "wd": "season"
                    },
                    {
                      "wd": "toughen"
                    }
                  ]
                ],
                "opp_list": [
                  [
                    {
                      "wd": "misadjust"
                    }
                  ]
                ]
              }
            ]
          ]
        ]
      }
    ],
    "shortdef": [
      "as in register, regulate"
    ]
  },
  {
    "meta": {
      "id": "phase down",
      "uuid": "58d44833-b1b9-4a4c-8ca6-5168ee473129",
      "src": "coll_thes",
      "section": "alpha",
      "target": {
        "tuuid": "5036b93b-2491-4e56-b3d2-e2949e708da2",
        "tsrc": "collegiate"
      },
      "stems": [
        "phase down",
        "phased down",
        "phases down",
        "phasing down"
      ],
      "syns": [
        [
          "abate",
          "de-escalate",
          "decline",
          "decrease",
          "die (away or down or out)",
          "diminish",
          "drain (away)",
          "drop (off)",
          "dwindle",
          "ease",
          "ebb",
          "fall",
          "fall away",
          "lessen",
          "let up",
          "lower",
          "moderate",
          "pall",
          "ratchet (down)",
          "recede",
          "relent",
          "remit",
          "shrink",
          "subside",
          "taper",
          "taper off",
          "wane"
        ]
      ],
      "ants": [
        [
          "accumulate",
          "balloon",
          "build",
          "burgeon",
          "enlarge",
          "escalate",
          "expand",
          "grow",
          "increase",
          "intensify",
          "mount",
          "mushroom",
          "pick up",
          "rise",
          "snowball",
          "soar",
          "swell",
          "wax"
        ]
      ],
      "offensive": false
    },
    "hwi": {
      "hw": "phase down"
    },
    "fl": "verb",
    "def": [
      {
        "sseq": [
          [
            [
              "sense",
              {
                "dt": [
                  [
                    "text",
                    "to grow less in scope or intensity especially gradually "
                  ],
                  [
                    "vis",
                    [
                      {
                        "t": "tourism along the coast {it}phases down{/it} after Labor Day"
                      }
                    ]
                  ]
                ],
                "syn_list": [
                  [
                    {
                      "wd": "abate"
                    },
                    {
                      "wd": "de-escalate"
                    },
                    {
                      "wd": "decline"
                    },
                    {
                      "wd": "decrease"
                    },
                    {
                      "wd": "die (away or down or out)"
                    },
                    {
                      "wd": "diminish"
                    },
                    {
                      "wd": "drain (away)"
                    },
                    {
                      "wd": "drop (off)"
                    },
                    {
                      "wd": "dwindle"
                    },
                    {
                      "wd": "ease"
                    },
                    {
                      "wd": "ebb"
                    },
                    {
                      "wd": "fall"
                    },
                    {
                      "wd": "fall away"
                    },
                    {
                      "wd": "lessen"
                    },
                    {
                      "wd": "let up"
                    },
                    {
                      "wd": "lower"
                    },
                    {
                      "wd": "moderate"
                    },
                    {
                      "wd": "pall"
                    },
                    {
                      "wd": "ratchet (down)",
                      "wvbvrs": [
                        {
                          "wvbvl": "also",
                          "wvbva": "rachet (down)"
                        }
                      ]
                    },
                    {
                      "wd": "recede"
                    },
                    {
                      "wd": "relent"
                    },
                    {
                      "wd": "remit"
                    },
                    {
                      "wd": "shrink"
                    },
                    {
                      "wd": "subside"
                    },
                    {
                      "wd": "taper"
                    },
                    {
                      "wd": "taper off"
                    },
                    {
                      "wd": "wane"
                    }
                  ]
                ],
                "rel_list": [
                  [
                    {
                      "wd": "compress"
                    },
                    {
                      "wd": "condense"
                    },
                    {
                      "wd": "constrict"
                    },
                    {
                      "wd": "contract"
                    }
                  ],
                  [
                    {
                      "wd": "evaporate"
                    },
                    {
                      "wd": "fade (away)"
                    },
                    {
                      "wd": "fritter (away)"
                    },
                    {
                      "wd": "give out"
                    },
                    {
                      "wd": "melt (away)"
                    },
                    {
                      "wd": "peter (out)"
                    },
                    {
                      "wd": "tail (off)"
                    },
                    {
                      "wd": "vanish"
                    }
                  ],
                  [
                    {
                      "wd": "slacken"
                    },
                    {
                      "wd": "slow (down)"
                    }
                  ],
                  [
                    {
                      "wd": "alleviate"
                    },
                    {
                      "wd": "relax"
                    }
                  ],
                  [
                    {
                      "wd": "flag"
                    },
                    {
                      "wd": "sink"
                    },
                    {
                      "wd": "weaken"
                    }
                  ],
                  [
                    {
                      "wd": "cave (in)"
                    },
                    {
                      "wd": "collapse"
                    },
                    {
                      "wd": "deflate"
                    }
                  ]
                ],
                "near_list": [
                  [
                    {
                      "wd": "appear"
                    },
                    {
                      "wd": "emerge"
                    },
                    {
                      "wd": "show up"
                    }
                  ],
                  [
                    {
                      "wd": "blow up"
                    },
                    {
                      "wd": "distend"
                    },
                    {
                      "wd": "elongate"
                    },
                    {
                      "wd": "lengthen"
                    }
                  ]
                ],
                "ant_list": [
                  [
                    {
                      "wd": "accumulate"
                    },
                    {
                      "wd": "balloon"
                    },
                    {
                      "wd": "build"
                    },
                    {
                      "wd": "burgeon",
                      "wvrs": [
                        {
                          "wvl": "also",
                          "wva": "bourgeon"
                        }
                      ]
                    },
                    {
                      "wd": "enlarge"
                    },
                    {
                      "wd": "escalate"
                    },
                    {
                      "wd": "expand"
                    },
                    {
                      "wd": "grow"
                    },
                    {
                      "wd": "increase"
                    },
                    {
                      "wd": "intensify"
                    },
                    {
                      "wd": "mount"
                    },
                    {
                      "wd": "mushroom"
                    },
                    {
                      "wd": "pick up"
                    },
                    {
                      "wd": "rise"
                    },
                    {
                      "wd": "snowball"
                    },
                    {
                      "wd": "soar"
                    },
                    {
                      "wd": "swell"
                    },
                    {
                      "wd": "wax"
                    }
                  ]
                ]
              }
            ]
          ]
        ]
      }
    ],
    "shortdef": [
      "to grow less in scope or intensity especially gradually"
    ]
  },
  {
    "meta": {
      "id": "phase out",
      "uuid": "ffd03f91-4815-43bf-9823-a57cfa3e25de",
      "src": "CTcompile",
      "section": "alpha",
      "stems": [
        "phase out"
      ],
      "syns": [
        [
          "turn off",
          "close",
          "close (down)",
          "close out",
          "shut",
          "extinguish",
          "quell",
          "suppress",
          "gag",
          "muzzle",
          "silence",
          "fail",
          "fold"
        ]
      ],
      "ants": [
        [
          "open",
          "start",
          "build",
          "expand"
        ]
      ],
      "offensive": false
    },
    "hwi": {
      "hw": "phase out"
    },
    "fl": "verb",
    "def": [
      {
        "sseq": [
          [
            [
              "sense",
              {
                "dt": [
                  [
                    "text",
                    "as in {it}turn off{/it}"
                  ]
                ],
                "sim_list": [
                  [
                    {
                      "wd": "turn off"
                    }
                  ],
                  [
                    {
                      "wd": "close"
                    },
                    {
                      "wd": "close (down)"
                    },
                    {
                      "wd": "close out"
                    },
                    {
                      "wd": "shut"
                    }
                  ],
                  [
                    {
                      "wd": "extinguish"
                    },
                    {
                      "wd": "quell"
                    },
                    {
                      "wd": "suppress"
                    }
                  ],
                  [
                    {
                      "wd": "gag"
                    },
                    {
                      "wd": "muzzle"
                    },
                    {
                      "wd": "silence"
                    }
                  ],
                  [
                    {
                      "wd": "fail"
                    },
                    {
                      "wd": "fold"
                    }
                  ]
                ],
                "opp_list": [
                  [
                    {
                      "wd": "open"
                    },
                    {
                      "wd": "start"
                    }
                  ],
                  [
                    {
                      "wd": "build"
                    },
                    {
                      "wd": "expand"
                    }
                  ]
                ]
              }
            ]
          ]
        ]
      }
    ],
    "shortdef": [
      "as in turn off"
    ]
  }
]