[
  {
    "meta": {
      "id": "ping",
      "uuid": "53a6df66-36f6-46b4-8e83-92725feb7a78",
      "src": "CTcompile",
      "section": "alpha",
      "stems": [
        "ping"
      ],
      "syns": [
        [
          "chime",
          "ding-dong",
          "knell",
          "peal",
          "plink",
          "ring",
          "tintinnabulation",
          "clang",
          "clangor",
          "clank",
          "clash",
          "whang",
          "chink",
          "clink",
          "clinkety-clank",
          "jangle",
          "jingle",
          "rattle",
          "tang",
          "tinkle",
          "twang",
          "clap",
          "clip-clop",
          "clop",
          "crack",
          "crash",
          "crunch",
          "clump",
          "clunk",
          "thump"
        ]
      ],
      "ants": [],
      "offensive": false
    },
    "hwi": {
      "hw": "ping"
    },
    "fl": "noun",
    "def": [
      {
        "sseq": [
          [
            [
              "sense",
              {
                "dt": [
                  [
                    "text",
                    "as in {it}ring{/it}, {it}chime{/it}"
                  ]
                ],
                "sim_list": [
                  [
                    {
                      "wd": "chime"
                    },
                    {
                      "wd": "ding-dong"
                    },
                    {
                      "wd": "knell"
                    },
                    {
                      "wd": "peal"
                    },
                    {
                      "wd": "plink"
                    },
                    {
                      "wd": "ring"
                    },
                    {
                      "wd": "tintinnabulation"
                    }
                  ],
                  [
                    {
                      "wd": "clang"
                    },
                    {
                      "wd": "clangor"
                    },
                    {
                      "wd": "clank"
                    },
                    {
                      "wd": "clash"
                    },
                    {
                      "wd": "whang"
                    }
                  ],
                  [
                    {
                      "wd": "chink"
                    },
                    {
                      "wd": "clink"
                    },
                    {
                      "wd": "clinkety-clank"
                    },
                    {
                      "wd": "jangle"
                    },
                    {
                      "wd": "jingle"
                    },
                    {
                      "wd": "rattle"
                    },
                    {
                      "wd": "tang"
                    },
                    {
                      "wd": "tinkle"
                    },
                    {
                      "wd": "twang"
                    }
                  ],
                  [
                    {
                      "wd": "clap"
                    },
                    {
                      "wd": "clip-clop"
                    },
                    {
                      "wd": "clop"
                    },
                    {
                      "wd": "crack"
                    },
                    {
                      "wd": "crash"
                    },
                    {
                      "wd": "crunch"
                    }
                  ],
                  [
                    {
                      "wd": "clump"
                    },
                    {
                      "wd": "clunk"
                    },
                    {
                      "wd": "thump"
                    }
                  ]
                ]
              }
            ]
          ]
        ]
      }
    ],
    "shortdef": [
      "as in ring, chime"
    ]
  },
  {
    "meta": {
      "id": "ping",
      "uuid": "973e7e85-66cf-4036-bc26-c41e6c39797a",
      "src": "CTcompile",
      "section": "alpha",
      "stems": [
        "ping"
      ],
      "syns": [
        [
          "chink",
          "clang",
          "clank",
          "clash",
          "clink",
          "ding",
          "ding-dong",
          "gong",
          "jangle",
          "jingle",
          "plink",
          "plunk",
          "tang",
          "tingle",
          "tinkle",
          "bong",
          "chime",
          "knell",
          "peal",
          "ring",
          "toll",
          "echo",
          "resonate",
          "resound",
          "reverberate"
        ]
      ],
      "ants": [],
      "offensive": false
    },
    "hwi": {
      "hw": "ping"
    },
    "fl": "verb",
    "def": [
      {
        "sseq": [
          [
            [
              "sense",
              {
                "dt": [
                  [
                    "text",
                    "as in {it}ding{/it}, {it}clang{/it}"
                  ]
                ],
                "sim_list": [
                  [
                    {
                      "wd": "chink"
                    },
                    {
                      "wd": "clang"
                    },
                    {
                      "wd": "clank"
                    },
                    {
                      "wd": "clash"
                    },
                    {
                      "wd": "clink"
                    },
                    {
                      "wd": "ding"
                    },
                    {
                      "wd": "ding-dong"
                    },
                    {
                      "wd": "gong"
                    },
                    {
                      "wd": "jangle"
                    },
                    {
                      "wd": "jingle"
                    },
                    {
                      "wd": "plink"
                    },
                    {
                      "wd": "plunk",
                      "wvrs": [
                        {
                          "wvl": "or",
                          "wva": "plonk"
                        }
                      ]
                    },
                    {
                      "wd": "tang"
                    },
                    {
                      "wd": "tingle"
                    },
                    {
                      "wd": "tinkle"
                    }
                  ],
                  [
                    {
                      "wd": "bong"
                    },
                    {
                      "wd": "chime"
                    },
                    {
                      "wd": "knell"
                    },
                    {
                      "wd": "peal"
                    },
                    {
                      "wd": "ring"
                    },
                    {
                      "wd": "toll"
                    }
                  ],
                  [
                    {
                      "wd": "echo"
                    },
                    {
                      "wd": "resonate"
                    },
                    {
                      "wd": "resound"
                    },
                    {
                      "wd": "reverberate"
                    }
                  ]
                ]
              }
            ]
          ]
        ]
      }
    ],
    "shortdef": [
      "as in ding, clang"
    ]
  }
]