[
  {
    "meta": {
      "id": "polarization",
      "uuid": "2b549a75-9f41-4436-93c2-fe254e0215ee",
      "src": "CTcompile",
      "section": "alpha",
      "stems": [
        "polarization"
      ],
      "syns": [
        [
          "atomization",
          "dichotomization",
          "decomposition",
          "disassembly",
          "dismemberment",
          "segmentation",
          "subdivision",
          "diffusion",
          "dispersal",
          "dispersion",
          "scattering",
          "divorce",
          "severance",
          "administration",
          "apportionment",
          "distribution",
          "breach",
          "rupture",
          "isolation",
          "seclusion",
          "segregation",
          "sequestration",
          "bifurcation",
          "breakup",
          "cleavage",
          "dissolution",
          "disunion",
          "division",
          "fractionalization",
          "fractionation",
          "partition",
          "schism",
          "scission",
          "separation",
          "split",
          "sundering"
        ]
      ],
      "ants": [
        [
          "unification",
          "union",
          "assemblage",
          "association",
          "attachment",
          "conjunction",
          "connection",
          "link",
          "linkage",
          "linkup",
          "aggregation",
          "combination",
          "consolidation",
          "fusion"
        ]
      ],
      "offensive": false
    },
    "hwi": {
      "hw": "polarization"
    },
    "fl": "noun",
    "def": [
      {
        "sseq": [
          [
            [
              "sense",
              {
                "dt": [
                  [
                    "text",
                    "as in {it}atomization{/it}, {it}dichotomization{/it}"
                  ]
                ],
                "sim_list": [
                  [
                    {
                      "wd": "atomization"
                    },
                    {
                      "wd": "dichotomization"
                    }
                  ],
                  [
                    {
                      "wd": "decomposition"
                    },
                    {
                      "wd": "disassembly"
                    },
                    {
                      "wd": "dismemberment"
                    },
                    {
                      "wd": "segmentation"
                    },
                    {
                      "wd": "subdivision"
                    }
                  ],
                  [
                    {
                      "wd": "diffusion"
                    },
                    {
                      "wd": "dispersal"
                    },
                    {
                      "wd": "dispersion"
                    },
                    {
                      "wd": "scattering"
                    }
                  ],
                  [
                    {
                      "wd": "divorce"
                    },
                    {
                      "wd": "severance"
                    }
                  ],
                  [
                    {
                      "wd": "administration"
                    },
                    {
                      "wd": "apportionment"
                    },
                    {
                      "wd": "distribution"
                    }
                  ],
                  [
                    {
                      "wd": "breach"
                    },
                    {
                      "wd": "rupture"
                    }
                  ],
                  [
                    {
                      "wd": "isolation"
                    },
                    {
                      "wd": "seclusion"
                    },
                    {
                      "wd": "segregation"
                    },
                    {
                      "wd": "sequestration"
                    }
                  ],
                  [
                    {
                      "wd": "bifurcation"
                    },
                    {
                      "wd": "breakup"
                    },
                    {
                      "wd": "cleavage"
                    },
                    {
                      "wd": "dissolution"
                    },
                    {
                      "wd": "disunion"
                    },
                    {
                      "wd": "division"
                    },
                    {
                      "wd": "fractionalization"
                    },
                    {
                      "wd": "fractionation"
                    },
                    {
                      "wd": "partition"
                    },
                    {
                      "wd": "schism"
                    },
                    {
                      "wd": "scission"
                    },
                    {
                      "wd": "separation"
                    },
                    {
                      "wd": "split"
                    },
                    {
                      "wd": "sundering"
                    }
                  ]
                ],
                "opp_list": [
                  [
                    {
                      "wd": "unification"
                    },
                    {
                      "wd": "union"
                    }
                  ],
                  [
                    {
                      "wd": "assemblage"
                    },
                    {
                      "wd": "association"
                    }
                  ],
                  [
                    {
                      "wd": "attachment"
                    },
                    {
                      "wd": "conjunction"
                    },
                    {
                      "wd": "connection"
                    },
                    {
                      "wd": "link"
                    },
                    {
                      "wd": "linkage"
                    },
                    {
                      "wd": "linkup"
                    }
                  ],
                  [
                    {
                      "wd": "aggregation"
                    },
                    {
                      "wd": "combination"
                    },
                    {
                      "wd": "consolidation"
                    },
                    {
                      "wd": "fusion"
                    }
                  ]
                ]
              }
            ]
          ]
        ]
      }
    ],
    "shortdef": [
      "as in atomization, dichotomization"
    ]
  }
]