[
  {
    "meta": {
      "id": "portraits",
      "uuid": "047eedc2-2d51-43cd-a4ba-0dc6fed9dcea",
      "src": "coll_thes",
      "section": "alpha",
      "stems": [
        "portraits"
      ],
      "syns": [
        [
          "definitions",
          "delineations",
          "depictions",
          "descriptions",
          "pictures",
          "portraitures",
          "portrayals",
          "renderings",
          "sketches",
          "vignettes"
        ]
      ],
      "ants": [],
      "offensive": false
    },
    "hwi": {
      "hw": "portraits"
    },
    "fl": "noun",
    "sls": [
      "plural of {d_link|portrait|portrait}"
    ],
    "def": [
      {
        "sseq": [
          [
            [
              "sense",
              {
                "dt": [
                  [
                    "text",
                    "a vivid representation in words of someone or something "
                  ],
                  [
                    "vis",
                    [
                      {
                        "t": "his account created in the jurors' heads a detailed {it}portrait{/it} of a lonely old man"
                      }
                    ]
                  ]
                ],
                "syn_list": [
                  [
                    {
                      "wd": "definitions"
                    },
                    {
                      "wd": "delineations"
                    },
                    {
                      "wd": "depictions"
                    },
                    {
                      "wd": "descriptions"
                    },
                    {
                      "wd": "pictures"
                    },
                    {
                      "wd": "portraitures"
                    },
                    {
                      "wd": "portrayals"
                    },
                    {
                      "wd": "renderings"
                    },
                    {
                      "wd": "sketches"
                    },
                    {
                      "wd": "vignettes"
                    }
                  ]
                ],
                "rel_list": [
                  [
                    {
                      "wd": "accounts"
                    },
                    {
                      "wd": "anecdotes",
                      "wvrs": [
                        {
                          "wvl": "also",
                          "wva": "anecdota"
                        }
                      ]
                    },
                    {
                      "wd": "chronicles"
                    },
                    {
                      "wd": "narratives"
                    },
                    {
                      "wd": "reports"
                    },
                    {
                      "wd": "stories"
                    },
                    {
                      "wd": "tales"
                    },
                    {
                      "wd": "yarns"
                    }
                  ],
                  [
                    {
                      "wd": "demonstrations"
                    },
                    {
                      "wd": "exemplifications"
                    },
                    {
                      "wd": "illustrations"
                    }
                  ],
                  [
                    {
                      "wd": "clarifications"
                    },
                    {
                      "wd": "elucidations"
                    },
                    {
                      "wd": "explanations"
                    },
                    {
                      "wd": "explications"
                    },
                    {
                      "wd": "expositions"
                    }
                  ]
                ]
              }
            ]
          ]
        ]
      }
    ],
    "shortdef": [
      "a vivid representation in words of someone or something"
    ]
  },
  {
    "meta": {
      "id": "portrait",
      "uuid": "b58599fd-5515-466a-b404-a2f25f7225b1",
      "src": "coll_thes",
      "section": "alpha",
      "target": {
        "tuuid": "a142408b-112b-4f90-9d36-6455b766ce8b",
        "tsrc": "collegiate"
      },
      "stems": [
        "portrait",
        "portraits"
      ],
      "syns": [
        [
          "definition",
          "delineation",
          "depiction",
          "description",
          "picture",
          "portraiture",
          "portrayal",
          "rendering",
          "sketch",
          "vignette"
        ]
      ],
      "ants": [],
      "offensive": false
    },
    "hwi": {
      "hw": "portrait"
    },
    "fl": "noun",
    "def": [
      {
        "sseq": [
          [
            [
              "sense",
              {
                "dt": [
                  [
                    "text",
                    "a vivid representation in words of someone or something "
                  ],
                  [
                    "vis",
                    [
                      {
                        "t": "his account created in the jurors' heads a detailed {it}portrait{/it} of a lonely old man"
                      }
                    ]
                  ]
                ],
                "syn_list": [
                  [
                    {
                      "wd": "definition"
                    },
                    {
                      "wd": "delineation"
                    },
                    {
                      "wd": "depiction"
                    },
                    {
                      "wd": "description"
                    },
                    {
                      "wd": "picture"
                    },
                    {
                      "wd": "portraiture"
                    },
                    {
                      "wd": "portrayal"
                    },
                    {
                      "wd": "rendering"
                    },
                    {
                      "wd": "sketch"
                    },
                    {
                      "wd": "vignette"
                    }
                  ]
                ],
                "rel_list": [
                  [
                    {
                      "wd": "account"
                    },
                    {
                      "wd": "anecdote"
                    },
                    {
                      "wd": "chronicle"
                    },
                    {
                      "wd": "narrative"
                    },
                    {
                      "wd": "report"
                    },
                    {
                      "wd": "story"
                    },
                    {
                      "wd": "tale"
                    },
                    {
                      "wd": "yarn"
                    }
                  ],
                  [
                    {
                      "wd": "demonstration"
                    },
                    {
                      "wd": "exemplification"
                    },
                    {
                      "wd": "illustration"
                    }
                  ],
                  [
                    {
                      "wd": "clarification"
                    },
                    {
                      "wd": "elucidation"
                    },
                    {
                      "wd": "explanation"
                    },
                    {
                      "wd": "explication"
                    },
                    {
                      "wd": "exposition"
                    }
                  ]
                ]
              }
            ]
          ]
        ]
      }
    ],
    "shortdef": [
      "a vivid representation in words of someone or something"
    ]
  }
]