[
  {
    "meta": {
      "id": "pressure",
      "uuid": "7b26394e-6ff3-4953-bd7a-ada852e6274a",
      "src": "coll_thes",
      "section": "alpha",
      "target": {
        "tuuid": "d643075b-644c-482e-910a-7853d8a76772",
        "tsrc": "collegiate"
      },
      "stems": [
        "pressure",
        "pressureless",
        "pressures"
      ],
      "syns": [
        [
          "strain",
          "stress",
          "tension"
        ],
        [
          "arm-twisting",
          "coercion",
          "compulsion",
          "constraint",
          "duress",
          "force"
        ]
      ],
      "ants": [],
      "offensive": false
    },
    "hwi": {
      "hw": "pressure"
    },
    "fl": "noun",
    "def": [
      {
        "sseq": [
          [
            [
              "sense",
              {
                "sn": "1",
                "dt": [
                  [
                    "text",
                    "the burden on one's emotional or mental well-being created by demands on one's time "
                  ],
                  [
                    "vis",
                    [
                      {
                        "t": "a business executive who works well under {it}pressure{/it}"
                      }
                    ]
                  ]
                ],
                "syn_list": [
                  [
                    {
                      "wd": "strain"
                    },
                    {
                      "wd": "stress"
                    },
                    {
                      "wd": "tension"
                    }
                  ]
                ],
                "rel_list": [
                  [
                    {
                      "wd": "load"
                    },
                    {
                      "wd": "weight"
                    }
                  ],
                  [
                    {
                      "wd": "anxiety"
                    },
                    {
                      "wd": "concern"
                    },
                    {
                      "wd": "uneasiness"
                    },
                    {
                      "wd": "worry"
                    }
                  ],
                  [
                    {
                      "wd": "aggravation"
                    },
                    {
                      "wd": "anger"
                    },
                    {
                      "wd": "annoyance"
                    },
                    {
                      "wd": "exasperation"
                    },
                    {
                      "wd": "irritation"
                    },
                    {
                      "wd": "persecution"
                    },
                    {
                      "wd": "trouble"
                    }
                  ]
                ],
                "near_list": [
                  [
                    {
                      "wd": "comfort"
                    },
                    {
                      "wd": "consolation"
                    }
                  ]
                ]
              }
            ]
          ],
          [
            [
              "sense",
              {
                "sn": "2",
                "dt": [
                  [
                    "text",
                    "the use of power to impose one's will on another "
                  ],
                  [
                    "vis",
                    [
                      {
                        "t": "{it}pressure{/it} from their peers can often cause teens to do things that they normally wouldn't consider"
                      }
                    ]
                  ]
                ],
                "syn_list": [
                  [
                    {
                      "wd": "arm-twisting"
                    },
                    {
                      "wd": "coercion"
                    },
                    {
                      "wd": "compulsion"
                    },
                    {
                      "wd": "constraint"
                    },
                    {
                      "wd": "duress"
                    },
                    {
                      "wd": "force"
                    }
                  ]
                ],
                "rel_list": [
                  [
                    {
                      "wd": "browbeating"
                    },
                    {
                      "wd": "bulldozing"
                    },
                    {
                      "wd": "bullying"
                    }
                  ],
                  [
                    {
                      "wd": "fear"
                    },
                    {
                      "wd": "intimidation"
                    },
                    {
                      "wd": "menace"
                    },
                    {
                      "wd": "sword"
                    },
                    {
                      "wd": "terror"
                    },
                    {
                      "wd": "terrorism"
                    },
                    {
                      "wd": "threat"
                    },
                    {
                      "wd": "violence"
                    }
                  ],
                  [
                    {
                      "wd": "squeeze"
                    },
                    {
                      "wd": "squeeze play"
                    }
                  ],
                  [
                    {
                      "wd": "might"
                    },
                    {
                      "wd": "muscle"
                    },
                    {
                      "wd": "potency"
                    },
                    {
                      "wd": "puissance"
                    },
                    {
                      "wd": "strength"
                    }
                  ],
                  [
                    {
                      "wd": "hardheadedness"
                    },
                    {
                      "wd": "self-will"
                    },
                    {
                      "wd": "willfulness"
                    }
                  ],
                  [
                    {
                      "wd": "strain"
                    },
                    {
                      "wd": "stress"
                    }
                  ]
                ],
                "near_list": [
                  [
                    {
                      "wd": "agreement"
                    },
                    {
                      "wd": "approval"
                    },
                    {
                      "wd": "consent"
                    },
                    {
                      "wd": "permission"
                    }
                  ],
                  [
                    {
                      "wd": "convincing"
                    },
                    {
                      "wd": "persuasion"
                    },
                    {
                      "wd": "reason"
                    },
                    {
                      "wd": "suasion"
                    }
                  ]
                ]
              }
            ]
          ]
        ]
      }
    ],
    "shortdef": [
      "the burden on one's emotional or mental well-being created by demands on one's time",
      "the use of power to impose one's will on another"
    ]
  },
  {
    "meta": {
      "id": "pressure",
      "uuid": "b92dc2bf-4edc-4290-9252-9a11556819b3",
      "src": "coll_thes",
      "section": "alpha",
      "target": {
        "tuuid": "2b495cf0-6eab-4e40-8ac5-d6df0cb604c7",
        "tsrc": "collegiate"
      },
      "stems": [
        "pressure",
        "pressured",
        "pressures",
        "pressuring"
      ],
      "syns": [
        [
          "blackjack",
          "coerce",
          "compel",
          "constrain",
          "dragoon",
          "drive",
          "force",
          "impel",
          "impress",
          "make",
          "muscle",
          "obligate",
          "oblige",
          "press",
          "sandbag"
        ]
      ],
      "ants": [],
      "offensive": false
    },
    "hwi": {
      "hw": "pressure"
    },
    "fl": "verb",
    "def": [
      {
        "sseq": [
          [
            [
              "sense",
              {
                "dt": [
                  [
                    "text",
                    "to cause (a person) to give in to pressure "
                  ],
                  [
                    "vis",
                    [
                      {
                        "t": "his father {it}pressured{/it} him to go out for the swim team"
                      }
                    ]
                  ]
                ],
                "syn_list": [
                  [
                    {
                      "wd": "blackjack"
                    },
                    {
                      "wd": "coerce"
                    },
                    {
                      "wd": "compel"
                    },
                    {
                      "wd": "constrain"
                    },
                    {
                      "wd": "dragoon"
                    },
                    {
                      "wd": "drive"
                    },
                    {
                      "wd": "force"
                    },
                    {
                      "wd": "impel"
                    },
                    {
                      "wd": "impress"
                    },
                    {
                      "wd": "make"
                    },
                    {
                      "wd": "muscle"
                    },
                    {
                      "wd": "obligate"
                    },
                    {
                      "wd": "oblige"
                    },
                    {
                      "wd": "press"
                    },
                    {
                      "wd": "sandbag"
                    }
                  ]
                ],
                "rel_list": [
                  [
                    {
                      "wd": "browbeat"
                    },
                    {
                      "wd": "bulldoze"
                    },
                    {
                      "wd": "bully"
                    },
                    {
                      "wd": "cow"
                    },
                    {
                      "wd": "hector"
                    },
                    {
                      "wd": "intimidate"
                    }
                  ],
                  [
                    {
                      "wd": "blackmail"
                    },
                    {
                      "wd": "high-pressure"
                    },
                    {
                      "wd": "menace"
                    },
                    {
                      "wd": "shame"
                    },
                    {
                      "wd": "terrorize"
                    },
                    {
                      "wd": "threaten"
                    }
                  ],
                  [
                    {
                      "wd": "drag"
                    }
                  ],
                  [
                    {
                      "wd": "badger"
                    },
                    {
                      "wd": "harass"
                    },
                    {
                      "wd": "hound"
                    }
                  ]
                ],
                "phrase_list": [
                  [
                    {
                      "wd": "twist one's arm"
                    }
                  ]
                ],
                "near_list": [
                  [
                    {
                      "wd": "allow"
                    },
                    {
                      "wd": "let"
                    },
                    {
                      "wd": "permit"
                    }
                  ],
                  [
                    {
                      "wd": "argue"
                    },
                    {
                      "wd": "convince"
                    },
                    {
                      "wd": "induce"
                    },
                    {
                      "wd": "move"
                    },
                    {
                      "wd": "persuade"
                    },
                    {
                      "wd": "prevail (on or upon)"
                    },
                    {
                      "wd": "satisfy"
                    },
                    {
                      "wd": "talk (into)"
                    },
                    {
                      "wd": "win (over)"
                    }
                  ]
                ]
              }
            ]
          ]
        ]
      }
    ],
    "shortdef": [
      "to cause (a person) to give in to pressure"
    ]
  },
  {
    "meta": {
      "id": "pressure group",
      "uuid": "f5ed2e7e-ed71-4f1a-8fde-80f66b177a5e",
      "src": "coll_thes",
      "section": "alpha",
      "target": {
        "tuuid": "df2089c1-7929-47f9-8e8b-47ed9cb632c4",
        "tsrc": "collegiate"
      },
      "stems": [
        "pressure group",
        "pressure groups"
      ],
      "syns": [
        [
          "interest",
          "interest group",
          "special interest"
        ]
      ],
      "ants": [],
      "offensive": false
    },
    "hwi": {
      "hw": "pressure group"
    },
    "fl": "noun",
    "def": [
      {
        "sseq": [
          [
            [
              "sense",
              {
                "dt": [
                  [
                    "text",
                    "a group of people with a common identifying interest that they seek to protect and promote "
                  ],
                  [
                    "vis",
                    [
                      {
                        "t": "observed that if publishers gave in to every {it}pressure group{/it}, nothing would ever get published"
                      }
                    ]
                  ]
                ],
                "syn_list": [
                  [
                    {
                      "wd": "interest"
                    },
                    {
                      "wd": "interest group"
                    },
                    {
                      "wd": "special interest"
                    }
                  ]
                ],
                "rel_list": [
                  [
                    {
                      "wd": "vested interest"
                    }
                  ],
                  [
                    {
                      "wd": "political action committee"
                    }
                  ]
                ]
              }
            ]
          ]
        ]
      }
    ],
    "shortdef": [
      "a group of people with a common identifying interest that they seek to protect and promote"
    ]
  },
  {
    "meta": {
      "id": "pressure-cook",
      "uuid": "fd569a0b-6c63-41f5-bbd2-47c249bd6d10",
      "src": "CTcompile",
      "section": "alpha",
      "stems": [
        "pressure-cook"
      ],
      "syns": [
        [
          "braise",
          "fricassee",
          "smother",
          "steam",
          "scald",
          "reboil",
          "boil",
          "coddle",
          "parboil",
          "poach",
          "simmer",
          "stew"
        ]
      ],
      "ants": [],
      "offensive": false
    },
    "hwi": {
      "hw": "pressure-cook"
    },
    "fl": "verb",
    "def": [
      {
        "sseq": [
          [
            [
              "sense",
              {
                "dt": [
                  [
                    "text",
                    "as in {it}steam{/it}, {it}smother{/it}"
                  ]
                ],
                "sim_list": [
                  [
                    {
                      "wd": "braise"
                    },
                    {
                      "wd": "fricassee"
                    },
                    {
                      "wd": "smother"
                    },
                    {
                      "wd": "steam"
                    }
                  ],
                  [
                    {
                      "wd": "scald"
                    }
                  ],
                  [
                    {
                      "wd": "reboil"
                    }
                  ],
                  [
                    {
                      "wd": "boil"
                    },
                    {
                      "wd": "coddle"
                    },
                    {
                      "wd": "parboil"
                    },
                    {
                      "wd": "poach"
                    },
                    {
                      "wd": "simmer"
                    },
                    {
                      "wd": "stew"
                    }
                  ]
                ]
              }
            ]
          ]
        ]
      }
    ],
    "shortdef": [
      "as in steam, smother"
    ]
  },
  {
    "meta": {
      "id": "pressure-cooked",
      "uuid": "f86fa528-85ed-4afa-8478-009d8aca6723",
      "src": "CTcompile",
      "section": "alpha",
      "stems": [
        "pressure-cooked"
      ],
      "syns": [
        [
          "braised",
          "fricasseed",
          "smothered",
          "steamed",
          "scalded",
          "reboiled",
          "boiled",
          "coddled",
          "parboiled",
          "poached",
          "simmered",
          "stewed"
        ]
      ],
      "ants": [],
      "offensive": false
    },
    "hwi": {
      "hw": "pressure-cooked"
    },
    "fl": "verb",
    "sls": [
      "past tense of {d_link|pressure-cook|pressure-cook}"
    ],
    "def": [
      {
        "sseq": [
          [
            [
              "sense",
              {
                "dt": [
                  [
                    "text",
                    "as in {it}steamed{/it}, {it}smothered{/it}"
                  ]
                ],
                "sim_list": [
                  [
                    {
                      "wd": "braised"
                    },
                    {
                      "wd": "fricasseed"
                    },
                    {
                      "wd": "smothered"
                    },
                    {
                      "wd": "steamed"
                    }
                  ],
                  [
                    {
                      "wd": "scalded"
                    }
                  ],
                  [
                    {
                      "wd": "reboiled"
                    }
                  ],
                  [
                    {
                      "wd": "boiled"
                    },
                    {
                      "wd": "coddled"
                    },
                    {
                      "wd": "parboiled"
                    },
                    {
                      "wd": "poached"
                    },
                    {
                      "wd": "simmered"
                    },
                    {
                      "wd": "stewed"
                    }
                  ]
                ]
              }
            ]
          ]
        ]
      }
    ],
    "shortdef": [
      "as in steamed, smothered"
    ]
  },
  {
    "meta": {
      "id": "pressure-cooking",
      "uuid": "6356393b-c875-4bb9-b63b-6f2965c79221",
      "src": "CTcompile",
      "section": "alpha",
      "stems": [
        "pressure-cooking"
      ],
      "syns": [
        [
          "braising",
          "fricasseeing",
          "smothering",
          "steaming",
          "scalding",
          "reboiling",
          "boiling",
          "coddling",
          "parboiling",
          "poaching",
          "simmering",
          "stewing"
        ]
      ],
      "ants": [],
      "offensive": false
    },
    "hwi": {
      "hw": "pressure-cooking"
    },
    "fl": "verb",
    "sls": [
      "present participle of {d_link|pressure-cook|pressure-cook}"
    ],
    "def": [
      {
        "sseq": [
          [
            [
              "sense",
              {
                "dt": [
                  [
                    "text",
                    "as in {it}steaming{/it}, {it}smothering{/it}"
                  ]
                ],
                "sim_list": [
                  [
                    {
                      "wd": "braising"
                    },
                    {
                      "wd": "fricasseeing"
                    },
                    {
                      "wd": "smothering"
                    },
                    {
                      "wd": "steaming"
                    }
                  ],
                  [
                    {
                      "wd": "scalding"
                    }
                  ],
                  [
                    {
                      "wd": "reboiling"
                    }
                  ],
                  [
                    {
                      "wd": "boiling"
                    },
                    {
                      "wd": "coddling"
                    },
                    {
                      "wd": "parboiling"
                    },
                    {
                      "wd": "poaching"
                    },
                    {
                      "wd": "simmering"
                    },
                    {
                      "wd": "stewing"
                    }
                  ]
                ]
              }
            ]
          ]
        ]
      }
    ],
    "shortdef": [
      "as in steaming, smothering"
    ]
  },
  {
    "meta": {
      "id": "pressure-cooks",
      "uuid": "321f638f-e506-40a8-b790-ec941c8c9da2",
      "src": "CTcompile",
      "section": "alpha",
      "stems": [
        "pressure-cooks"
      ],
      "syns": [
        [
          "braises",
          "fricassees",
          "smothers",
          "steams",
          "scalds",
          "reboils",
          "boils",
          "coddles",
          "parboils",
          "poaches",
          "simmers",
          "stews"
        ]
      ],
      "ants": [],
      "offensive": false
    },
    "hwi": {
      "hw": "pressure-cooks"
    },
    "fl": "verb",
    "sls": [
      "present tense third-person singular of {d_link|pressure-cook|pressure-cook}"
    ],
    "def": [
      {
        "sseq": [
          [
            [
              "sense",
              {
                "dt": [
                  [
                    "text",
                    "as in {it}steams{/it}, {it}smothers{/it}"
                  ]
                ],
                "sim_list": [
                  [
                    {
                      "wd": "braises"
                    },
                    {
                      "wd": "fricassees"
                    },
                    {
                      "wd": "smothers"
                    },
                    {
                      "wd": "steams"
                    }
                  ],
                  [
                    {
                      "wd": "scalds"
                    }
                  ],
                  [
                    {
                      "wd": "reboils"
                    }
                  ],
                  [
                    {
                      "wd": "boils"
                    },
                    {
                      "wd": "coddles"
                    },
                    {
                      "wd": "parboils"
                    },
                    {
                      "wd": "poaches"
                    },
                    {
                      "wd": "simmers"
                    },
                    {
                      "wd": "stews"
                    }
                  ]
                ]
              }
            ]
          ]
        ]
      }
    ],
    "shortdef": [
      "as in steams, smothers"
    ]
  },
  {
    "meta": {
      "id": "pressure groups",
      "uuid": "f3c9373b-846c-4dc7-9fef-790f96bdebe4",
      "src": "coll_thes",
      "section": "alpha",
      "stems": [
        "pressure groups"
      ],
      "syns": [
        [
          "interest groups",
          "interests",
          "special interests"
        ]
      ],
      "ants": [],
      "offensive": false
    },
    "hwi": {
      "hw": "pressure groups"
    },
    "fl": "noun",
    "sls": [
      "plural of {d_link|pressure group|pressure group}"
    ],
    "def": [
      {
        "sseq": [
          [
            [
              "sense",
              {
                "dt": [
                  [
                    "text",
                    "a group of people with a common identifying interest that they seek to protect and promote "
                  ],
                  [
                    "vis",
                    [
                      {
                        "t": "observed that if publishers gave in to every {it}pressure group{/it}, nothing would ever get published"
                      }
                    ]
                  ]
                ],
                "syn_list": [
                  [
                    {
                      "wd": "interest groups"
                    },
                    {
                      "wd": "interests"
                    },
                    {
                      "wd": "special interests"
                    }
                  ]
                ],
                "rel_list": [
                  [
                    {
                      "wd": "vested interests"
                    }
                  ],
                  [
                    {
                      "wd": "political action committees"
                    }
                  ]
                ]
              }
            ]
          ]
        ]
      }
    ],
    "shortdef": [
      "a group of people with a common identifying interest that they seek to protect and promote"
    ]
  },
  {
    "meta": {
      "id": "high-pressure",
      "uuid": "3bd20c3d-29be-48ea-9abc-11fc719d411b",
      "src": "coll_thes",
      "section": "alpha",
      "target": {
        "tuuid": "5a104614-e7fb-49f4-84da-0997d28e0c66",
        "tsrc": "collegiate"
      },
      "stems": [
        "high-pressure"
      ],
      "syns": [
        [
          "aggressive",
          "ambitious",
          "assertive",
          "enterprising",
          "fierce",
          "go-getting",
          "in-your-face",
          "militant",
          "pushy",
          "self-asserting",
          "self-assertive"
        ]
      ],
      "ants": [
        [
          "ambitionless",
          "low-pressure",
          "nonassertive",
          "unaggressive",
          "unambitious",
          "unassertive",
          "unenterprising"
        ]
      ],
      "offensive": false
    },
    "hwi": {
      "hw": "high-pressure"
    },
    "fl": "adjective",
    "def": [
      {
        "sseq": [
          [
            [
              "sense",
              {
                "dt": [
                  [
                    "text",
                    "having or showing a bold forcefulness in the pursuit of a goal "
                  ],
                  [
                    "vis",
                    [
                      {
                        "t": "a {it}high-pressure{/it} salesman who wouldn't take {ldquo}no{rdquo} for an answer"
                      },
                      {
                        "t": "{ldquo}for a limited time only{rdquo} and other standbys of {it}high-pressure{/it} advertising"
                      }
                    ]
                  ]
                ],
                "syn_list": [
                  [
                    {
                      "wd": "aggressive"
                    },
                    {
                      "wd": "ambitious"
                    },
                    {
                      "wd": "assertive"
                    },
                    {
                      "wd": "enterprising"
                    },
                    {
                      "wd": "fierce"
                    },
                    {
                      "wd": "go-getting"
                    },
                    {
                      "wd": "in-your-face"
                    },
                    {
                      "wd": "militant"
                    },
                    {
                      "wd": "pushy"
                    },
                    {
                      "wd": "self-asserting"
                    },
                    {
                      "wd": "self-assertive"
                    }
                  ]
                ],
                "rel_list": [
                  [
                    {
                      "wd": "argumentative"
                    },
                    {
                      "wd": "bellicose"
                    },
                    {
                      "wd": "belligerent"
                    },
                    {
                      "wd": "combative"
                    },
                    {
                      "wd": "contentious"
                    },
                    {
                      "wd": "discordant"
                    },
                    {
                      "wd": "disputatious"
                    },
                    {
                      "wd": "gladiatorial"
                    },
                    {
                      "wd": "pugnacious"
                    },
                    {
                      "wd": "quarrelsome"
                    },
                    {
                      "wd": "trigger-happy"
                    },
                    {
                      "wd": "truculent"
                    },
                    {
                      "wd": "warlike"
                    }
                  ],
                  [
                    {
                      "wd": "hyperaggressive"
                    },
                    {
                      "wd": "overambitious"
                    }
                  ],
                  [
                    {
                      "wd": "dynamic"
                    },
                    {
                      "wd": "energetic"
                    },
                    {
                      "wd": "gung ho"
                    },
                    {
                      "wd": "hustling"
                    },
                    {
                      "wd": "strenuous"
                    },
                    {
                      "wd": "vigorous"
                    }
                  ],
                  [
                    {
                      "wd": "emphatic"
                    },
                    {
                      "wd": "obtrusive"
                    }
                  ],
                  [
                    {
                      "wd": "adventuresome"
                    },
                    {
                      "wd": "adventurous"
                    },
                    {
                      "wd": "daring"
                    },
                    {
                      "wd": "dashing"
                    },
                    {
                      "wd": "emboldened"
                    },
                    {
                      "wd": "gutsy"
                    },
                    {
                      "wd": "venturesome"
                    },
                    {
                      "wd": "venturous"
                    }
                  ],
                  [
                    {
                      "wd": "audacious"
                    },
                    {
                      "wd": "bold"
                    },
                    {
                      "wd": "brash"
                    },
                    {
                      "wd": "brassy"
                    },
                    {
                      "wd": "bumptious"
                    },
                    {
                      "wd": "cheeky"
                    },
                    {
                      "wd": "cocksure"
                    },
                    {
                      "wd": "cocky"
                    },
                    {
                      "wd": "confident"
                    },
                    {
                      "wd": "determined"
                    },
                    {
                      "wd": "forward"
                    },
                    {
                      "wd": "impudent"
                    },
                    {
                      "wd": "insolent"
                    },
                    {
                      "wd": "overconfident"
                    },
                    {
                      "wd": "presumptuous"
                    },
                    {
                      "wd": "unapologetic"
                    },
                    {
                      "wd": "unsubdued"
                    },
                    {
                      "wd": "unyielding"
                    }
                  ],
                  [
                    {
                      "wd": "bare-knuckle",
                      "wvrs": [
                        {
                          "wvl": "also",
                          "wva": "bare-knuckled"
                        },
                        {
                          "wvl": "or",
                          "wva": "bare-knuckles"
                        }
                      ]
                    },
                    {
                      "wd": "feisty"
                    },
                    {
                      "wd": "scrappy"
                    }
                  ],
                  [
                    {
                      "wd": "dominating"
                    },
                    {
                      "wd": "domineering"
                    },
                    {
                      "wd": "imperious"
                    },
                    {
                      "wd": "lordly"
                    },
                    {
                      "wd": "magisterial"
                    },
                    {
                      "wd": "overbearing"
                    }
                  ]
                ],
                "near_list": [
                  [
                    {
                      "wd": "easygoing"
                    },
                    {
                      "wd": "laid-back"
                    },
                    {
                      "wd": "relaxed"
                    }
                  ],
                  [
                    {
                      "wd": "acquiescent"
                    },
                    {
                      "wd": "amenable"
                    },
                    {
                      "wd": "compliant"
                    },
                    {
                      "wd": "deferential"
                    },
                    {
                      "wd": "docile"
                    },
                    {
                      "wd": "resigned"
                    },
                    {
                      "wd": "submissive"
                    },
                    {
                      "wd": "tractable"
                    },
                    {
                      "wd": "yielding"
                    }
                  ],
                  [
                    {
                      "wd": "cowering"
                    },
                    {
                      "wd": "cringing"
                    },
                    {
                      "wd": "groveling",
                      "wvrs": [
                        {
                          "wvl": "or",
                          "wva": "grovelling"
                        }
                      ]
                    },
                    {
                      "wd": "shrinking"
                    }
                  ],
                  [
                    {
                      "wd": "bashful"
                    },
                    {
                      "wd": "demure"
                    },
                    {
                      "wd": "diffident"
                    },
                    {
                      "wd": "humble"
                    },
                    {
                      "wd": "lowly"
                    },
                    {
                      "wd": "meek"
                    },
                    {
                      "wd": "mild"
                    },
                    {
                      "wd": "modest"
                    },
                    {
                      "wd": "mousy",
                      "wvrs": [
                        {
                          "wvl": "or",
                          "wva": "mousey"
                        }
                      ]
                    },
                    {
                      "wd": "overmodest"
                    },
                    {
                      "wd": "passive"
                    },
                    {
                      "wd": "quiet"
                    },
                    {
                      "wd": "reserved"
                    },
                    {
                      "wd": "retiring"
                    },
                    {
                      "wd": "shy"
                    },
                    {
                      "wd": "subdued"
                    },
                    {
                      "wd": "timid"
                    },
                    {
                      "wd": "unobtrusive"
                    }
                  ],
                  [
                    {
                      "wd": "obsequious"
                    },
                    {
                      "wd": "servile"
                    },
                    {
                      "wd": "slavish"
                    },
                    {
                      "wd": "subservient"
                    }
                  ]
                ],
                "ant_list": [
                  [
                    {
                      "wd": "ambitionless"
                    },
                    {
                      "wd": "low-pressure"
                    },
                    {
                      "wd": "nonassertive"
                    },
                    {
                      "wd": "unaggressive"
                    },
                    {
                      "wd": "unambitious"
                    },
                    {
                      "wd": "unassertive"
                    },
                    {
                      "wd": "unenterprising"
                    }
                  ]
                ]
              }
            ]
          ]
        ]
      }
    ],
    "shortdef": [
      "having or showing a bold forcefulness in the pursuit of a goal"
    ]
  },
  {
    "meta": {
      "id": "low-pressure",
      "uuid": "d255c556-7339-4387-b7df-bc4fe2972d9d",
      "src": "coll_thes",
      "section": "alpha",
      "target": {
        "tuuid": "322bb8b5-97a0-480e-85d4-b53a5652b568",
        "tsrc": "collegiate"
      },
      "stems": [
        "low-pressure"
      ],
      "syns": [
        [
          "affable",
          "breezy",
          "devil-may-care",
          "easygoing",
          "happy-go-lucky",
          "laid-back",
          "mellow"
        ]
      ],
      "ants": [
        [
          "high-strung",
          "uptight"
        ]
      ],
      "offensive": false
    },
    "hwi": {
      "hw": "low-pressure"
    },
    "fl": "adjective",
    "def": [
      {
        "sseq": [
          [
            [
              "sense",
              {
                "dt": [
                  [
                    "text",
                    "having a relaxed, casual manner "
                  ],
                  [
                    "vis",
                    [
                      {
                        "t": "a {it}low-pressure{/it} boss who lets employees do their work without looking over their shoulders"
                      }
                    ]
                  ]
                ],
                "syn_list": [
                  [
                    {
                      "wd": "affable"
                    },
                    {
                      "wd": "breezy"
                    },
                    {
                      "wd": "devil-may-care"
                    },
                    {
                      "wd": "easygoing"
                    },
                    {
                      "wd": "happy-go-lucky"
                    },
                    {
                      "wd": "laid-back"
                    },
                    {
                      "wd": "mellow"
                    }
                  ]
                ],
                "rel_list": [
                  [
                    {
                      "wd": "carefree"
                    },
                    {
                      "wd": "casual"
                    },
                    {
                      "wd": "d\u00e9gag\u00e9"
                    },
                    {
                      "wd": "lackadaisical"
                    },
                    {
                      "wd": "nonchalant"
                    },
                    {
                      "wd": "unaffected"
                    },
                    {
                      "wd": "unconcerned"
                    },
                    {
                      "wd": "unfussy"
                    },
                    {
                      "wd": "unperturbed"
                    },
                    {
                      "wd": "untroubled"
                    },
                    {
                      "wd": "unworried"
                    }
                  ],
                  [
                    {
                      "wd": "familiar"
                    },
                    {
                      "wd": "homey",
                      "wvrs": [
                        {
                          "wvl": "also",
                          "wva": "homy"
                        }
                      ]
                    },
                    {
                      "wd": "informal"
                    }
                  ],
                  [
                    {
                      "wd": "flexible"
                    },
                    {
                      "wd": "lax"
                    },
                    {
                      "wd": "lenient"
                    },
                    {
                      "wd": "permissive"
                    },
                    {
                      "wd": "pliable"
                    },
                    {
                      "wd": "pliant"
                    },
                    {
                      "wd": "soft"
                    }
                  ],
                  [
                    {
                      "wd": "accessible"
                    },
                    {
                      "wd": "approachable"
                    }
                  ],
                  [
                    {
                      "wd": "imperturbable"
                    },
                    {
                      "wd": "nerveless"
                    },
                    {
                      "wd": "unflappable"
                    },
                    {
                      "wd": "unshakable"
                    }
                  ],
                  [
                    {
                      "wd": "amicable"
                    },
                    {
                      "wd": "companionable"
                    },
                    {
                      "wd": "comradely"
                    },
                    {
                      "wd": "cordial"
                    },
                    {
                      "wd": "genial"
                    },
                    {
                      "wd": "hail-fellow-well-met"
                    },
                    {
                      "wd": "hearty"
                    },
                    {
                      "wd": "neighborly"
                    },
                    {
                      "wd": "warm"
                    },
                    {
                      "wd": "warmhearted"
                    }
                  ]
                ],
                "near_list": [
                  [
                    {
                      "wd": "ceremonious"
                    },
                    {
                      "wd": "decorous"
                    },
                    {
                      "wd": "formal"
                    },
                    {
                      "wd": "rigid"
                    },
                    {
                      "wd": "strict"
                    }
                  ],
                  [
                    {
                      "wd": "anxious"
                    },
                    {
                      "wd": "bothered"
                    },
                    {
                      "wd": "distressed"
                    },
                    {
                      "wd": "worried"
                    }
                  ],
                  [
                    {
                      "wd": "jittery"
                    },
                    {
                      "wd": "jumpy"
                    },
                    {
                      "wd": "nervous"
                    },
                    {
                      "wd": "skittish"
                    },
                    {
                      "wd": "tense"
                    }
                  ]
                ],
                "ant_list": [
                  [
                    {
                      "wd": "high-strung"
                    },
                    {
                      "wd": "uptight"
                    }
                  ]
                ]
              }
            ]
          ]
        ]
      }
    ],
    "shortdef": [
      "having a relaxed, casual manner"
    ]
  }
]