[
  {
    "meta": {
      "id": "reflection",
      "uuid": "cf753034-cc5a-4282-9dc7-27d202925b96",
      "src": "coll_thes",
      "section": "alpha",
      "target": {
        "tuuid": "220471c7-8d45-4edf-9192-5dff5fa9a114",
        "tsrc": "collegiate"
      },
      "stems": [
        "reflection",
        "reflectional",
        "reflections"
      ],
      "syns": [
        [
          "comment",
          "note",
          "remark"
        ],
        [
          "disgrace",
          "dishonor",
          "opprobrium",
          "reproach",
          "scandal"
        ],
        [
          "account",
          "advisement",
          "consideration",
          "debate",
          "deliberation",
          "study",
          "thought"
        ]
      ],
      "ants": [
        [
          "credit",
          "honor"
        ]
      ],
      "offensive": false
    },
    "hwi": {
      "hw": "reflection"
    },
    "fl": "noun",
    "def": [
      {
        "sseq": [
          [
            [
              "sense",
              {
                "sn": "1",
                "dt": [
                  [
                    "text",
                    "a briefly expressed opinion "
                  ],
                  [
                    "vis",
                    [
                      {
                        "t": "does anyone want to share their {it}reflections{/it} on the passage we just read?"
                      }
                    ]
                  ]
                ],
                "syn_list": [
                  [
                    {
                      "wd": "comment"
                    },
                    {
                      "wd": "note"
                    },
                    {
                      "wd": "remark"
                    }
                  ]
                ],
                "rel_list": [
                  [
                    {
                      "wd": "analysis"
                    },
                    {
                      "wd": "commentary"
                    },
                    {
                      "wd": "exposition"
                    }
                  ],
                  [
                    {
                      "wd": "aside"
                    },
                    {
                      "wd": "obiter dictum"
                    }
                  ],
                  [
                    {
                      "wd": "annotation"
                    }
                  ],
                  [
                    {
                      "wd": "belief"
                    },
                    {
                      "wd": "conviction"
                    },
                    {
                      "wd": "eye"
                    },
                    {
                      "wd": "feeling"
                    },
                    {
                      "wd": "judgment",
                      "wvrs": [
                        {
                          "wvl": "or",
                          "wva": "judgement"
                        }
                      ]
                    },
                    {
                      "wd": "mind"
                    },
                    {
                      "wd": "notion"
                    },
                    {
                      "wd": "persuasion"
                    },
                    {
                      "wd": "sentiment"
                    },
                    {
                      "wd": "verdict"
                    },
                    {
                      "wd": "view"
                    }
                  ],
                  [
                    {
                      "wd": "advice"
                    },
                    {
                      "wd": "input"
                    }
                  ]
                ]
              }
            ]
          ],
          [
            [
              "sense",
              {
                "sn": "2",
                "dt": [
                  [
                    "text",
                    "a cause of shame "
                  ],
                  [
                    "vis",
                    [
                      {
                        "t": "your constant lying is a serious {it}reflection{/it} on your character"
                      }
                    ]
                  ]
                ],
                "syn_list": [
                  [
                    {
                      "wd": "disgrace"
                    },
                    {
                      "wd": "dishonor"
                    },
                    {
                      "wd": "opprobrium"
                    },
                    {
                      "wd": "reproach"
                    },
                    {
                      "wd": "scandal"
                    }
                  ]
                ],
                "rel_list": [
                  [
                    {
                      "wd": "blot"
                    },
                    {
                      "wd": "brand"
                    },
                    {
                      "wd": "slur"
                    },
                    {
                      "wd": "smirch"
                    },
                    {
                      "wd": "spot"
                    },
                    {
                      "wd": "stain"
                    },
                    {
                      "wd": "stigma"
                    },
                    {
                      "wd": "taint"
                    }
                  ]
                ],
                "near_list": [
                  [
                    {
                      "wd": "boast"
                    },
                    {
                      "wd": "glory"
                    },
                    {
                      "wd": "jewel"
                    },
                    {
                      "wd": "pride"
                    },
                    {
                      "wd": "treasure"
                    }
                  ]
                ],
                "ant_list": [
                  [
                    {
                      "wd": "credit"
                    },
                    {
                      "wd": "honor"
                    }
                  ]
                ]
              }
            ]
          ],
          [
            [
              "sense",
              {
                "sn": "3",
                "dt": [
                  [
                    "text",
                    "a careful weighing of the reasons for or against something "
                  ],
                  [
                    "vis",
                    [
                      {
                        "t": "after {it}reflection{/it}, they decided to refuse the offer on the house"
                      }
                    ]
                  ]
                ],
                "syn_list": [
                  [
                    {
                      "wd": "account"
                    },
                    {
                      "wd": "advisement"
                    },
                    {
                      "wd": "consideration"
                    },
                    {
                      "wd": "debate"
                    },
                    {
                      "wd": "deliberation"
                    },
                    {
                      "wd": "study"
                    },
                    {
                      "wd": "thought"
                    }
                  ]
                ],
                "rel_list": [
                  [
                    {
                      "wd": "cogitation"
                    },
                    {
                      "wd": "contemplation"
                    },
                    {
                      "wd": "meditation"
                    },
                    {
                      "wd": "pondering"
                    },
                    {
                      "wd": "rumination"
                    }
                  ],
                  [
                    {
                      "wd": "introspection"
                    }
                  ],
                  [
                    {
                      "wd": "agonizing"
                    },
                    {
                      "wd": "hesitation"
                    },
                    {
                      "wd": "indecision"
                    }
                  ],
                  [
                    {
                      "wd": "premeditation"
                    }
                  ]
                ],
                "ant_list": [
                  [
                    {
                      "wd": "short shrift"
                    }
                  ]
                ]
              }
            ]
          ]
        ]
      }
    ],
    "shortdef": [
      "a briefly expressed opinion",
      "a cause of shame",
      "a careful weighing of the reasons for or against something"
    ]
  },
  {
    "meta": {
      "id": "self-reflection",
      "uuid": "415ec1c0-f1c5-468e-8c1c-1be13dd84340",
      "src": "coll_thes",
      "section": "alpha",
      "target": {
        "tuuid": "022f4079-ad76-43b0-aab9-00469bee390c",
        "tsrc": "collegiate"
      },
      "stems": [
        "self-reflection",
        "self-reflections"
      ],
      "syns": [
        [
          "introspection",
          "self-contemplation",
          "self-examination",
          "self-observation",
          "self-questioning",
          "self-scrutiny",
          "self-searching",
          "soul-searching"
        ]
      ],
      "ants": [],
      "offensive": false
    },
    "hwi": {
      "hw": "self-reflection"
    },
    "fl": "noun",
    "def": [
      {
        "sseq": [
          [
            [
              "sense",
              {
                "dt": [
                  [
                    "text",
                    "examination of one's own thoughts and feelings "
                  ],
                  [
                    "vis",
                    [
                      {
                        "t": "after some {it}self-reflection{/it} I realized that I hadn't been honest with my partner"
                      }
                    ]
                  ]
                ],
                "syn_list": [
                  [
                    {
                      "wd": "introspection"
                    },
                    {
                      "wd": "self-contemplation"
                    },
                    {
                      "wd": "self-examination"
                    },
                    {
                      "wd": "self-observation"
                    },
                    {
                      "wd": "self-questioning"
                    },
                    {
                      "wd": "self-scrutiny"
                    },
                    {
                      "wd": "self-searching"
                    },
                    {
                      "wd": "soul-searching"
                    }
                  ]
                ],
                "rel_list": [
                  [
                    {
                      "wd": "self-analysis"
                    },
                    {
                      "wd": "self-awareness"
                    },
                    {
                      "wd": "self-consciousness"
                    },
                    {
                      "wd": "self-recognition"
                    }
                  ],
                  [
                    {
                      "wd": "introversion"
                    },
                    {
                      "wd": "self-absorption"
                    },
                    {
                      "wd": "self-centeredness"
                    },
                    {
                      "wd": "self-concern"
                    },
                    {
                      "wd": "self-involvement"
                    }
                  ],
                  [
                    {
                      "wd": "self-actualization"
                    },
                    {
                      "wd": "self-discovery"
                    },
                    {
                      "wd": "self-exploration"
                    },
                    {
                      "wd": "self-fulfillment"
                    },
                    {
                      "wd": "self-realization"
                    }
                  ],
                  [
                    {
                      "wd": "self-knowledge"
                    },
                    {
                      "wd": "self-revelation"
                    }
                  ],
                  [
                    {
                      "wd": "self-concept"
                    },
                    {
                      "wd": "self-image"
                    },
                    {
                      "wd": "self-perception"
                    }
                  ],
                  [
                    {
                      "wd": "contemplation"
                    },
                    {
                      "wd": "meditation"
                    },
                    {
                      "wd": "reflection"
                    },
                    {
                      "wd": "rumination"
                    }
                  ]
                ]
              }
            ]
          ]
        ]
      }
    ],
    "shortdef": [
      "examination of one's own thoughts and feelings"
    ]
  }
]