[
  {
    "meta": {
      "id": "resource",
      "uuid": "15e3cab1-0265-4b50-a925-266b01e0a91b",
      "src": "coll_thes",
      "section": "alpha",
      "target": {
        "tuuid": "25c9adf3-33ff-414f-a535-1ca3310fade0",
        "tsrc": "collegiate"
      },
      "stems": [
        "resource",
        "resources"
      ],
      "syns": [
        [
          "expedient",
          "recourse",
          "resort"
        ],
        [
          "bankroll",
          "coffers",
          "exchequer",
          "finances",
          "fund",
          "pocket",
          "wherewithal"
        ]
      ],
      "ants": [],
      "offensive": false
    },
    "hwi": {
      "hw": "resource"
    },
    "fl": "noun",
    "def": [
      {
        "sseq": [
          [
            [
              "sense",
              {
                "sn": "1",
                "dt": [
                  [
                    "text",
                    "something that one uses to accomplish an end especially when the usual means is not available "
                  ],
                  [
                    "vis",
                    [
                      {
                        "t": "we used every possible {it}resource{/it} to raise the funds needed to save our town's oldest house"
                      }
                    ]
                  ]
                ],
                "syn_list": [
                  [
                    {
                      "wd": "expedient"
                    },
                    {
                      "wd": "recourse"
                    },
                    {
                      "wd": "resort"
                    }
                  ]
                ],
                "rel_list": [
                  [
                    {
                      "wd": "hope"
                    },
                    {
                      "wd": "opportunity"
                    },
                    {
                      "wd": "possibility"
                    },
                    {
                      "wd": "relief"
                    }
                  ],
                  [
                    {
                      "wd": "makeshift"
                    },
                    {
                      "wd": "replacement"
                    },
                    {
                      "wd": "stopgap"
                    },
                    {
                      "wd": "substitute"
                    }
                  ]
                ]
              }
            ]
          ],
          [
            [
              "sense",
              {
                "sn": "2",
                "ins": [
                  {
                    "if": "resources",
                    "spl": "plural"
                  }
                ],
                "dt": [
                  [
                    "text",
                    "available money "
                  ],
                  [
                    "vis",
                    [
                      {
                        "t": "do you have the {it}resources{/it} to buy a new car or even a used car?"
                      }
                    ]
                  ]
                ],
                "syn_list": [
                  [
                    {
                      "wd": "bankroll"
                    },
                    {
                      "wd": "coffers"
                    },
                    {
                      "wd": "exchequer"
                    },
                    {
                      "wd": "finances"
                    },
                    {
                      "wd": "fund"
                    },
                    {
                      "wd": "pocket"
                    },
                    {
                      "wd": "wherewithal"
                    }
                  ]
                ],
                "rel_list": [
                  [
                    {
                      "wd": "shirt"
                    }
                  ],
                  [
                    {
                      "wd": "bread",
                      "wsls": [
                        "slang"
                      ]
                    },
                    {
                      "wd": "cash"
                    },
                    {
                      "wd": "chips"
                    },
                    {
                      "wd": "currency"
                    },
                    {
                      "wd": "dough"
                    },
                    {
                      "wd": "gold"
                    },
                    {
                      "wd": "jack",
                      "wsls": [
                        "slang"
                      ]
                    },
                    {
                      "wd": "legal tender"
                    },
                    {
                      "wd": "lucre"
                    },
                    {
                      "wd": "pelf"
                    },
                    {
                      "wd": "scratch",
                      "wsls": [
                        "slang"
                      ]
                    },
                    {
                      "wd": "tender"
                    },
                    {
                      "wd": "wampum"
                    }
                  ],
                  [
                    {
                      "wd": "assets"
                    },
                    {
                      "wd": "capital"
                    },
                    {
                      "wd": "deep pockets"
                    },
                    {
                      "wd": "fortune"
                    },
                    {
                      "wd": "means"
                    },
                    {
                      "wd": "opulence"
                    },
                    {
                      "wd": "riches"
                    },
                    {
                      "wd": "roll"
                    },
                    {
                      "wd": "substance"
                    },
                    {
                      "wd": "wealth"
                    }
                  ],
                  [
                    {
                      "wd": "purse"
                    },
                    {
                      "wd": "treasury"
                    }
                  ],
                  [
                    {
                      "wd": "cash flow"
                    }
                  ],
                  [
                    {
                      "wd": "financing"
                    }
                  ]
                ],
                "near_list": [
                  [
                    {
                      "wd": "debts"
                    },
                    {
                      "wd": "liabilities"
                    }
                  ],
                  [
                    {
                      "wd": "indebtedness"
                    }
                  ]
                ]
              }
            ]
          ]
        ]
      }
    ],
    "shortdef": [
      "something that one uses to accomplish an end especially when the usual means is not available",
      "available money"
    ]
  }
]