[
  {
    "meta": {
      "id": "rotation",
      "uuid": "980502a5-e913-46a3-babf-faa5866a3737",
      "src": "coll_thes",
      "section": "alpha",
      "target": {
        "tuuid": "f49752ff-99e3-46ea-866c-ac7934bc4da4",
        "tsrc": "collegiate"
      },
      "stems": [
        "rotation",
        "rotational",
        "rotations"
      ],
      "syns": [
        [
          "gyration",
          "pirouette",
          "reel",
          "revolution",
          "roll",
          "spin",
          "twirl",
          "wheel",
          "whirl"
        ]
      ],
      "ants": [],
      "offensive": false
    },
    "hwi": {
      "hw": "rotation"
    },
    "fl": "noun",
    "def": [
      {
        "sseq": [
          [
            [
              "sense",
              {
                "dt": [
                  [
                    "text",
                    "a rapid turning about on an axis or central point "
                  ],
                  [
                    "vis",
                    [
                      {
                        "t": "the Earth completes a single {it}rotation{/it} around its axis in approximately 24 hours"
                      }
                    ]
                  ]
                ],
                "syn_list": [
                  [
                    {
                      "wd": "gyration"
                    },
                    {
                      "wd": "pirouette"
                    },
                    {
                      "wd": "reel"
                    },
                    {
                      "wd": "revolution"
                    },
                    {
                      "wd": "roll"
                    },
                    {
                      "wd": "spin"
                    },
                    {
                      "wd": "twirl"
                    },
                    {
                      "wd": "wheel"
                    },
                    {
                      "wd": "whirl"
                    }
                  ]
                ],
                "rel_list": [
                  [
                    {
                      "wd": "circuit"
                    },
                    {
                      "wd": "circulation"
                    },
                    {
                      "wd": "ring"
                    },
                    {
                      "wd": "round"
                    }
                  ],
                  [
                    {
                      "wd": "coil"
                    },
                    {
                      "wd": "curl"
                    },
                    {
                      "wd": "curve"
                    },
                    {
                      "wd": "spiral"
                    },
                    {
                      "wd": "twist"
                    },
                    {
                      "wd": "whorl"
                    }
                  ],
                  [
                    {
                      "wd": "circle"
                    },
                    {
                      "wd": "orbit"
                    }
                  ],
                  [
                    {
                      "wd": "eddy"
                    },
                    {
                      "wd": "swirl"
                    }
                  ]
                ]
              }
            ]
          ]
        ]
      }
    ],
    "shortdef": [
      "a rapid turning about on an axis or central point"
    ]
  }
]