[
  {
    "meta": {
      "id": "separation",
      "uuid": "7d61adb1-b3fd-49c5-8e48-0013c74110aa",
      "src": "coll_thes",
      "section": "alpha",
      "target": {
        "tuuid": "b4b52290-f5ee-4419-82ea-9c5709486498",
        "tsrc": "collegiate"
      },
      "stems": [
        "separation",
        "separations"
      ],
      "syns": [
        [
          "bifurcation",
          "breakup",
          "cleavage",
          "dissolution",
          "disunion",
          "division",
          "fractionalization",
          "fractionation",
          "partition",
          "schism",
          "scission",
          "split",
          "sundering"
        ],
        [
          "demarcation",
          "discreteness",
          "discrimination",
          "distinction"
        ],
        [
          "bifurcation",
          "divarication",
          "divergence",
          "divergency"
        ],
        [
          "breach",
          "break",
          "discontinuity",
          "gap",
          "gulf",
          "hiatus",
          "hole",
          "interstice",
          "interval",
          "opening",
          "rent",
          "rift",
          "void"
        ],
        [
          "farewell",
          "leave-taking",
          "parting"
        ],
        [
          "divider",
          "division",
          "partition",
          "separator"
        ]
      ],
      "ants": [
        [
          "unification",
          "union"
        ],
        [
          "convergence"
        ]
      ],
      "offensive": false
    },
    "hwi": {
      "hw": "separation"
    },
    "fl": "noun",
    "def": [
      {
        "sseq": [
          [
            [
              "sense",
              {
                "sn": "1",
                "dt": [
                  [
                    "text",
                    "the act or process of a whole separating into two or more parts or pieces "
                  ],
                  [
                    "vis",
                    [
                      {
                        "t": "the {it}separation{/it} of Norway and Sweden into two independent nations in 1905"
                      }
                    ]
                  ]
                ],
                "syn_list": [
                  [
                    {
                      "wd": "bifurcation"
                    },
                    {
                      "wd": "breakup"
                    },
                    {
                      "wd": "cleavage"
                    },
                    {
                      "wd": "dissolution"
                    },
                    {
                      "wd": "disunion"
                    },
                    {
                      "wd": "division"
                    },
                    {
                      "wd": "fractionalization"
                    },
                    {
                      "wd": "fractionation"
                    },
                    {
                      "wd": "partition"
                    },
                    {
                      "wd": "schism"
                    },
                    {
                      "wd": "scission"
                    },
                    {
                      "wd": "split"
                    },
                    {
                      "wd": "sundering"
                    }
                  ]
                ],
                "rel_list": [
                  [
                    {
                      "wd": "breach"
                    },
                    {
                      "wd": "rupture"
                    }
                  ],
                  [
                    {
                      "wd": "divorce"
                    },
                    {
                      "wd": "severance"
                    }
                  ],
                  [
                    {
                      "wd": "decomposition"
                    },
                    {
                      "wd": "disassembly"
                    },
                    {
                      "wd": "dismemberment"
                    },
                    {
                      "wd": "segmentation"
                    },
                    {
                      "wd": "subdivision"
                    }
                  ],
                  [
                    {
                      "wd": "atomization"
                    },
                    {
                      "wd": "dichotomization"
                    },
                    {
                      "wd": "polarization"
                    }
                  ],
                  [
                    {
                      "wd": "diffusion"
                    },
                    {
                      "wd": "dispersal"
                    },
                    {
                      "wd": "dispersion"
                    },
                    {
                      "wd": "scattering"
                    }
                  ],
                  [
                    {
                      "wd": "administration"
                    },
                    {
                      "wd": "apportionment"
                    },
                    {
                      "wd": "distribution"
                    }
                  ],
                  [
                    {
                      "wd": "isolation"
                    },
                    {
                      "wd": "seclusion"
                    },
                    {
                      "wd": "segregation"
                    },
                    {
                      "wd": "sequestration"
                    }
                  ]
                ],
                "near_list": [
                  [
                    {
                      "wd": "assemblage"
                    },
                    {
                      "wd": "association"
                    }
                  ],
                  [
                    {
                      "wd": "attachment"
                    },
                    {
                      "wd": "conjunction"
                    },
                    {
                      "wd": "connection"
                    },
                    {
                      "wd": "link"
                    },
                    {
                      "wd": "linkage"
                    },
                    {
                      "wd": "linkup"
                    }
                  ],
                  [
                    {
                      "wd": "aggregation"
                    },
                    {
                      "wd": "combination"
                    },
                    {
                      "wd": "consolidation"
                    },
                    {
                      "wd": "fusion"
                    }
                  ]
                ],
                "ant_list": [
                  [
                    {
                      "wd": "unification"
                    },
                    {
                      "wd": "union"
                    }
                  ]
                ]
              }
            ]
          ],
          [
            [
              "sense",
              {
                "sn": "2",
                "dt": [
                  [
                    "text",
                    "the state of being kept distinct "
                  ],
                  [
                    "vis",
                    [
                      {
                        "t": "the {it}separation{/it} of church and state is an important concept in the United States"
                      }
                    ]
                  ]
                ],
                "syn_list": [
                  [
                    {
                      "wd": "demarcation"
                    },
                    {
                      "wd": "discreteness"
                    },
                    {
                      "wd": "discrimination"
                    },
                    {
                      "wd": "distinction"
                    }
                  ]
                ],
                "rel_list": [
                  [
                    {
                      "wd": "differentiation"
                    }
                  ],
                  [
                    {
                      "wd": "isolation"
                    },
                    {
                      "wd": "segregation"
                    }
                  ]
                ],
                "near_list": [
                  [
                    {
                      "wd": "blurring"
                    },
                    {
                      "wd": "confusion"
                    }
                  ]
                ]
              }
            ]
          ],
          [
            [
              "sense",
              {
                "sn": "3",
                "dt": [
                  [
                    "text",
                    "a movement in different directions away from a common point "
                  ],
                  [
                    "vis",
                    [
                      {
                        "t": "a sudden {it}separation{/it} of the herd of deer when they were startled"
                      }
                    ]
                  ]
                ],
                "syn_list": [
                  [
                    {
                      "wd": "bifurcation"
                    },
                    {
                      "wd": "divarication"
                    },
                    {
                      "wd": "divergence"
                    },
                    {
                      "wd": "divergency"
                    }
                  ]
                ],
                "rel_list": [
                  [
                    {
                      "wd": "difference"
                    },
                    {
                      "wd": "disagreement"
                    },
                    {
                      "wd": "discrepancy"
                    },
                    {
                      "wd": "disparateness"
                    },
                    {
                      "wd": "disparity"
                    },
                    {
                      "wd": "dissidence"
                    },
                    {
                      "wd": "dissimilarity"
                    },
                    {
                      "wd": "distinction"
                    },
                    {
                      "wd": "distinctiveness"
                    },
                    {
                      "wd": "distinctness"
                    },
                    {
                      "wd": "diversity"
                    },
                    {
                      "wd": "unlikeness"
                    }
                  ]
                ],
                "phrase_list": [
                  [
                    {
                      "wd": "parting of the ways"
                    }
                  ]
                ],
                "near_list": [
                  [
                    {
                      "wd": "accord"
                    },
                    {
                      "wd": "agreement"
                    }
                  ],
                  [
                    {
                      "wd": "likeness"
                    },
                    {
                      "wd": "similarity"
                    }
                  ]
                ],
                "ant_list": [
                  [
                    {
                      "wd": "convergence"
                    }
                  ]
                ]
              }
            ]
          ],
          [
            [
              "sense",
              {
                "sn": "4",
                "dt": [
                  [
                    "text",
                    "an open space in a barrier (as a wall or hedge) "
                  ],
                  [
                    "vis",
                    [
                      {
                        "t": "the narrow {it}separation{/it} between posts in the fence"
                      }
                    ]
                  ]
                ],
                "syn_list": [
                  [
                    {
                      "wd": "breach"
                    },
                    {
                      "wd": "break"
                    },
                    {
                      "wd": "discontinuity"
                    },
                    {
                      "wd": "gap"
                    },
                    {
                      "wd": "gulf"
                    },
                    {
                      "wd": "hiatus"
                    },
                    {
                      "wd": "hole"
                    },
                    {
                      "wd": "interstice"
                    },
                    {
                      "wd": "interval"
                    },
                    {
                      "wd": "opening"
                    },
                    {
                      "wd": "rent"
                    },
                    {
                      "wd": "rift"
                    },
                    {
                      "wd": "void"
                    }
                  ]
                ],
                "rel_list": [
                  [
                    {
                      "wd": "chink"
                    },
                    {
                      "wd": "cleft"
                    },
                    {
                      "wd": "crack"
                    },
                    {
                      "wd": "cranny"
                    },
                    {
                      "wd": "crevice"
                    },
                    {
                      "wd": "fissure"
                    }
                  ],
                  [
                    {
                      "wd": "notch"
                    },
                    {
                      "wd": "slit"
                    },
                    {
                      "wd": "slot"
                    },
                    {
                      "wd": "split"
                    }
                  ],
                  [
                    {
                      "wd": "interspace"
                    },
                    {
                      "wd": "pore"
                    }
                  ],
                  [
                    {
                      "wd": "abyss"
                    },
                    {
                      "wd": "aperture"
                    },
                    {
                      "wd": "cavity"
                    },
                    {
                      "wd": "chasm"
                    },
                    {
                      "wd": "gape"
                    },
                    {
                      "wd": "orifice"
                    }
                  ],
                  [
                    {
                      "wd": "fracture"
                    },
                    {
                      "wd": "rupture"
                    },
                    {
                      "wd": "severance"
                    },
                    {
                      "wd": "sundering"
                    }
                  ]
                ]
              }
            ]
          ],
          [
            [
              "sense",
              {
                "sn": "5",
                "dt": [
                  [
                    "text",
                    "the act or process of two or more persons going off in different directions "
                  ],
                  [
                    "vis",
                    [
                      {
                        "t": "friends who dreaded the inevitable {it}separation{/it} after graduation"
                      }
                    ]
                  ]
                ],
                "syn_list": [
                  [
                    {
                      "wd": "farewell"
                    },
                    {
                      "wd": "leave-taking"
                    },
                    {
                      "wd": "parting"
                    }
                  ]
                ],
                "rel_list": [
                  [
                    {
                      "wd": "departure"
                    },
                    {
                      "wd": "egress"
                    },
                    {
                      "wd": "exit"
                    },
                    {
                      "wd": "exiting"
                    },
                    {
                      "wd": "exodus"
                    },
                    {
                      "wd": "going"
                    },
                    {
                      "wd": "leaving"
                    },
                    {
                      "wd": "quitting"
                    },
                    {
                      "wd": "running away"
                    }
                  ],
                  [
                    {
                      "wd": "decamping"
                    },
                    {
                      "wd": "decampment"
                    },
                    {
                      "wd": "flight"
                    },
                    {
                      "wd": "withdrawal"
                    }
                  ],
                  [
                    {
                      "wd": "abandonment"
                    },
                    {
                      "wd": "desertion"
                    },
                    {
                      "wd": "forsaking"
                    }
                  ]
                ],
                "near_list": [
                  [
                    {
                      "wd": "reunion"
                    }
                  ],
                  [
                    {
                      "wd": "arrival"
                    },
                    {
                      "wd": "greeting"
                    },
                    {
                      "wd": "salutation"
                    },
                    {
                      "wd": "welcome"
                    }
                  ],
                  [
                    {
                      "wd": "gathering"
                    },
                    {
                      "wd": "joining"
                    },
                    {
                      "wd": "meeting"
                    }
                  ]
                ]
              }
            ]
          ],
          [
            [
              "sense",
              {
                "sn": "6",
                "dt": [
                  [
                    "text",
                    "something that divides, separates, or marks off "
                  ],
                  [
                    "vis",
                    [
                      {
                        "t": "a filing cabinet with lots of adjustable {it}separations{/it}"
                      }
                    ]
                  ]
                ],
                "syn_list": [
                  [
                    {
                      "wd": "divider"
                    },
                    {
                      "wd": "division"
                    },
                    {
                      "wd": "partition"
                    },
                    {
                      "wd": "separator"
                    }
                  ]
                ],
                "rel_list": [
                  [
                    {
                      "wd": "barrier"
                    },
                    {
                      "wd": "fence"
                    },
                    {
                      "wd": "wall"
                    }
                  ],
                  [
                    {
                      "wd": "border"
                    },
                    {
                      "wd": "boundary"
                    },
                    {
                      "wd": "limit"
                    }
                  ]
                ]
              }
            ]
          ]
        ]
      }
    ],
    "shortdef": [
      "the act or process of a whole separating into two or more parts or pieces",
      "the state of being kept distinct",
      "a movement in different directions away from a common point"
    ]
  }
]