[
  {
    "meta": {
      "id": "shadow",
      "uuid": "9f68a281-6f4c-477c-9637-d8df6d9a0882",
      "src": "coll_thes",
      "section": "alpha",
      "target": {
        "tuuid": "0af130d4-57ab-4b54-ba9a-50f9f34470dc",
        "tsrc": "collegiate"
      },
      "stems": [
        "shadow",
        "shadowless",
        "shadowlike",
        "shadows"
      ],
      "syns": [
        [
          "dusk",
          "penumbra",
          "shade",
          "shadiness",
          "umbra"
        ],
        [
          "black",
          "blackness",
          "candlelight",
          "dark",
          "darkness",
          "dusk",
          "gloaming",
          "gloom",
          "murk",
          "night",
          "semidarkness",
          "shade",
          "twilight",
          "umbra"
        ],
        [
          "echo",
          "ghost",
          "relic",
          "trace",
          "vestige"
        ],
        [
          "ace",
          "bit",
          "crumb",
          "dab",
          "dram",
          "driblet",
          "glimmer",
          "hint",
          "lick",
          "little",
          "mite",
          "nip",
          "ounce",
          "particle",
          "peanuts",
          "ray",
          "scintilla",
          "scruple",
          "shade",
          "shred",
          "skosh",
          "smack",
          "smell",
          "smidgen",
          "snap",
          "soup\u00e7on",
          "spark",
          "spatter",
          "speck",
          "splash",
          "spot",
          "sprinkling",
          "strain",
          "streak",
          "suspicion",
          "tad",
          "touch",
          "trace"
        ],
        [
          "apparition",
          "bogey",
          "familiar spirit",
          "ghost",
          "hant",
          "haunt",
          "materialization",
          "phantasm",
          "phantom",
          "poltergeist",
          "shade",
          "specter",
          "spirit",
          "spook",
          "sprite",
          "vision",
          "visitant",
          "wraith"
        ],
        [
          "cloud",
          "darkness",
          "pall"
        ]
      ],
      "ants": [
        [
          "blaze",
          "brightness",
          "brilliance",
          "day",
          "daylight",
          "glare",
          "glow",
          "light",
          "lightness"
        ]
      ],
      "offensive": false
    },
    "hwi": {
      "hw": "shadow"
    },
    "fl": "noun",
    "def": [
      {
        "sseq": [
          [
            [
              "sense",
              {
                "sn": "1",
                "dt": [
                  [
                    "text",
                    "partial darkness due to the obstruction of light rays "
                  ],
                  [
                    "vis",
                    [
                      {
                        "t": "the valley was in {it}shadow{/it}"
                      }
                    ]
                  ]
                ],
                "syn_list": [
                  [
                    {
                      "wd": "dusk"
                    },
                    {
                      "wd": "penumbra"
                    },
                    {
                      "wd": "shade"
                    },
                    {
                      "wd": "shadiness"
                    },
                    {
                      "wd": "umbra"
                    }
                  ]
                ],
                "rel_list": [
                  [
                    {
                      "wd": "blackness"
                    },
                    {
                      "wd": "dimness"
                    },
                    {
                      "wd": "duskiness"
                    },
                    {
                      "wd": "gloom"
                    },
                    {
                      "wd": "gloominess"
                    },
                    {
                      "wd": "murkiness"
                    },
                    {
                      "wd": "obscurity"
                    },
                    {
                      "wd": "semidarkness"
                    },
                    {
                      "wd": "somberness"
                    }
                  ],
                  [
                    {
                      "wd": "cloudiness"
                    }
                  ]
                ],
                "near_list": [
                  [
                    {
                      "wd": "brightness"
                    },
                    {
                      "wd": "brilliance"
                    },
                    {
                      "wd": "effulgence"
                    },
                    {
                      "wd": "illumination"
                    },
                    {
                      "wd": "incandescence"
                    },
                    {
                      "wd": "light"
                    },
                    {
                      "wd": "lightness"
                    },
                    {
                      "wd": "lucidity"
                    },
                    {
                      "wd": "lucidness"
                    },
                    {
                      "wd": "luminance"
                    },
                    {
                      "wd": "luminosity"
                    },
                    {
                      "wd": "luminousness"
                    },
                    {
                      "wd": "radiance"
                    },
                    {
                      "wd": "radiancy"
                    }
                  ]
                ]
              }
            ]
          ],
          [
            [
              "sense",
              {
                "sn": "2",
                "ins": [
                  {
                    "if": "shadows",
                    "spl": "plural"
                  }
                ],
                "dt": [
                  [
                    "text",
                    "a time or place of little or no light "
                  ],
                  [
                    "vis",
                    [
                      {
                        "t": "lurking in the {it}shadows{/it}"
                      }
                    ]
                  ]
                ],
                "syn_list": [
                  [
                    {
                      "wd": "black"
                    },
                    {
                      "wd": "blackness"
                    },
                    {
                      "wd": "candlelight"
                    },
                    {
                      "wd": "dark"
                    },
                    {
                      "wd": "darkness"
                    },
                    {
                      "wd": "dusk"
                    },
                    {
                      "wd": "gloaming"
                    },
                    {
                      "wd": "gloom"
                    },
                    {
                      "wd": "murk"
                    },
                    {
                      "wd": "night"
                    },
                    {
                      "wd": "semidarkness"
                    },
                    {
                      "wd": "shade"
                    },
                    {
                      "wd": "twilight"
                    },
                    {
                      "wd": "umbra"
                    }
                  ]
                ],
                "rel_list": [
                  [
                    {
                      "wd": "midnight"
                    }
                  ],
                  [
                    {
                      "wd": "blackout"
                    },
                    {
                      "wd": "brownout"
                    },
                    {
                      "wd": "dimout"
                    }
                  ],
                  [
                    {
                      "wd": "shadiness"
                    },
                    {
                      "wd": "umbrage"
                    }
                  ],
                  [
                    {
                      "wd": "dullness",
                      "wvrs": [
                        {
                          "wvl": "also",
                          "wva": "dulness"
                        }
                      ]
                    },
                    {
                      "wd": "somberness"
                    }
                  ],
                  [
                    {
                      "wd": "cloudiness"
                    },
                    {
                      "wd": "fogginess"
                    },
                    {
                      "wd": "haziness"
                    },
                    {
                      "wd": "mistiness"
                    },
                    {
                      "wd": "murkiness"
                    }
                  ],
                  [
                    {
                      "wd": "dimness"
                    },
                    {
                      "wd": "faintness"
                    },
                    {
                      "wd": "gloominess"
                    },
                    {
                      "wd": "grayness"
                    },
                    {
                      "wd": "paleness"
                    }
                  ],
                  [
                    {
                      "wd": "half-light"
                    }
                  ]
                ],
                "near_list": [
                  [
                    {
                      "wd": "moonlight"
                    },
                    {
                      "wd": "starlight"
                    },
                    {
                      "wd": "sunlight"
                    }
                  ],
                  [
                    {
                      "wd": "effulgence"
                    },
                    {
                      "wd": "radiance"
                    },
                    {
                      "wd": "radiancy"
                    },
                    {
                      "wd": "shine"
                    },
                    {
                      "wd": "sunshine"
                    }
                  ],
                  [
                    {
                      "wd": "incandescence"
                    },
                    {
                      "wd": "luminance"
                    },
                    {
                      "wd": "luminescence"
                    },
                    {
                      "wd": "luminosity"
                    },
                    {
                      "wd": "luminousness"
                    }
                  ]
                ],
                "ant_list": [
                  [
                    {
                      "wd": "blaze"
                    },
                    {
                      "wd": "brightness"
                    },
                    {
                      "wd": "brilliance"
                    },
                    {
                      "wd": "day"
                    },
                    {
                      "wd": "daylight"
                    },
                    {
                      "wd": "glare"
                    },
                    {
                      "wd": "glow"
                    },
                    {
                      "wd": "light"
                    },
                    {
                      "wd": "lightness"
                    }
                  ]
                ]
              }
            ]
          ],
          [
            [
              "sense",
              {
                "sn": "3",
                "dt": [
                  [
                    "text",
                    "a tiny often physical indication of something lost or vanished "
                  ],
                  [
                    "vis",
                    [
                      {
                        "t": "a run-down mansion that is only a {it}shadow{/it} of its former glory"
                      }
                    ]
                  ]
                ],
                "syn_list": [
                  [
                    {
                      "wd": "echo"
                    },
                    {
                      "wd": "ghost"
                    },
                    {
                      "wd": "relic"
                    },
                    {
                      "wd": "trace"
                    },
                    {
                      "wd": "vestige"
                    }
                  ]
                ],
                "rel_list": [
                  [
                    {
                      "wd": "memento"
                    },
                    {
                      "wd": "remembrance"
                    },
                    {
                      "wd": "reminder"
                    }
                  ],
                  [
                    {
                      "wd": "artifact"
                    }
                  ],
                  [
                    {
                      "wd": "afterimage"
                    },
                    {
                      "wd": "aftertaste"
                    }
                  ],
                  [
                    {
                      "wd": "balance"
                    },
                    {
                      "wd": "corpse"
                    },
                    {
                      "wd": "hangover"
                    },
                    {
                      "wd": "leftover"
                    },
                    {
                      "wd": "oddment"
                    },
                    {
                      "wd": "remainder"
                    },
                    {
                      "wd": "remnant"
                    },
                    {
                      "wd": "scrap"
                    }
                  ],
                  [
                    {
                      "wd": "dreg(s)"
                    },
                    {
                      "wd": "leavings"
                    },
                    {
                      "wd": "remain(s)"
                    },
                    {
                      "wd": "residual"
                    },
                    {
                      "wd": "residue"
                    },
                    {
                      "wd": "rest"
                    }
                  ]
                ]
              }
            ]
          ],
          [
            [
              "sense",
              {
                "sn": "4",
                "dt": [
                  [
                    "text",
                    "a very small amount "
                  ],
                  [
                    "vis",
                    [
                      {
                        "t": "not even a {it}shadow{/it} of a doubt about the defendant's guilt"
                      }
                    ]
                  ]
                ],
                "syn_list": [
                  [
                    {
                      "wd": "ace"
                    },
                    {
                      "wd": "bit"
                    },
                    {
                      "wd": "crumb"
                    },
                    {
                      "wd": "dab"
                    },
                    {
                      "wd": "dram"
                    },
                    {
                      "wd": "driblet"
                    },
                    {
                      "wd": "glimmer"
                    },
                    {
                      "wd": "hint"
                    },
                    {
                      "wd": "lick"
                    },
                    {
                      "wd": "little"
                    },
                    {
                      "wd": "mite"
                    },
                    {
                      "wd": "nip"
                    },
                    {
                      "wd": "ounce"
                    },
                    {
                      "wd": "particle"
                    },
                    {
                      "wd": "peanuts"
                    },
                    {
                      "wd": "ray"
                    },
                    {
                      "wd": "scintilla"
                    },
                    {
                      "wd": "scruple"
                    },
                    {
                      "wd": "shade"
                    },
                    {
                      "wd": "shred"
                    },
                    {
                      "wd": "skosh"
                    },
                    {
                      "wd": "smack"
                    },
                    {
                      "wd": "smell"
                    },
                    {
                      "wd": "smidgen",
                      "wvrs": [
                        {
                          "wvl": "also",
                          "wva": "smidgeon"
                        },
                        {
                          "wvl": "or",
                          "wva": "smidgin"
                        },
                        {
                          "wvl": "or",
                          "wva": "smidge"
                        }
                      ]
                    },
                    {
                      "wd": "snap"
                    },
                    {
                      "wd": "soup\u00e7on"
                    },
                    {
                      "wd": "spark"
                    },
                    {
                      "wd": "spatter"
                    },
                    {
                      "wd": "speck"
                    },
                    {
                      "wd": "splash"
                    },
                    {
                      "wd": "spot"
                    },
                    {
                      "wd": "sprinkling"
                    },
                    {
                      "wd": "strain"
                    },
                    {
                      "wd": "streak"
                    },
                    {
                      "wd": "suspicion"
                    },
                    {
                      "wd": "tad"
                    },
                    {
                      "wd": "touch"
                    },
                    {
                      "wd": "trace"
                    }
                  ]
                ],
                "rel_list": [
                  [
                    {
                      "wd": "hoot"
                    },
                    {
                      "wd": "iota"
                    },
                    {
                      "wd": "jot"
                    },
                    {
                      "wd": "minim"
                    },
                    {
                      "wd": "minimum"
                    },
                    {
                      "wd": "modicum"
                    },
                    {
                      "wd": "semblance"
                    },
                    {
                      "wd": "syllable"
                    },
                    {
                      "wd": "tittle"
                    },
                    {
                      "wd": "vestige"
                    },
                    {
                      "wd": "whit"
                    }
                  ],
                  [
                    {
                      "wd": "atom"
                    },
                    {
                      "wd": "dot"
                    },
                    {
                      "wd": "fleck"
                    },
                    {
                      "wd": "flyspeck"
                    },
                    {
                      "wd": "grain"
                    },
                    {
                      "wd": "granule"
                    },
                    {
                      "wd": "molecule"
                    },
                    {
                      "wd": "morsel"
                    },
                    {
                      "wd": "mote"
                    },
                    {
                      "wd": "nubbin"
                    },
                    {
                      "wd": "patch"
                    },
                    {
                      "wd": "scrap"
                    }
                  ],
                  [
                    {
                      "wd": "dash"
                    },
                    {
                      "wd": "drop"
                    },
                    {
                      "wd": "pinch"
                    }
                  ],
                  [
                    {
                      "wd": "part"
                    },
                    {
                      "wd": "portion"
                    },
                    {
                      "wd": "section"
                    }
                  ],
                  [
                    {
                      "wd": "bite"
                    },
                    {
                      "wd": "nibble"
                    },
                    {
                      "wd": "taste"
                    }
                  ],
                  [
                    {
                      "wd": "handful"
                    },
                    {
                      "wd": "scattering"
                    },
                    {
                      "wd": "smatter"
                    },
                    {
                      "wd": "smattering"
                    }
                  ],
                  [
                    {
                      "wd": "dose"
                    },
                    {
                      "wd": "shot"
                    }
                  ],
                  [
                    {
                      "wd": "chip"
                    },
                    {
                      "wd": "flake"
                    },
                    {
                      "wd": "fragment"
                    },
                    {
                      "wd": "shard"
                    },
                    {
                      "wd": "shiver"
                    },
                    {
                      "wd": "sliver"
                    },
                    {
                      "wd": "smithereens"
                    },
                    {
                      "wd": "splinter"
                    }
                  ],
                  [
                    {
                      "wd": "tatter"
                    }
                  ],
                  [
                    {
                      "wd": "clipping"
                    },
                    {
                      "wd": "paring"
                    },
                    {
                      "wd": "shaving"
                    }
                  ]
                ],
                "phrase_list": [
                  [
                    {
                      "wd": "drop in the bucket"
                    }
                  ]
                ],
                "near_list": [
                  [
                    {
                      "wd": "abundance"
                    },
                    {
                      "wd": "barrel"
                    },
                    {
                      "wd": "boatload"
                    },
                    {
                      "wd": "bucket"
                    },
                    {
                      "wd": "bundle"
                    },
                    {
                      "wd": "bushel"
                    },
                    {
                      "wd": "deal"
                    },
                    {
                      "wd": "fistful"
                    },
                    {
                      "wd": "gobs"
                    },
                    {
                      "wd": "heaps"
                    },
                    {
                      "wd": "lashings",
                      "wvrs": [
                        {
                          "wvl": "also",
                          "wva": "lashins"
                        }
                      ],
                      "wsls": [
                        "chiefly British"
                      ]
                    },
                    {
                      "wd": "loads"
                    },
                    {
                      "wd": "lot"
                    },
                    {
                      "wd": "mass"
                    },
                    {
                      "wd": "mess"
                    },
                    {
                      "wd": "mountain"
                    },
                    {
                      "wd": "much"
                    },
                    {
                      "wd": "oodles"
                    },
                    {
                      "wd": "passel"
                    },
                    {
                      "wd": "peck"
                    },
                    {
                      "wd": "pile"
                    },
                    {
                      "wd": "plenty"
                    },
                    {
                      "wd": "potful"
                    },
                    {
                      "wd": "profusion"
                    },
                    {
                      "wd": "quantity"
                    },
                    {
                      "wd": "raft"
                    },
                    {
                      "wd": "reams"
                    },
                    {
                      "wd": "scads"
                    },
                    {
                      "wd": "stack"
                    },
                    {
                      "wd": "wad"
                    },
                    {
                      "wd": "wealth"
                    }
                  ],
                  [
                    {
                      "wd": "volume"
                    }
                  ],
                  [
                    {
                      "wd": "bonanza"
                    },
                    {
                      "wd": "embarrassment"
                    },
                    {
                      "wd": "excess"
                    },
                    {
                      "wd": "overabundance"
                    },
                    {
                      "wd": "overage"
                    },
                    {
                      "wd": "overflow"
                    },
                    {
                      "wd": "overkill"
                    },
                    {
                      "wd": "overmuch"
                    },
                    {
                      "wd": "oversupply"
                    },
                    {
                      "wd": "superabundance"
                    },
                    {
                      "wd": "superfluity"
                    },
                    {
                      "wd": "surfeit"
                    },
                    {
                      "wd": "surplus"
                    }
                  ],
                  [
                    {
                      "wd": "chunk"
                    },
                    {
                      "wd": "hunk"
                    },
                    {
                      "wd": "lump"
                    },
                    {
                      "wd": "slab"
                    }
                  ]
                ]
              }
            ]
          ],
          [
            [
              "sense",
              {
                "sn": "5",
                "dt": [
                  [
                    "text",
                    "the soul of a dead person thought of especially as appearing to living people "
                  ],
                  [
                    "vis",
                    [
                      {
                        "t": "rumors of a {it}shadow{/it} haunting the castle"
                      }
                    ]
                  ]
                ],
                "syn_list": [
                  [
                    {
                      "wd": "apparition"
                    },
                    {
                      "wd": "bogey",
                      "wvrs": [
                        {
                          "wvl": "also",
                          "wva": "bogie"
                        },
                        {
                          "wvl": "or",
                          "wva": "bogy"
                        }
                      ]
                    },
                    {
                      "wd": "familiar spirit"
                    },
                    {
                      "wd": "ghost"
                    },
                    {
                      "wd": "hant",
                      "wsls": [
                        "dialect"
                      ]
                    },
                    {
                      "wd": "haunt",
                      "wsls": [
                        "chiefly dialect"
                      ]
                    },
                    {
                      "wd": "materialization"
                    },
                    {
                      "wd": "phantasm",
                      "wvrs": [
                        {
                          "wvl": "also",
                          "wva": "fantasm"
                        }
                      ]
                    },
                    {
                      "wd": "phantom"
                    },
                    {
                      "wd": "poltergeist"
                    },
                    {
                      "wd": "shade"
                    },
                    {
                      "wd": "specter",
                      "wvrs": [
                        {
                          "wvl": "or",
                          "wva": "spectre"
                        }
                      ]
                    },
                    {
                      "wd": "spirit"
                    },
                    {
                      "wd": "spook"
                    },
                    {
                      "wd": "sprite"
                    },
                    {
                      "wd": "vision"
                    },
                    {
                      "wd": "visitant"
                    },
                    {
                      "wd": "wraith"
                    }
                  ]
                ],
                "rel_list": [
                  [
                    {
                      "wd": "angel"
                    },
                    {
                      "wd": "daimon"
                    },
                    {
                      "wd": "familiar"
                    },
                    {
                      "wd": "genie"
                    },
                    {
                      "wd": "genius"
                    },
                    {
                      "wd": "jinni",
                      "wvrs": [
                        {
                          "wvl": "or",
                          "wva": "jinn"
                        },
                        {
                          "wvl": "also",
                          "wva": "djinni"
                        },
                        {
                          "wvl": "or",
                          "wva": "djinn"
                        }
                      ]
                    },
                    {
                      "wd": "shaitan"
                    }
                  ],
                  [
                    {
                      "wd": "double"
                    },
                    {
                      "wd": "doppelg\u00e4nger",
                      "wvrs": [
                        {
                          "wvl": "or",
                          "wva": "doppelganger"
                        }
                      ]
                    },
                    {
                      "wd": "fetch"
                    }
                  ],
                  [
                    {
                      "wd": "lemures"
                    },
                    {
                      "wd": "manes"
                    }
                  ],
                  [
                    {
                      "wd": "incubus"
                    },
                    {
                      "wd": "lamia"
                    },
                    {
                      "wd": "succubus"
                    },
                    {
                      "wd": "vampire"
                    },
                    {
                      "wd": "zombie",
                      "wvrs": [
                        {
                          "wvl": "also",
                          "wva": "zombi"
                        }
                      ]
                    }
                  ],
                  [
                    {
                      "wd": "cacodemon"
                    },
                    {
                      "wd": "demon",
                      "wvrs": [
                        {
                          "wvl": "or",
                          "wva": "daemon"
                        }
                      ]
                    },
                    {
                      "wd": "devil"
                    },
                    {
                      "wd": "fiend"
                    },
                    {
                      "wd": "ghoul"
                    },
                    {
                      "wd": "imp"
                    }
                  ]
                ]
              }
            ]
          ],
          [
            [
              "sense",
              {
                "sn": "6",
                "dt": [
                  [
                    "text",
                    "an overspreading element that produces an atmosphere of gloom "
                  ],
                  [
                    "vis",
                    [
                      {
                        "t": "the husband's adulterous affair had cast over their marriage a {it}shadow{/it} from which there was no escape"
                      }
                    ]
                  ]
                ],
                "syn_list": [
                  [
                    {
                      "wd": "cloud"
                    },
                    {
                      "wd": "darkness"
                    },
                    {
                      "wd": "pall"
                    }
                  ]
                ],
                "rel_list": [
                  [
                    {
                      "wd": "fog"
                    },
                    {
                      "wd": "haze"
                    },
                    {
                      "wd": "mist"
                    },
                    {
                      "wd": "murk"
                    },
                    {
                      "wd": "penumbra"
                    },
                    {
                      "wd": "umbra"
                    }
                  ],
                  [
                    {
                      "wd": "midnight"
                    },
                    {
                      "wd": "night"
                    }
                  ],
                  [
                    {
                      "wd": "mantle"
                    },
                    {
                      "wd": "shroud"
                    },
                    {
                      "wd": "veil"
                    }
                  ]
                ]
              }
            ]
          ]
        ]
      }
    ],
    "shortdef": [
      "partial darkness due to the obstruction of light rays",
      "a time or place of little or no light",
      "a tiny often physical indication of something lost or vanished"
    ]
  },
  {
    "meta": {
      "id": "shadow",
      "uuid": "441dfb65-b279-4440-97af-42cfd67c3b5e",
      "src": "coll_thes",
      "section": "alpha",
      "target": {
        "tuuid": "215ba7bb-3660-4b7d-b2ce-5ade94cbe2f5",
        "tsrc": "collegiate"
      },
      "stems": [
        "shadow",
        "shadowed",
        "shadower",
        "shadowers",
        "shadowing",
        "shadows"
      ],
      "syns": [
        [
          "bird-dog",
          "chase",
          "course",
          "dog",
          "follow",
          "hound",
          "pursue",
          "run",
          "tag",
          "tail",
          "trace",
          "track",
          "trail"
        ],
        [
          "becloud",
          "bedim",
          "befog",
          "blacken",
          "blear",
          "blur",
          "cloud",
          "darken",
          "dim",
          "dislimn",
          "fog",
          "fuzz (up)",
          "haze",
          "mist",
          "obscure",
          "overcast",
          "overcloud",
          "overshadow",
          "shroud"
        ],
        [
          "shade"
        ]
      ],
      "ants": [
        [
          "guide",
          "lead",
          "pilot"
        ],
        [
          "brighten",
          "illuminate",
          "illumine",
          "light (up)",
          "lighten"
        ]
      ],
      "offensive": false
    },
    "hwi": {
      "hw": "shadow"
    },
    "fl": "verb",
    "def": [
      {
        "sseq": [
          [
            [
              "sense",
              {
                "sn": "1",
                "dt": [
                  [
                    "text",
                    "to go after or on the track of "
                  ],
                  [
                    "vis",
                    [
                      {
                        "t": "{it}shadowing{/it} the suspect to see what he was up to"
                      }
                    ]
                  ]
                ],
                "syn_list": [
                  [
                    {
                      "wd": "bird-dog"
                    },
                    {
                      "wd": "chase"
                    },
                    {
                      "wd": "course"
                    },
                    {
                      "wd": "dog"
                    },
                    {
                      "wd": "follow"
                    },
                    {
                      "wd": "hound"
                    },
                    {
                      "wd": "pursue"
                    },
                    {
                      "wd": "run"
                    },
                    {
                      "wd": "tag"
                    },
                    {
                      "wd": "tail"
                    },
                    {
                      "wd": "trace"
                    },
                    {
                      "wd": "track"
                    },
                    {
                      "wd": "trail"
                    }
                  ]
                ],
                "rel_list": [
                  [
                    {
                      "wd": "accompany"
                    },
                    {
                      "wd": "chaperone",
                      "wvrs": [
                        {
                          "wvl": "or",
                          "wva": "chaperon"
                        }
                      ]
                    },
                    {
                      "wd": "escort"
                    }
                  ],
                  [
                    {
                      "wd": "hunt"
                    },
                    {
                      "wd": "search (for)"
                    },
                    {
                      "wd": "seek"
                    }
                  ],
                  [
                    {
                      "wd": "eye"
                    },
                    {
                      "wd": "observe"
                    },
                    {
                      "wd": "watch"
                    }
                  ]
                ],
                "phrase_list": [
                  [
                    {
                      "wd": "run after"
                    }
                  ]
                ],
                "near_list": [
                  [
                    {
                      "wd": "head"
                    }
                  ]
                ],
                "ant_list": [
                  [
                    {
                      "wd": "guide"
                    },
                    {
                      "wd": "lead"
                    },
                    {
                      "wd": "pilot"
                    }
                  ]
                ]
              }
            ]
          ],
          [
            [
              "sense",
              {
                "sn": "2",
                "dt": [
                  [
                    "text",
                    "to make dark, dim, or indistinct "
                  ],
                  [
                    "vis",
                    [
                      {
                        "t": "thickening clouds {it}shadowed{/it} the countryside"
                      }
                    ]
                  ]
                ],
                "syn_list": [
                  [
                    {
                      "wd": "becloud"
                    },
                    {
                      "wd": "bedim"
                    },
                    {
                      "wd": "befog"
                    },
                    {
                      "wd": "blacken"
                    },
                    {
                      "wd": "blear"
                    },
                    {
                      "wd": "blur"
                    },
                    {
                      "wd": "cloud"
                    },
                    {
                      "wd": "darken"
                    },
                    {
                      "wd": "dim"
                    },
                    {
                      "wd": "dislimn"
                    },
                    {
                      "wd": "fog"
                    },
                    {
                      "wd": "fuzz (up)"
                    },
                    {
                      "wd": "haze"
                    },
                    {
                      "wd": "mist"
                    },
                    {
                      "wd": "obscure"
                    },
                    {
                      "wd": "overcast"
                    },
                    {
                      "wd": "overcloud"
                    },
                    {
                      "wd": "overshadow"
                    },
                    {
                      "wd": "shroud"
                    }
                  ]
                ],
                "rel_list": [
                  [
                    {
                      "wd": "adumbrate"
                    },
                    {
                      "wd": "blot out"
                    },
                    {
                      "wd": "conceal"
                    },
                    {
                      "wd": "eclipse"
                    },
                    {
                      "wd": "hide"
                    },
                    {
                      "wd": "obliterate"
                    },
                    {
                      "wd": "screen"
                    },
                    {
                      "wd": "shade"
                    }
                  ],
                  [
                    {
                      "wd": "camouflage"
                    },
                    {
                      "wd": "cloak"
                    },
                    {
                      "wd": "cover"
                    },
                    {
                      "wd": "curtain"
                    },
                    {
                      "wd": "disguise"
                    },
                    {
                      "wd": "mask"
                    },
                    {
                      "wd": "veil"
                    }
                  ]
                ],
                "near_list": [
                  [
                    {
                      "wd": "expose"
                    },
                    {
                      "wd": "reveal"
                    },
                    {
                      "wd": "uncover"
                    },
                    {
                      "wd": "unveil"
                    }
                  ]
                ],
                "ant_list": [
                  [
                    {
                      "wd": "brighten"
                    },
                    {
                      "wd": "illuminate"
                    },
                    {
                      "wd": "illumine"
                    },
                    {
                      "wd": "light (up)"
                    },
                    {
                      "wd": "lighten"
                    }
                  ]
                ]
              }
            ]
          ],
          [
            [
              "sense",
              {
                "sn": "3",
                "dt": [
                  [
                    "text",
                    "to shelter (something) from light and heat "
                  ],
                  [
                    "vis",
                    [
                      {
                        "t": "a pathway {it}shadowed{/it} by a canopy of arching branches"
                      }
                    ]
                  ]
                ],
                "syn_list": [
                  [
                    {
                      "wd": "shade"
                    }
                  ]
                ],
                "rel_list": [
                  [
                    {
                      "wd": "cloud"
                    },
                    {
                      "wd": "darken"
                    },
                    {
                      "wd": "dim"
                    },
                    {
                      "wd": "dull"
                    },
                    {
                      "wd": "overcast"
                    },
                    {
                      "wd": "overshadow"
                    }
                  ],
                  [
                    {
                      "wd": "canopy"
                    },
                    {
                      "wd": "cover"
                    },
                    {
                      "wd": "protect"
                    },
                    {
                      "wd": "screen"
                    }
                  ]
                ],
                "near_list": [
                  [
                    {
                      "wd": "illuminate"
                    },
                    {
                      "wd": "light"
                    },
                    {
                      "wd": "lighten"
                    }
                  ],
                  [
                    {
                      "wd": "expose"
                    }
                  ]
                ]
              }
            ]
          ]
        ]
      }
    ],
    "shortdef": [
      "to go after or on the track of",
      "to make dark, dim, or indistinct",
      "to shelter (something) from light and heat"
    ]
  },
  {
    "meta": {
      "id": "eye shadow",
      "uuid": "dfc05e4f-11fb-4f61-a63a-a808e29795e3",
      "src": "CTcompile",
      "section": "alpha",
      "stems": [
        "eye shadow"
      ],
      "syns": [
        [
          "blush",
          "cold cream",
          "cream",
          "kohl",
          "lipstick",
          "lotion",
          "mascara",
          "oil",
          "powder",
          "rouge",
          "vanishing cream",
          "cosmetics",
          "makeup",
          "maquillage",
          "paint",
          "war paint",
          "greasepaint",
          "camo",
          "camouflage"
        ]
      ],
      "ants": [],
      "offensive": false
    },
    "hwi": {
      "hw": "eye shadow"
    },
    "fl": "noun",
    "def": [
      {
        "sseq": [
          [
            [
              "sense",
              {
                "dt": [
                  [
                    "text",
                    "as in {it}cream{/it}, {it}oil{/it}"
                  ]
                ],
                "sim_list": [
                  [
                    {
                      "wd": "blush"
                    },
                    {
                      "wd": "cold cream"
                    },
                    {
                      "wd": "cream"
                    },
                    {
                      "wd": "kohl"
                    },
                    {
                      "wd": "lipstick"
                    },
                    {
                      "wd": "lotion"
                    },
                    {
                      "wd": "mascara"
                    },
                    {
                      "wd": "oil"
                    },
                    {
                      "wd": "powder"
                    },
                    {
                      "wd": "rouge"
                    },
                    {
                      "wd": "vanishing cream"
                    }
                  ],
                  [
                    {
                      "wd": "cosmetics"
                    },
                    {
                      "wd": "makeup"
                    },
                    {
                      "wd": "maquillage"
                    },
                    {
                      "wd": "paint"
                    },
                    {
                      "wd": "war paint"
                    }
                  ],
                  [
                    {
                      "wd": "greasepaint"
                    }
                  ],
                  [
                    {
                      "wd": "camo"
                    },
                    {
                      "wd": "camouflage"
                    }
                  ]
                ]
              }
            ]
          ]
        ]
      }
    ],
    "shortdef": [
      "as in cream, oil"
    ]
  }
]