[
  {
    "meta": {
      "id": "shark",
      "uuid": "5a7862d5-5be3-4dd2-80f6-477afad47e5c",
      "src": "coll_thes",
      "section": "alpha",
      "target": {
        "tuuid": "a3e48238-fc62-423b-9d48-026b0f0ed520",
        "tsrc": "collegiate"
      },
      "stems": [
        "shark",
        "sharklike",
        "sharks"
      ],
      "syns": [
        [
          "bilk",
          "bilker",
          "cheat",
          "cheater",
          "chiseler",
          "confidence man",
          "cozener",
          "defrauder",
          "dodger",
          "fakir",
          "finagler",
          "fraudster",
          "hoaxer",
          "scammer",
          "scamster",
          "sharper",
          "sharpie",
          "skinner",
          "swindler",
          "tricker",
          "trickster"
        ],
        [
          "ace",
          "adept",
          "artist",
          "authority",
          "cognoscente",
          "connoisseur",
          "crackerjack",
          "dab",
          "dab hand",
          "expert",
          "fiend",
          "geek",
          "guru",
          "hand",
          "hotshot",
          "maestro",
          "master",
          "maven",
          "meister",
          "past master",
          "proficient",
          "scholar",
          "sharp",
          "virtuoso",
          "whiz",
          "wizard"
        ],
        [
          "bloodsucker",
          "buzzard",
          "harpy",
          "kite",
          "predator",
          "vampire",
          "vulture",
          "wolf"
        ]
      ],
      "ants": [
        [
          "amateur",
          "inexpert",
          "nonexpert"
        ],
        [
          "prey"
        ]
      ],
      "offensive": false
    },
    "hwi": {
      "hw": "shark"
    },
    "fl": "noun",
    "def": [
      {
        "sseq": [
          [
            [
              "sense",
              {
                "sn": "1",
                "dt": [
                  [
                    "text",
                    "a dishonest person who uses clever means to cheat others out of something of value "
                  ],
                  [
                    "vis",
                    [
                      {
                        "t": "a card {it}shark{/it}"
                      }
                    ]
                  ]
                ],
                "syn_list": [
                  [
                    {
                      "wd": "bilk"
                    },
                    {
                      "wd": "bilker"
                    },
                    {
                      "wd": "cheat"
                    },
                    {
                      "wd": "cheater"
                    },
                    {
                      "wd": "chiseler",
                      "wvrs": [
                        {
                          "wvl": "or",
                          "wva": "chiseller"
                        }
                      ]
                    },
                    {
                      "wd": "confidence man"
                    },
                    {
                      "wd": "cozener"
                    },
                    {
                      "wd": "defrauder"
                    },
                    {
                      "wd": "dodger"
                    },
                    {
                      "wd": "fakir"
                    },
                    {
                      "wd": "finagler"
                    },
                    {
                      "wd": "fraudster",
                      "wsls": [
                        "chiefly British"
                      ]
                    },
                    {
                      "wd": "hoaxer"
                    },
                    {
                      "wd": "scammer"
                    },
                    {
                      "wd": "scamster"
                    },
                    {
                      "wd": "sharper"
                    },
                    {
                      "wd": "sharpie",
                      "wvrs": [
                        {
                          "wvl": "or",
                          "wva": "sharpy"
                        }
                      ]
                    },
                    {
                      "wd": "skinner"
                    },
                    {
                      "wd": "swindler"
                    },
                    {
                      "wd": "tricker"
                    },
                    {
                      "wd": "trickster"
                    }
                  ]
                ],
                "rel_list": [
                  [
                    {
                      "wd": "double-crosser"
                    },
                    {
                      "wd": "double-dealer"
                    }
                  ],
                  [
                    {
                      "wd": "bluffer"
                    },
                    {
                      "wd": "charlatan"
                    },
                    {
                      "wd": "fake"
                    },
                    {
                      "wd": "faker"
                    },
                    {
                      "wd": "humbug"
                    },
                    {
                      "wd": "impostor",
                      "wvrs": [
                        {
                          "wvl": "or",
                          "wva": "imposter"
                        }
                      ]
                    },
                    {
                      "wd": "mountebank"
                    },
                    {
                      "wd": "phony",
                      "wvrs": [
                        {
                          "wvl": "also",
                          "wva": "phoney"
                        }
                      ]
                    },
                    {
                      "wd": "pretender"
                    },
                    {
                      "wd": "quack"
                    },
                    {
                      "wd": "quacksalver"
                    },
                    {
                      "wd": "ringer"
                    },
                    {
                      "wd": "sham"
                    }
                  ],
                  [
                    {
                      "wd": "adventurer"
                    },
                    {
                      "wd": "fox"
                    },
                    {
                      "wd": "gamesman"
                    },
                    {
                      "wd": "knave"
                    },
                    {
                      "wd": "prankster"
                    },
                    {
                      "wd": "rascal"
                    },
                    {
                      "wd": "rogue"
                    }
                  ],
                  [
                    {
                      "wd": "fast-talker"
                    },
                    {
                      "wd": "slick"
                    },
                    {
                      "wd": "slicker"
                    },
                    {
                      "wd": "slickster"
                    },
                    {
                      "wd": "slyboots"
                    },
                    {
                      "wd": "smoothy",
                      "wvrs": [
                        {
                          "wvl": "or",
                          "wva": "smoothie"
                        }
                      ]
                    },
                    {
                      "wd": "wheeler-dealer"
                    }
                  ],
                  [
                    {
                      "wd": "plotter"
                    },
                    {
                      "wd": "schemer"
                    },
                    {
                      "wd": "sneak"
                    },
                    {
                      "wd": "sneaker"
                    }
                  ],
                  [
                    {
                      "wd": "blackleg"
                    },
                    {
                      "wd": "cardsharp",
                      "wvrs": [
                        {
                          "wvl": "or",
                          "wva": "cardsharper"
                        }
                      ]
                    }
                  ]
                ]
              }
            ]
          ],
          [
            [
              "sense",
              {
                "sn": "2",
                "dt": [
                  [
                    "text",
                    "a person with a high level of knowledge or skill in a field "
                  ],
                  [
                    "vis",
                    [
                      {
                        "t": "a {it}shark{/it} at calculus"
                      }
                    ]
                  ]
                ],
                "syn_list": [
                  [
                    {
                      "wd": "ace"
                    },
                    {
                      "wd": "adept"
                    },
                    {
                      "wd": "artist"
                    },
                    {
                      "wd": "authority"
                    },
                    {
                      "wd": "cognoscente"
                    },
                    {
                      "wd": "connoisseur"
                    },
                    {
                      "wd": "crackerjack",
                      "wvrs": [
                        {
                          "wvl": "also",
                          "wva": "crackajack"
                        }
                      ]
                    },
                    {
                      "wd": "dab",
                      "wsls": [
                        "chiefly British"
                      ]
                    },
                    {
                      "wd": "dab hand",
                      "wsls": [
                        "chiefly British"
                      ]
                    },
                    {
                      "wd": "expert"
                    },
                    {
                      "wd": "fiend"
                    },
                    {
                      "wd": "geek"
                    },
                    {
                      "wd": "guru"
                    },
                    {
                      "wd": "hand"
                    },
                    {
                      "wd": "hotshot"
                    },
                    {
                      "wd": "maestro"
                    },
                    {
                      "wd": "master"
                    },
                    {
                      "wd": "maven",
                      "wvrs": [
                        {
                          "wvl": "also",
                          "wva": "mavin"
                        }
                      ]
                    },
                    {
                      "wd": "meister"
                    },
                    {
                      "wd": "past master"
                    },
                    {
                      "wd": "proficient"
                    },
                    {
                      "wd": "scholar"
                    },
                    {
                      "wd": "sharp"
                    },
                    {
                      "wd": "virtuoso"
                    },
                    {
                      "wd": "whiz"
                    },
                    {
                      "wd": "wizard"
                    }
                  ]
                ],
                "rel_list": [
                  [
                    {
                      "wd": "pro"
                    },
                    {
                      "wd": "professional"
                    }
                  ],
                  [
                    {
                      "wd": "consultant"
                    },
                    {
                      "wd": "hired gun"
                    },
                    {
                      "wd": "specialist"
                    }
                  ],
                  [
                    {
                      "wd": "addict"
                    },
                    {
                      "wd": "aficionado",
                      "wvrs": [
                        {
                          "wvl": "also",
                          "wva": "afficionado"
                        }
                      ]
                    },
                    {
                      "wd": "buff"
                    },
                    {
                      "wd": "devotee"
                    },
                    {
                      "wd": "enthusiast"
                    },
                    {
                      "wd": "fan"
                    }
                  ],
                  [
                    {
                      "wd": "craftsman"
                    },
                    {
                      "wd": "journeyman"
                    }
                  ],
                  [
                    {
                      "wd": "all-rounder",
                      "wsls": [
                        "British"
                      ]
                    },
                    {
                      "wd": "jack-of-all-trades"
                    },
                    {
                      "wd": "Renaissance man"
                    }
                  ],
                  [
                    {
                      "wd": "mistress"
                    }
                  ]
                ],
                "near_list": [
                  [
                    {
                      "wd": "apprentice"
                    },
                    {
                      "wd": "beginner"
                    },
                    {
                      "wd": "neophyte"
                    },
                    {
                      "wd": "novice"
                    }
                  ],
                  [
                    {
                      "wd": "dabbler"
                    },
                    {
                      "wd": "dilettante"
                    }
                  ],
                  [
                    {
                      "wd": "layman"
                    },
                    {
                      "wd": "nonprofessional"
                    }
                  ]
                ],
                "ant_list": [
                  [
                    {
                      "wd": "amateur"
                    },
                    {
                      "wd": "inexpert"
                    },
                    {
                      "wd": "nonexpert"
                    }
                  ]
                ]
              }
            ]
          ],
          [
            [
              "sense",
              {
                "sn": "3",
                "dt": [
                  [
                    "text",
                    "a person who habitually preys upon others "
                  ],
                  [
                    "vis",
                    [
                      {
                        "t": "being a new arrival in Hollywood, she was easy prey for the {it}sharks{/it} in the movie business"
                      }
                    ]
                  ]
                ],
                "syn_list": [
                  [
                    {
                      "wd": "bloodsucker"
                    },
                    {
                      "wd": "buzzard"
                    },
                    {
                      "wd": "harpy"
                    },
                    {
                      "wd": "kite"
                    },
                    {
                      "wd": "predator"
                    },
                    {
                      "wd": "vampire"
                    },
                    {
                      "wd": "vulture"
                    },
                    {
                      "wd": "wolf"
                    }
                  ]
                ],
                "rel_list": [
                  [
                    {
                      "wd": "exploiter"
                    },
                    {
                      "wd": "user"
                    }
                  ],
                  [
                    {
                      "wd": "leech"
                    },
                    {
                      "wd": "sponge"
                    },
                    {
                      "wd": "sponger"
                    }
                  ],
                  [
                    {
                      "wd": "destroyer"
                    },
                    {
                      "wd": "devourer"
                    }
                  ]
                ],
                "ant_list": [
                  [
                    {
                      "wd": "prey"
                    }
                  ]
                ]
              }
            ]
          ]
        ]
      }
    ],
    "shortdef": [
      "a dishonest person who uses clever means to cheat others out of something of value",
      "a person with a high level of knowledge or skill in a field",
      "a person who habitually preys upon others"
    ]
  },
  {
    "meta": {
      "id": "jump",
      "uuid": "138f4ff1-3703-42ba-9a67-4bdf84bca83d",
      "src": "coll_thes",
      "section": "alpha",
      "target": {
        "tuuid": "18a14961-33a1-4f92-914c-e9dbaeebb0c8",
        "tsrc": "collegiate"
      },
      "stems": [
        "jump",
        "jump bail",
        "jump the gun",
        "jump the queue",
        "jump the shark",
        "jumped",
        "jumping",
        "jumps"
      ],
      "syns": [
        [
          "bound",
          "hop",
          "leap",
          "spring",
          "vault"
        ],
        [
          "bolt",
          "start",
          "startle"
        ],
        [
          "barrel",
          "belt",
          "blast",
          "blaze",
          "blow",
          "bolt",
          "bomb",
          "bowl",
          "breeze",
          "bundle",
          "bustle",
          "buzz",
          "cannonball",
          "careen",
          "career",
          "chase",
          "course",
          "crack (on)",
          "dash",
          "drive",
          "fly",
          "hare",
          "hasten",
          "hie",
          "highball",
          "hotfoot (it)",
          "hump",
          "hurl",
          "hurry",
          "hurtle",
          "hustle",
          "jet",
          "motor",
          "nip",
          "pelt",
          "race",
          "ram",
          "rip",
          "rocket",
          "run",
          "rush",
          "rustle",
          "scoot",
          "scurry",
          "scuttle",
          "shoot",
          "speed",
          "step",
          "tear",
          "travel",
          "trot",
          "whirl",
          "whisk",
          "zip",
          "zoom"
        ]
      ],
      "ants": [
        [
          "crawl",
          "creep",
          "poke"
        ]
      ],
      "offensive": false
    },
    "hwi": {
      "hw": "jump"
    },
    "fl": "verb",
    "def": [
      {
        "sseq": [
          [
            [
              "sense",
              {
                "sn": "1",
                "dt": [
                  [
                    "text",
                    "to propel oneself upward or forward into the air "
                  ],
                  [
                    "vis",
                    [
                      {
                        "t": "{it}jumped{/it} across the ditch"
                      }
                    ]
                  ]
                ],
                "syn_list": [
                  [
                    {
                      "wd": "bound"
                    },
                    {
                      "wd": "hop"
                    },
                    {
                      "wd": "leap"
                    },
                    {
                      "wd": "spring"
                    },
                    {
                      "wd": "vault"
                    }
                  ]
                ],
                "rel_list": [
                  [
                    {
                      "wd": "bounce"
                    },
                    {
                      "wd": "hurdle"
                    },
                    {
                      "wd": "leapfrog"
                    },
                    {
                      "wd": "lope"
                    },
                    {
                      "wd": "skip"
                    }
                  ],
                  [
                    {
                      "wd": "buck"
                    }
                  ],
                  [
                    {
                      "wd": "caper"
                    },
                    {
                      "wd": "capriole"
                    },
                    {
                      "wd": "cavort"
                    },
                    {
                      "wd": "frolic"
                    },
                    {
                      "wd": "gambol"
                    },
                    {
                      "wd": "romp"
                    }
                  ],
                  [
                    {
                      "wd": "attack"
                    },
                    {
                      "wd": "pounce"
                    }
                  ],
                  [
                    {
                      "wd": "shoot"
                    },
                    {
                      "wd": "skyrocket"
                    }
                  ]
                ]
              }
            ]
          ],
          [
            [
              "sense",
              {
                "sn": "2",
                "dt": [
                  [
                    "text",
                    "to move suddenly and sharply (as in surprise) "
                  ],
                  [
                    "vis",
                    [
                      {
                        "t": "the sudden appearance of a mouse scurrying across the floor made me {it}jump{/it}"
                      }
                    ]
                  ]
                ],
                "syn_list": [
                  [
                    {
                      "wd": "bolt"
                    },
                    {
                      "wd": "start"
                    },
                    {
                      "wd": "startle"
                    }
                  ]
                ],
                "rel_list": [
                  [
                    {
                      "wd": "jerk"
                    },
                    {
                      "wd": "jolt"
                    },
                    {
                      "wd": "twitch"
                    }
                  ],
                  [
                    {
                      "wd": "blench"
                    },
                    {
                      "wd": "cringe"
                    },
                    {
                      "wd": "flinch"
                    },
                    {
                      "wd": "quail"
                    },
                    {
                      "wd": "recoil"
                    },
                    {
                      "wd": "shrink"
                    },
                    {
                      "wd": "spook"
                    },
                    {
                      "wd": "squinch"
                    },
                    {
                      "wd": "wince"
                    }
                  ],
                  [
                    {
                      "wd": "bound"
                    },
                    {
                      "wd": "leap"
                    },
                    {
                      "wd": "spring"
                    }
                  ],
                  [
                    {
                      "wd": "react"
                    },
                    {
                      "wd": "respond"
                    }
                  ]
                ]
              }
            ]
          ],
          [
            [
              "sense",
              {
                "sn": "3",
                "dt": [
                  [
                    "text",
                    "to proceed or move quickly "
                  ],
                  [
                    "vis",
                    [
                      {
                        "t": "when I tell you to do something, I expect you to {it}jump{/it}"
                      }
                    ]
                  ]
                ],
                "syn_list": [
                  [
                    {
                      "wd": "barrel"
                    },
                    {
                      "wd": "belt"
                    },
                    {
                      "wd": "blast"
                    },
                    {
                      "wd": "blaze"
                    },
                    {
                      "wd": "blow"
                    },
                    {
                      "wd": "bolt"
                    },
                    {
                      "wd": "bomb",
                      "wsls": [
                        "slang"
                      ]
                    },
                    {
                      "wd": "bowl"
                    },
                    {
                      "wd": "breeze"
                    },
                    {
                      "wd": "bundle"
                    },
                    {
                      "wd": "bustle"
                    },
                    {
                      "wd": "buzz"
                    },
                    {
                      "wd": "cannonball"
                    },
                    {
                      "wd": "careen"
                    },
                    {
                      "wd": "career"
                    },
                    {
                      "wd": "chase"
                    },
                    {
                      "wd": "course"
                    },
                    {
                      "wd": "crack (on)"
                    },
                    {
                      "wd": "dash"
                    },
                    {
                      "wd": "drive"
                    },
                    {
                      "wd": "fly"
                    },
                    {
                      "wd": "hare"
                    },
                    {
                      "wd": "hasten"
                    },
                    {
                      "wd": "hie"
                    },
                    {
                      "wd": "highball"
                    },
                    {
                      "wd": "hotfoot (it)"
                    },
                    {
                      "wd": "hump"
                    },
                    {
                      "wd": "hurl"
                    },
                    {
                      "wd": "hurry"
                    },
                    {
                      "wd": "hurtle"
                    },
                    {
                      "wd": "hustle"
                    },
                    {
                      "wd": "jet"
                    },
                    {
                      "wd": "motor"
                    },
                    {
                      "wd": "nip"
                    },
                    {
                      "wd": "pelt"
                    },
                    {
                      "wd": "race"
                    },
                    {
                      "wd": "ram"
                    },
                    {
                      "wd": "rip"
                    },
                    {
                      "wd": "rocket"
                    },
                    {
                      "wd": "run"
                    },
                    {
                      "wd": "rush"
                    },
                    {
                      "wd": "rustle"
                    },
                    {
                      "wd": "scoot"
                    },
                    {
                      "wd": "scurry"
                    },
                    {
                      "wd": "scuttle"
                    },
                    {
                      "wd": "shoot"
                    },
                    {
                      "wd": "speed"
                    },
                    {
                      "wd": "step"
                    },
                    {
                      "wd": "tear"
                    },
                    {
                      "wd": "travel"
                    },
                    {
                      "wd": "trot"
                    },
                    {
                      "wd": "whirl"
                    },
                    {
                      "wd": "whisk"
                    },
                    {
                      "wd": "zip"
                    },
                    {
                      "wd": "zoom"
                    }
                  ]
                ],
                "rel_list": [
                  [
                    {
                      "wd": "beetle"
                    },
                    {
                      "wd": "dart"
                    },
                    {
                      "wd": "flit"
                    },
                    {
                      "wd": "scamper"
                    },
                    {
                      "wd": "scud"
                    },
                    {
                      "wd": "scuffle"
                    }
                  ],
                  [
                    {
                      "wd": "stampede"
                    },
                    {
                      "wd": "streak"
                    },
                    {
                      "wd": "whiz",
                      "wvrs": [
                        {
                          "wvl": "or",
                          "wva": "whizz"
                        }
                      ]
                    }
                  ],
                  [
                    {
                      "wd": "gallop"
                    },
                    {
                      "wd": "jog"
                    },
                    {
                      "wd": "sprint"
                    }
                  ],
                  [
                    {
                      "wd": "accelerate"
                    },
                    {
                      "wd": "quicken"
                    },
                    {
                      "wd": "step out"
                    }
                  ],
                  [
                    {
                      "wd": "catch up"
                    },
                    {
                      "wd": "fast-forward"
                    },
                    {
                      "wd": "outpace"
                    },
                    {
                      "wd": "outrun"
                    },
                    {
                      "wd": "outstrip"
                    },
                    {
                      "wd": "overtake"
                    }
                  ],
                  [
                    {
                      "wd": "arrow"
                    },
                    {
                      "wd": "beeline"
                    }
                  ]
                ],
                "phrase_list": [
                  [
                    {
                      "wd": "beat it"
                    },
                    {
                      "wd": "get a move on"
                    },
                    {
                      "wd": "make tracks"
                    },
                    {
                      "wd": "shake a leg"
                    },
                    {
                      "wd": "step on it"
                    }
                  ]
                ],
                "near_list": [
                  [
                    {
                      "wd": "dally"
                    },
                    {
                      "wd": "dawdle"
                    },
                    {
                      "wd": "dillydally"
                    },
                    {
                      "wd": "drag"
                    },
                    {
                      "wd": "hang (around or out)"
                    },
                    {
                      "wd": "lag"
                    },
                    {
                      "wd": "linger"
                    },
                    {
                      "wd": "loiter"
                    },
                    {
                      "wd": "poke"
                    },
                    {
                      "wd": "tarry"
                    }
                  ],
                  [
                    {
                      "wd": "amble"
                    },
                    {
                      "wd": "lumber"
                    },
                    {
                      "wd": "plod"
                    },
                    {
                      "wd": "saunter"
                    },
                    {
                      "wd": "shuffle"
                    },
                    {
                      "wd": "stroll"
                    }
                  ],
                  [
                    {
                      "wd": "decelerate"
                    },
                    {
                      "wd": "slow (down or up)"
                    }
                  ]
                ],
                "ant_list": [
                  [
                    {
                      "wd": "crawl"
                    },
                    {
                      "wd": "creep"
                    },
                    {
                      "wd": "poke"
                    }
                  ]
                ]
              }
            ]
          ]
        ]
      }
    ],
    "shortdef": [
      "to propel oneself upward or forward into the air",
      "to move suddenly and sharply (as in surprise)",
      "to proceed or move quickly"
    ]
  },
  {
    "meta": {
      "id": "jump (on)",
      "uuid": "94e15fbf-d339-412e-a93d-207781c17f00",
      "src": "coll_thes",
      "section": "alpha",
      "stems": [
        "jump (on)",
        "jump",
        "jump on",
        "jump bail",
        "jump the gun",
        "jump the queue",
        "jump the shark",
        "jumped",
        "jumping",
        "jumps"
      ],
      "syns": [
        [
          "assail",
          "assault",
          "attack",
          "beset",
          "bushwhack",
          "charge",
          "descend (on or upon)",
          "go in (on)",
          "pounce (on or upon)",
          "raid",
          "rush",
          "set on",
          "sic",
          "storm",
          "strike",
          "trash",
          "turn (on)"
        ],
        [
          "abuse",
          "assail",
          "attack",
          "bash",
          "belabor",
          "blast",
          "castigate",
          "excoriate",
          "lambaste",
          "potshot",
          "savage",
          "scathe",
          "slam",
          "trash",
          "vituperate"
        ]
      ],
      "ants": [],
      "offensive": false
    },
    "hwi": {
      "hw": "jump (on)"
    },
    "fl": "verb",
    "def": [
      {
        "sseq": [
          [
            [
              "sense",
              {
                "sn": "1",
                "dt": [
                  [
                    "text",
                    "to take sudden, violent action against "
                  ],
                  [
                    "vis",
                    [
                      {
                        "t": "the robbers waited until he had passed by them and then {it}jumped on{/it} him without warning"
                      }
                    ]
                  ]
                ],
                "syn_list": [
                  [
                    {
                      "wd": "assail"
                    },
                    {
                      "wd": "assault"
                    },
                    {
                      "wd": "attack"
                    },
                    {
                      "wd": "beset"
                    },
                    {
                      "wd": "bushwhack"
                    },
                    {
                      "wd": "charge"
                    },
                    {
                      "wd": "descend (on or upon)"
                    },
                    {
                      "wd": "go in (on)"
                    },
                    {
                      "wd": "pounce (on or upon)"
                    },
                    {
                      "wd": "raid"
                    },
                    {
                      "wd": "rush"
                    },
                    {
                      "wd": "set on"
                    },
                    {
                      "wd": "sic",
                      "wvrs": [
                        {
                          "wvl": "also",
                          "wva": "sick"
                        }
                      ]
                    },
                    {
                      "wd": "storm"
                    },
                    {
                      "wd": "strike"
                    },
                    {
                      "wd": "trash"
                    },
                    {
                      "wd": "turn (on)"
                    }
                  ]
                ],
                "rel_list": [
                  [
                    {
                      "wd": "bum-rush"
                    },
                    {
                      "wd": "gang up (on)"
                    },
                    {
                      "wd": "mob"
                    },
                    {
                      "wd": "swarm"
                    }
                  ],
                  [
                    {
                      "wd": "mug"
                    },
                    {
                      "wd": "rob"
                    }
                  ],
                  [
                    {
                      "wd": "ambuscade"
                    },
                    {
                      "wd": "ambush"
                    },
                    {
                      "wd": "surprise",
                      "wvrs": [
                        {
                          "wvl": "also",
                          "wva": "surprize"
                        }
                      ]
                    },
                    {
                      "wd": "waylay"
                    }
                  ],
                  [
                    {
                      "wd": "blitz"
                    },
                    {
                      "wd": "bomb"
                    },
                    {
                      "wd": "bombard"
                    },
                    {
                      "wd": "nuke"
                    }
                  ],
                  [
                    {
                      "wd": "barrage"
                    },
                    {
                      "wd": "cannon"
                    },
                    {
                      "wd": "cannonade"
                    }
                  ],
                  [
                    {
                      "wd": "bang away (at)"
                    },
                    {
                      "wd": "batter"
                    },
                    {
                      "wd": "buffet"
                    },
                    {
                      "wd": "plaster"
                    }
                  ],
                  [
                    {
                      "wd": "beleaguer"
                    },
                    {
                      "wd": "besiege"
                    },
                    {
                      "wd": "press"
                    }
                  ],
                  [
                    {
                      "wd": "harry"
                    },
                    {
                      "wd": "loot"
                    },
                    {
                      "wd": "pillage"
                    },
                    {
                      "wd": "plunder"
                    },
                    {
                      "wd": "ravage"
                    },
                    {
                      "wd": "sack"
                    }
                  ],
                  [
                    {
                      "wd": "foray"
                    },
                    {
                      "wd": "invade"
                    },
                    {
                      "wd": "overrun"
                    }
                  ],
                  [
                    {
                      "wd": "envelop"
                    },
                    {
                      "wd": "flank"
                    }
                  ]
                ],
                "phrase_list": [
                  [
                    {
                      "wd": "beat up on"
                    },
                    {
                      "wd": "fly at"
                    },
                    {
                      "wd": "go at"
                    },
                    {
                      "wd": "light into"
                    },
                    {
                      "wd": "pitch into"
                    },
                    {
                      "wd": "round on"
                    },
                    {
                      "wd": "set at"
                    },
                    {
                      "wd": "set upon"
                    },
                    {
                      "wd": "tear into"
                    }
                  ]
                ],
                "near_list": [
                  [
                    {
                      "wd": "cover"
                    },
                    {
                      "wd": "defend"
                    },
                    {
                      "wd": "guard"
                    },
                    {
                      "wd": "protect"
                    },
                    {
                      "wd": "secure"
                    },
                    {
                      "wd": "shield"
                    }
                  ]
                ]
              }
            ]
          ],
          [
            [
              "sense",
              {
                "sn": "2",
                "dt": [
                  [
                    "text",
                    "to criticize harshly and usually publicly "
                  ],
                  [
                    "vis",
                    [
                      {
                        "t": "no need to {it}jump on{/it} him just because he locked the keys in the car"
                      }
                    ]
                  ]
                ],
                "syn_list": [
                  [
                    {
                      "wd": "abuse"
                    },
                    {
                      "wd": "assail"
                    },
                    {
                      "wd": "attack"
                    },
                    {
                      "wd": "bash"
                    },
                    {
                      "wd": "belabor"
                    },
                    {
                      "wd": "blast"
                    },
                    {
                      "wd": "castigate"
                    },
                    {
                      "wd": "excoriate"
                    },
                    {
                      "wd": "lambaste",
                      "wvrs": [
                        {
                          "wvl": "or",
                          "wva": "lambast"
                        }
                      ]
                    },
                    {
                      "wd": "potshot"
                    },
                    {
                      "wd": "savage"
                    },
                    {
                      "wd": "scathe"
                    },
                    {
                      "wd": "slam"
                    },
                    {
                      "wd": "trash"
                    },
                    {
                      "wd": "vituperate"
                    }
                  ]
                ],
                "rel_list": [
                  [
                    {
                      "wd": "berate"
                    },
                    {
                      "wd": "harangue"
                    },
                    {
                      "wd": "harass"
                    },
                    {
                      "wd": "harry"
                    },
                    {
                      "wd": "revile"
                    },
                    {
                      "wd": "scold"
                    },
                    {
                      "wd": "whip"
                    }
                  ],
                  [
                    {
                      "wd": "blaspheme"
                    },
                    {
                      "wd": "curse"
                    },
                    {
                      "wd": "execrate"
                    },
                    {
                      "wd": "imprecate"
                    },
                    {
                      "wd": "profane"
                    }
                  ],
                  [
                    {
                      "wd": "affront"
                    },
                    {
                      "wd": "insult"
                    },
                    {
                      "wd": "slur"
                    }
                  ],
                  [
                    {
                      "wd": "asperse"
                    },
                    {
                      "wd": "bad-mouth"
                    },
                    {
                      "wd": "belittle"
                    },
                    {
                      "wd": "blackguard"
                    },
                    {
                      "wd": "disparage"
                    },
                    {
                      "wd": "put down"
                    }
                  ],
                  [
                    {
                      "wd": "libel"
                    },
                    {
                      "wd": "slander"
                    },
                    {
                      "wd": "traduce"
                    },
                    {
                      "wd": "vilify"
                    }
                  ],
                  [
                    {
                      "wd": "chastise"
                    },
                    {
                      "wd": "chide"
                    },
                    {
                      "wd": "criticize"
                    },
                    {
                      "wd": "lace (into)"
                    },
                    {
                      "wd": "rebuke"
                    },
                    {
                      "wd": "reprimand"
                    }
                  ],
                  [
                    {
                      "wd": "fulminate"
                    },
                    {
                      "wd": "lash (out)"
                    }
                  ]
                ],
                "phrase_list": [
                  [
                    {
                      "wd": "beat up on"
                    },
                    {
                      "wd": "light into"
                    },
                    {
                      "wd": "sail into"
                    },
                    {
                      "wd": "tie into"
                    }
                  ]
                ],
                "near_list": [
                  [
                    {
                      "wd": "acclaim"
                    },
                    {
                      "wd": "commend"
                    },
                    {
                      "wd": "compliment"
                    },
                    {
                      "wd": "hail"
                    },
                    {
                      "wd": "laud"
                    },
                    {
                      "wd": "praise"
                    }
                  ]
                ]
              }
            ]
          ]
        ]
      }
    ],
    "shortdef": [
      "to take sudden, violent action against",
      "to criticize harshly and usually publicly"
    ]
  }
]