[
  {
    "meta": {
      "id": "sharing",
      "uuid": "f310cb34-e9dc-4ea2-97e5-0b5094808a70",
      "src": "coll_thes",
      "section": "alpha",
      "stems": [
        "sharing"
      ],
      "syns": [
        [
          "partaking",
          "participating"
        ]
      ],
      "ants": [],
      "offensive": false
    },
    "hwi": {
      "hw": "sharing"
    },
    "fl": "verb",
    "sls": [
      "present participle of {d_link|share|share}"
    ],
    "def": [
      {
        "sseq": [
          [
            [
              "sense",
              {
                "dt": [
                  [
                    "text",
                    "to take a share or part "
                  ],
                  [
                    "vis",
                    [
                      {
                        "t": "everyone in the enterprise will {it}share{/it} in the profits"
                      }
                    ]
                  ]
                ],
                "syn_list": [
                  [
                    {
                      "wd": "partaking"
                    },
                    {
                      "wd": "participating"
                    }
                  ]
                ],
                "rel_list": [
                  [
                    {
                      "wd": "enduring"
                    },
                    {
                      "wd": "experiencing"
                    },
                    {
                      "wd": "feeling"
                    },
                    {
                      "wd": "knowing"
                    },
                    {
                      "wd": "seeing"
                    },
                    {
                      "wd": "tasting"
                    },
                    {
                      "wd": "undergoing"
                    }
                  ],
                  [
                    {
                      "wd": "encountering"
                    },
                    {
                      "wd": "meeting"
                    }
                  ],
                  [
                    {
                      "wd": "accepting"
                    },
                    {
                      "wd": "receiving"
                    }
                  ]
                ]
              }
            ]
          ]
        ]
      }
    ],
    "shortdef": [
      "to take a share or part"
    ]
  },
  {
    "meta": {
      "id": "share",
      "uuid": "5aa94ba5-d7ac-4ef4-86ca-f50262049883",
      "src": "coll_thes",
      "section": "alpha",
      "target": {
        "tuuid": "f0e52ce9-593e-4188-bed2-0768aae1c805",
        "tsrc": "collegiate"
      },
      "stems": [
        "share",
        "shared",
        "sharer",
        "sharers",
        "shares",
        "sharing"
      ],
      "syns": [
        [
          "partake",
          "participate"
        ]
      ],
      "ants": [],
      "offensive": false
    },
    "hwi": {
      "hw": "share"
    },
    "fl": "verb",
    "def": [
      {
        "sseq": [
          [
            [
              "sense",
              {
                "dt": [
                  [
                    "text",
                    "to take a share or part "
                  ],
                  [
                    "vis",
                    [
                      {
                        "t": "everyone in the enterprise will {it}share{/it} in the profits"
                      }
                    ]
                  ]
                ],
                "syn_list": [
                  [
                    {
                      "wd": "partake"
                    },
                    {
                      "wd": "participate"
                    }
                  ]
                ],
                "rel_list": [
                  [
                    {
                      "wd": "endure"
                    },
                    {
                      "wd": "experience"
                    },
                    {
                      "wd": "feel"
                    },
                    {
                      "wd": "know"
                    },
                    {
                      "wd": "see"
                    },
                    {
                      "wd": "taste"
                    },
                    {
                      "wd": "undergo"
                    }
                  ],
                  [
                    {
                      "wd": "encounter"
                    },
                    {
                      "wd": "meet"
                    }
                  ],
                  [
                    {
                      "wd": "accept"
                    },
                    {
                      "wd": "receive"
                    }
                  ]
                ]
              }
            ]
          ]
        ]
      }
    ],
    "shortdef": [
      "to take a share or part"
    ]
  },
  {
    "meta": {
      "id": "sharing (out)",
      "uuid": "49c89242-41e9-4264-a84b-1c8e0f62c4a0",
      "src": "CTcompile",
      "section": "alpha",
      "stems": [
        "sharing (out)",
        "sharing out"
      ],
      "syns": [
        [
          "admeasuring",
          "administering",
          "dealing",
          "dispensing",
          "dividing",
          "doling out",
          "handing out",
          "measuring",
          "metering",
          "meting (out)",
          "parceling (out)",
          "parting",
          "portioning",
          "prorating",
          "splitting",
          "allocating",
          "allotting",
          "allowing",
          "apportioning",
          "assigning",
          "distributing",
          "lotting",
          "rationing",
          "according",
          "awarding",
          "giving",
          "granting",
          "earmarking",
          "reserving",
          "chipping in",
          "contributing",
          "donating",
          "reallocating",
          "reapportioning",
          "reassigning",
          "redistributing"
        ]
      ],
      "ants": [
        [
          "begrudging",
          "denying",
          "depriving (of)",
          "keeping",
          "retaining",
          "stinting",
          "withholding",
          "appropriating",
          "arrogating",
          "confiscating"
        ]
      ],
      "offensive": false
    },
    "hwi": {
      "hw": "sharing (out)"
    },
    "fl": "verb",
    "sls": [
      "present participle of {d_link|share (out)|share (out)}"
    ],
    "def": [
      {
        "sseq": [
          [
            [
              "sense",
              {
                "dt": [
                  [
                    "text",
                    "as in {it}handing out{/it}, {it}doling out{/it}"
                  ]
                ],
                "sim_list": [
                  [
                    {
                      "wd": "admeasuring"
                    },
                    {
                      "wd": "administering"
                    },
                    {
                      "wd": "dealing"
                    },
                    {
                      "wd": "dispensing"
                    },
                    {
                      "wd": "dividing"
                    },
                    {
                      "wd": "doling out"
                    },
                    {
                      "wd": "handing out"
                    },
                    {
                      "wd": "measuring"
                    },
                    {
                      "wd": "metering"
                    },
                    {
                      "wd": "meting (out)"
                    },
                    {
                      "wd": "parceling (out)",
                      "wvrs": [
                        {
                          "wvl": "or",
                          "wva": "parcelling (out)"
                        }
                      ]
                    },
                    {
                      "wd": "parting"
                    },
                    {
                      "wd": "portioning"
                    },
                    {
                      "wd": "prorating"
                    },
                    {
                      "wd": "splitting"
                    }
                  ],
                  [
                    {
                      "wd": "allocating"
                    },
                    {
                      "wd": "allotting"
                    },
                    {
                      "wd": "allowing"
                    },
                    {
                      "wd": "apportioning"
                    },
                    {
                      "wd": "assigning"
                    },
                    {
                      "wd": "distributing"
                    },
                    {
                      "wd": "lotting"
                    },
                    {
                      "wd": "rationing"
                    }
                  ],
                  [
                    {
                      "wd": "according"
                    },
                    {
                      "wd": "awarding"
                    },
                    {
                      "wd": "giving"
                    },
                    {
                      "wd": "granting"
                    }
                  ],
                  [
                    {
                      "wd": "earmarking"
                    },
                    {
                      "wd": "reserving"
                    }
                  ],
                  [
                    {
                      "wd": "chipping in"
                    },
                    {
                      "wd": "contributing"
                    },
                    {
                      "wd": "donating"
                    }
                  ],
                  [
                    {
                      "wd": "reallocating"
                    },
                    {
                      "wd": "reapportioning"
                    },
                    {
                      "wd": "reassigning"
                    },
                    {
                      "wd": "redistributing"
                    }
                  ]
                ],
                "opp_list": [
                  [
                    {
                      "wd": "begrudging"
                    },
                    {
                      "wd": "denying"
                    },
                    {
                      "wd": "depriving (of)"
                    }
                  ],
                  [
                    {
                      "wd": "keeping"
                    },
                    {
                      "wd": "retaining"
                    },
                    {
                      "wd": "stinting"
                    },
                    {
                      "wd": "withholding"
                    }
                  ],
                  [
                    {
                      "wd": "appropriating"
                    },
                    {
                      "wd": "arrogating"
                    },
                    {
                      "wd": "confiscating"
                    }
                  ]
                ]
              }
            ]
          ]
        ]
      }
    ],
    "shortdef": [
      "as in handing out, doling out"
    ]
  }
]