[
  {
    "meta": {
      "id": "soap",
      "uuid": "5943d0c5-fec2-4434-95f1-1f8a485ee08a",
      "src": "coll_thes",
      "section": "alpha",
      "target": {
        "tuuid": "452429e9-edac-4666-a420-0647829945b8",
        "tsrc": "collegiate"
      },
      "stems": [
        "soap",
        "soaps"
      ],
      "syns": [
        [
          "cleaner",
          "cleanser",
          "detergent"
        ]
      ],
      "ants": [],
      "offensive": false
    },
    "hwi": {
      "hw": "soap"
    },
    "fl": "noun",
    "def": [
      {
        "sseq": [
          [
            [
              "sense",
              {
                "dt": [
                  [
                    "text",
                    "a substance used for cleaning "
                  ],
                  [
                    "vis",
                    [
                      {
                        "t": "a little {it}soap{/it} and water should clean this in no time"
                      }
                    ]
                  ]
                ],
                "syn_list": [
                  [
                    {
                      "wd": "cleaner"
                    },
                    {
                      "wd": "cleanser"
                    },
                    {
                      "wd": "detergent"
                    }
                  ]
                ],
                "rel_list": [
                  [
                    {
                      "wd": "disinfectant"
                    },
                    {
                      "wd": "purifier"
                    },
                    {
                      "wd": "solvent"
                    }
                  ],
                  [
                    {
                      "wd": "scrub"
                    },
                    {
                      "wd": "shampoo"
                    }
                  ]
                ]
              }
            ]
          ]
        ]
      }
    ],
    "shortdef": [
      "a substance used for cleaning"
    ]
  },
  {
    "meta": {
      "id": "soap opera",
      "uuid": "93930076-cd88-40ff-ab77-398fb6513a11",
      "src": "coll_thes",
      "section": "alpha",
      "target": {
        "tuuid": "be2e213c-f7a9-4ba0-843f-f84a4eab1854",
        "tsrc": "collegiate"
      },
      "stems": [
        "soap opera",
        "soap operas",
        "soap-operatic"
      ],
      "syns": [
        [
          "corn",
          "goo",
          "mush",
          "schmaltz",
          "sludge",
          "slush",
          "sorghum"
        ]
      ],
      "ants": [],
      "offensive": false
    },
    "hwi": {
      "hw": "soap opera"
    },
    "fl": "noun",
    "def": [
      {
        "sseq": [
          [
            [
              "sense",
              {
                "dt": [
                  [
                    "text",
                    "something (as a work of literature or music) that is too sentimental "
                  ],
                  [
                    "vis",
                    [
                      {
                        "t": "the movie started out well, but quickly devolved into improbable {it}soap opera{/it}"
                      }
                    ]
                  ]
                ],
                "syn_list": [
                  [
                    {
                      "wd": "corn"
                    },
                    {
                      "wd": "goo"
                    },
                    {
                      "wd": "mush"
                    },
                    {
                      "wd": "schmaltz",
                      "wvrs": [
                        {
                          "wvl": "also",
                          "wva": "schmalz"
                        }
                      ]
                    },
                    {
                      "wd": "sludge"
                    },
                    {
                      "wd": "slush"
                    },
                    {
                      "wd": "sorghum"
                    }
                  ]
                ],
                "rel_list": [
                  [
                    {
                      "wd": "claptrap"
                    },
                    {
                      "wd": "drivel"
                    },
                    {
                      "wd": "rubbish"
                    },
                    {
                      "wd": "tripe"
                    }
                  ]
                ]
              }
            ]
          ]
        ]
      }
    ],
    "shortdef": [
      "something (as a work of literature or music) that is too sentimental"
    ]
  },
  {
    "meta": {
      "id": "soap-operatic",
      "uuid": "e6ccd2d6-267b-456f-90ed-ae4ce3f52324",
      "src": "CTcompile",
      "section": "alpha",
      "stems": [
        "soap-operatic"
      ],
      "syns": [
        [
          "melodramatic",
          "soapy",
          "sudsy",
          "dreamy",
          "misty-eyed",
          "moonstruck",
          "moony",
          "starry-eyed",
          "chocolate-box",
          "cloying",
          "corny",
          "drippy",
          "fruity",
          "gooey",
          "lovey-dovey",
          "maudlin",
          "mawkish",
          "mushy",
          "novelettish",
          "saccharine",
          "sappy",
          "schmaltzy",
          "sentimental",
          "sloppy",
          "slushy",
          "soppy",
          "soupy",
          "spoony",
          "sticky",
          "sugarcoated",
          "sugary",
          "wet",
          "nostalgic",
          "wistful",
          "cutesy",
          "twee"
        ]
      ],
      "ants": [
        [
          "antisentimental",
          "cynical",
          "hard-boiled",
          "hard-edged",
          "hardheaded",
          "unsentimental"
        ]
      ],
      "offensive": false
    },
    "hwi": {
      "hw": "soap-operatic"
    },
    "fl": "adjective",
    "def": [
      {
        "sseq": [
          [
            [
              "sense",
              {
                "dt": [
                  [
                    "text",
                    "as in {it}soapy{/it}, {it}melodramatic{/it}"
                  ]
                ],
                "sim_list": [
                  [
                    {
                      "wd": "melodramatic"
                    },
                    {
                      "wd": "soapy"
                    },
                    {
                      "wd": "sudsy"
                    }
                  ],
                  [
                    {
                      "wd": "dreamy"
                    },
                    {
                      "wd": "misty-eyed"
                    },
                    {
                      "wd": "moonstruck"
                    },
                    {
                      "wd": "moony"
                    },
                    {
                      "wd": "starry-eyed"
                    }
                  ],
                  [
                    {
                      "wd": "chocolate-box"
                    },
                    {
                      "wd": "cloying"
                    },
                    {
                      "wd": "corny"
                    },
                    {
                      "wd": "drippy"
                    },
                    {
                      "wd": "fruity"
                    },
                    {
                      "wd": "gooey"
                    },
                    {
                      "wd": "lovey-dovey"
                    },
                    {
                      "wd": "maudlin"
                    },
                    {
                      "wd": "mawkish"
                    },
                    {
                      "wd": "mushy"
                    },
                    {
                      "wd": "novelettish"
                    },
                    {
                      "wd": "saccharine"
                    },
                    {
                      "wd": "sappy"
                    },
                    {
                      "wd": "schmaltzy"
                    },
                    {
                      "wd": "sentimental"
                    },
                    {
                      "wd": "sloppy"
                    },
                    {
                      "wd": "slushy"
                    },
                    {
                      "wd": "soppy"
                    },
                    {
                      "wd": "soupy"
                    },
                    {
                      "wd": "spoony",
                      "wvrs": [
                        {
                          "wvl": "or",
                          "wva": "spooney"
                        }
                      ]
                    },
                    {
                      "wd": "sticky"
                    },
                    {
                      "wd": "sugarcoated"
                    },
                    {
                      "wd": "sugary"
                    },
                    {
                      "wd": "wet"
                    }
                  ],
                  [
                    {
                      "wd": "nostalgic"
                    },
                    {
                      "wd": "wistful"
                    }
                  ],
                  [
                    {
                      "wd": "cutesy"
                    },
                    {
                      "wd": "twee",
                      "wsls": [
                        "chiefly British"
                      ]
                    }
                  ]
                ],
                "opp_list": [
                  [
                    {
                      "wd": "antisentimental"
                    },
                    {
                      "wd": "cynical"
                    },
                    {
                      "wd": "hard-boiled"
                    },
                    {
                      "wd": "hard-edged"
                    },
                    {
                      "wd": "hardheaded"
                    }
                  ],
                  [
                    {
                      "wd": "unsentimental"
                    }
                  ]
                ]
              }
            ]
          ]
        ]
      }
    ],
    "shortdef": [
      "as in soapy, melodramatic"
    ]
  },
  {
    "meta": {
      "id": "soft-soap",
      "uuid": "69f7b7c1-95ce-4da8-8e8c-7b344af3dea9",
      "src": "coll_thes",
      "section": "alpha",
      "target": {
        "tuuid": "0fb4bde9-84c7-48e9-8593-de2f0bbbb974",
        "tsrc": "collegiate"
      },
      "stems": [
        "soft-soap",
        "soft-soaped",
        "soft-soaper",
        "soft-soapers",
        "soft-soaping",
        "soft-soaps"
      ],
      "syns": [
        [
          "blandish",
          "blarney",
          "cajole",
          "coax",
          "palaver",
          "sweet-talk",
          "wheedle"
        ],
        [
          "adulate",
          "belaud",
          "blarney",
          "butter up",
          "flatter",
          "hero-worship",
          "honey",
          "massage",
          "overpraise",
          "puff",
          "stroke"
        ]
      ],
      "ants": [],
      "offensive": false
    },
    "hwi": {
      "hw": "soft-soap"
    },
    "fl": "verb",
    "def": [
      {
        "sseq": [
          [
            [
              "sense",
              {
                "sn": "1",
                "dt": [
                  [
                    "text",
                    "to get (someone) to do something by gentle urging, special attention, or flattery "
                  ],
                  [
                    "vis",
                    [
                      {
                        "t": "she cunningly {it}soft-soaped{/it} her parents into letting her go on the trip"
                      }
                    ]
                  ]
                ],
                "syn_list": [
                  [
                    {
                      "wd": "blandish"
                    },
                    {
                      "wd": "blarney"
                    },
                    {
                      "wd": "cajole"
                    },
                    {
                      "wd": "coax"
                    },
                    {
                      "wd": "palaver"
                    },
                    {
                      "wd": "sweet-talk"
                    },
                    {
                      "wd": "wheedle"
                    }
                  ]
                ],
                "rel_list": [
                  [
                    {
                      "wd": "adulate"
                    },
                    {
                      "wd": "flatter"
                    },
                    {
                      "wd": "overpraise"
                    }
                  ],
                  [
                    {
                      "wd": "butter up"
                    },
                    {
                      "wd": "charm"
                    },
                    {
                      "wd": "massage"
                    },
                    {
                      "wd": "woo"
                    }
                  ],
                  [
                    {
                      "wd": "beg"
                    },
                    {
                      "wd": "beseech"
                    },
                    {
                      "wd": "importune"
                    },
                    {
                      "wd": "urge"
                    }
                  ],
                  [
                    {
                      "wd": "beguile"
                    },
                    {
                      "wd": "cozen"
                    },
                    {
                      "wd": "finagle"
                    },
                    {
                      "wd": "juggle"
                    },
                    {
                      "wd": "wangle"
                    },
                    {
                      "wd": "wile"
                    }
                  ],
                  [
                    {
                      "wd": "entice"
                    },
                    {
                      "wd": "lure"
                    },
                    {
                      "wd": "seduce"
                    },
                    {
                      "wd": "tempt"
                    }
                  ]
                ],
                "near_list": [
                  [
                    {
                      "wd": "bug"
                    },
                    {
                      "wd": "harass"
                    },
                    {
                      "wd": "nag"
                    },
                    {
                      "wd": "pester"
                    },
                    {
                      "wd": "tease"
                    }
                  ],
                  [
                    {
                      "wd": "browbeat"
                    },
                    {
                      "wd": "bulldoze"
                    },
                    {
                      "wd": "bully"
                    },
                    {
                      "wd": "cow"
                    },
                    {
                      "wd": "intimidate"
                    }
                  ],
                  [
                    {
                      "wd": "coerce"
                    },
                    {
                      "wd": "compel"
                    },
                    {
                      "wd": "constrain"
                    },
                    {
                      "wd": "demand"
                    },
                    {
                      "wd": "force"
                    },
                    {
                      "wd": "make"
                    },
                    {
                      "wd": "oblige"
                    },
                    {
                      "wd": "require"
                    }
                  ]
                ]
              }
            ]
          ],
          [
            [
              "sense",
              {
                "sn": "2",
                "dt": [
                  [
                    "text",
                    "to praise too much "
                  ],
                  [
                    "vis",
                    [
                      {
                        "t": "shrewd voters who know when a politician is trying to {it}soft-soap{/it} them"
                      }
                    ]
                  ]
                ],
                "syn_list": [
                  [
                    {
                      "wd": "adulate"
                    },
                    {
                      "wd": "belaud"
                    },
                    {
                      "wd": "blarney"
                    },
                    {
                      "wd": "butter up"
                    },
                    {
                      "wd": "flatter"
                    },
                    {
                      "wd": "hero-worship"
                    },
                    {
                      "wd": "honey"
                    },
                    {
                      "wd": "massage"
                    },
                    {
                      "wd": "overpraise"
                    },
                    {
                      "wd": "puff"
                    },
                    {
                      "wd": "stroke"
                    }
                  ]
                ],
                "rel_list": [
                  [
                    {
                      "wd": "blandish"
                    },
                    {
                      "wd": "cajole"
                    },
                    {
                      "wd": "coax"
                    },
                    {
                      "wd": "sweet-talk"
                    },
                    {
                      "wd": "wheedle"
                    }
                  ],
                  [
                    {
                      "wd": "fawn"
                    },
                    {
                      "wd": "kowtow"
                    },
                    {
                      "wd": "suck (up to)"
                    },
                    {
                      "wd": "toady"
                    }
                  ],
                  [
                    {
                      "wd": "idolize"
                    },
                    {
                      "wd": "worship"
                    }
                  ],
                  [
                    {
                      "wd": "eulogize"
                    },
                    {
                      "wd": "extol",
                      "wvrs": [
                        {
                          "wvl": "also",
                          "wva": "extoll"
                        }
                      ]
                    },
                    {
                      "wd": "laud"
                    },
                    {
                      "wd": "praise"
                    }
                  ],
                  [
                    {
                      "wd": "applaud"
                    },
                    {
                      "wd": "commend"
                    },
                    {
                      "wd": "compliment"
                    }
                  ],
                  [
                    {
                      "wd": "congratulate"
                    },
                    {
                      "wd": "felicitate"
                    }
                  ],
                  [
                    {
                      "wd": "drool"
                    },
                    {
                      "wd": "gush"
                    },
                    {
                      "wd": "slaver"
                    },
                    {
                      "wd": "slobber"
                    }
                  ],
                  [
                    {
                      "wd": "endear"
                    },
                    {
                      "wd": "ingratiate"
                    }
                  ],
                  [
                    {
                      "wd": "court"
                    },
                    {
                      "wd": "romance"
                    },
                    {
                      "wd": "woo"
                    }
                  ]
                ],
                "near_list": [
                  [
                    {
                      "wd": "bad-mouth"
                    },
                    {
                      "wd": "belittle"
                    },
                    {
                      "wd": "decry"
                    },
                    {
                      "wd": "depreciate"
                    },
                    {
                      "wd": "disparage"
                    },
                    {
                      "wd": "put down"
                    }
                  ]
                ]
              }
            ]
          ]
        ]
      }
    ],
    "shortdef": [
      "to get (someone) to do something by gentle urging, special attention, or flattery",
      "to praise too much"
    ]
  },
  {
    "meta": {
      "id": "soft soap",
      "uuid": "4067d110-a54b-46fa-a467-1d4f5918a830",
      "src": "coll_thes",
      "section": "alpha",
      "target": {
        "tuuid": "5785a784-8c5d-46ff-91ce-0105a215019e",
        "tsrc": "collegiate"
      },
      "stems": [
        "soft soap",
        "soft soaps"
      ],
      "syns": [
        [
          "adulation",
          "blarney",
          "butter",
          "flannel",
          "flattery",
          "incense",
          "overpraise",
          "sweet talk",
          "taffy"
        ]
      ],
      "ants": [],
      "offensive": false
    },
    "hwi": {
      "hw": "soft soap"
    },
    "fl": "noun",
    "def": [
      {
        "sseq": [
          [
            [
              "sense",
              {
                "dt": [
                  [
                    "text",
                    "excessive praise "
                  ],
                  [
                    "vis",
                    [
                      {
                        "t": "a salesman who knows the value of {it}soft soap{/it} in making a sale"
                      }
                    ]
                  ]
                ],
                "syn_list": [
                  [
                    {
                      "wd": "adulation"
                    },
                    {
                      "wd": "blarney"
                    },
                    {
                      "wd": "butter"
                    },
                    {
                      "wd": "flannel",
                      "wsls": [
                        "British"
                      ]
                    },
                    {
                      "wd": "flattery"
                    },
                    {
                      "wd": "incense"
                    },
                    {
                      "wd": "overpraise"
                    },
                    {
                      "wd": "sweet talk"
                    },
                    {
                      "wd": "taffy"
                    }
                  ]
                ],
                "rel_list": [
                  [
                    {
                      "wd": "allurements"
                    },
                    {
                      "wd": "blandishments"
                    },
                    {
                      "wd": "endearments"
                    }
                  ],
                  [
                    {
                      "wd": "caresses"
                    },
                    {
                      "wd": "compliments"
                    },
                    {
                      "wd": "congratulations"
                    },
                    {
                      "wd": "felicitations"
                    },
                    {
                      "wd": "greetings"
                    },
                    {
                      "wd": "regards"
                    },
                    {
                      "wd": "respects"
                    }
                  ],
                  [
                    {
                      "wd": "adoration"
                    },
                    {
                      "wd": "idolatry"
                    },
                    {
                      "wd": "worship"
                    }
                  ],
                  [
                    {
                      "wd": "fawning"
                    },
                    {
                      "wd": "sycophancy"
                    },
                    {
                      "wd": "toadying"
                    }
                  ],
                  [
                    {
                      "wd": "cajolement"
                    },
                    {
                      "wd": "cajolery"
                    },
                    {
                      "wd": "ingratiation"
                    },
                    {
                      "wd": "smarm"
                    }
                  ],
                  [
                    {
                      "wd": "acclaim"
                    },
                    {
                      "wd": "applause"
                    },
                    {
                      "wd": "commendation"
                    },
                    {
                      "wd": "praise"
                    }
                  ]
                ],
                "near_list": [
                  [
                    {
                      "wd": "bad-mouthing"
                    },
                    {
                      "wd": "belittlement"
                    },
                    {
                      "wd": "depreciation"
                    },
                    {
                      "wd": "detraction"
                    },
                    {
                      "wd": "disparagement"
                    },
                    {
                      "wd": "put-down"
                    }
                  ]
                ]
              }
            ]
          ]
        ]
      }
    ],
    "shortdef": [
      "excessive praise"
    ]
  }
]