[
  {
    "meta": {
      "id": "social",
      "uuid": "dfba1137-106b-4ebc-be02-9e3e518d6d59",
      "src": "coll_thes",
      "section": "alpha",
      "target": {
        "tuuid": "bdd5e79a-c8ac-4733-8462-491a9f893839",
        "tsrc": "collegiate"
      },
      "stems": [
        "social"
      ],
      "syns": [
        [
          "boon",
          "clubbable",
          "clubby",
          "companionable",
          "convivial",
          "extroverted",
          "gregarious",
          "outgoing",
          "sociable"
        ],
        [
          "colonial",
          "gregarious",
          "sociable"
        ]
      ],
      "ants": [
        [
          "antisocial",
          "insociable",
          "introverted",
          "nongregarious",
          "reclusive",
          "unsociable",
          "unsocial"
        ],
        [
          "nonsocial",
          "solitary"
        ]
      ],
      "offensive": false
    },
    "hwi": {
      "hw": "social"
    },
    "fl": "adjective",
    "def": [
      {
        "sseq": [
          [
            [
              "sense",
              {
                "sn": "1",
                "dt": [
                  [
                    "text",
                    "likely to seek or enjoy the company of others "
                  ],
                  [
                    "vis",
                    [
                      {
                        "t": "not exactly the {it}social{/it} sort, our boss generally stays in his office and keeps to himself"
                      }
                    ]
                  ]
                ],
                "syn_list": [
                  [
                    {
                      "wd": "boon"
                    },
                    {
                      "wd": "clubbable",
                      "wvrs": [
                        {
                          "wvl": "also",
                          "wva": "clubable"
                        }
                      ]
                    },
                    {
                      "wd": "clubby"
                    },
                    {
                      "wd": "companionable"
                    },
                    {
                      "wd": "convivial"
                    },
                    {
                      "wd": "extroverted",
                      "wvrs": [
                        {
                          "wvl": "also",
                          "wva": "extraverted"
                        }
                      ]
                    },
                    {
                      "wd": "gregarious"
                    },
                    {
                      "wd": "outgoing"
                    },
                    {
                      "wd": "sociable"
                    }
                  ]
                ],
                "rel_list": [
                  [
                    {
                      "wd": "cordial"
                    },
                    {
                      "wd": "folksy"
                    },
                    {
                      "wd": "forthcoming"
                    },
                    {
                      "wd": "friendly"
                    },
                    {
                      "wd": "hospitable"
                    }
                  ],
                  [
                    {
                      "wd": "affable"
                    },
                    {
                      "wd": "genial"
                    },
                    {
                      "wd": "gracious"
                    }
                  ],
                  [
                    {
                      "wd": "agreeable"
                    },
                    {
                      "wd": "amiable"
                    },
                    {
                      "wd": "congenial"
                    },
                    {
                      "wd": "kindly"
                    },
                    {
                      "wd": "neighborly"
                    }
                  ],
                  [
                    {
                      "wd": "animated"
                    },
                    {
                      "wd": "gay"
                    },
                    {
                      "wd": "jaunty"
                    },
                    {
                      "wd": "jolly"
                    },
                    {
                      "wd": "jovial"
                    },
                    {
                      "wd": "lively"
                    },
                    {
                      "wd": "peppy"
                    },
                    {
                      "wd": "perky"
                    },
                    {
                      "wd": "pert"
                    },
                    {
                      "wd": "spirited"
                    },
                    {
                      "wd": "sprightful"
                    },
                    {
                      "wd": "sprightly"
                    },
                    {
                      "wd": "vivacious"
                    }
                  ],
                  [
                    {
                      "wd": "communicative"
                    },
                    {
                      "wd": "expansive"
                    },
                    {
                      "wd": "garrulous"
                    },
                    {
                      "wd": "talkative"
                    }
                  ],
                  [
                    {
                      "wd": "bright"
                    },
                    {
                      "wd": "buoyant"
                    },
                    {
                      "wd": "cheerful"
                    },
                    {
                      "wd": "chipper"
                    },
                    {
                      "wd": "effervescent"
                    },
                    {
                      "wd": "upbeat"
                    }
                  ],
                  [
                    {
                      "wd": "bubbly"
                    },
                    {
                      "wd": "exuberant"
                    },
                    {
                      "wd": "high-spirited"
                    }
                  ]
                ],
                "near_list": [
                  [
                    {
                      "wd": "misanthropic"
                    }
                  ],
                  [
                    {
                      "wd": "aloof"
                    },
                    {
                      "wd": "cold"
                    },
                    {
                      "wd": "cool"
                    },
                    {
                      "wd": "detached"
                    },
                    {
                      "wd": "distant"
                    },
                    {
                      "wd": "frosty"
                    },
                    {
                      "wd": "remote"
                    },
                    {
                      "wd": "reserved"
                    },
                    {
                      "wd": "standoffish"
                    }
                  ],
                  [
                    {
                      "wd": "mum"
                    },
                    {
                      "wd": "mute"
                    },
                    {
                      "wd": "reticent"
                    },
                    {
                      "wd": "silent"
                    },
                    {
                      "wd": "taciturn"
                    }
                  ]
                ],
                "ant_list": [
                  [
                    {
                      "wd": "antisocial"
                    },
                    {
                      "wd": "insociable"
                    },
                    {
                      "wd": "introverted"
                    },
                    {
                      "wd": "nongregarious"
                    },
                    {
                      "wd": "reclusive"
                    },
                    {
                      "wd": "unsociable"
                    },
                    {
                      "wd": "unsocial"
                    }
                  ]
                ]
              }
            ]
          ],
          [
            [
              "sense",
              {
                "sn": "2",
                "dt": [
                  [
                    "text",
                    "tending to group with others of the same kind "
                  ],
                  [
                    "vis",
                    [
                      {
                        "t": "dogs are {it}social{/it} animals, preferring by nature to be part of a pack"
                      }
                    ]
                  ]
                ],
                "syn_list": [
                  [
                    {
                      "wd": "colonial"
                    },
                    {
                      "wd": "gregarious"
                    },
                    {
                      "wd": "sociable"
                    }
                  ]
                ],
                "rel_list": [
                  [
                    {
                      "wd": "associational"
                    },
                    {
                      "wd": "consociational"
                    },
                    {
                      "wd": "subsocial"
                    }
                  ],
                  [
                    {
                      "wd": "dependent"
                    },
                    {
                      "wd": "parasitic",
                      "wvrs": [
                        {
                          "wvl": "also",
                          "wva": "parasitical"
                        }
                      ]
                    },
                    {
                      "wd": "precocial"
                    },
                    {
                      "wd": "symbiotic"
                    }
                  ]
                ],
                "near_list": [
                  [
                    {
                      "wd": "autonomous"
                    },
                    {
                      "wd": "independent"
                    },
                    {
                      "wd": "self-contained"
                    },
                    {
                      "wd": "semiautonomous"
                    },
                    {
                      "wd": "semi-independent"
                    }
                  ],
                  [
                    {
                      "wd": "altricial"
                    },
                    {
                      "wd": "self-subsistent"
                    },
                    {
                      "wd": "self-sufficient"
                    },
                    {
                      "wd": "self-supporting"
                    },
                    {
                      "wd": "self-sustaining"
                    }
                  ],
                  [
                    {
                      "wd": "lone"
                    },
                    {
                      "wd": "recluse"
                    },
                    {
                      "wd": "reclusive"
                    },
                    {
                      "wd": "unsociable"
                    }
                  ]
                ],
                "ant_list": [
                  [
                    {
                      "wd": "nonsocial"
                    },
                    {
                      "wd": "solitary"
                    }
                  ]
                ]
              }
            ]
          ]
        ]
      }
    ],
    "shortdef": [
      "likely to seek or enjoy the company of others",
      "tending to group with others of the same kind"
    ]
  },
  {
    "meta": {
      "id": "social",
      "uuid": "71d53083-4313-4059-9a5e-816cf5bf430e",
      "src": "CTcompile",
      "section": "alpha",
      "stems": [
        "social"
      ],
      "syns": [
        [
          "bake",
          "clambake",
          "cocktail party",
          "hen party",
          "house party",
          "housewarming",
          "icebreaker",
          "kaffeeklatsch",
          "kegger",
          "klatch",
          "masquerade",
          "meet and greet",
          "mixer",
          "salon",
          "shower",
          "soiree",
          "stag",
          "supper",
          "symposium",
          "tea",
          "tea party",
          "affair",
          "bash",
          "binge",
          "blast",
          "blowout",
          "do",
          "event",
          "fete",
          "function",
          "get-together",
          "party",
          "reception",
          "shindig",
          "benefit",
          "fund-raiser",
          "ball",
          "dance",
          "formal",
          "prom",
          "celebration",
          "gala",
          "occasion",
          "bacchanal",
          "bacchanalia",
          "orgy",
          "saturnalia"
        ]
      ],
      "ants": [],
      "offensive": false
    },
    "hwi": {
      "hw": "social"
    },
    "fl": "noun",
    "def": [
      {
        "sseq": [
          [
            [
              "sense",
              {
                "dt": [
                  [
                    "text",
                    "as in {it}tea{/it}, {it}tea party{/it}"
                  ]
                ],
                "sim_list": [
                  [
                    {
                      "wd": "bake"
                    },
                    {
                      "wd": "clambake"
                    },
                    {
                      "wd": "cocktail party"
                    },
                    {
                      "wd": "hen party"
                    },
                    {
                      "wd": "house party"
                    },
                    {
                      "wd": "housewarming"
                    },
                    {
                      "wd": "icebreaker"
                    },
                    {
                      "wd": "kaffeeklatsch"
                    },
                    {
                      "wd": "kegger",
                      "wvrs": [
                        {
                          "wvl": "also",
                          "wva": "keg party"
                        }
                      ]
                    },
                    {
                      "wd": "klatch",
                      "wvrs": [
                        {
                          "wvl": "also",
                          "wva": "klatsch"
                        }
                      ]
                    },
                    {
                      "wd": "masquerade"
                    },
                    {
                      "wd": "meet and greet"
                    },
                    {
                      "wd": "mixer"
                    },
                    {
                      "wd": "salon"
                    },
                    {
                      "wd": "shower"
                    },
                    {
                      "wd": "soiree",
                      "wvrs": [
                        {
                          "wvl": "or",
                          "wva": "soir\u00e9e"
                        }
                      ]
                    },
                    {
                      "wd": "stag"
                    },
                    {
                      "wd": "supper"
                    },
                    {
                      "wd": "symposium"
                    },
                    {
                      "wd": "tea"
                    },
                    {
                      "wd": "tea party"
                    }
                  ],
                  [
                    {
                      "wd": "affair"
                    },
                    {
                      "wd": "bash"
                    },
                    {
                      "wd": "binge"
                    },
                    {
                      "wd": "blast"
                    },
                    {
                      "wd": "blowout"
                    },
                    {
                      "wd": "do"
                    },
                    {
                      "wd": "event"
                    },
                    {
                      "wd": "fete",
                      "wvrs": [
                        {
                          "wvl": "or",
                          "wva": "f\u00eate"
                        }
                      ]
                    },
                    {
                      "wd": "function"
                    },
                    {
                      "wd": "get-together"
                    },
                    {
                      "wd": "party"
                    },
                    {
                      "wd": "reception"
                    },
                    {
                      "wd": "shindig"
                    }
                  ],
                  [
                    {
                      "wd": "benefit"
                    },
                    {
                      "wd": "fund-raiser"
                    }
                  ],
                  [
                    {
                      "wd": "ball"
                    },
                    {
                      "wd": "dance"
                    },
                    {
                      "wd": "formal"
                    },
                    {
                      "wd": "prom"
                    }
                  ],
                  [
                    {
                      "wd": "celebration"
                    },
                    {
                      "wd": "gala"
                    },
                    {
                      "wd": "occasion"
                    }
                  ],
                  [
                    {
                      "wd": "bacchanal"
                    },
                    {
                      "wd": "bacchanalia"
                    },
                    {
                      "wd": "orgy"
                    },
                    {
                      "wd": "saturnalia"
                    }
                  ]
                ]
              }
            ]
          ]
        ]
      }
    ],
    "shortdef": [
      "as in tea, tea party"
    ]
  },
  {
    "meta": {
      "id": "social climber",
      "uuid": "1ac708d7-9674-4931-bbfe-d9fde3bfe844",
      "src": "CTcompile",
      "section": "alpha",
      "stems": [
        "social climber"
      ],
      "syns": [
        [
          "elitist",
          "name-dropper",
          "snob",
          "snoot",
          "snot"
        ]
      ],
      "ants": [],
      "offensive": false
    },
    "hwi": {
      "hw": "social climber"
    },
    "fl": "noun",
    "def": [
      {
        "sseq": [
          [
            [
              "sense",
              {
                "dt": [
                  [
                    "text",
                    "as in {it}elitist{/it}, {it}name-dropper{/it}"
                  ]
                ],
                "sim_list": [
                  [
                    {
                      "wd": "elitist"
                    },
                    {
                      "wd": "name-dropper"
                    }
                  ],
                  [
                    {
                      "wd": "snob"
                    },
                    {
                      "wd": "snoot"
                    },
                    {
                      "wd": "snot"
                    }
                  ]
                ]
              }
            ]
          ]
        ]
      }
    ],
    "shortdef": [
      "as in elitist, name-dropper"
    ]
  },
  {
    "meta": {
      "id": "social climbers",
      "uuid": "769365e2-3a4c-462b-9a77-7effc25a5d7a",
      "src": "CTcompile",
      "section": "alpha",
      "stems": [
        "social climbers"
      ],
      "syns": [
        [
          "elitists",
          "name-droppers",
          "snobs",
          "snoots",
          "snots"
        ]
      ],
      "ants": [],
      "offensive": false
    },
    "hwi": {
      "hw": "social climbers"
    },
    "fl": "noun",
    "sls": [
      "plural of {d_link|social climber|social climber}"
    ],
    "def": [
      {
        "sseq": [
          [
            [
              "sense",
              {
                "dt": [
                  [
                    "text",
                    "as in {it}elitists{/it}, {it}name-droppers{/it}"
                  ]
                ],
                "sim_list": [
                  [
                    {
                      "wd": "elitists"
                    },
                    {
                      "wd": "name-droppers"
                    }
                  ],
                  [
                    {
                      "wd": "snobs"
                    },
                    {
                      "wd": "snoots"
                    },
                    {
                      "wd": "snots"
                    }
                  ]
                ]
              }
            ]
          ]
        ]
      }
    ],
    "shortdef": [
      "as in elitists, name-droppers"
    ]
  },
  {
    "meta": {
      "id": "social democrat",
      "uuid": "0326c7f7-84d7-4f67-908a-7ceed230b04d",
      "src": "CTcompile",
      "section": "alpha",
      "stems": [
        "social democrat"
      ],
      "syns": [
        [
          "leftist",
          "lefty",
          "pink",
          "pinko",
          "commie",
          "communist",
          "comrade",
          "Red",
          "socialist",
          "Bolshevik",
          "Leninist",
          "Leninite",
          "Maoist",
          "Marxist",
          "Stalinist",
          "Trotskyist",
          "Trotskyite",
          "extremist",
          "radical",
          "revolutionary",
          "revolutionist"
        ]
      ],
      "ants": [
        [
          "capitalist"
        ]
      ],
      "offensive": false
    },
    "hwi": {
      "hw": "social democrat"
    },
    "fl": "noun",
    "def": [
      {
        "sseq": [
          [
            [
              "sense",
              {
                "dt": [
                  [
                    "text",
                    "as in {it}lefty{/it}, {it}leftist{/it}"
                  ]
                ],
                "sim_list": [
                  [
                    {
                      "wd": "leftist"
                    },
                    {
                      "wd": "lefty"
                    },
                    {
                      "wd": "pink"
                    },
                    {
                      "wd": "pinko"
                    }
                  ],
                  [
                    {
                      "wd": "commie"
                    },
                    {
                      "wd": "communist"
                    },
                    {
                      "wd": "comrade"
                    },
                    {
                      "wd": "Red"
                    },
                    {
                      "wd": "socialist"
                    }
                  ],
                  [
                    {
                      "wd": "Bolshevik"
                    },
                    {
                      "wd": "Leninist"
                    },
                    {
                      "wd": "Leninite"
                    },
                    {
                      "wd": "Maoist"
                    },
                    {
                      "wd": "Marxist"
                    },
                    {
                      "wd": "Stalinist"
                    },
                    {
                      "wd": "Trotskyist"
                    },
                    {
                      "wd": "Trotskyite"
                    }
                  ],
                  [
                    {
                      "wd": "extremist"
                    },
                    {
                      "wd": "radical"
                    },
                    {
                      "wd": "revolutionary"
                    },
                    {
                      "wd": "revolutionist"
                    }
                  ]
                ],
                "opp_list": [
                  [
                    {
                      "wd": "capitalist"
                    }
                  ]
                ]
              }
            ]
          ]
        ]
      }
    ],
    "shortdef": [
      "as in lefty, leftist"
    ]
  },
  {
    "meta": {
      "id": "social democrats",
      "uuid": "a335d8f7-4706-4646-ba0e-eb29e1997d2b",
      "src": "CTcompile",
      "section": "alpha",
      "stems": [
        "social democrats"
      ],
      "syns": [
        [
          "lefties",
          "leftists",
          "pinkos",
          "pinks",
          "commies",
          "communists",
          "comrades",
          "Reds",
          "socialists",
          "Bolsheviks",
          "Leninists",
          "Leninites",
          "Maoists",
          "Marxists",
          "Stalinists",
          "Trotskyists",
          "Trotskyites",
          "extremists",
          "radicals",
          "revolutionaries",
          "revolutionists"
        ]
      ],
      "ants": [
        [
          "capitalists"
        ]
      ],
      "offensive": false
    },
    "hwi": {
      "hw": "social democrats"
    },
    "fl": "noun",
    "sls": [
      "plural of {d_link|social democrat|social democrat}"
    ],
    "def": [
      {
        "sseq": [
          [
            [
              "sense",
              {
                "dt": [
                  [
                    "text",
                    "as in {it}lefties{/it}, {it}leftists{/it}"
                  ]
                ],
                "sim_list": [
                  [
                    {
                      "wd": "lefties"
                    },
                    {
                      "wd": "leftists"
                    },
                    {
                      "wd": "pinkos",
                      "wvrs": [
                        {
                          "wvl": "also",
                          "wva": "pinkoes"
                        }
                      ]
                    },
                    {
                      "wd": "pinks"
                    }
                  ],
                  [
                    {
                      "wd": "commies"
                    },
                    {
                      "wd": "communists"
                    },
                    {
                      "wd": "comrades"
                    },
                    {
                      "wd": "Reds"
                    },
                    {
                      "wd": "socialists"
                    }
                  ],
                  [
                    {
                      "wd": "Bolsheviks",
                      "wvrs": [
                        {
                          "wvl": "also",
                          "wva": "Bolsheviki"
                        }
                      ]
                    },
                    {
                      "wd": "Leninists"
                    },
                    {
                      "wd": "Leninites"
                    },
                    {
                      "wd": "Maoists"
                    },
                    {
                      "wd": "Marxists"
                    },
                    {
                      "wd": "Stalinists"
                    },
                    {
                      "wd": "Trotskyists"
                    },
                    {
                      "wd": "Trotskyites"
                    }
                  ],
                  [
                    {
                      "wd": "extremists"
                    },
                    {
                      "wd": "radicals"
                    },
                    {
                      "wd": "revolutionaries"
                    },
                    {
                      "wd": "revolutionists"
                    }
                  ]
                ],
                "opp_list": [
                  [
                    {
                      "wd": "capitalists"
                    }
                  ]
                ]
              }
            ]
          ]
        ]
      }
    ],
    "shortdef": [
      "as in lefties, leftists"
    ]
  },
  {
    "meta": {
      "id": "social-minded",
      "uuid": "f5d858fc-7ced-4241-9004-1683b3a2c100",
      "src": "CTcompile",
      "section": "alpha",
      "stems": [
        "social-minded"
      ],
      "syns": [
        [
          "bighearted",
          "bounteous",
          "bountiful",
          "free",
          "freehanded",
          "generous",
          "greathearted",
          "handsome",
          "liberal",
          "magnanimous",
          "munificent",
          "openhanded",
          "openhearted",
          "unselfish",
          "unsparing",
          "altruistic",
          "beneficent",
          "benevolent",
          "charitable",
          "do-good",
          "eleemosynary",
          "good",
          "humanitarian",
          "philanthropic",
          "compassionate",
          "humane",
          "kind",
          "kindhearted",
          "selfless",
          "self-sacrificing"
        ]
      ],
      "ants": [
        [
          "self-centered",
          "self-concerned",
          "selfish",
          "self-indulgent",
          "self-seeking",
          "cheap",
          "closefisted",
          "miserly",
          "niggardly",
          "parsimonious",
          "stingy",
          "tight",
          "tightfisted",
          "hard-hearted",
          "pitiless",
          "unfeeling",
          "self-obsessed"
        ]
      ],
      "offensive": false
    },
    "hwi": {
      "hw": "social-minded"
    },
    "fl": "adjective",
    "def": [
      {
        "sseq": [
          [
            [
              "sense",
              {
                "dt": [
                  [
                    "text",
                    "as in {it}good{/it}, {it}greathearted{/it}"
                  ]
                ],
                "sim_list": [
                  [
                    {
                      "wd": "bighearted"
                    },
                    {
                      "wd": "bounteous"
                    },
                    {
                      "wd": "bountiful"
                    },
                    {
                      "wd": "free"
                    },
                    {
                      "wd": "freehanded"
                    },
                    {
                      "wd": "generous"
                    },
                    {
                      "wd": "greathearted"
                    },
                    {
                      "wd": "handsome"
                    },
                    {
                      "wd": "liberal"
                    },
                    {
                      "wd": "magnanimous"
                    },
                    {
                      "wd": "munificent"
                    },
                    {
                      "wd": "openhanded"
                    },
                    {
                      "wd": "openhearted"
                    },
                    {
                      "wd": "unselfish"
                    },
                    {
                      "wd": "unsparing"
                    }
                  ],
                  [
                    {
                      "wd": "altruistic"
                    },
                    {
                      "wd": "beneficent"
                    },
                    {
                      "wd": "benevolent"
                    },
                    {
                      "wd": "charitable"
                    },
                    {
                      "wd": "do-good"
                    },
                    {
                      "wd": "eleemosynary"
                    },
                    {
                      "wd": "good"
                    },
                    {
                      "wd": "humanitarian"
                    },
                    {
                      "wd": "philanthropic",
                      "wvrs": [
                        {
                          "wvl": "also",
                          "wva": "philanthropical"
                        }
                      ]
                    }
                  ],
                  [
                    {
                      "wd": "compassionate"
                    },
                    {
                      "wd": "humane"
                    },
                    {
                      "wd": "kind"
                    },
                    {
                      "wd": "kindhearted"
                    }
                  ],
                  [
                    {
                      "wd": "selfless"
                    },
                    {
                      "wd": "self-sacrificing"
                    }
                  ]
                ],
                "opp_list": [
                  [
                    {
                      "wd": "self-centered"
                    },
                    {
                      "wd": "self-concerned"
                    },
                    {
                      "wd": "selfish"
                    }
                  ],
                  [
                    {
                      "wd": "self-indulgent"
                    },
                    {
                      "wd": "self-seeking"
                    }
                  ],
                  [
                    {
                      "wd": "cheap"
                    },
                    {
                      "wd": "closefisted"
                    },
                    {
                      "wd": "miserly"
                    },
                    {
                      "wd": "niggardly"
                    },
                    {
                      "wd": "parsimonious"
                    },
                    {
                      "wd": "stingy"
                    },
                    {
                      "wd": "tight"
                    },
                    {
                      "wd": "tightfisted"
                    }
                  ],
                  [
                    {
                      "wd": "hard-hearted"
                    },
                    {
                      "wd": "pitiless"
                    },
                    {
                      "wd": "unfeeling"
                    }
                  ],
                  [
                    {
                      "wd": "self-obsessed"
                    }
                  ]
                ]
              }
            ]
          ]
        ]
      }
    ],
    "shortdef": [
      "as in good, greathearted"
    ]
  }
]