[
  {
    "meta": {
      "id": "speaker",
      "uuid": "095cd2ce-3f58-40b8-924d-3d2abe23e3ec",
      "src": "coll_thes",
      "section": "alpha",
      "target": {
        "tuuid": "22819722-0930-4ec8-a329-d71437dc777b",
        "tsrc": "collegiate"
      },
      "stems": [
        "speaker",
        "speakers",
        "speakership",
        "speakerships"
      ],
      "syns": [
        [
          "chair",
          "chairman",
          "chairperson",
          "moderator",
          "president",
          "presider",
          "prolocutor"
        ],
        [
          "mouth",
          "mouthpiece",
          "point man",
          "point person",
          "prophet",
          "spokesman",
          "spokesperson"
        ],
        [
          "lecturer",
          "orator"
        ]
      ],
      "ants": [],
      "offensive": false
    },
    "hwi": {
      "hw": "speaker"
    },
    "fl": "noun",
    "def": [
      {
        "sseq": [
          [
            [
              "sense",
              {
                "sn": "1",
                "dt": [
                  [
                    "text",
                    "a person in charge of a meeting "
                  ],
                  [
                    "vis",
                    [
                      {
                        "t": "the {it}speaker{/it} announced that it was time for the club to move on to another matter"
                      }
                    ]
                  ]
                ],
                "syn_list": [
                  [
                    {
                      "wd": "chair"
                    },
                    {
                      "wd": "chairman"
                    },
                    {
                      "wd": "chairperson"
                    },
                    {
                      "wd": "moderator"
                    },
                    {
                      "wd": "president"
                    },
                    {
                      "wd": "presider"
                    },
                    {
                      "wd": "prolocutor"
                    }
                  ]
                ],
                "rel_list": [
                  [
                    {
                      "wd": "chairwoman"
                    }
                  ],
                  [
                    {
                      "wd": "cochair"
                    },
                    {
                      "wd": "cochairman"
                    },
                    {
                      "wd": "cochairperson"
                    },
                    {
                      "wd": "cochairwoman"
                    },
                    {
                      "wd": "copresident"
                    }
                  ]
                ]
              }
            ]
          ],
          [
            [
              "sense",
              {
                "sn": "2",
                "dt": [
                  [
                    "text",
                    "a person who speaks for another or for a group "
                  ],
                  [
                    "vis",
                    [
                      {
                        "t": "unofficially chose a {it}speaker{/it} to broach the subject with the supervisor of the department"
                      }
                    ]
                  ]
                ],
                "syn_list": [
                  [
                    {
                      "wd": "mouth"
                    },
                    {
                      "wd": "mouthpiece"
                    },
                    {
                      "wd": "point man"
                    },
                    {
                      "wd": "point person"
                    },
                    {
                      "wd": "prophet"
                    },
                    {
                      "wd": "spokesman"
                    },
                    {
                      "wd": "spokesperson"
                    }
                  ]
                ],
                "rel_list": [
                  [
                    {
                      "wd": "spokesmodel"
                    },
                    {
                      "wd": "spokeswoman"
                    }
                  ],
                  [
                    {
                      "wd": "front"
                    },
                    {
                      "wd": "promoter"
                    },
                    {
                      "wd": "shill"
                    }
                  ],
                  [
                    {
                      "wd": "communicator"
                    },
                    {
                      "wd": "sayer"
                    },
                    {
                      "wd": "talker"
                    }
                  ],
                  [
                    {
                      "wd": "agent"
                    },
                    {
                      "wd": "ambassador"
                    },
                    {
                      "wd": "delegate"
                    },
                    {
                      "wd": "emissary"
                    },
                    {
                      "wd": "envoy"
                    },
                    {
                      "wd": "representative"
                    }
                  ]
                ]
              }
            ]
          ],
          [
            [
              "sense",
              {
                "sn": "3",
                "dt": [
                  [
                    "text",
                    "a person who makes usually formal public speeches "
                  ],
                  [
                    "vis",
                    [
                      {
                        "t": "the after-dinner {it}speaker{/it} was a career diplomat who regaled us with humorous anecdotes from his travels abroad"
                      }
                    ]
                  ]
                ],
                "syn_list": [
                  [
                    {
                      "wd": "lecturer"
                    },
                    {
                      "wd": "orator"
                    }
                  ]
                ],
                "rel_list": [
                  [
                    {
                      "wd": "rhetorician"
                    },
                    {
                      "wd": "spellbinder"
                    }
                  ],
                  [
                    {
                      "wd": "declaimer"
                    },
                    {
                      "wd": "spouter"
                    }
                  ],
                  [
                    {
                      "wd": "spieler"
                    }
                  ]
                ]
              }
            ]
          ]
        ]
      }
    ],
    "shortdef": [
      "a person in charge of a meeting",
      "a person who speaks for another or for a group",
      "a person who makes usually formal public speeches"
    ]
  }
]