[
  {
    "meta": {
      "id": "state",
      "uuid": "f1ffc227-d3d7-4fd2-aacb-b491b6124663",
      "src": "coll_thes",
      "section": "alpha",
      "target": {
        "tuuid": "c4f323f1-e76a-41e7-ba44-23a3ce307c2c",
        "tsrc": "collegiate"
      },
      "stems": [
        "state",
        "states"
      ],
      "syns": [
        [
          "commonwealth",
          "country",
          "land",
          "nation",
          "sovereignty"
        ],
        [
          "class",
          "dignity",
          "fashion",
          "quality",
          "rank",
          "standing"
        ]
      ],
      "ants": [],
      "offensive": false
    },
    "hwi": {
      "hw": "state"
    },
    "fl": "noun",
    "def": [
      {
        "sseq": [
          [
            [
              "sense",
              {
                "sn": "1",
                "dt": [
                  [
                    "text",
                    "a body of people composed of one or more nationalities usually with its own territory and government "
                  ],
                  [
                    "vis",
                    [
                      {
                        "t": "the British monarch is the head of {it}state{/it}, while the prime minister is the head of the government"
                      }
                    ]
                  ]
                ],
                "syn_list": [
                  [
                    {
                      "wd": "commonwealth"
                    },
                    {
                      "wd": "country"
                    },
                    {
                      "wd": "land"
                    },
                    {
                      "wd": "nation"
                    },
                    {
                      "wd": "sovereignty",
                      "wvrs": [
                        {
                          "wvl": "also",
                          "wva": "sovranty"
                        }
                      ]
                    }
                  ]
                ],
                "rel_list": [
                  [
                    {
                      "wd": "city-state"
                    },
                    {
                      "wd": "microstate"
                    },
                    {
                      "wd": "ministate"
                    },
                    {
                      "wd": "nation-state"
                    }
                  ],
                  [
                    {
                      "wd": "domain"
                    },
                    {
                      "wd": "dominion"
                    },
                    {
                      "wd": "empire"
                    },
                    {
                      "wd": "kingdom"
                    },
                    {
                      "wd": "realm"
                    },
                    {
                      "wd": "republic"
                    }
                  ],
                  [
                    {
                      "wd": "duchy"
                    },
                    {
                      "wd": "dukedom"
                    },
                    {
                      "wd": "emirate"
                    },
                    {
                      "wd": "principality"
                    },
                    {
                      "wd": "seigniory",
                      "wvrs": [
                        {
                          "wvl": "or",
                          "wva": "seignory"
                        }
                      ]
                    },
                    {
                      "wd": "sultanate"
                    }
                  ],
                  [
                    {
                      "wd": "democracy"
                    },
                    {
                      "wd": "dictatorship"
                    },
                    {
                      "wd": "monarchy"
                    },
                    {
                      "wd": "monocracy"
                    },
                    {
                      "wd": "oligarchy"
                    },
                    {
                      "wd": "sovereign",
                      "wvrs": [
                        {
                          "wvl": "also",
                          "wva": "sovran"
                        }
                      ]
                    },
                    {
                      "wd": "theocracy"
                    }
                  ],
                  [
                    {
                      "wd": "client state"
                    },
                    {
                      "wd": "colony"
                    },
                    {
                      "wd": "condominium"
                    },
                    {
                      "wd": "dependency"
                    },
                    {
                      "wd": "mandate"
                    },
                    {
                      "wd": "province"
                    },
                    {
                      "wd": "settlement"
                    },
                    {
                      "wd": "soil"
                    },
                    {
                      "wd": "trust territory"
                    }
                  ],
                  [
                    {
                      "wd": "fatherland"
                    },
                    {
                      "wd": "homeland"
                    },
                    {
                      "wd": "motherland"
                    }
                  ],
                  [
                    {
                      "wd": "great power"
                    },
                    {
                      "wd": "power"
                    },
                    {
                      "wd": "sea power"
                    },
                    {
                      "wd": "superpower"
                    },
                    {
                      "wd": "world power"
                    }
                  ],
                  [
                    {
                      "wd": "welfare state"
                    }
                  ]
                ]
              }
            ]
          ],
          [
            [
              "sense",
              {
                "sn": "2",
                "dt": [
                  [
                    "text",
                    "high position within society "
                  ],
                  [
                    "vis",
                    [
                      {
                        "t": "Sir Thomas More was accorded an execution befitting his {it}state{/it}: a beheading and not the hanging that common criminals received"
                      }
                    ]
                  ]
                ],
                "syn_list": [
                  [
                    {
                      "wd": "class"
                    },
                    {
                      "wd": "dignity"
                    },
                    {
                      "wd": "fashion"
                    },
                    {
                      "wd": "quality"
                    },
                    {
                      "wd": "rank"
                    },
                    {
                      "wd": "standing"
                    }
                  ]
                ],
                "rel_list": [
                  [
                    {
                      "wd": "gentility"
                    },
                    {
                      "wd": "gentleness"
                    },
                    {
                      "wd": "nobility"
                    },
                    {
                      "wd": "nobleness"
                    }
                  ],
                  [
                    {
                      "wd": "grandness"
                    },
                    {
                      "wd": "highness"
                    },
                    {
                      "wd": "loftiness"
                    }
                  ],
                  [
                    {
                      "wd": "distinction"
                    },
                    {
                      "wd": "dominance"
                    },
                    {
                      "wd": "precedence"
                    },
                    {
                      "wd": "preeminence"
                    },
                    {
                      "wd": "primacy"
                    },
                    {
                      "wd": "superiority"
                    }
                  ],
                  [
                    {
                      "wd": "caste"
                    },
                    {
                      "wd": "station"
                    },
                    {
                      "wd": "status"
                    }
                  ],
                  [
                    {
                      "wd": "preferment"
                    }
                  ]
                ],
                "near_list": [
                  [
                    {
                      "wd": "debasement"
                    },
                    {
                      "wd": "degradation"
                    }
                  ],
                  [
                    {
                      "wd": "subordinateness"
                    },
                    {
                      "wd": "subordination"
                    }
                  ],
                  [
                    {
                      "wd": "baseness"
                    },
                    {
                      "wd": "commonness"
                    },
                    {
                      "wd": "inferiority"
                    },
                    {
                      "wd": "lowliness"
                    },
                    {
                      "wd": "lowness"
                    }
                  ]
                ]
              }
            ]
          ]
        ]
      }
    ],
    "shortdef": [
      "a body of people composed of one or more nationalities usually with its own territory and government",
      "high position within society"
    ]
  },
  {
    "meta": {
      "id": "state",
      "uuid": "a282a9d1-b2db-463a-b46a-1b3dd6f827e8",
      "src": "coll_thes",
      "section": "alpha",
      "target": {
        "tuuid": "5f2254a9-dcfd-4d76-9036-894bb3c8be53",
        "tsrc": "collegiate"
      },
      "stems": [
        "state",
        "statable",
        "stateable",
        "stated",
        "states",
        "stating"
      ],
      "syns": [
        [
          "articulate",
          "clothe",
          "couch",
          "express",
          "formulate",
          "phrase",
          "put",
          "say",
          "word"
        ],
        [
          "articulate",
          "bring out",
          "enunciate",
          "pass",
          "say",
          "speak",
          "talk",
          "tell",
          "utter",
          "verbalize",
          "vocalize"
        ],
        [
          "air",
          "expound",
          "express",
          "give",
          "look",
          "raise",
          "sound",
          "vent",
          "ventilate",
          "voice"
        ]
      ],
      "ants": [
        [
          "stifle",
          "suppress"
        ]
      ],
      "offensive": false
    },
    "hwi": {
      "hw": "state"
    },
    "fl": "verb",
    "def": [
      {
        "sseq": [
          [
            [
              "sense",
              {
                "sn": "1",
                "dt": [
                  [
                    "text",
                    "to convey in appropriate or telling terms "
                  ],
                  [
                    "vis",
                    [
                      {
                        "t": "please {it}state{/it} the vehicle's mechanical problem as clearly and briefly as possible"
                      }
                    ]
                  ]
                ],
                "syn_list": [
                  [
                    {
                      "wd": "articulate"
                    },
                    {
                      "wd": "clothe"
                    },
                    {
                      "wd": "couch"
                    },
                    {
                      "wd": "express"
                    },
                    {
                      "wd": "formulate"
                    },
                    {
                      "wd": "phrase"
                    },
                    {
                      "wd": "put"
                    },
                    {
                      "wd": "say"
                    },
                    {
                      "wd": "word"
                    }
                  ]
                ],
                "rel_list": [
                  [
                    {
                      "wd": "craft"
                    },
                    {
                      "wd": "frame"
                    }
                  ],
                  [
                    {
                      "wd": "hint"
                    },
                    {
                      "wd": "imply"
                    },
                    {
                      "wd": "insinuate"
                    },
                    {
                      "wd": "intimate"
                    },
                    {
                      "wd": "suggest"
                    }
                  ],
                  [
                    {
                      "wd": "paraphrase"
                    },
                    {
                      "wd": "rephrase"
                    },
                    {
                      "wd": "restate"
                    },
                    {
                      "wd": "reword"
                    },
                    {
                      "wd": "summarize"
                    },
                    {
                      "wd": "translate"
                    }
                  ],
                  [
                    {
                      "wd": "communicate"
                    },
                    {
                      "wd": "disclose"
                    },
                    {
                      "wd": "speak"
                    },
                    {
                      "wd": "talk"
                    },
                    {
                      "wd": "tell"
                    },
                    {
                      "wd": "utter"
                    },
                    {
                      "wd": "verbalize"
                    },
                    {
                      "wd": "vocalize"
                    }
                  ],
                  [
                    {
                      "wd": "describe"
                    },
                    {
                      "wd": "render"
                    },
                    {
                      "wd": "write up"
                    }
                  ]
                ]
              }
            ]
          ],
          [
            [
              "sense",
              {
                "sn": "2",
                "dt": [
                  [
                    "text",
                    "to express (a thought or emotion) in words "
                  ],
                  [
                    "vis",
                    [
                      {
                        "t": "{ldquo}I believe this theory is wrong,{rdquo} she {it}stated{/it}"
                      }
                    ]
                  ]
                ],
                "syn_list": [
                  [
                    {
                      "wd": "articulate"
                    },
                    {
                      "wd": "bring out"
                    },
                    {
                      "wd": "enunciate"
                    },
                    {
                      "wd": "pass"
                    },
                    {
                      "wd": "say"
                    },
                    {
                      "wd": "speak"
                    },
                    {
                      "wd": "talk"
                    },
                    {
                      "wd": "tell"
                    },
                    {
                      "wd": "utter"
                    },
                    {
                      "wd": "verbalize"
                    },
                    {
                      "wd": "vocalize"
                    }
                  ]
                ],
                "rel_list": [
                  [
                    {
                      "wd": "air"
                    },
                    {
                      "wd": "discuss"
                    },
                    {
                      "wd": "give"
                    },
                    {
                      "wd": "look"
                    },
                    {
                      "wd": "share"
                    },
                    {
                      "wd": "sound"
                    },
                    {
                      "wd": "vent"
                    },
                    {
                      "wd": "ventilate"
                    },
                    {
                      "wd": "voice"
                    }
                  ],
                  [
                    {
                      "wd": "blabber"
                    },
                    {
                      "wd": "bolt"
                    },
                    {
                      "wd": "blurt"
                    },
                    {
                      "wd": "get off"
                    },
                    {
                      "wd": "shoot"
                    }
                  ],
                  [
                    {
                      "wd": "advertise"
                    },
                    {
                      "wd": "announce"
                    },
                    {
                      "wd": "blaze"
                    },
                    {
                      "wd": "broadcast"
                    },
                    {
                      "wd": "declare"
                    },
                    {
                      "wd": "post"
                    },
                    {
                      "wd": "proclaim"
                    },
                    {
                      "wd": "promulgate"
                    },
                    {
                      "wd": "publicize"
                    },
                    {
                      "wd": "publish"
                    }
                  ],
                  [
                    {
                      "wd": "affirm"
                    },
                    {
                      "wd": "allege"
                    },
                    {
                      "wd": "assert"
                    },
                    {
                      "wd": "aver"
                    },
                    {
                      "wd": "avouch"
                    },
                    {
                      "wd": "avow"
                    }
                  ],
                  [
                    {
                      "wd": "breathe"
                    },
                    {
                      "wd": "chirp"
                    },
                    {
                      "wd": "drawl"
                    },
                    {
                      "wd": "gasp"
                    },
                    {
                      "wd": "lip"
                    },
                    {
                      "wd": "mouth"
                    },
                    {
                      "wd": "murmur"
                    },
                    {
                      "wd": "purr"
                    },
                    {
                      "wd": "shout"
                    },
                    {
                      "wd": "splutter"
                    },
                    {
                      "wd": "spout"
                    },
                    {
                      "wd": "whisper"
                    }
                  ],
                  [
                    {
                      "wd": "clothe"
                    },
                    {
                      "wd": "couch"
                    },
                    {
                      "wd": "formulate"
                    },
                    {
                      "wd": "formulize"
                    },
                    {
                      "wd": "phrase"
                    },
                    {
                      "wd": "put"
                    },
                    {
                      "wd": "word"
                    }
                  ],
                  [
                    {
                      "wd": "comment"
                    },
                    {
                      "wd": "pipe up (with)"
                    },
                    {
                      "wd": "remark"
                    }
                  ],
                  [
                    {
                      "wd": "rip (out)"
                    },
                    {
                      "wd": "snarl"
                    }
                  ]
                ],
                "phrase_list": [
                  [
                    {
                      "wd": "put into words"
                    }
                  ]
                ],
                "near_list": [
                  [
                    {
                      "wd": "stifle"
                    },
                    {
                      "wd": "suppress"
                    }
                  ]
                ]
              }
            ]
          ],
          [
            [
              "sense",
              {
                "sn": "3",
                "dt": [
                  [
                    "text",
                    "to make known (as an idea, emotion, or opinion) "
                  ],
                  [
                    "vis",
                    [
                      {
                        "t": "everyone has a right to {it}state{/it} his or her opinion, no matter how unpopular it may be"
                      }
                    ]
                  ]
                ],
                "syn_list": [
                  [
                    {
                      "wd": "air"
                    },
                    {
                      "wd": "expound"
                    },
                    {
                      "wd": "express"
                    },
                    {
                      "wd": "give"
                    },
                    {
                      "wd": "look"
                    },
                    {
                      "wd": "raise"
                    },
                    {
                      "wd": "sound"
                    },
                    {
                      "wd": "vent"
                    },
                    {
                      "wd": "ventilate"
                    },
                    {
                      "wd": "voice"
                    }
                  ]
                ],
                "rel_list": [
                  [
                    {
                      "wd": "advertise"
                    },
                    {
                      "wd": "announce"
                    },
                    {
                      "wd": "declare"
                    },
                    {
                      "wd": "enounce"
                    },
                    {
                      "wd": "enunciate"
                    },
                    {
                      "wd": "proclaim"
                    },
                    {
                      "wd": "say"
                    }
                  ],
                  [
                    {
                      "wd": "broadcast"
                    },
                    {
                      "wd": "circulate"
                    },
                    {
                      "wd": "disseminate"
                    },
                    {
                      "wd": "publish"
                    }
                  ],
                  [
                    {
                      "wd": "describe"
                    },
                    {
                      "wd": "write"
                    },
                    {
                      "wd": "write up"
                    }
                  ],
                  [
                    {
                      "wd": "sound off"
                    },
                    {
                      "wd": "speak out"
                    },
                    {
                      "wd": "speak up"
                    }
                  ],
                  [
                    {
                      "wd": "chime in"
                    }
                  ],
                  [
                    {
                      "wd": "communicate"
                    },
                    {
                      "wd": "convey"
                    },
                    {
                      "wd": "put across"
                    },
                    {
                      "wd": "put over"
                    }
                  ],
                  [
                    {
                      "wd": "offer"
                    },
                    {
                      "wd": "submit"
                    }
                  ]
                ],
                "phrase_list": [
                  [
                    {
                      "wd": "give air to"
                    },
                    {
                      "wd": "put forth"
                    }
                  ]
                ],
                "near_list": [
                  [
                    {
                      "wd": "censor"
                    },
                    {
                      "wd": "restrain"
                    },
                    {
                      "wd": "restrict"
                    }
                  ]
                ],
                "ant_list": [
                  [
                    {
                      "wd": "stifle"
                    },
                    {
                      "wd": "suppress"
                    }
                  ]
                ]
              }
            ]
          ]
        ]
      }
    ],
    "shortdef": [
      "to convey in appropriate or telling terms",
      "to express (a thought or emotion) in words",
      "to make known (as an idea, emotion, or opinion)"
    ]
  },
  {
    "meta": {
      "id": "state-of-the-art",
      "uuid": "811e9390-250f-4201-b044-00c2702744f9",
      "src": "coll_thes",
      "section": "alpha",
      "stems": [
        "state-of-the-art"
      ],
      "syns": [
        [
          "advanced",
          "avant",
          "avant-garde",
          "cutting-edge",
          "progressive"
        ],
        [
          "contemporary",
          "current",
          "designer",
          "hot",
          "mod",
          "modern",
          "modernistic",
          "new",
          "new age",
          "new-fashioned",
          "newfangled",
          "present-day",
          "red-hot",
          "space-age",
          "ultramodern",
          "up-to-date",
          "up-to-the-minute"
        ]
      ],
      "ants": [
        [
          "antiquated",
          "archaic",
          "dated",
          "fusty",
          "musty",
          "oldfangled",
          "old-fashioned",
          "old-time",
          "out-of-date",
          "pass\u00e9"
        ]
      ],
      "offensive": false
    },
    "hwi": {
      "hw": "state-of-the-art"
    },
    "fl": "adjective",
    "def": [
      {
        "sseq": [
          [
            [
              "sense",
              {
                "sn": "1",
                "dt": [
                  [
                    "text",
                    "being or employing the latest concepts, styles, or techniques "
                  ],
                  [
                    "vis",
                    [
                      {
                        "t": "a medical center that prides itself on being a leader in {it}state-of-the-art{/it} microsurgery"
                      }
                    ]
                  ]
                ],
                "syn_list": [
                  [
                    {
                      "wd": "advanced"
                    },
                    {
                      "wd": "avant"
                    },
                    {
                      "wd": "avant-garde"
                    },
                    {
                      "wd": "cutting-edge"
                    },
                    {
                      "wd": "progressive"
                    }
                  ]
                ],
                "rel_list": [
                  [
                    {
                      "wd": "pioneering"
                    },
                    {
                      "wd": "revolutionary"
                    },
                    {
                      "wd": "trailblazing"
                    }
                  ],
                  [
                    {
                      "wd": "alternative"
                    },
                    {
                      "wd": "antiestablishment"
                    },
                    {
                      "wd": "nontraditional"
                    },
                    {
                      "wd": "unconventional"
                    },
                    {
                      "wd": "underground"
                    }
                  ],
                  [
                    {
                      "wd": "bizarre"
                    },
                    {
                      "wd": "far-out"
                    },
                    {
                      "wd": "outr\u00e9"
                    },
                    {
                      "wd": "way-out"
                    }
                  ],
                  [
                    {
                      "wd": "fresh"
                    },
                    {
                      "wd": "new"
                    },
                    {
                      "wd": "novel"
                    },
                    {
                      "wd": "original"
                    }
                  ],
                  [
                    {
                      "wd": "strange"
                    },
                    {
                      "wd": "unaccustomed"
                    },
                    {
                      "wd": "unfamiliar"
                    },
                    {
                      "wd": "unheard-of"
                    },
                    {
                      "wd": "unknown"
                    },
                    {
                      "wd": "unprecedented"
                    }
                  ],
                  [
                    {
                      "wd": "contemporary"
                    },
                    {
                      "wd": "current"
                    },
                    {
                      "wd": "hot"
                    },
                    {
                      "wd": "mod"
                    },
                    {
                      "wd": "modern"
                    },
                    {
                      "wd": "modernistic"
                    },
                    {
                      "wd": "newfangled"
                    },
                    {
                      "wd": "new-fashioned"
                    },
                    {
                      "wd": "present-day"
                    },
                    {
                      "wd": "red-hot"
                    },
                    {
                      "wd": "space-age"
                    },
                    {
                      "wd": "ultramodern"
                    },
                    {
                      "wd": "up-to-date"
                    }
                  ]
                ],
                "near_list": [
                  [
                    {
                      "wd": "conventional"
                    },
                    {
                      "wd": "customary"
                    },
                    {
                      "wd": "established"
                    },
                    {
                      "wd": "orthodox"
                    },
                    {
                      "wd": "traditional"
                    }
                  ]
                ]
              }
            ]
          ],
          [
            [
              "sense",
              {
                "sn": "2",
                "dt": [
                  [
                    "text",
                    "being or involving the latest methods, concepts, information, or styles "
                  ],
                  [
                    "vis",
                    [
                      {
                        "t": "he spent a boatload of money on a {it}state-of-the-art{/it} home theater"
                      }
                    ]
                  ]
                ],
                "syn_list": [
                  [
                    {
                      "wd": "contemporary"
                    },
                    {
                      "wd": "current"
                    },
                    {
                      "wd": "designer"
                    },
                    {
                      "wd": "hot"
                    },
                    {
                      "wd": "mod"
                    },
                    {
                      "wd": "modern"
                    },
                    {
                      "wd": "modernistic"
                    },
                    {
                      "wd": "new"
                    },
                    {
                      "wd": "new age"
                    },
                    {
                      "wd": "new-fashioned"
                    },
                    {
                      "wd": "newfangled"
                    },
                    {
                      "wd": "present-day"
                    },
                    {
                      "wd": "red-hot"
                    },
                    {
                      "wd": "space-age"
                    },
                    {
                      "wd": "ultramodern"
                    },
                    {
                      "wd": "up-to-date"
                    },
                    {
                      "wd": "up-to-the-minute"
                    }
                  ]
                ],
                "rel_list": [
                  [
                    {
                      "wd": "fashionable"
                    },
                    {
                      "wd": "happening"
                    },
                    {
                      "wd": "in"
                    },
                    {
                      "wd": "modish"
                    },
                    {
                      "wd": "nouvelle"
                    },
                    {
                      "wd": "now"
                    },
                    {
                      "wd": "stylish"
                    }
                  ],
                  [
                    {
                      "wd": "last"
                    },
                    {
                      "wd": "latest"
                    }
                  ],
                  [
                    {
                      "wd": "modernized"
                    },
                    {
                      "wd": "updated"
                    }
                  ],
                  [
                    {
                      "wd": "futuristic"
                    },
                    {
                      "wd": "high-tech",
                      "wvrs": [
                        {
                          "wvl": "also",
                          "wva": "hi-tech"
                        }
                      ]
                    }
                  ],
                  [
                    {
                      "wd": "latter-day"
                    },
                    {
                      "wd": "recent"
                    }
                  ]
                ],
                "near_list": [
                  [
                    {
                      "wd": "anachronistic"
                    }
                  ],
                  [
                    {
                      "wd": "aged"
                    },
                    {
                      "wd": "age-old"
                    },
                    {
                      "wd": "ancient"
                    },
                    {
                      "wd": "antediluvian"
                    },
                    {
                      "wd": "hoary"
                    },
                    {
                      "wd": "old"
                    },
                    {
                      "wd": "venerable"
                    }
                  ],
                  [
                    {
                      "wd": "bygone"
                    },
                    {
                      "wd": "former"
                    },
                    {
                      "wd": "late"
                    },
                    {
                      "wd": "olden"
                    },
                    {
                      "wd": "past"
                    }
                  ],
                  [
                    {
                      "wd": "antique"
                    },
                    {
                      "wd": "historic"
                    },
                    {
                      "wd": "historical"
                    }
                  ],
                  [
                    {
                      "wd": "retro"
                    },
                    {
                      "wd": "retrograde"
                    }
                  ],
                  [
                    {
                      "wd": "kaput",
                      "wvrs": [
                        {
                          "wvl": "also",
                          "wva": "kaputt"
                        }
                      ]
                    },
                    {
                      "wd": "obsolete"
                    },
                    {
                      "wd": "outmoded"
                    },
                    {
                      "wd": "outworn"
                    },
                    {
                      "wd": "unmodernized"
                    }
                  ],
                  [
                    {
                      "wd": "old-world"
                    }
                  ],
                  [
                    {
                      "wd": "discarded"
                    },
                    {
                      "wd": "disused"
                    },
                    {
                      "wd": "moth-eaten"
                    }
                  ],
                  [
                    {
                      "wd": "forgotten"
                    },
                    {
                      "wd": "remote"
                    }
                  ],
                  [
                    {
                      "wd": "ageless"
                    },
                    {
                      "wd": "dateless"
                    },
                    {
                      "wd": "timeless"
                    }
                  ]
                ],
                "ant_list": [
                  [
                    {
                      "wd": "antiquated"
                    },
                    {
                      "wd": "archaic"
                    },
                    {
                      "wd": "dated"
                    },
                    {
                      "wd": "fusty"
                    },
                    {
                      "wd": "musty"
                    },
                    {
                      "wd": "oldfangled"
                    },
                    {
                      "wd": "old-fashioned"
                    },
                    {
                      "wd": "old-time"
                    },
                    {
                      "wd": "out-of-date"
                    },
                    {
                      "wd": "pass\u00e9"
                    }
                  ]
                ]
              }
            ]
          ]
        ]
      }
    ],
    "shortdef": [
      "being or employing the latest concepts, styles, or techniques",
      "being or involving the latest methods, concepts, information, or styles"
    ]
  },
  {
    "meta": {
      "id": "state's evidence",
      "uuid": "042d45ab-d65c-4bce-8902-8d4fee72559f",
      "src": "CTcompile",
      "section": "alpha",
      "stems": [
        "state's evidence"
      ],
      "syns": [
        [
          "evidence",
          "collaborationist",
          "collaborator",
          "informant",
          "informer",
          "companion",
          "comrade",
          "crony",
          "henchman",
          "partner",
          "abettor",
          "accessory",
          "accomplice",
          "cohort",
          "confederate",
          "conspirator",
          "plotter",
          "traitor",
          "gangster",
          "mobster",
          "racketeer"
        ]
      ],
      "ants": [],
      "offensive": false
    },
    "hwi": {
      "hw": "state's evidence"
    },
    "fl": "noun",
    "def": [
      {
        "sseq": [
          [
            [
              "sense",
              {
                "dt": [
                  [
                    "text",
                    "as in {it}evidence{/it}"
                  ]
                ],
                "sim_list": [
                  [
                    {
                      "wd": "evidence"
                    }
                  ],
                  [
                    {
                      "wd": "collaborationist"
                    },
                    {
                      "wd": "collaborator"
                    },
                    {
                      "wd": "informant"
                    },
                    {
                      "wd": "informer"
                    }
                  ],
                  [
                    {
                      "wd": "companion"
                    },
                    {
                      "wd": "comrade"
                    },
                    {
                      "wd": "crony"
                    },
                    {
                      "wd": "henchman"
                    },
                    {
                      "wd": "partner"
                    }
                  ],
                  [
                    {
                      "wd": "abettor",
                      "wvrs": [
                        {
                          "wvl": "also",
                          "wva": "abetter"
                        }
                      ]
                    },
                    {
                      "wd": "accessory",
                      "wvrs": [
                        {
                          "wvl": "also",
                          "wva": "accessary"
                        }
                      ]
                    },
                    {
                      "wd": "accomplice"
                    },
                    {
                      "wd": "cohort"
                    },
                    {
                      "wd": "confederate"
                    }
                  ],
                  [
                    {
                      "wd": "conspirator"
                    },
                    {
                      "wd": "plotter"
                    },
                    {
                      "wd": "traitor"
                    }
                  ],
                  [
                    {
                      "wd": "gangster"
                    },
                    {
                      "wd": "mobster"
                    },
                    {
                      "wd": "racketeer"
                    }
                  ]
                ]
              }
            ]
          ]
        ]
      }
    ],
    "shortdef": [
      "as in evidence"
    ]
  },
  {
    "meta": {
      "id": "state's evidences",
      "uuid": "195b0817-0f03-420f-a825-06a21ef02966",
      "src": "CTcompile",
      "section": "alpha",
      "stems": [
        "state's evidences"
      ],
      "syns": [
        [
          "evidences",
          "collaborationists",
          "collaborators",
          "informants",
          "informers",
          "companions",
          "comrades",
          "cronies",
          "henchmen",
          "partners",
          "abettors",
          "accessories",
          "accomplices",
          "cohorts",
          "confederates",
          "conspirators",
          "plotters",
          "traitors",
          "gangsters",
          "mobsters",
          "racketeers"
        ]
      ],
      "ants": [],
      "offensive": false
    },
    "hwi": {
      "hw": "state's evidences"
    },
    "fl": "noun",
    "sls": [
      "plural of {d_link|state's evidence|state's evidence}"
    ],
    "def": [
      {
        "sseq": [
          [
            [
              "sense",
              {
                "dt": [
                  [
                    "text",
                    "as in {it}evidences{/it}"
                  ]
                ],
                "sim_list": [
                  [
                    {
                      "wd": "evidences"
                    }
                  ],
                  [
                    {
                      "wd": "collaborationists"
                    },
                    {
                      "wd": "collaborators"
                    },
                    {
                      "wd": "informants"
                    },
                    {
                      "wd": "informers"
                    }
                  ],
                  [
                    {
                      "wd": "companions"
                    },
                    {
                      "wd": "comrades"
                    },
                    {
                      "wd": "cronies"
                    },
                    {
                      "wd": "henchmen"
                    },
                    {
                      "wd": "partners"
                    }
                  ],
                  [
                    {
                      "wd": "abettors",
                      "wvrs": [
                        {
                          "wvl": "also",
                          "wva": "abetters"
                        }
                      ]
                    },
                    {
                      "wd": "accessories",
                      "wvrs": [
                        {
                          "wvl": "also",
                          "wva": "accessaries"
                        }
                      ]
                    },
                    {
                      "wd": "accomplices"
                    },
                    {
                      "wd": "cohorts"
                    },
                    {
                      "wd": "confederates"
                    }
                  ],
                  [
                    {
                      "wd": "conspirators"
                    },
                    {
                      "wd": "plotters"
                    },
                    {
                      "wd": "traitors"
                    }
                  ],
                  [
                    {
                      "wd": "gangsters"
                    },
                    {
                      "wd": "mobsters"
                    },
                    {
                      "wd": "racketeers"
                    }
                  ]
                ]
              }
            ]
          ]
        ]
      }
    ],
    "shortdef": [
      "as in evidences"
    ]
  },
  {
    "meta": {
      "id": "state aid",
      "uuid": "b58f8000-9ede-403e-a415-e81e9f645a00",
      "src": "CTcompile",
      "section": "alpha",
      "stems": [
        "state aid"
      ],
      "syns": [
        [
          "foreign aid",
          "relief",
          "aid",
          "assistance",
          "block grant",
          "grant-in-aid",
          "set-aside",
          "advance",
          "allowance",
          "benefit",
          "bequest",
          "endowment",
          "fund",
          "legacy",
          "stipend",
          "trust",
          "trust fund",
          "allocation",
          "allotment",
          "annuity",
          "appropriation",
          "entitlement",
          "grant",
          "subsidy",
          "subvention"
        ]
      ],
      "ants": [],
      "offensive": false
    },
    "hwi": {
      "hw": "state aid"
    },
    "fl": "noun",
    "def": [
      {
        "sseq": [
          [
            [
              "sense",
              {
                "dt": [
                  [
                    "text",
                    "as in {it}relief{/it}, {it}foreign aid{/it}"
                  ]
                ],
                "sim_list": [
                  [
                    {
                      "wd": "foreign aid"
                    },
                    {
                      "wd": "relief"
                    }
                  ],
                  [
                    {
                      "wd": "aid"
                    },
                    {
                      "wd": "assistance"
                    },
                    {
                      "wd": "block grant"
                    },
                    {
                      "wd": "grant-in-aid"
                    },
                    {
                      "wd": "set-aside"
                    }
                  ],
                  [
                    {
                      "wd": "advance"
                    },
                    {
                      "wd": "allowance"
                    },
                    {
                      "wd": "benefit"
                    },
                    {
                      "wd": "bequest"
                    },
                    {
                      "wd": "endowment"
                    },
                    {
                      "wd": "fund"
                    },
                    {
                      "wd": "legacy"
                    },
                    {
                      "wd": "stipend"
                    },
                    {
                      "wd": "trust"
                    },
                    {
                      "wd": "trust fund"
                    }
                  ],
                  [
                    {
                      "wd": "allocation"
                    },
                    {
                      "wd": "allotment"
                    },
                    {
                      "wd": "annuity"
                    },
                    {
                      "wd": "appropriation"
                    },
                    {
                      "wd": "entitlement"
                    },
                    {
                      "wd": "grant"
                    },
                    {
                      "wd": "subsidy"
                    },
                    {
                      "wd": "subvention"
                    }
                  ]
                ]
              }
            ]
          ]
        ]
      }
    ],
    "shortdef": [
      "as in relief, foreign aid"
    ]
  },
  {
    "meta": {
      "id": "state aids",
      "uuid": "5cce732e-ab57-40c6-89ed-bc40539db4a0",
      "src": "CTcompile",
      "section": "alpha",
      "stems": [
        "state aids"
      ],
      "syns": [
        [
          "foreign aids",
          "reliefs",
          "aids",
          "assistances",
          "block grants",
          "grants-in-aid",
          "set-asides",
          "advances",
          "allowances",
          "benefits",
          "bequests",
          "endowments",
          "funds",
          "legacies",
          "stipends",
          "trust funds",
          "trusts",
          "allocations",
          "allotments",
          "annuities",
          "appropriations",
          "entitlements",
          "grants",
          "subsidies",
          "subventions"
        ]
      ],
      "ants": [],
      "offensive": false
    },
    "hwi": {
      "hw": "state aids"
    },
    "fl": "noun",
    "sls": [
      "plural of {d_link|state aid|state aid}"
    ],
    "def": [
      {
        "sseq": [
          [
            [
              "sense",
              {
                "dt": [
                  [
                    "text",
                    "as in {it}reliefs{/it}, {it}foreign aids{/it}"
                  ]
                ],
                "sim_list": [
                  [
                    {
                      "wd": "foreign aids"
                    },
                    {
                      "wd": "reliefs"
                    }
                  ],
                  [
                    {
                      "wd": "aids"
                    },
                    {
                      "wd": "assistances"
                    },
                    {
                      "wd": "block grants"
                    },
                    {
                      "wd": "grants-in-aid"
                    },
                    {
                      "wd": "set-asides"
                    }
                  ],
                  [
                    {
                      "wd": "advances"
                    },
                    {
                      "wd": "allowances"
                    },
                    {
                      "wd": "benefits"
                    },
                    {
                      "wd": "bequests"
                    },
                    {
                      "wd": "endowments"
                    },
                    {
                      "wd": "funds"
                    },
                    {
                      "wd": "legacies"
                    },
                    {
                      "wd": "stipends"
                    },
                    {
                      "wd": "trust funds"
                    },
                    {
                      "wd": "trusts"
                    }
                  ],
                  [
                    {
                      "wd": "allocations"
                    },
                    {
                      "wd": "allotments"
                    },
                    {
                      "wd": "annuities"
                    },
                    {
                      "wd": "appropriations"
                    },
                    {
                      "wd": "entitlements"
                    },
                    {
                      "wd": "grants"
                    },
                    {
                      "wd": "subsidies"
                    },
                    {
                      "wd": "subventions"
                    }
                  ]
                ]
              }
            ]
          ]
        ]
      }
    ],
    "shortdef": [
      "as in reliefs, foreign aids"
    ]
  },
  {
    "meta": {
      "id": "city-state",
      "uuid": "547eb809-6353-4546-a1af-2915fbedd7a9",
      "src": "CTenhance",
      "section": "alpha",
      "stems": [
        "city-state",
        "city-states"
      ],
      "syns": [
        [
          "microstate",
          "ministate",
          "nation-state",
          "commonwealth",
          "country",
          "land",
          "nation",
          "sovereignty",
          "domain",
          "dominion",
          "empire",
          "kingdom",
          "realm",
          "republic",
          "duchy",
          "dukedom",
          "emirate",
          "principality",
          "seigniory",
          "sultanate",
          "democracy",
          "dictatorship",
          "monarchy",
          "monocracy",
          "oligarchy",
          "sovereign",
          "theocracy",
          "client state",
          "colony",
          "condominium",
          "dependency",
          "mandate",
          "province",
          "settlement",
          "soil",
          "trust territory",
          "fatherland",
          "homeland",
          "motherland",
          "great power",
          "power",
          "sea power",
          "superpower",
          "world power",
          "welfare state"
        ]
      ],
      "ants": [],
      "offensive": false
    },
    "hwi": {
      "hw": "city-state"
    },
    "fl": "noun",
    "def": [
      {
        "sseq": [
          [
            [
              "sense",
              {
                "dt": [
                  [
                    "text",
                    "a state that has its own government and consists of a city and the area around it "
                  ],
                  [
                    "vis",
                    [
                      {
                        "t": "the {it}city-states{/it} of ancient Greece"
                      }
                    ]
                  ]
                ],
                "sim_list": [
                  [
                    {
                      "wd": "microstate"
                    },
                    {
                      "wd": "ministate"
                    },
                    {
                      "wd": "nation-state"
                    }
                  ],
                  [
                    {
                      "wd": "commonwealth"
                    },
                    {
                      "wd": "country"
                    },
                    {
                      "wd": "land"
                    },
                    {
                      "wd": "nation"
                    },
                    {
                      "wd": "sovereignty",
                      "wvrs": [
                        {
                          "wvl": "also",
                          "wva": "sovranty"
                        }
                      ]
                    }
                  ],
                  [
                    {
                      "wd": "domain"
                    },
                    {
                      "wd": "dominion"
                    },
                    {
                      "wd": "empire"
                    },
                    {
                      "wd": "kingdom"
                    },
                    {
                      "wd": "realm"
                    },
                    {
                      "wd": "republic"
                    }
                  ],
                  [
                    {
                      "wd": "duchy"
                    },
                    {
                      "wd": "dukedom"
                    },
                    {
                      "wd": "emirate"
                    },
                    {
                      "wd": "principality"
                    },
                    {
                      "wd": "seigniory",
                      "wvrs": [
                        {
                          "wvl": "or",
                          "wva": "seignory"
                        }
                      ]
                    },
                    {
                      "wd": "sultanate"
                    }
                  ],
                  [
                    {
                      "wd": "democracy"
                    },
                    {
                      "wd": "dictatorship"
                    },
                    {
                      "wd": "monarchy"
                    },
                    {
                      "wd": "monocracy"
                    },
                    {
                      "wd": "oligarchy"
                    },
                    {
                      "wd": "sovereign",
                      "wvrs": [
                        {
                          "wvl": "also",
                          "wva": "sovran"
                        }
                      ]
                    },
                    {
                      "wd": "theocracy"
                    }
                  ],
                  [
                    {
                      "wd": "client state"
                    },
                    {
                      "wd": "colony"
                    },
                    {
                      "wd": "condominium"
                    },
                    {
                      "wd": "dependency"
                    },
                    {
                      "wd": "mandate"
                    },
                    {
                      "wd": "province"
                    },
                    {
                      "wd": "settlement"
                    },
                    {
                      "wd": "soil"
                    },
                    {
                      "wd": "trust territory"
                    }
                  ],
                  [
                    {
                      "wd": "fatherland"
                    },
                    {
                      "wd": "homeland"
                    },
                    {
                      "wd": "motherland"
                    }
                  ],
                  [
                    {
                      "wd": "great power"
                    },
                    {
                      "wd": "power"
                    },
                    {
                      "wd": "sea power"
                    },
                    {
                      "wd": "superpower"
                    },
                    {
                      "wd": "world power"
                    }
                  ],
                  [
                    {
                      "wd": "welfare state"
                    }
                  ]
                ]
              }
            ]
          ]
        ]
      }
    ],
    "shortdef": [
      "a state that has its own government and consists of a city and the area around it"
    ]
  },
  {
    "meta": {
      "id": "nation-state",
      "uuid": "ac4dc13a-8c54-4c36-8643-01fc3c4679e0",
      "src": "CTenhance",
      "section": "alpha",
      "stems": [
        "nation-state",
        "nation-states"
      ],
      "syns": [
        [
          "city-state",
          "microstate",
          "ministate",
          "commonwealth",
          "country",
          "land",
          "nation",
          "sovereignty",
          "state",
          "domain",
          "dominion",
          "empire",
          "kingdom",
          "realm",
          "republic",
          "duchy",
          "dukedom",
          "emirate",
          "principality",
          "seigniory",
          "sultanate",
          "democracy",
          "dictatorship",
          "monarchy",
          "monocracy",
          "oligarchy",
          "sovereign",
          "theocracy",
          "client state",
          "colony",
          "condominium",
          "dependency",
          "mandate",
          "province",
          "settlement",
          "soil",
          "trust territory",
          "fatherland",
          "homeland",
          "motherland",
          "great power",
          "power",
          "sea power",
          "superpower",
          "world power",
          "welfare state"
        ]
      ],
      "ants": [],
      "offensive": false
    },
    "hwi": {
      "hw": "nation-state"
    },
    "fl": "noun",
    "def": [
      {
        "sseq": [
          [
            [
              "sense",
              {
                "dt": [
                  [
                    "text",
                    "a form of political organization in which a group of people who share the same history, traditions, or language live in a particular area under one government "
                  ],
                  [
                    "vis",
                    [
                      {
                        "t": "the rise of European {it}nation-states{/it} in the thirteenth century"
                      }
                    ]
                  ]
                ],
                "sim_list": [
                  [
                    {
                      "wd": "city-state"
                    },
                    {
                      "wd": "microstate"
                    },
                    {
                      "wd": "ministate"
                    }
                  ],
                  [
                    {
                      "wd": "commonwealth"
                    },
                    {
                      "wd": "country"
                    },
                    {
                      "wd": "land"
                    },
                    {
                      "wd": "nation"
                    },
                    {
                      "wd": "sovereignty",
                      "wvrs": [
                        {
                          "wvl": "also",
                          "wva": "sovranty"
                        }
                      ]
                    },
                    {
                      "wd": "state"
                    }
                  ],
                  [
                    {
                      "wd": "domain"
                    },
                    {
                      "wd": "dominion"
                    },
                    {
                      "wd": "empire"
                    },
                    {
                      "wd": "kingdom"
                    },
                    {
                      "wd": "realm"
                    },
                    {
                      "wd": "republic"
                    }
                  ],
                  [
                    {
                      "wd": "duchy"
                    },
                    {
                      "wd": "dukedom"
                    },
                    {
                      "wd": "emirate"
                    },
                    {
                      "wd": "principality"
                    },
                    {
                      "wd": "seigniory",
                      "wvrs": [
                        {
                          "wvl": "or",
                          "wva": "seignory"
                        }
                      ]
                    },
                    {
                      "wd": "sultanate"
                    }
                  ],
                  [
                    {
                      "wd": "democracy"
                    },
                    {
                      "wd": "dictatorship"
                    },
                    {
                      "wd": "monarchy"
                    },
                    {
                      "wd": "monocracy"
                    },
                    {
                      "wd": "oligarchy"
                    },
                    {
                      "wd": "sovereign",
                      "wvrs": [
                        {
                          "wvl": "also",
                          "wva": "sovran"
                        }
                      ]
                    },
                    {
                      "wd": "theocracy"
                    }
                  ],
                  [
                    {
                      "wd": "client state"
                    },
                    {
                      "wd": "colony"
                    },
                    {
                      "wd": "condominium"
                    },
                    {
                      "wd": "dependency"
                    },
                    {
                      "wd": "mandate"
                    },
                    {
                      "wd": "province"
                    },
                    {
                      "wd": "settlement"
                    },
                    {
                      "wd": "soil"
                    },
                    {
                      "wd": "trust territory"
                    }
                  ],
                  [
                    {
                      "wd": "fatherland"
                    },
                    {
                      "wd": "homeland"
                    },
                    {
                      "wd": "motherland"
                    }
                  ],
                  [
                    {
                      "wd": "great power"
                    },
                    {
                      "wd": "power"
                    },
                    {
                      "wd": "sea power"
                    },
                    {
                      "wd": "superpower"
                    },
                    {
                      "wd": "world power"
                    }
                  ],
                  [
                    {
                      "wd": "welfare state"
                    }
                  ]
                ]
              }
            ]
          ]
        ]
      }
    ],
    "shortdef": [
      "a form of political organization in which a group of people who share the same history, traditions, or language live in a particular area under one government"
    ]
  },
  {
    "meta": {
      "id": "client state",
      "uuid": "f0c748a0-0eaa-4526-9710-b2ed5a36dc85",
      "src": "CTcompile",
      "section": "alpha",
      "stems": [
        "client state"
      ],
      "syns": [
        [
          "colony",
          "condominium",
          "dependency",
          "mandate",
          "province",
          "settlement",
          "soil",
          "trust territory",
          "democracy",
          "dictatorship",
          "monarchy",
          "monocracy",
          "oligarchy",
          "sovereign",
          "theocracy",
          "fatherland",
          "homeland",
          "motherland",
          "duchy",
          "dukedom",
          "emirate",
          "principality",
          "seigniory",
          "sultanate",
          "great power",
          "power",
          "sea power",
          "superpower",
          "world power",
          "domain",
          "dominion",
          "empire",
          "kingdom",
          "realm",
          "republic",
          "welfare state",
          "city-state",
          "microstate",
          "ministate",
          "nation-state",
          "commonwealth",
          "country",
          "land",
          "nation",
          "sovereignty",
          "state"
        ]
      ],
      "ants": [],
      "offensive": false
    },
    "hwi": {
      "hw": "client state"
    },
    "fl": "noun",
    "def": [
      {
        "sseq": [
          [
            [
              "sense",
              {
                "dt": [
                  [
                    "text",
                    "as in {it}settlement{/it}, {it}trust territory{/it}"
                  ]
                ],
                "sim_list": [
                  [
                    {
                      "wd": "colony"
                    },
                    {
                      "wd": "condominium"
                    },
                    {
                      "wd": "dependency"
                    },
                    {
                      "wd": "mandate"
                    },
                    {
                      "wd": "province"
                    },
                    {
                      "wd": "settlement"
                    },
                    {
                      "wd": "soil"
                    },
                    {
                      "wd": "trust territory"
                    }
                  ],
                  [
                    {
                      "wd": "democracy"
                    },
                    {
                      "wd": "dictatorship"
                    },
                    {
                      "wd": "monarchy"
                    },
                    {
                      "wd": "monocracy"
                    },
                    {
                      "wd": "oligarchy"
                    },
                    {
                      "wd": "sovereign",
                      "wvrs": [
                        {
                          "wvl": "also",
                          "wva": "sovran"
                        }
                      ]
                    },
                    {
                      "wd": "theocracy"
                    }
                  ],
                  [
                    {
                      "wd": "fatherland"
                    },
                    {
                      "wd": "homeland"
                    },
                    {
                      "wd": "motherland"
                    }
                  ],
                  [
                    {
                      "wd": "duchy"
                    },
                    {
                      "wd": "dukedom"
                    },
                    {
                      "wd": "emirate"
                    },
                    {
                      "wd": "principality"
                    },
                    {
                      "wd": "seigniory",
                      "wvrs": [
                        {
                          "wvl": "or",
                          "wva": "seignory"
                        }
                      ]
                    },
                    {
                      "wd": "sultanate"
                    }
                  ],
                  [
                    {
                      "wd": "great power"
                    },
                    {
                      "wd": "power"
                    },
                    {
                      "wd": "sea power"
                    },
                    {
                      "wd": "superpower"
                    },
                    {
                      "wd": "world power"
                    }
                  ],
                  [
                    {
                      "wd": "domain"
                    },
                    {
                      "wd": "dominion"
                    },
                    {
                      "wd": "empire"
                    },
                    {
                      "wd": "kingdom"
                    },
                    {
                      "wd": "realm"
                    },
                    {
                      "wd": "republic"
                    }
                  ],
                  [
                    {
                      "wd": "welfare state"
                    }
                  ],
                  [
                    {
                      "wd": "city-state"
                    },
                    {
                      "wd": "microstate"
                    },
                    {
                      "wd": "ministate"
                    },
                    {
                      "wd": "nation-state"
                    }
                  ],
                  [
                    {
                      "wd": "commonwealth"
                    },
                    {
                      "wd": "country"
                    },
                    {
                      "wd": "land"
                    },
                    {
                      "wd": "nation"
                    },
                    {
                      "wd": "sovereignty",
                      "wvrs": [
                        {
                          "wvl": "also",
                          "wva": "sovranty"
                        }
                      ]
                    },
                    {
                      "wd": "state"
                    }
                  ]
                ]
              }
            ]
          ]
        ]
      }
    ],
    "shortdef": [
      "as in settlement, trust territory"
    ]
  }
]