[
  {
    "meta": {
      "id": "stereotype",
      "uuid": "9148550a-7056-4cb5-a179-4087ccb19c78",
      "src": "coll_thes",
      "section": "alpha",
      "target": {
        "tuuid": "e35d18b1-8127-43e3-b5ce-803cf4c8674c",
        "tsrc": "collegiate"
      },
      "stems": [
        "stereotype",
        "stereotypes",
        "stereotypic",
        "stereotypical",
        "stereotypically"
      ],
      "syns": [
        [
          "concept",
          "conception",
          "generality",
          "generalization",
          "notion"
        ]
      ],
      "ants": [],
      "offensive": false
    },
    "hwi": {
      "hw": "stereotype"
    },
    "fl": "noun",
    "def": [
      {
        "sseq": [
          [
            [
              "sense",
              {
                "dt": [
                  [
                    "text",
                    "an idea or statement about all of the members of a group or all the instances of a situation "
                  ],
                  [
                    "vis",
                    [
                      {
                        "t": "the noble savage was a {it}stereotype{/it} that appealed to 18th-century intellectuals, who viewed European civilization as decadent and corrupt"
                      }
                    ]
                  ]
                ],
                "syn_list": [
                  [
                    {
                      "wd": "concept"
                    },
                    {
                      "wd": "conception"
                    },
                    {
                      "wd": "generality"
                    },
                    {
                      "wd": "generalization"
                    },
                    {
                      "wd": "notion"
                    }
                  ]
                ],
                "rel_list": [
                  [
                    {
                      "wd": "bromide"
                    },
                    {
                      "wd": "clich\u00e9",
                      "wvrs": [
                        {
                          "wvl": "also",
                          "wva": "cliche"
                        }
                      ]
                    },
                    {
                      "wd": "commonplace"
                    },
                    {
                      "wd": "platitude"
                    },
                    {
                      "wd": "truism"
                    }
                  ],
                  [
                    {
                      "wd": "adage"
                    },
                    {
                      "wd": "proverb"
                    },
                    {
                      "wd": "saw"
                    },
                    {
                      "wd": "saying"
                    }
                  ],
                  [
                    {
                      "wd": "hypothesis"
                    },
                    {
                      "wd": "proposition"
                    },
                    {
                      "wd": "theory"
                    }
                  ],
                  [
                    {
                      "wd": "oversimplification"
                    },
                    {
                      "wd": "simplification"
                    },
                    {
                      "wd": "simplism"
                    }
                  ]
                ]
              }
            ]
          ]
        ]
      }
    ],
    "shortdef": [
      "an idea or statement about all of the members of a group or all the instances of a situation"
    ]
  },
  {
    "meta": {
      "id": "stereotype",
      "uuid": "91a63c61-32d8-41d1-8da5-02da9312a3e7",
      "src": "coll_thes",
      "section": "alpha",
      "target": {
        "tuuid": "649e73e0-34b4-4acc-a29a-0b69ead46544",
        "tsrc": "collegiate"
      },
      "stems": [
        "stereotype",
        "stereotyped",
        "stereotyper",
        "stereotypers",
        "stereotypes",
        "stereotyping"
      ],
      "syns": [
        [
          "hackney",
          "overexpose",
          "overuse",
          "vulgarize"
        ]
      ],
      "ants": [],
      "offensive": false
    },
    "hwi": {
      "hw": "stereotype"
    },
    "fl": "verb",
    "def": [
      {
        "sseq": [
          [
            [
              "sense",
              {
                "dt": [
                  [
                    "text",
                    "to use so much as to make less appealing "
                  ],
                  [
                    "vis",
                    [
                      {
                        "t": "Movies have {it}stereotyped{/it} the domineering mother-in-law ad nauseam."
                      }
                    ]
                  ]
                ],
                "syn_list": [
                  [
                    {
                      "wd": "hackney"
                    },
                    {
                      "wd": "overexpose"
                    },
                    {
                      "wd": "overuse"
                    },
                    {
                      "wd": "vulgarize"
                    }
                  ]
                ],
                "rel_list": [
                  [
                    {
                      "wd": "bore"
                    },
                    {
                      "wd": "exhaust"
                    },
                    {
                      "wd": "overdo"
                    }
                  ],
                  [
                    {
                      "wd": "coarsen"
                    }
                  ],
                  [
                    {
                      "wd": "deplete"
                    },
                    {
                      "wd": "jade"
                    },
                    {
                      "wd": "tire"
                    },
                    {
                      "wd": "wear out"
                    }
                  ],
                  [
                    {
                      "wd": "popularize"
                    }
                  ]
                ]
              }
            ]
          ]
        ]
      }
    ],
    "shortdef": [
      "to use so much as to make less appealing"
    ]
  }
]