[
  {
    "meta": {
      "id": "surface",
      "uuid": "5ce2b8a8-5163-4ffc-beb6-3a24edaf3588",
      "src": "coll_thes",
      "section": "alpha",
      "target": {
        "tuuid": "2226bfd3-1ff5-41cd-b891-147e0881a8fb",
        "tsrc": "collegiate"
      },
      "stems": [
        "surface",
        "surfaces"
      ],
      "syns": [
        [
          "exterior",
          "face",
          "outside",
          "shell",
          "skin",
          "veneer"
        ]
      ],
      "ants": [
        [
          "inside",
          "interior"
        ]
      ],
      "offensive": false
    },
    "hwi": {
      "hw": "surface"
    },
    "fl": "noun",
    "def": [
      {
        "sseq": [
          [
            [
              "sense",
              {
                "dt": [
                  [
                    "text",
                    "an outer part or layer "
                  ],
                  [
                    "vis",
                    [
                      {
                        "t": "the {it}surface{/it} of just about everything in the kitchen was covered with soot after we put the grease fire out"
                      }
                    ]
                  ]
                ],
                "syn_list": [
                  [
                    {
                      "wd": "exterior"
                    },
                    {
                      "wd": "face"
                    },
                    {
                      "wd": "outside"
                    },
                    {
                      "wd": "shell"
                    },
                    {
                      "wd": "skin"
                    },
                    {
                      "wd": "veneer"
                    }
                  ]
                ],
                "rel_list": [
                  [
                    {
                      "wd": "facade",
                      "wvrs": [
                        {
                          "wvl": "also",
                          "wva": "fa\u00e7ade"
                        }
                      ]
                    },
                    {
                      "wd": "front"
                    },
                    {
                      "wd": "top"
                    }
                  ],
                  [
                    {
                      "wd": "cover"
                    },
                    {
                      "wd": "covering"
                    },
                    {
                      "wd": "facing"
                    }
                  ],
                  [
                    {
                      "wd": "appearance"
                    },
                    {
                      "wd": "disguise"
                    },
                    {
                      "wd": "guise"
                    },
                    {
                      "wd": "mask"
                    },
                    {
                      "wd": "semblance"
                    },
                    {
                      "wd": "show"
                    }
                  ]
                ],
                "ant_list": [
                  [
                    {
                      "wd": "inside"
                    },
                    {
                      "wd": "interior"
                    }
                  ]
                ]
              }
            ]
          ]
        ]
      }
    ],
    "shortdef": [
      "an outer part or layer"
    ]
  },
  {
    "meta": {
      "id": "surface",
      "uuid": "b52c5fd2-8b6c-4e16-8a18-c5d4b4fde726",
      "src": "coll_thes",
      "section": "alpha",
      "target": {
        "tuuid": "37c9cb5b-1ae6-4573-b204-34a8dea69694",
        "tsrc": "collegiate"
      },
      "stems": [
        "surface",
        "surfaced",
        "surfacer",
        "surfacers",
        "surfaces",
        "surfacing"
      ],
      "syns": [
        [
          "arise",
          "come up",
          "crop (up)",
          "emerge",
          "materialize",
          "spring (up)"
        ],
        [
          "break",
          "broach"
        ]
      ],
      "ants": [],
      "offensive": false
    },
    "hwi": {
      "hw": "surface"
    },
    "fl": "verb",
    "def": [
      {
        "sseq": [
          [
            [
              "sense",
              {
                "sn": "1",
                "dt": [
                  [
                    "text",
                    "to come to one's attention especially gradually or unexpectedly "
                  ],
                  [
                    "vis",
                    [
                      {
                        "t": "no information regarding the stolen car has {it}surfaced{/it} since the police found it abandoned on a country road"
                      }
                    ]
                  ]
                ],
                "syn_list": [
                  [
                    {
                      "wd": "arise"
                    },
                    {
                      "wd": "come up"
                    },
                    {
                      "wd": "crop (up)"
                    },
                    {
                      "wd": "emerge"
                    },
                    {
                      "wd": "materialize"
                    },
                    {
                      "wd": "spring (up)"
                    }
                  ]
                ],
                "rel_list": [
                  [
                    {
                      "wd": "appear"
                    },
                    {
                      "wd": "come out"
                    },
                    {
                      "wd": "show up"
                    },
                    {
                      "wd": "turn up"
                    }
                  ],
                  [
                    {
                      "wd": "chance"
                    },
                    {
                      "wd": "come"
                    },
                    {
                      "wd": "come about"
                    },
                    {
                      "wd": "fall out"
                    },
                    {
                      "wd": "go (on)"
                    },
                    {
                      "wd": "go off"
                    },
                    {
                      "wd": "hap"
                    },
                    {
                      "wd": "happen"
                    },
                    {
                      "wd": "occur"
                    },
                    {
                      "wd": "pass"
                    },
                    {
                      "wd": "transpire"
                    }
                  ],
                  [
                    {
                      "wd": "interfere"
                    },
                    {
                      "wd": "interpose"
                    },
                    {
                      "wd": "intervene"
                    },
                    {
                      "wd": "intrude"
                    }
                  ]
                ]
              }
            ]
          ],
          [
            [
              "sense",
              {
                "sn": "2",
                "dt": [
                  [
                    "text",
                    "to penetrate the surface (as of water) from below "
                  ],
                  [
                    "vis",
                    [
                      {
                        "t": "a submarine {it}surfaced{/it} on the starboard side of the aircraft carrier"
                      }
                    ]
                  ]
                ],
                "syn_list": [
                  [
                    {
                      "wd": "break"
                    },
                    {
                      "wd": "broach"
                    }
                  ]
                ],
                "rel_list": [
                  [
                    {
                      "wd": "emerge"
                    },
                    {
                      "wd": "rise"
                    }
                  ]
                ],
                "near_list": [
                  [
                    {
                      "wd": "dive"
                    },
                    {
                      "wd": "drop"
                    },
                    {
                      "wd": "drown"
                    },
                    {
                      "wd": "founder"
                    },
                    {
                      "wd": "plunge"
                    },
                    {
                      "wd": "sink"
                    },
                    {
                      "wd": "submerge"
                    },
                    {
                      "wd": "submerse"
                    }
                  ]
                ]
              }
            ]
          ]
        ]
      }
    ],
    "shortdef": [
      "to come to one's attention especially gradually or unexpectedly",
      "to penetrate the surface (as of water) from below"
    ]
  },
  {
    "meta": {
      "id": "surface",
      "uuid": "72a15d3d-c65f-4bbb-8acd-fded4842661c",
      "src": "coll_thes",
      "section": "alpha",
      "target": {
        "tuuid": "249ba013-7c15-4503-baa3-6a8df26c3838",
        "tsrc": "collegiate"
      },
      "stems": [
        "surface"
      ],
      "syns": [
        [
          "skin-deep",
          "superficial"
        ]
      ],
      "ants": [],
      "offensive": false
    },
    "hwi": {
      "hw": "surface"
    },
    "fl": "adjective",
    "def": [
      {
        "sseq": [
          [
            [
              "sense",
              {
                "dt": [
                  [
                    "text",
                    "lying on or affecting only the outer layer of something "
                  ],
                  [
                    "vis",
                    [
                      {
                        "t": "a {it}surface{/it} stain on the wood that can easily be removed with a mild detergent"
                      }
                    ]
                  ]
                ],
                "syn_list": [
                  [
                    {
                      "wd": "skin-deep"
                    },
                    {
                      "wd": "superficial"
                    }
                  ]
                ],
                "rel_list": [
                  [
                    {
                      "wd": "depthless"
                    },
                    {
                      "wd": "shallow"
                    },
                    {
                      "wd": "shoal"
                    }
                  ],
                  [
                    {
                      "wd": "two-dimensional"
                    }
                  ],
                  [
                    {
                      "wd": "external"
                    }
                  ]
                ],
                "near_list": [
                  [
                    {
                      "wd": "deep"
                    },
                    {
                      "wd": "deep-seated"
                    }
                  ]
                ]
              }
            ]
          ]
        ]
      }
    ],
    "shortdef": [
      "lying on or affecting only the outer layer of something"
    ]
  },
  {
    "meta": {
      "id": "on the surface",
      "uuid": "5bb4bd36-427b-44ef-b5db-fd18062f2eb3",
      "src": "CTenhance",
      "section": "phrases",
      "stems": [
        "on the surface"
      ],
      "syns": [
        [
          "apparently",
          "evidently",
          "ostensibly",
          "ostensively",
          "presumably",
          "putatively",
          "seemingly",
          "supposedly"
        ]
      ],
      "ants": [],
      "offensive": false
    },
    "hwi": {
      "hw": "on the surface"
    },
    "fl": "phrase",
    "def": [
      {
        "sseq": [
          [
            [
              "sense",
              {
                "dt": [
                  [
                    "text",
                    "to all outward appearances "
                  ],
                  [
                    "vis",
                    [
                      {
                        "t": "{it}On the surface{/it} they seem to have a fairytale marriage, but those close to them know it isn't so simple."
                      }
                    ]
                  ]
                ],
                "syn_list": [
                  [
                    {
                      "wd": "apparently"
                    },
                    {
                      "wd": "evidently"
                    },
                    {
                      "wd": "ostensibly"
                    },
                    {
                      "wd": "ostensively"
                    },
                    {
                      "wd": "presumably"
                    },
                    {
                      "wd": "putatively"
                    },
                    {
                      "wd": "seemingly"
                    },
                    {
                      "wd": "supposedly"
                    }
                  ]
                ],
                "rel_list": [
                  [
                    {
                      "wd": "externally"
                    },
                    {
                      "wd": "outwardly"
                    },
                    {
                      "wd": "visibly"
                    }
                  ],
                  [
                    {
                      "wd": "believably"
                    },
                    {
                      "wd": "credibly"
                    }
                  ],
                  [
                    {
                      "wd": "assumably"
                    },
                    {
                      "wd": "likely"
                    },
                    {
                      "wd": "presumedly"
                    },
                    {
                      "wd": "probably"
                    }
                  ],
                  [
                    {
                      "wd": "conceivably"
                    },
                    {
                      "wd": "maybe"
                    },
                    {
                      "wd": "mayhap"
                    },
                    {
                      "wd": "perchance"
                    },
                    {
                      "wd": "perhaps"
                    },
                    {
                      "wd": "possibly"
                    },
                    {
                      "wd": "professedly"
                    },
                    {
                      "wd": "supposably"
                    }
                  ],
                  [
                    {
                      "wd": "allegedly"
                    },
                    {
                      "wd": "purportedly"
                    },
                    {
                      "wd": "reportedly"
                    },
                    {
                      "wd": "reputedly"
                    }
                  ],
                  [
                    {
                      "wd": "clearly"
                    },
                    {
                      "wd": "distinctly"
                    },
                    {
                      "wd": "manifestly"
                    },
                    {
                      "wd": "obviously"
                    },
                    {
                      "wd": "plainly"
                    },
                    {
                      "wd": "self-evidently"
                    }
                  ],
                  [
                    {
                      "wd": "assuredly"
                    },
                    {
                      "wd": "positively"
                    },
                    {
                      "wd": "surely"
                    }
                  ]
                ],
                "near_list": [
                  [
                    {
                      "wd": "implausibly"
                    },
                    {
                      "wd": "impossibly"
                    },
                    {
                      "wd": "improbably"
                    },
                    {
                      "wd": "incredibly"
                    }
                  ]
                ]
              }
            ]
          ]
        ]
      }
    ],
    "shortdef": [
      "to all outward appearances"
    ]
  },
  {
    "meta": {
      "id": "scratch",
      "uuid": "77523b38-c140-4d2a-9c84-c253080f891c",
      "src": "coll_thes",
      "section": "alpha",
      "target": {
        "tuuid": "1508fa10-0994-4917-9623-4ccb53b4e298",
        "tsrc": "collegiate"
      },
      "stems": [
        "scratch",
        "scratch one's back",
        "scratch one's head",
        "scratch the surface",
        "scratched",
        "scratcher",
        "scratchers",
        "scratches",
        "scratching"
      ],
      "syns": [
        [
          "abrade",
          "graze",
          "scrape",
          "scuff"
        ],
        [
          "grate",
          "grind",
          "rasp",
          "scrape"
        ],
        [
          "scrawl",
          "scribble",
          "squiggle"
        ]
      ],
      "ants": [],
      "offensive": false
    },
    "hwi": {
      "hw": "scratch"
    },
    "fl": "verb",
    "def": [
      {
        "sseq": [
          [
            [
              "sense",
              {
                "sn": "1",
                "dt": [
                  [
                    "text",
                    "to damage by rubbing against a sharp or rough surface "
                  ],
                  [
                    "vis",
                    [
                      {
                        "t": "{it}scratched{/it} his arm on a branch"
                      }
                    ]
                  ]
                ],
                "syn_list": [
                  [
                    {
                      "wd": "abrade"
                    },
                    {
                      "wd": "graze"
                    },
                    {
                      "wd": "scrape"
                    },
                    {
                      "wd": "scuff"
                    }
                  ]
                ],
                "rel_list": [
                  [
                    {
                      "wd": "bark"
                    },
                    {
                      "wd": "skin"
                    }
                  ],
                  [
                    {
                      "wd": "chafe"
                    },
                    {
                      "wd": "fret"
                    },
                    {
                      "wd": "gall"
                    }
                  ],
                  [
                    {
                      "wd": "claw"
                    },
                    {
                      "wd": "cut"
                    },
                    {
                      "wd": "lacerate"
                    }
                  ],
                  [
                    {
                      "wd": "bruise"
                    },
                    {
                      "wd": "contuse"
                    }
                  ]
                ],
                "near_list": [
                  [
                    {
                      "wd": "polish"
                    },
                    {
                      "wd": "smooth"
                    },
                    {
                      "wd": "soften"
                    },
                    {
                      "wd": "wax"
                    }
                  ]
                ]
              }
            ]
          ],
          [
            [
              "sense",
              {
                "sn": "2",
                "dt": [
                  [
                    "text",
                    "to pass roughly and noisily over or against a surface "
                  ],
                  [
                    "vis",
                    [
                      {
                        "t": "the branches of the willow tree {it}scratch{/it} against the windowpane whenever the wind blows"
                      }
                    ]
                  ]
                ],
                "syn_list": [
                  [
                    {
                      "wd": "grate"
                    },
                    {
                      "wd": "grind"
                    },
                    {
                      "wd": "rasp"
                    },
                    {
                      "wd": "scrape"
                    }
                  ]
                ],
                "rel_list": [
                  [
                    {
                      "wd": "rub"
                    }
                  ],
                  [
                    {
                      "wd": "groan"
                    },
                    {
                      "wd": "whine"
                    }
                  ]
                ],
                "near_list": [
                  [
                    {
                      "wd": "glide"
                    },
                    {
                      "wd": "skate"
                    },
                    {
                      "wd": "slide"
                    }
                  ]
                ]
              }
            ]
          ],
          [
            [
              "sense",
              {
                "sn": "3",
                "dt": [
                  [
                    "text",
                    "to write or draw hastily or carelessly "
                  ],
                  [
                    "vis",
                    [
                      {
                        "t": "{it}scratched{/it} a quick doodle in the margins"
                      }
                    ]
                  ]
                ],
                "syn_list": [
                  [
                    {
                      "wd": "scrawl"
                    },
                    {
                      "wd": "scribble"
                    },
                    {
                      "wd": "squiggle"
                    }
                  ]
                ],
                "rel_list": [
                  [
                    {
                      "wd": "doodle"
                    }
                  ],
                  [
                    {
                      "wd": "jot (down)"
                    }
                  ],
                  [
                    {
                      "wd": "ink"
                    },
                    {
                      "wd": "inscribe"
                    },
                    {
                      "wd": "letter"
                    },
                    {
                      "wd": "pen"
                    },
                    {
                      "wd": "pencil"
                    },
                    {
                      "wd": "print"
                    },
                    {
                      "wd": "write"
                    }
                  ]
                ]
              }
            ]
          ]
        ]
      }
    ],
    "shortdef": [
      "to damage by rubbing against a sharp or rough surface",
      "to pass roughly and noisily over or against a surface",
      "to write or draw hastily or carelessly"
    ]
  },
  {
    "meta": {
      "id": "scratch (out)",
      "uuid": "611d77f0-1530-459b-bf5a-17d222d6ded7",
      "src": "coll_thes",
      "section": "alpha",
      "stems": [
        "scratch (out)",
        "scratch",
        "scratch out",
        "scratch one's back",
        "scratch one's head",
        "scratch the surface",
        "scratched",
        "scratcher",
        "scratchers",
        "scratches",
        "scratching"
      ],
      "syns": [
        [
          "author",
          "pen",
          "scribble",
          "write"
        ],
        [
          "blue-pencil",
          "cancel",
          "cross (out)",
          "dele",
          "delete",
          "edit (out)",
          "elide",
          "kill",
          "strike (out)",
          "stroke (out)",
          "x (out)"
        ]
      ],
      "ants": [],
      "offensive": false
    },
    "hwi": {
      "hw": "scratch (out)"
    },
    "fl": "verb",
    "def": [
      {
        "sseq": [
          [
            [
              "sense",
              {
                "sn": "1",
                "dt": [
                  [
                    "text",
                    "to compose and set down on paper the words of "
                  ],
                  [
                    "vis",
                    [
                      {
                        "t": "{it}scratched out{/it} a poem for his beloved wife on the home front"
                      }
                    ]
                  ]
                ],
                "syn_list": [
                  [
                    {
                      "wd": "author"
                    },
                    {
                      "wd": "pen"
                    },
                    {
                      "wd": "scribble"
                    },
                    {
                      "wd": "write"
                    }
                  ]
                ],
                "rel_list": [
                  [
                    {
                      "wd": "cast"
                    },
                    {
                      "wd": "compose"
                    },
                    {
                      "wd": "craft"
                    },
                    {
                      "wd": "draft"
                    },
                    {
                      "wd": "draw up"
                    },
                    {
                      "wd": "formulate"
                    },
                    {
                      "wd": "frame"
                    },
                    {
                      "wd": "prepare"
                    }
                  ],
                  [
                    {
                      "wd": "recast"
                    },
                    {
                      "wd": "redraft"
                    },
                    {
                      "wd": "revise"
                    },
                    {
                      "wd": "rewrite"
                    }
                  ],
                  [
                    {
                      "wd": "letter"
                    },
                    {
                      "wd": "print"
                    },
                    {
                      "wd": "type"
                    },
                    {
                      "wd": "typewrite"
                    }
                  ],
                  [
                    {
                      "wd": "record"
                    },
                    {
                      "wd": "take down"
                    },
                    {
                      "wd": "transcribe"
                    }
                  ],
                  [
                    {
                      "wd": "autograph"
                    },
                    {
                      "wd": "pencil (in)"
                    },
                    {
                      "wd": "register"
                    },
                    {
                      "wd": "sign"
                    }
                  ],
                  [
                    {
                      "wd": "couch"
                    },
                    {
                      "wd": "express"
                    },
                    {
                      "wd": "phrase"
                    },
                    {
                      "wd": "put"
                    },
                    {
                      "wd": "word"
                    }
                  ]
                ]
              }
            ]
          ],
          [
            [
              "sense",
              {
                "sn": "2",
                "dt": [
                  [
                    "text",
                    "to show (something written) to be no longer valid by drawing a cross over or a line through it "
                  ],
                  [
                    "vis",
                    [
                      {
                        "t": "{it}scratched out{/it} the old phone number and wrote in the new one"
                      }
                    ]
                  ]
                ],
                "syn_list": [
                  [
                    {
                      "wd": "blue-pencil"
                    },
                    {
                      "wd": "cancel"
                    },
                    {
                      "wd": "cross (out)"
                    },
                    {
                      "wd": "dele"
                    },
                    {
                      "wd": "delete"
                    },
                    {
                      "wd": "edit (out)"
                    },
                    {
                      "wd": "elide"
                    },
                    {
                      "wd": "kill"
                    },
                    {
                      "wd": "strike (out)"
                    },
                    {
                      "wd": "stroke (out)"
                    },
                    {
                      "wd": "x (out)"
                    }
                  ]
                ],
                "rel_list": [
                  [
                    {
                      "wd": "blot out"
                    },
                    {
                      "wd": "efface"
                    },
                    {
                      "wd": "eradicate"
                    },
                    {
                      "wd": "erase"
                    },
                    {
                      "wd": "expunge"
                    },
                    {
                      "wd": "obliterate"
                    },
                    {
                      "wd": "root (out)"
                    },
                    {
                      "wd": "rub out"
                    },
                    {
                      "wd": "wipe out"
                    }
                  ],
                  [
                    {
                      "wd": "bleep"
                    },
                    {
                      "wd": "blip"
                    },
                    {
                      "wd": "clip"
                    },
                    {
                      "wd": "cut"
                    },
                    {
                      "wd": "excise"
                    },
                    {
                      "wd": "remove"
                    }
                  ],
                  [
                    {
                      "wd": "bowdlerize"
                    },
                    {
                      "wd": "censor"
                    },
                    {
                      "wd": "clean (up)"
                    },
                    {
                      "wd": "expurgate"
                    },
                    {
                      "wd": "launder"
                    },
                    {
                      "wd": "redact"
                    },
                    {
                      "wd": "red-pencil"
                    }
                  ],
                  [
                    {
                      "wd": "abbreviate"
                    },
                    {
                      "wd": "crop"
                    },
                    {
                      "wd": "shorten"
                    }
                  ],
                  [
                    {
                      "wd": "black out"
                    },
                    {
                      "wd": "repress"
                    },
                    {
                      "wd": "silence"
                    },
                    {
                      "wd": "suppress"
                    }
                  ]
                ],
                "near_list": [
                  [
                    {
                      "wd": "stet"
                    }
                  ]
                ]
              }
            ]
          ]
        ]
      }
    ],
    "shortdef": [
      "to compose and set down on paper the words of",
      "to show (something written) to be no longer valid by drawing a cross over or a line through it"
    ]
  }
]