[
  {
    "meta": {
      "id": "symmetry",
      "uuid": "5fe751e4-f932-4d39-989f-03f829a84ddc",
      "src": "coll_thes",
      "section": "alpha",
      "target": {
        "tuuid": "075e1b83-400f-42c1-a75e-d604ddfaaacb",
        "tsrc": "collegiate"
      },
      "stems": [
        "symmetry",
        "symmetries"
      ],
      "syns": [
        [
          "balance",
          "coherence",
          "concinnity",
          "consonance",
          "consonancy",
          "harmony",
          "orchestration",
          "proportion",
          "symphony",
          "unity"
        ]
      ],
      "ants": [
        [
          "asymmetry",
          "discordance",
          "disproportion",
          "disunity",
          "imbalance",
          "incoherence",
          "violence"
        ]
      ],
      "offensive": false
    },
    "hwi": {
      "hw": "symmetry"
    },
    "fl": "noun",
    "def": [
      {
        "sseq": [
          [
            [
              "sense",
              {
                "dt": [
                  [
                    "text",
                    "a balanced, pleasing, or suitable arrangement of parts "
                  ],
                  [
                    "vis",
                    [
                      {
                        "t": "planted azalea bushes on both sides of the front steps for {it}symmetry{/it}"
                      }
                    ]
                  ]
                ],
                "syn_list": [
                  [
                    {
                      "wd": "balance"
                    },
                    {
                      "wd": "coherence"
                    },
                    {
                      "wd": "concinnity"
                    },
                    {
                      "wd": "consonance"
                    },
                    {
                      "wd": "consonancy"
                    },
                    {
                      "wd": "harmony"
                    },
                    {
                      "wd": "orchestration"
                    },
                    {
                      "wd": "proportion"
                    },
                    {
                      "wd": "symphony"
                    },
                    {
                      "wd": "unity"
                    }
                  ]
                ],
                "rel_list": [
                  [
                    {
                      "wd": "coordination"
                    },
                    {
                      "wd": "correlation"
                    },
                    {
                      "wd": "correspondence"
                    },
                    {
                      "wd": "equalization"
                    },
                    {
                      "wd": "equilibrium"
                    },
                    {
                      "wd": "evenness"
                    },
                    {
                      "wd": "order"
                    },
                    {
                      "wd": "orderliness"
                    },
                    {
                      "wd": "regularity"
                    },
                    {
                      "wd": "uniformity"
                    }
                  ]
                ],
                "near_list": [
                  [
                    {
                      "wd": "confusion"
                    },
                    {
                      "wd": "disorganization"
                    },
                    {
                      "wd": "dissonance"
                    },
                    {
                      "wd": "disturbance"
                    },
                    {
                      "wd": "tension"
                    }
                  ],
                  [
                    {
                      "wd": "disconnectedness"
                    },
                    {
                      "wd": "disjointedness"
                    },
                    {
                      "wd": "incompatibility"
                    }
                  ],
                  [
                    {
                      "wd": "irregularity"
                    },
                    {
                      "wd": "unevenness"
                    }
                  ]
                ],
                "ant_list": [
                  [
                    {
                      "wd": "asymmetry"
                    },
                    {
                      "wd": "discordance"
                    },
                    {
                      "wd": "disproportion"
                    },
                    {
                      "wd": "disunity"
                    },
                    {
                      "wd": "imbalance"
                    },
                    {
                      "wd": "incoherence"
                    },
                    {
                      "wd": "violence"
                    }
                  ]
                ]
              }
            ]
          ]
        ]
      }
    ],
    "shortdef": [
      "a balanced, pleasing, or suitable arrangement of parts"
    ]
  },
  {
    "meta": {
      "id": "axis",
      "uuid": "f2a98114-7aa8-477d-a2ba-b856a52331f8",
      "src": "coll_thes",
      "section": "alpha",
      "target": {
        "tuuid": "8ac84b8f-ea64-4a0d-a384-b8f74cbc4474",
        "tsrc": "collegiate"
      },
      "stems": [
        "axis",
        "axes",
        "axis of symmetry"
      ],
      "syns": [
        [
          "base",
          "capital",
          "center",
          "central",
          "core",
          "cynosure",
          "epicenter",
          "eye",
          "focus",
          "ground zero",
          "heart",
          "hub",
          "locus",
          "mecca",
          "navel",
          "nerve center",
          "nexus",
          "nucleus",
          "omphalos",
          "seat"
        ],
        [
          "alliance",
          "bloc",
          "block",
          "coalition",
          "combination",
          "combine",
          "confederacy",
          "confederation",
          "federation",
          "league",
          "union"
        ]
      ],
      "ants": [],
      "offensive": false
    },
    "hwi": {
      "hw": "axis"
    },
    "fl": "noun",
    "def": [
      {
        "sseq": [
          [
            [
              "sense",
              {
                "sn": "1",
                "dt": [
                  [
                    "text",
                    "a thing or place that is of greatest importance to an activity or interest "
                  ],
                  [
                    "vis",
                    [
                      {
                        "t": "in addition to being the suburb's social {it}axis{/it}, the country club is the place where deals are made and partnerships are forged"
                      }
                    ]
                  ]
                ],
                "syn_list": [
                  [
                    {
                      "wd": "base"
                    },
                    {
                      "wd": "capital"
                    },
                    {
                      "wd": "center"
                    },
                    {
                      "wd": "central"
                    },
                    {
                      "wd": "core"
                    },
                    {
                      "wd": "cynosure"
                    },
                    {
                      "wd": "epicenter"
                    },
                    {
                      "wd": "eye"
                    },
                    {
                      "wd": "focus"
                    },
                    {
                      "wd": "ground zero"
                    },
                    {
                      "wd": "heart"
                    },
                    {
                      "wd": "hub"
                    },
                    {
                      "wd": "locus"
                    },
                    {
                      "wd": "mecca"
                    },
                    {
                      "wd": "navel"
                    },
                    {
                      "wd": "nerve center"
                    },
                    {
                      "wd": "nexus"
                    },
                    {
                      "wd": "nucleus"
                    },
                    {
                      "wd": "omphalos"
                    },
                    {
                      "wd": "seat"
                    }
                  ]
                ],
                "rel_list": [
                  [
                    {
                      "wd": "headquarters"
                    }
                  ],
                  [
                    {
                      "wd": "happy hunting ground"
                    },
                    {
                      "wd": "hive"
                    },
                    {
                      "wd": "hotbed"
                    },
                    {
                      "wd": "hot spot"
                    },
                    {
                      "wd": "playground"
                    },
                    {
                      "wd": "playland"
                    }
                  ],
                  [
                    {
                      "wd": "kernel"
                    },
                    {
                      "wd": "nub"
                    },
                    {
                      "wd": "pith"
                    }
                  ],
                  [
                    {
                      "wd": "deep"
                    },
                    {
                      "wd": "thick"
                    }
                  ],
                  [
                    {
                      "wd": "essence"
                    },
                    {
                      "wd": "quintessence"
                    },
                    {
                      "wd": "soul"
                    }
                  ],
                  [
                    {
                      "wd": "attraction"
                    },
                    {
                      "wd": "lodestone",
                      "wvrs": [
                        {
                          "wvl": "also",
                          "wva": "loadstone"
                        }
                      ]
                    },
                    {
                      "wd": "magnet"
                    },
                    {
                      "wd": "polestar"
                    }
                  ]
                ],
                "phrase_list": [
                  [
                    {
                      "wd": "where it's at"
                    }
                  ]
                ]
              }
            ]
          ],
          [
            [
              "sense",
              {
                "sn": "2",
                "dt": [
                  [
                    "text",
                    "an association of persons, parties, or states for mutual assistance and protection "
                  ],
                  [
                    "vis",
                    [
                      {
                        "t": "an {it}axis{/it} of previously nonaligned nations"
                      }
                    ]
                  ]
                ],
                "syn_list": [
                  [
                    {
                      "wd": "alliance"
                    },
                    {
                      "wd": "bloc"
                    },
                    {
                      "wd": "block"
                    },
                    {
                      "wd": "coalition"
                    },
                    {
                      "wd": "combination"
                    },
                    {
                      "wd": "combine"
                    },
                    {
                      "wd": "confederacy"
                    },
                    {
                      "wd": "confederation"
                    },
                    {
                      "wd": "federation"
                    },
                    {
                      "wd": "league"
                    },
                    {
                      "wd": "union"
                    }
                  ]
                ],
                "rel_list": [
                  [
                    {
                      "wd": "cabal"
                    },
                    {
                      "wd": "conspiracy"
                    },
                    {
                      "wd": "junto"
                    }
                  ],
                  [
                    {
                      "wd": "cartel"
                    },
                    {
                      "wd": "syndicate"
                    },
                    {
                      "wd": "trust"
                    }
                  ],
                  [
                    {
                      "wd": "faction"
                    },
                    {
                      "wd": "front"
                    },
                    {
                      "wd": "fusion"
                    },
                    {
                      "wd": "side"
                    },
                    {
                      "wd": "wing"
                    }
                  ],
                  [
                    {
                      "wd": "association"
                    },
                    {
                      "wd": "group"
                    },
                    {
                      "wd": "organization"
                    }
                  ],
                  [
                    {
                      "wd": "affiliation"
                    },
                    {
                      "wd": "cooperative"
                    },
                    {
                      "wd": "partnership"
                    }
                  ],
                  [
                    {
                      "wd": "circuit"
                    },
                    {
                      "wd": "conference"
                    }
                  ]
                ]
              }
            ]
          ]
        ]
      }
    ],
    "shortdef": [
      "a thing or place that is of greatest importance to an activity or interest",
      "an association of persons, parties, or states for mutual assistance and protection"
    ]
  },
  {
    "meta": {
      "id": "center",
      "uuid": "c8ba23ce-ef52-4981-b5cb-23a324419474",
      "src": "coll_thes",
      "section": "alpha",
      "target": {
        "tuuid": "fe4c2378-c463-43d6-9913-1ffff855d828",
        "tsrc": "collegiate"
      },
      "stems": [
        "center",
        "center of symmetry",
        "centerless",
        "centers",
        "centre"
      ],
      "syns": [
        [
          "axis",
          "base",
          "capital",
          "central",
          "core",
          "cynosure",
          "epicenter",
          "eye",
          "focus",
          "ground zero",
          "heart",
          "hub",
          "locus",
          "mecca",
          "navel",
          "nerve center",
          "nexus",
          "nucleus",
          "omphalos",
          "seat"
        ],
        [
          "core",
          "middle",
          "midpoint",
          "midst"
        ]
      ],
      "ants": [
        [
          "perimeter",
          "periphery"
        ]
      ],
      "offensive": false
    },
    "hwi": {
      "hw": "center"
    },
    "fl": "noun",
    "def": [
      {
        "sseq": [
          [
            [
              "sense",
              {
                "sn": "1",
                "dt": [
                  [
                    "text",
                    "a thing or place that is of greatest importance to an activity or interest "
                  ],
                  [
                    "vis",
                    [
                      {
                        "t": "a stretch of coastline that has long been the area's {it}center{/it} of tourism"
                      }
                    ]
                  ]
                ],
                "syn_list": [
                  [
                    {
                      "wd": "axis"
                    },
                    {
                      "wd": "base"
                    },
                    {
                      "wd": "capital"
                    },
                    {
                      "wd": "central"
                    },
                    {
                      "wd": "core"
                    },
                    {
                      "wd": "cynosure"
                    },
                    {
                      "wd": "epicenter"
                    },
                    {
                      "wd": "eye"
                    },
                    {
                      "wd": "focus"
                    },
                    {
                      "wd": "ground zero"
                    },
                    {
                      "wd": "heart"
                    },
                    {
                      "wd": "hub"
                    },
                    {
                      "wd": "locus"
                    },
                    {
                      "wd": "mecca"
                    },
                    {
                      "wd": "navel"
                    },
                    {
                      "wd": "nerve center"
                    },
                    {
                      "wd": "nexus"
                    },
                    {
                      "wd": "nucleus"
                    },
                    {
                      "wd": "omphalos"
                    },
                    {
                      "wd": "seat"
                    }
                  ]
                ],
                "rel_list": [
                  [
                    {
                      "wd": "headquarters"
                    }
                  ],
                  [
                    {
                      "wd": "happy hunting ground"
                    },
                    {
                      "wd": "hive"
                    },
                    {
                      "wd": "hotbed"
                    },
                    {
                      "wd": "hot spot"
                    },
                    {
                      "wd": "playground"
                    },
                    {
                      "wd": "playland"
                    }
                  ],
                  [
                    {
                      "wd": "kernel"
                    },
                    {
                      "wd": "nub"
                    },
                    {
                      "wd": "pith"
                    }
                  ],
                  [
                    {
                      "wd": "deep"
                    },
                    {
                      "wd": "thick"
                    }
                  ],
                  [
                    {
                      "wd": "essence"
                    },
                    {
                      "wd": "quintessence"
                    },
                    {
                      "wd": "soul"
                    }
                  ],
                  [
                    {
                      "wd": "attraction"
                    },
                    {
                      "wd": "lodestone",
                      "wvrs": [
                        {
                          "wvl": "also",
                          "wva": "loadstone"
                        }
                      ]
                    },
                    {
                      "wd": "magnet"
                    },
                    {
                      "wd": "polestar"
                    }
                  ]
                ],
                "phrase_list": [
                  [
                    {
                      "wd": "where it's at"
                    }
                  ]
                ]
              }
            ]
          ],
          [
            [
              "sense",
              {
                "sn": "2",
                "dt": [
                  [
                    "text",
                    "an area or point that is an equal distance from all points along an edge or outer surface "
                  ],
                  [
                    "vis",
                    [
                      {
                        "t": "the {it}center{/it} of the earth"
                      }
                    ]
                  ]
                ],
                "syn_list": [
                  [
                    {
                      "wd": "core"
                    },
                    {
                      "wd": "middle"
                    },
                    {
                      "wd": "midpoint"
                    },
                    {
                      "wd": "midst"
                    }
                  ]
                ],
                "rel_list": [
                  [
                    {
                      "wd": "inside"
                    },
                    {
                      "wd": "interior"
                    }
                  ]
                ],
                "ant_list": [
                  [
                    {
                      "wd": "perimeter"
                    },
                    {
                      "wd": "periphery"
                    }
                  ]
                ]
              }
            ]
          ]
        ]
      }
    ],
    "shortdef": [
      "a thing or place that is of greatest importance to an activity or interest",
      "an area or point that is an equal distance from all points along an edge or outer surface"
    ]
  }
]