[
  {
    "meta": {
      "id": "thin",
      "uuid": "698ee4bd-b9d7-4d6e-8718-db7239456739",
      "src": "coll_thes",
      "section": "alpha",
      "target": {
        "tuuid": "d3449267-39b4-4f32-ad22-8ae6a2d4d4d6",
        "tsrc": "collegiate"
      },
      "stems": [
        "thin",
        "thinly",
        "thinner",
        "thinness",
        "thinnesses",
        "thinnest",
        "thinnish"
      ],
      "syns": [
        [
          "bony",
          "fatless",
          "lean",
          "lithe",
          "skinny",
          "slender",
          "slim",
          "spare",
          "svelte"
        ],
        [
          "fine",
          "hairline",
          "narrow",
          "needlelike",
          "paper-thin",
          "skinny",
          "slender",
          "slim",
          "slim-jim",
          "ultrathin"
        ],
        [
          "dilute",
          "diluted",
          "thinned",
          "washy",
          "watery",
          "weak",
          "weakened"
        ]
      ],
      "ants": [
        [
          "chubby",
          "corpulent",
          "fat",
          "gross",
          "obese",
          "overweight",
          "plump",
          "portly",
          "rotund",
          "tubby"
        ],
        [
          "broad",
          "fat",
          "wide"
        ],
        [
          "full-bodied",
          "rich",
          "strong"
        ]
      ],
      "offensive": false
    },
    "hwi": {
      "hw": "thin"
    },
    "fl": "adjective",
    "def": [
      {
        "sseq": [
          [
            [
              "sense",
              {
                "sn": "1",
                "dt": [
                  [
                    "text",
                    "having a noticeably small amount of body fat "
                  ],
                  [
                    "vis",
                    [
                      {
                        "t": "after starting a workout routine, she looked {it}thinner{/it}"
                      }
                    ]
                  ]
                ],
                "syn_list": [
                  [
                    {
                      "wd": "bony",
                      "wvrs": [
                        {
                          "wvl": "also",
                          "wva": "boney"
                        }
                      ]
                    },
                    {
                      "wd": "fatless"
                    },
                    {
                      "wd": "lean"
                    },
                    {
                      "wd": "lithe"
                    },
                    {
                      "wd": "skinny"
                    },
                    {
                      "wd": "slender"
                    },
                    {
                      "wd": "slim"
                    },
                    {
                      "wd": "spare"
                    },
                    {
                      "wd": "svelte"
                    }
                  ]
                ],
                "rel_list": [
                  [
                    {
                      "wd": "clean-limbed"
                    },
                    {
                      "wd": "trim"
                    }
                  ],
                  [
                    {
                      "wd": "sylphlike"
                    },
                    {
                      "wd": "willowy"
                    }
                  ],
                  [
                    {
                      "wd": "angular"
                    },
                    {
                      "wd": "rawboned"
                    },
                    {
                      "wd": "scraggy"
                    },
                    {
                      "wd": "scrawny"
                    },
                    {
                      "wd": "sinewy"
                    },
                    {
                      "wd": "wiry"
                    }
                  ],
                  [
                    {
                      "wd": "lank"
                    },
                    {
                      "wd": "lanky"
                    },
                    {
                      "wd": "rangy"
                    },
                    {
                      "wd": "reedy"
                    },
                    {
                      "wd": "spindling"
                    },
                    {
                      "wd": "spindly"
                    },
                    {
                      "wd": "stringy"
                    },
                    {
                      "wd": "twiggy"
                    },
                    {
                      "wd": "waspish"
                    },
                    {
                      "wd": "weedy"
                    }
                  ],
                  [
                    {
                      "wd": "anorectic",
                      "wvrs": [
                        {
                          "wvl": "also",
                          "wva": "anoretic"
                        }
                      ]
                    },
                    {
                      "wd": "anorexic"
                    },
                    {
                      "wd": "cadaverous"
                    },
                    {
                      "wd": "emaciated"
                    },
                    {
                      "wd": "gaunt"
                    },
                    {
                      "wd": "haggard"
                    },
                    {
                      "wd": "pinched"
                    },
                    {
                      "wd": "skeletal"
                    },
                    {
                      "wd": "wasted"
                    },
                    {
                      "wd": "wizened"
                    }
                  ],
                  [
                    {
                      "wd": "meager",
                      "wvrs": [
                        {
                          "wvl": "or",
                          "wva": "meagre"
                        }
                      ]
                    },
                    {
                      "wd": "puny"
                    },
                    {
                      "wd": "slight"
                    }
                  ]
                ],
                "near_list": [
                  [
                    {
                      "wd": "beefy"
                    },
                    {
                      "wd": "bulky"
                    },
                    {
                      "wd": "chunky"
                    },
                    {
                      "wd": "fleshy"
                    },
                    {
                      "wd": "heavy"
                    },
                    {
                      "wd": "heavyset"
                    },
                    {
                      "wd": "stocky"
                    },
                    {
                      "wd": "stout"
                    },
                    {
                      "wd": "thick"
                    },
                    {
                      "wd": "thickset"
                    },
                    {
                      "wd": "weighty"
                    }
                  ],
                  [
                    {
                      "wd": "brawny"
                    },
                    {
                      "wd": "burly"
                    },
                    {
                      "wd": "husky"
                    }
                  ],
                  [
                    {
                      "wd": "dumpy"
                    },
                    {
                      "wd": "pudgy"
                    },
                    {
                      "wd": "roly-poly"
                    },
                    {
                      "wd": "squat"
                    },
                    {
                      "wd": "stubby"
                    }
                  ],
                  [
                    {
                      "wd": "paunchy"
                    },
                    {
                      "wd": "potbellied"
                    }
                  ],
                  [
                    {
                      "wd": "flabby"
                    },
                    {
                      "wd": "soft"
                    }
                  ],
                  [
                    {
                      "wd": "buxom"
                    },
                    {
                      "wd": "zaftig",
                      "wvrs": [
                        {
                          "wvl": "also",
                          "wva": "zoftig"
                        }
                      ]
                    }
                  ],
                  [
                    {
                      "wd": "full"
                    },
                    {
                      "wd": "hippy"
                    },
                    {
                      "wd": "round"
                    }
                  ]
                ],
                "ant_list": [
                  [
                    {
                      "wd": "chubby"
                    },
                    {
                      "wd": "corpulent"
                    },
                    {
                      "wd": "fat"
                    },
                    {
                      "wd": "gross"
                    },
                    {
                      "wd": "obese"
                    },
                    {
                      "wd": "overweight"
                    },
                    {
                      "wd": "plump"
                    },
                    {
                      "wd": "portly"
                    },
                    {
                      "wd": "rotund"
                    },
                    {
                      "wd": "tubby"
                    }
                  ]
                ]
              }
            ]
          ],
          [
            [
              "sense",
              {
                "sn": "2",
                "dt": [
                  [
                    "text",
                    "being of less than usual width "
                  ],
                  [
                    "vis",
                    [
                      {
                        "t": "the {it}thin{/it} threads of a cobweb"
                      }
                    ]
                  ]
                ],
                "syn_list": [
                  [
                    {
                      "wd": "fine"
                    },
                    {
                      "wd": "hairline"
                    },
                    {
                      "wd": "narrow"
                    },
                    {
                      "wd": "needlelike"
                    },
                    {
                      "wd": "paper-thin"
                    },
                    {
                      "wd": "skinny"
                    },
                    {
                      "wd": "slender"
                    },
                    {
                      "wd": "slim"
                    },
                    {
                      "wd": "slim-jim"
                    },
                    {
                      "wd": "ultrathin"
                    }
                  ]
                ],
                "rel_list": [
                  [
                    {
                      "wd": "attenuate"
                    },
                    {
                      "wd": "attenuated"
                    },
                    {
                      "wd": "elongate",
                      "wvrs": [
                        {
                          "wvl": "or",
                          "wva": "elongated"
                        }
                      ]
                    },
                    {
                      "wd": "linear"
                    }
                  ],
                  [
                    {
                      "wd": "bottleneck"
                    },
                    {
                      "wd": "close"
                    },
                    {
                      "wd": "compressed"
                    },
                    {
                      "wd": "condensed"
                    },
                    {
                      "wd": "constricted"
                    },
                    {
                      "wd": "contracted"
                    },
                    {
                      "wd": "squeezed"
                    },
                    {
                      "wd": "tight"
                    },
                    {
                      "wd": "tightened"
                    }
                  ],
                  [
                    {
                      "wd": "lanky"
                    },
                    {
                      "wd": "rangy"
                    },
                    {
                      "wd": "reedy"
                    },
                    {
                      "wd": "shoestring"
                    },
                    {
                      "wd": "spindly"
                    },
                    {
                      "wd": "stalky"
                    },
                    {
                      "wd": "stringy"
                    },
                    {
                      "wd": "twiggy"
                    },
                    {
                      "wd": "willowy"
                    },
                    {
                      "wd": "wispy"
                    }
                  ],
                  [
                    {
                      "wd": "lank"
                    },
                    {
                      "wd": "spare"
                    }
                  ]
                ],
                "near_list": [
                  [
                    {
                      "wd": "chunky"
                    },
                    {
                      "wd": "squat"
                    },
                    {
                      "wd": "stocky"
                    },
                    {
                      "wd": "stumpy"
                    },
                    {
                      "wd": "thick"
                    },
                    {
                      "wd": "thickset"
                    }
                  ],
                  [
                    {
                      "wd": "bulky"
                    },
                    {
                      "wd": "massive"
                    },
                    {
                      "wd": "voluminous"
                    }
                  ],
                  [
                    {
                      "wd": "thickish"
                    },
                    {
                      "wd": "widish"
                    }
                  ]
                ],
                "ant_list": [
                  [
                    {
                      "wd": "broad"
                    },
                    {
                      "wd": "fat"
                    },
                    {
                      "wd": "wide"
                    }
                  ]
                ]
              }
            ]
          ],
          [
            [
              "sense",
              {
                "sn": "3",
                "dt": [
                  [
                    "text",
                    "not containing very much of some important element "
                  ],
                  [
                    "vis",
                    [
                      {
                        "t": "the evidence for that oddball theory is pretty {it}thin{/it}"
                      }
                    ]
                  ]
                ],
                "syn_list": [
                  [
                    {
                      "wd": "dilute"
                    },
                    {
                      "wd": "diluted"
                    },
                    {
                      "wd": "thinned"
                    },
                    {
                      "wd": "washy"
                    },
                    {
                      "wd": "watery"
                    },
                    {
                      "wd": "weak"
                    },
                    {
                      "wd": "weakened"
                    }
                  ]
                ],
                "rel_list": [
                  [
                    {
                      "wd": "adulterated"
                    },
                    {
                      "wd": "watered-down"
                    }
                  ]
                ],
                "near_list": [
                  [
                    {
                      "wd": "enriched"
                    },
                    {
                      "wd": "fortified"
                    }
                  ],
                  [
                    {
                      "wd": "concentrated"
                    },
                    {
                      "wd": "condensed"
                    },
                    {
                      "wd": "evaporated"
                    }
                  ]
                ],
                "ant_list": [
                  [
                    {
                      "wd": "full-bodied"
                    },
                    {
                      "wd": "rich"
                    },
                    {
                      "wd": "strong"
                    }
                  ]
                ]
              }
            ]
          ]
        ]
      }
    ],
    "shortdef": [
      "having a noticeably small amount of body fat",
      "being of less than usual width",
      "not containing very much of some important element"
    ]
  },
  {
    "meta": {
      "id": "thin",
      "uuid": "ba99d528-1920-4b85-9ad5-1b93867df797",
      "src": "coll_thes",
      "section": "alpha",
      "target": {
        "tuuid": "a2649619-5a4f-47df-a075-5af89cdf3177",
        "tsrc": "collegiate"
      },
      "stems": [
        "thin",
        "thinned",
        "thinning",
        "thins"
      ],
      "syns": [
        [
          "adulterate",
          "cut",
          "dilute",
          "extend",
          "lace",
          "sophisticate",
          "water down",
          "weaken"
        ]
      ],
      "ants": [
        [
          "enrich",
          "fortify",
          "richen",
          "strengthen"
        ]
      ],
      "offensive": false
    },
    "hwi": {
      "hw": "thin"
    },
    "fl": "verb",
    "def": [
      {
        "sseq": [
          [
            [
              "sense",
              {
                "dt": [
                  [
                    "text",
                    "to alter (something) for the worse with the addition of foreign or lower-grade substances "
                  ],
                  [
                    "vis",
                    [
                      {
                        "t": "{it}thinned{/it} the cream with milk but didn't tell anyone"
                      }
                    ]
                  ]
                ],
                "syn_list": [
                  [
                    {
                      "wd": "adulterate"
                    },
                    {
                      "wd": "cut"
                    },
                    {
                      "wd": "dilute"
                    },
                    {
                      "wd": "extend"
                    },
                    {
                      "wd": "lace"
                    },
                    {
                      "wd": "sophisticate"
                    },
                    {
                      "wd": "water down"
                    },
                    {
                      "wd": "weaken"
                    }
                  ]
                ],
                "rel_list": [
                  [
                    {
                      "wd": "load"
                    }
                  ],
                  [
                    {
                      "wd": "befoul"
                    },
                    {
                      "wd": "contaminate"
                    },
                    {
                      "wd": "corrupt"
                    },
                    {
                      "wd": "defile"
                    },
                    {
                      "wd": "dirty"
                    },
                    {
                      "wd": "envenom"
                    },
                    {
                      "wd": "foul"
                    },
                    {
                      "wd": "infect"
                    },
                    {
                      "wd": "poison"
                    },
                    {
                      "wd": "pollute"
                    },
                    {
                      "wd": "soil"
                    },
                    {
                      "wd": "spoil"
                    },
                    {
                      "wd": "sully"
                    },
                    {
                      "wd": "taint"
                    }
                  ],
                  [
                    {
                      "wd": "cheapen"
                    },
                    {
                      "wd": "debase"
                    },
                    {
                      "wd": "degrade"
                    }
                  ],
                  [
                    {
                      "wd": "manipulate"
                    },
                    {
                      "wd": "misrepresent"
                    },
                    {
                      "wd": "tamper (with)"
                    }
                  ],
                  [
                    {
                      "wd": "counterfeit"
                    },
                    {
                      "wd": "fake"
                    },
                    {
                      "wd": "falsify"
                    },
                    {
                      "wd": "fudge"
                    }
                  ],
                  [
                    {
                      "wd": "doctor"
                    },
                    {
                      "wd": "spike"
                    }
                  ],
                  [
                    {
                      "wd": "attenuate"
                    },
                    {
                      "wd": "moderate"
                    },
                    {
                      "wd": "qualify"
                    },
                    {
                      "wd": "temper"
                    }
                  ]
                ],
                "near_list": [
                  [
                    {
                      "wd": "fertilize"
                    },
                    {
                      "wd": "lard"
                    }
                  ],
                  [
                    {
                      "wd": "augment"
                    },
                    {
                      "wd": "reinforce",
                      "wvrs": [
                        {
                          "wvl": "also",
                          "wva": "reenforce"
                        }
                      ]
                    },
                    {
                      "wd": "supplement"
                    }
                  ],
                  [
                    {
                      "wd": "decontaminate"
                    },
                    {
                      "wd": "purify"
                    }
                  ],
                  [
                    {
                      "wd": "clarify"
                    },
                    {
                      "wd": "clean"
                    },
                    {
                      "wd": "cleanse"
                    },
                    {
                      "wd": "distill",
                      "wvrs": [
                        {
                          "wvl": "also",
                          "wva": "distil"
                        }
                      ]
                    },
                    {
                      "wd": "filter"
                    },
                    {
                      "wd": "flush"
                    },
                    {
                      "wd": "leach"
                    },
                    {
                      "wd": "pasteurize"
                    },
                    {
                      "wd": "purge"
                    },
                    {
                      "wd": "refine"
                    }
                  ],
                  [
                    {
                      "wd": "better"
                    },
                    {
                      "wd": "enhance"
                    },
                    {
                      "wd": "improve"
                    }
                  ],
                  [
                    {
                      "wd": "compact"
                    },
                    {
                      "wd": "concentrate"
                    },
                    {
                      "wd": "condense"
                    }
                  ]
                ],
                "ant_list": [
                  [
                    {
                      "wd": "enrich"
                    },
                    {
                      "wd": "fortify"
                    },
                    {
                      "wd": "richen"
                    },
                    {
                      "wd": "strengthen"
                    }
                  ]
                ]
              }
            ]
          ]
        ]
      }
    ],
    "shortdef": [
      "to alter (something) for the worse with the addition of foreign or lower-grade substances"
    ]
  },
  {
    "meta": {
      "id": "thin-skinned",
      "uuid": "928bc479-06e7-4179-8574-743be885cfeb",
      "src": "coll_thes",
      "section": "alpha",
      "target": {
        "tuuid": "b692b768-dc1b-447f-b443-c9ac464a3ce6",
        "tsrc": "collegiate"
      },
      "stems": [
        "thin-skinned"
      ],
      "syns": [
        [
          "huffy",
          "tetchy",
          "ticklish",
          "touchy"
        ]
      ],
      "ants": [
        [
          "thick-skinned"
        ]
      ],
      "offensive": false
    },
    "hwi": {
      "hw": "thin-skinned"
    },
    "fl": "adjective",
    "def": [
      {
        "sseq": [
          [
            [
              "sense",
              {
                "dt": [
                  [
                    "text",
                    "easily offended "
                  ],
                  [
                    "vis",
                    [
                      {
                        "t": "she only laughed at the teasing, but a more {it}thin-skinned{/it} person would have gotten angry"
                      }
                    ]
                  ]
                ],
                "syn_list": [
                  [
                    {
                      "wd": "huffy"
                    },
                    {
                      "wd": "tetchy"
                    },
                    {
                      "wd": "ticklish"
                    },
                    {
                      "wd": "touchy"
                    }
                  ]
                ],
                "rel_list": [
                  [
                    {
                      "wd": "hypersensitive"
                    },
                    {
                      "wd": "oversensitive"
                    },
                    {
                      "wd": "sensitive"
                    },
                    {
                      "wd": "supersensitive"
                    },
                    {
                      "wd": "tender"
                    }
                  ],
                  [
                    {
                      "wd": "choleric"
                    },
                    {
                      "wd": "crabby"
                    },
                    {
                      "wd": "cranky"
                    },
                    {
                      "wd": "cross"
                    },
                    {
                      "wd": "cross-grained"
                    },
                    {
                      "wd": "crotchety"
                    },
                    {
                      "wd": "grouchy"
                    },
                    {
                      "wd": "grumpy"
                    },
                    {
                      "wd": "irascible"
                    },
                    {
                      "wd": "irritable"
                    },
                    {
                      "wd": "peevish"
                    },
                    {
                      "wd": "perverse"
                    },
                    {
                      "wd": "pettish"
                    },
                    {
                      "wd": "petulant"
                    },
                    {
                      "wd": "prickly"
                    },
                    {
                      "wd": "quick-tempered"
                    },
                    {
                      "wd": "raspy"
                    },
                    {
                      "wd": "ratty"
                    },
                    {
                      "wd": "short-tempered"
                    },
                    {
                      "wd": "snappish"
                    },
                    {
                      "wd": "snappy"
                    },
                    {
                      "wd": "snarky"
                    },
                    {
                      "wd": "snippety"
                    },
                    {
                      "wd": "snippy"
                    },
                    {
                      "wd": "stroppy",
                      "wsls": [
                        "British"
                      ]
                    },
                    {
                      "wd": "stuffy"
                    },
                    {
                      "wd": "testy"
                    },
                    {
                      "wd": "waspish"
                    }
                  ],
                  [
                    {
                      "wd": "bearish"
                    },
                    {
                      "wd": "bilious"
                    },
                    {
                      "wd": "cantankerous"
                    },
                    {
                      "wd": "curmudgeonly"
                    },
                    {
                      "wd": "disagreeable"
                    },
                    {
                      "wd": "dyspeptic"
                    },
                    {
                      "wd": "ill-humored"
                    },
                    {
                      "wd": "ill-natured"
                    },
                    {
                      "wd": "ill-tempered"
                    },
                    {
                      "wd": "ornery"
                    },
                    {
                      "wd": "querulous"
                    },
                    {
                      "wd": "surly"
                    }
                  ]
                ],
                "near_list": [
                  [
                    {
                      "wd": "agreeable"
                    },
                    {
                      "wd": "amiable"
                    },
                    {
                      "wd": "good-natured"
                    },
                    {
                      "wd": "good-tempered"
                    },
                    {
                      "wd": "well-disposed"
                    }
                  ],
                  [
                    {
                      "wd": "carefree"
                    },
                    {
                      "wd": "easygoing"
                    },
                    {
                      "wd": "happy-go-lucky"
                    },
                    {
                      "wd": "relaxed"
                    },
                    {
                      "wd": "unconcerned"
                    }
                  ],
                  [
                    {
                      "wd": "forbearing"
                    },
                    {
                      "wd": "long-suffering"
                    },
                    {
                      "wd": "obliging"
                    },
                    {
                      "wd": "understanding"
                    }
                  ]
                ],
                "ant_list": [
                  [
                    {
                      "wd": "thick-skinned"
                    }
                  ]
                ]
              }
            ]
          ]
        ]
      }
    ],
    "shortdef": [
      "easily offended"
    ]
  },
  {
    "meta": {
      "id": "thin on the ground",
      "uuid": "0ff3938a-8917-4589-b4bb-3d71e4853cd5",
      "src": "CTenhance",
      "section": "phrases",
      "stems": [
        "thin on the ground"
      ],
      "syns": [
        [
          "exiguous",
          "hand-to-mouth",
          "light",
          "meager",
          "niggardly",
          "poor",
          "scant",
          "scanty",
          "scarce",
          "skimp",
          "skimpy",
          "slender",
          "slim",
          "spare",
          "sparing",
          "sparse",
          "stingy"
        ]
      ],
      "ants": [
        [
          "abundant",
          "ample",
          "bountiful",
          "copious",
          "generous",
          "liberal",
          "plenteous",
          "plentiful"
        ]
      ],
      "offensive": false
    },
    "hwi": {
      "hw": "thin on the ground"
    },
    "fl": "phrase",
    "def": [
      {
        "sseq": [
          [
            [
              "sense",
              {
                "dt": [
                  [
                    "text",
                    "less plentiful than what is normal, necessary, or desirable "
                  ],
                  [
                    "vis",
                    [
                      {
                        "t": "Business has been {it}thin on the ground{/it} since tourist season concluded."
                      }
                    ]
                  ]
                ],
                "syn_list": [
                  [
                    {
                      "wd": "exiguous"
                    },
                    {
                      "wd": "hand-to-mouth"
                    },
                    {
                      "wd": "light"
                    },
                    {
                      "wd": "meager"
                    },
                    {
                      "wd": "niggardly"
                    },
                    {
                      "wd": "poor"
                    },
                    {
                      "wd": "scant"
                    },
                    {
                      "wd": "scanty"
                    },
                    {
                      "wd": "scarce"
                    },
                    {
                      "wd": "skimp"
                    },
                    {
                      "wd": "skimpy"
                    },
                    {
                      "wd": "slender"
                    },
                    {
                      "wd": "slim"
                    },
                    {
                      "wd": "spare"
                    },
                    {
                      "wd": "sparing"
                    },
                    {
                      "wd": "sparse"
                    },
                    {
                      "wd": "stingy"
                    }
                  ]
                ],
                "rel_list": [
                  [
                    {
                      "wd": "deficient"
                    },
                    {
                      "wd": "inadequate"
                    },
                    {
                      "wd": "insufficient"
                    },
                    {
                      "wd": "lacking"
                    },
                    {
                      "wd": "short"
                    },
                    {
                      "wd": "wanting"
                    }
                  ],
                  [
                    {
                      "wd": "bare"
                    },
                    {
                      "wd": "bare-bones"
                    }
                  ],
                  [
                    {
                      "wd": "least"
                    },
                    {
                      "wd": "littlest"
                    },
                    {
                      "wd": "lowest"
                    },
                    {
                      "wd": "mere"
                    },
                    {
                      "wd": "minimal"
                    },
                    {
                      "wd": "slightest"
                    }
                  ],
                  [
                    {
                      "wd": "slight"
                    },
                    {
                      "wd": "small"
                    },
                    {
                      "wd": "thin"
                    }
                  ],
                  [
                    {
                      "wd": "barren"
                    },
                    {
                      "wd": "infertile"
                    },
                    {
                      "wd": "sterile"
                    },
                    {
                      "wd": "unfruitful"
                    },
                    {
                      "wd": "unproductive"
                    }
                  ]
                ],
                "near_list": [
                  [
                    {
                      "wd": "adequate"
                    },
                    {
                      "wd": "enough"
                    },
                    {
                      "wd": "satisfactory"
                    },
                    {
                      "wd": "sufficient"
                    },
                    {
                      "wd": "tolerable"
                    }
                  ],
                  [
                    {
                      "wd": "fat"
                    },
                    {
                      "wd": "fecund"
                    },
                    {
                      "wd": "fertile"
                    },
                    {
                      "wd": "fruitful"
                    },
                    {
                      "wd": "prolific"
                    },
                    {
                      "wd": "rich"
                    }
                  ],
                  [
                    {
                      "wd": "lavish"
                    },
                    {
                      "wd": "luxuriant"
                    }
                  ],
                  [
                    {
                      "wd": "blooming"
                    },
                    {
                      "wd": "bursting"
                    },
                    {
                      "wd": "flourishing"
                    },
                    {
                      "wd": "proliferative"
                    },
                    {
                      "wd": "swarming"
                    },
                    {
                      "wd": "teeming"
                    },
                    {
                      "wd": "thriving"
                    }
                  ],
                  [
                    {
                      "wd": "excess"
                    },
                    {
                      "wd": "extra"
                    },
                    {
                      "wd": "surplus"
                    }
                  ]
                ],
                "ant_list": [
                  [
                    {
                      "wd": "abundant"
                    },
                    {
                      "wd": "ample"
                    },
                    {
                      "wd": "bountiful"
                    },
                    {
                      "wd": "copious"
                    },
                    {
                      "wd": "generous"
                    },
                    {
                      "wd": "liberal"
                    },
                    {
                      "wd": "plenteous"
                    },
                    {
                      "wd": "plentiful"
                    }
                  ]
                ]
              }
            ]
          ]
        ]
      }
    ],
    "shortdef": [
      "less plentiful than what is normal, necessary, or desirable"
    ]
  },
  {
    "meta": {
      "id": "paper-thin",
      "uuid": "a83117d7-fa21-4ef5-b788-62e65b380b22",
      "src": "coll_thes",
      "section": "alpha",
      "target": {
        "tuuid": "3100a156-a13d-4ac8-990c-c6dd9d4c9a61",
        "tsrc": "collegiate"
      },
      "stems": [
        "paper-thin"
      ],
      "syns": [
        [
          "fine",
          "hairline",
          "narrow",
          "needlelike",
          "skinny",
          "slender",
          "slim",
          "slim-jim",
          "thin",
          "ultrathin"
        ]
      ],
      "ants": [
        [
          "broad",
          "fat",
          "wide"
        ]
      ],
      "offensive": false
    },
    "hwi": {
      "hw": "paper-thin"
    },
    "fl": "adjective",
    "def": [
      {
        "sseq": [
          [
            [
              "sense",
              {
                "dt": [
                  [
                    "text",
                    "being of less than usual width "
                  ],
                  [
                    "vis",
                    [
                      {
                        "t": "since the wall separating our cubicles is {it}paper-thin{/it}, I get way too much information about my coworker's love life"
                      }
                    ]
                  ]
                ],
                "syn_list": [
                  [
                    {
                      "wd": "fine"
                    },
                    {
                      "wd": "hairline"
                    },
                    {
                      "wd": "narrow"
                    },
                    {
                      "wd": "needlelike"
                    },
                    {
                      "wd": "skinny"
                    },
                    {
                      "wd": "slender"
                    },
                    {
                      "wd": "slim"
                    },
                    {
                      "wd": "slim-jim"
                    },
                    {
                      "wd": "thin"
                    },
                    {
                      "wd": "ultrathin"
                    }
                  ]
                ],
                "rel_list": [
                  [
                    {
                      "wd": "attenuate"
                    },
                    {
                      "wd": "attenuated"
                    },
                    {
                      "wd": "elongate",
                      "wvrs": [
                        {
                          "wvl": "or",
                          "wva": "elongated"
                        }
                      ]
                    },
                    {
                      "wd": "linear"
                    }
                  ],
                  [
                    {
                      "wd": "bottleneck"
                    },
                    {
                      "wd": "close"
                    },
                    {
                      "wd": "compressed"
                    },
                    {
                      "wd": "condensed"
                    },
                    {
                      "wd": "constricted"
                    },
                    {
                      "wd": "contracted"
                    },
                    {
                      "wd": "squeezed"
                    },
                    {
                      "wd": "tight"
                    },
                    {
                      "wd": "tightened"
                    }
                  ],
                  [
                    {
                      "wd": "lanky"
                    },
                    {
                      "wd": "rangy"
                    },
                    {
                      "wd": "reedy"
                    },
                    {
                      "wd": "shoestring"
                    },
                    {
                      "wd": "spindly"
                    },
                    {
                      "wd": "stalky"
                    },
                    {
                      "wd": "stringy"
                    },
                    {
                      "wd": "twiggy"
                    },
                    {
                      "wd": "willowy"
                    },
                    {
                      "wd": "wispy"
                    }
                  ],
                  [
                    {
                      "wd": "lank"
                    },
                    {
                      "wd": "spare"
                    }
                  ]
                ],
                "near_list": [
                  [
                    {
                      "wd": "chunky"
                    },
                    {
                      "wd": "squat"
                    },
                    {
                      "wd": "stocky"
                    },
                    {
                      "wd": "stumpy"
                    },
                    {
                      "wd": "thick"
                    },
                    {
                      "wd": "thickset"
                    }
                  ],
                  [
                    {
                      "wd": "bulky"
                    },
                    {
                      "wd": "massive"
                    },
                    {
                      "wd": "voluminous"
                    }
                  ],
                  [
                    {
                      "wd": "thickish"
                    },
                    {
                      "wd": "widish"
                    }
                  ]
                ],
                "ant_list": [
                  [
                    {
                      "wd": "broad"
                    },
                    {
                      "wd": "fat"
                    },
                    {
                      "wd": "wide"
                    }
                  ]
                ]
              }
            ]
          ]
        ]
      }
    ],
    "shortdef": [
      "being of less than usual width"
    ]
  },
  {
    "meta": {
      "id": "wear",
      "uuid": "74ee0b70-69c5-4790-b060-a7159cac1a13",
      "src": "coll_thes",
      "section": "alpha",
      "target": {
        "tuuid": "b0795830-b5d2-4f5d-baae-8834bafc24f6",
        "tsrc": "collegiate"
      },
      "stems": [
        "wear",
        "wear the pants",
        "wear the trousers",
        "wear thin",
        "weared",
        "wearer",
        "wearers",
        "wearing",
        "wears",
        "wore",
        "worn"
      ],
      "syns": [
        [
          "break",
          "burn out",
          "bust",
          "do in",
          "do up",
          "drain",
          "exhaust",
          "fag",
          "fatigue",
          "frazzle",
          "harass",
          "kill",
          "knock out",
          "outwear",
          "tire",
          "tucker (out)",
          "wash out",
          "wear out",
          "weary"
        ],
        [
          "abrade",
          "chafe",
          "corrade",
          "erode",
          "fray",
          "frazzle",
          "fret",
          "gall",
          "rasp",
          "rub"
        ],
        [
          "abide",
          "absorb",
          "accept",
          "bear",
          "bide",
          "brook",
          "countenance",
          "endure",
          "go",
          "hack",
          "handle",
          "meet",
          "pocket",
          "stand",
          "stick out",
          "stomach",
          "support",
          "sustain",
          "sweat out",
          "take",
          "tolerate"
        ]
      ],
      "ants": [],
      "offensive": false
    },
    "hwi": {
      "hw": "wear"
    },
    "fl": "verb",
    "def": [
      {
        "sseq": [
          [
            [
              "sense",
              {
                "sn": "1",
                "dt": [
                  [
                    "text",
                    "to use up all the physical energy of "
                  ],
                  [
                    "vis",
                    [
                      {
                        "t": "the job of running their own business {it}wears{/it} them sometimes"
                      }
                    ]
                  ]
                ],
                "syn_list": [
                  [
                    {
                      "wd": "break"
                    },
                    {
                      "wd": "burn out"
                    },
                    {
                      "wd": "bust"
                    },
                    {
                      "wd": "do in"
                    },
                    {
                      "wd": "do up"
                    },
                    {
                      "wd": "drain"
                    },
                    {
                      "wd": "exhaust"
                    },
                    {
                      "wd": "fag"
                    },
                    {
                      "wd": "fatigue"
                    },
                    {
                      "wd": "frazzle"
                    },
                    {
                      "wd": "harass"
                    },
                    {
                      "wd": "kill"
                    },
                    {
                      "wd": "knock out"
                    },
                    {
                      "wd": "outwear"
                    },
                    {
                      "wd": "tire"
                    },
                    {
                      "wd": "tucker (out)"
                    },
                    {
                      "wd": "wash out"
                    },
                    {
                      "wd": "wear out"
                    },
                    {
                      "wd": "weary"
                    }
                  ]
                ],
                "rel_list": [
                  [
                    {
                      "wd": "debilitate"
                    },
                    {
                      "wd": "enervate"
                    },
                    {
                      "wd": "enfeeble"
                    },
                    {
                      "wd": "sap"
                    },
                    {
                      "wd": "waste"
                    },
                    {
                      "wd": "weaken"
                    }
                  ]
                ],
                "phrase_list": [
                  [
                    {
                      "wd": "wear to a frazzle"
                    }
                  ]
                ],
                "near_list": [
                  [
                    {
                      "wd": "activate"
                    },
                    {
                      "wd": "energize"
                    },
                    {
                      "wd": "invigorate"
                    },
                    {
                      "wd": "rejuvenate"
                    },
                    {
                      "wd": "strengthen"
                    },
                    {
                      "wd": "vitalize"
                    }
                  ],
                  [
                    {
                      "wd": "relax"
                    },
                    {
                      "wd": "rest"
                    },
                    {
                      "wd": "unwind"
                    }
                  ]
                ]
              }
            ]
          ],
          [
            [
              "sense",
              {
                "sn": "2",
                "dt": [
                  [
                    "text",
                    "to damage or diminish by continued friction "
                  ],
                  [
                    "vis",
                    [
                      {
                        "t": "all that walking every day {it}wore{/it} the soles of my shoes very quickly"
                      }
                    ]
                  ]
                ],
                "syn_list": [
                  [
                    {
                      "wd": "abrade"
                    },
                    {
                      "wd": "chafe"
                    },
                    {
                      "wd": "corrade"
                    },
                    {
                      "wd": "erode"
                    },
                    {
                      "wd": "fray"
                    },
                    {
                      "wd": "frazzle"
                    },
                    {
                      "wd": "fret"
                    },
                    {
                      "wd": "gall"
                    },
                    {
                      "wd": "rasp"
                    },
                    {
                      "wd": "rub"
                    }
                  ]
                ],
                "rel_list": [
                  [
                    {
                      "wd": "file"
                    },
                    {
                      "wd": "gnaw"
                    },
                    {
                      "wd": "grate"
                    },
                    {
                      "wd": "graze"
                    },
                    {
                      "wd": "grind"
                    },
                    {
                      "wd": "nibble"
                    },
                    {
                      "wd": "sandblast"
                    },
                    {
                      "wd": "sandpaper"
                    },
                    {
                      "wd": "scour"
                    },
                    {
                      "wd": "scrape"
                    },
                    {
                      "wd": "scuff"
                    },
                    {
                      "wd": "shave"
                    }
                  ],
                  [
                    {
                      "wd": "erase"
                    },
                    {
                      "wd": "reduce"
                    },
                    {
                      "wd": "rub out"
                    },
                    {
                      "wd": "wear out"
                    },
                    {
                      "wd": "wipe (away)"
                    }
                  ],
                  [
                    {
                      "wd": "bite"
                    },
                    {
                      "wd": "break down"
                    },
                    {
                      "wd": "break up"
                    },
                    {
                      "wd": "chew"
                    },
                    {
                      "wd": "corrode"
                    },
                    {
                      "wd": "decompose"
                    },
                    {
                      "wd": "disintegrate"
                    },
                    {
                      "wd": "dissolve"
                    },
                    {
                      "wd": "eat"
                    }
                  ],
                  [
                    {
                      "wd": "hone"
                    },
                    {
                      "wd": "sharpen"
                    },
                    {
                      "wd": "whet"
                    }
                  ]
                ]
              }
            ]
          ],
          [
            [
              "sense",
              {
                "sn": "3",
                "sls": [
                  "British"
                ],
                "dt": [
                  [
                    "text",
                    "to put up with (something painful or difficult) "
                  ],
                  [
                    "vis",
                    [
                      {
                        "t": "her marriage is so bad\u2014I don't know how she {it}wears{/it} it"
                      }
                    ]
                  ]
                ],
                "syn_list": [
                  [
                    {
                      "wd": "abide"
                    },
                    {
                      "wd": "absorb"
                    },
                    {
                      "wd": "accept"
                    },
                    {
                      "wd": "bear"
                    },
                    {
                      "wd": "bide",
                      "wsls": [
                        "chiefly dialect"
                      ]
                    },
                    {
                      "wd": "brook"
                    },
                    {
                      "wd": "countenance"
                    },
                    {
                      "wd": "endure"
                    },
                    {
                      "wd": "go"
                    },
                    {
                      "wd": "hack"
                    },
                    {
                      "wd": "handle"
                    },
                    {
                      "wd": "meet"
                    },
                    {
                      "wd": "pocket"
                    },
                    {
                      "wd": "stand"
                    },
                    {
                      "wd": "stick out"
                    },
                    {
                      "wd": "stomach"
                    },
                    {
                      "wd": "support"
                    },
                    {
                      "wd": "sustain"
                    },
                    {
                      "wd": "sweat out"
                    },
                    {
                      "wd": "take"
                    },
                    {
                      "wd": "tolerate"
                    }
                  ]
                ],
                "rel_list": [
                  [
                    {
                      "wd": "allow"
                    },
                    {
                      "wd": "permit"
                    },
                    {
                      "wd": "suffer"
                    },
                    {
                      "wd": "swallow"
                    }
                  ],
                  [
                    {
                      "wd": "reconcile (to)"
                    }
                  ],
                  [
                    {
                      "wd": "acquiesce"
                    },
                    {
                      "wd": "agree (with or to)"
                    },
                    {
                      "wd": "assent (to)"
                    },
                    {
                      "wd": "capitulate"
                    },
                    {
                      "wd": "consent (to)"
                    },
                    {
                      "wd": "respect"
                    },
                    {
                      "wd": "submit (to)"
                    },
                    {
                      "wd": "yield (to)"
                    }
                  ]
                ],
                "phrase_list": [
                  [
                    {
                      "wd": "live with"
                    },
                    {
                      "wd": "lump (it)"
                    },
                    {
                      "wd": "stand for"
                    },
                    {
                      "wd": "tough it out"
                    }
                  ]
                ],
                "near_list": [
                  [
                    {
                      "wd": "decline"
                    },
                    {
                      "wd": "dismiss"
                    },
                    {
                      "wd": "refuse"
                    },
                    {
                      "wd": "reject"
                    },
                    {
                      "wd": "repudiate"
                    },
                    {
                      "wd": "spurn"
                    },
                    {
                      "wd": "turn down"
                    }
                  ],
                  [
                    {
                      "wd": "combat"
                    },
                    {
                      "wd": "contest"
                    },
                    {
                      "wd": "fight"
                    },
                    {
                      "wd": "oppose"
                    },
                    {
                      "wd": "resist"
                    }
                  ],
                  [
                    {
                      "wd": "avoid"
                    },
                    {
                      "wd": "bypass"
                    },
                    {
                      "wd": "circumvent"
                    },
                    {
                      "wd": "dodge"
                    },
                    {
                      "wd": "elude"
                    },
                    {
                      "wd": "escape"
                    },
                    {
                      "wd": "evade"
                    },
                    {
                      "wd": "miss"
                    }
                  ],
                  [
                    {
                      "wd": "abstain (from)"
                    },
                    {
                      "wd": "forbear"
                    },
                    {
                      "wd": "refrain (from)"
                    }
                  ]
                ]
              }
            ]
          ]
        ]
      }
    ],
    "shortdef": [
      "to use up all the physical energy of",
      "to damage or diminish by continued friction",
      "to put up with (something painful or difficult)"
    ]
  }
]