[
  {
    "meta": {
      "id": "time",
      "uuid": "a2f66f66-1796-4eba-bc70-dc9beead5f70",
      "src": "coll_thes",
      "section": "alpha",
      "target": {
        "tuuid": "d543ba4f-4856-43da-b42c-b668bcdd5eb0",
        "tsrc": "collegiate"
      },
      "stems": [
        "time",
        "on time",
        "times"
      ],
      "syns": [
        [
          "moment",
          "occasion"
        ],
        [
          "adventure",
          "emprise",
          "experience",
          "exploit",
          "gest",
          "happening"
        ],
        [
          "age",
          "day",
          "epoch",
          "era",
          "period"
        ],
        [
          "continuance",
          "date",
          "duration",
          "life",
          "life span",
          "lifetime",
          "run",
          "standing"
        ]
      ],
      "ants": [],
      "offensive": false
    },
    "hwi": {
      "hw": "time"
    },
    "fl": "noun",
    "def": [
      {
        "sseq": [
          [
            [
              "sense",
              {
                "sn": "1",
                "dt": [
                  [
                    "text",
                    "a particular point at which an event takes place "
                  ],
                  [
                    "vis",
                    [
                      {
                        "t": "remember that one {it}time{/it} you tried to wash the dog in the sink"
                      }
                    ]
                  ]
                ],
                "syn_list": [
                  [
                    {
                      "wd": "moment"
                    },
                    {
                      "wd": "occasion"
                    }
                  ]
                ],
                "rel_list": [
                  [
                    {
                      "wd": "flash"
                    },
                    {
                      "wd": "instant"
                    },
                    {
                      "wd": "jiffy"
                    },
                    {
                      "wd": "minute"
                    },
                    {
                      "wd": "second"
                    },
                    {
                      "wd": "shake"
                    },
                    {
                      "wd": "split second"
                    },
                    {
                      "wd": "trice"
                    },
                    {
                      "wd": "twinkle"
                    },
                    {
                      "wd": "wink"
                    }
                  ],
                  [
                    {
                      "wd": "bit"
                    },
                    {
                      "wd": "space"
                    },
                    {
                      "wd": "spell"
                    },
                    {
                      "wd": "stretch"
                    },
                    {
                      "wd": "while"
                    }
                  ]
                ]
              }
            ]
          ],
          [
            [
              "sense",
              {
                "sn": "2",
                "dt": [
                  [
                    "text",
                    "an exciting or noteworthy event that one experiences firsthand "
                  ],
                  [
                    "vis",
                    [
                      {
                        "t": "enjoys telling us about the {it}times{/it} he had while he was in the army"
                      }
                    ]
                  ]
                ],
                "syn_list": [
                  [
                    {
                      "wd": "adventure"
                    },
                    {
                      "wd": "emprise"
                    },
                    {
                      "wd": "experience"
                    },
                    {
                      "wd": "exploit"
                    },
                    {
                      "wd": "gest",
                      "wvrs": [
                        {
                          "wvl": "or",
                          "wva": "geste"
                        }
                      ]
                    },
                    {
                      "wd": "happening"
                    }
                  ]
                ],
                "rel_list": [
                  [
                    {
                      "wd": "escapade"
                    },
                    {
                      "wd": "lark"
                    },
                    {
                      "wd": "ploy"
                    }
                  ],
                  [
                    {
                      "wd": "act"
                    },
                    {
                      "wd": "action"
                    },
                    {
                      "wd": "deed"
                    },
                    {
                      "wd": "doing"
                    },
                    {
                      "wd": "feat"
                    }
                  ],
                  [
                    {
                      "wd": "episode"
                    },
                    {
                      "wd": "occasion"
                    }
                  ],
                  [
                    {
                      "wd": "baptism"
                    },
                    {
                      "wd": "ordeal"
                    },
                    {
                      "wd": "test"
                    },
                    {
                      "wd": "trial"
                    },
                    {
                      "wd": "tribulation"
                    }
                  ],
                  [
                    {
                      "wd": "enterprise"
                    },
                    {
                      "wd": "risk"
                    },
                    {
                      "wd": "venture"
                    }
                  ],
                  [
                    {
                      "wd": "expedition"
                    },
                    {
                      "wd": "exploration"
                    },
                    {
                      "wd": "mission"
                    },
                    {
                      "wd": "performance"
                    },
                    {
                      "wd": "quest"
                    },
                    {
                      "wd": "stunt"
                    }
                  ]
                ],
                "near_list": [
                  [
                    {
                      "wd": "bore"
                    },
                    {
                      "wd": "bummer"
                    },
                    {
                      "wd": "bust"
                    },
                    {
                      "wd": "downer"
                    },
                    {
                      "wd": "drag"
                    }
                  ]
                ]
              }
            ]
          ],
          [
            [
              "sense",
              {
                "sn": "3",
                "dt": [
                  [
                    "text",
                    "an extent of time associated with a particular person or thing "
                  ],
                  [
                    "vis",
                    [
                      {
                        "t": "back in my parents' {it}time{/it}, families usually had only one car"
                      }
                    ]
                  ]
                ],
                "syn_list": [
                  [
                    {
                      "wd": "age"
                    },
                    {
                      "wd": "day"
                    },
                    {
                      "wd": "epoch"
                    },
                    {
                      "wd": "era"
                    },
                    {
                      "wd": "period"
                    }
                  ]
                ],
                "rel_list": [
                  [
                    {
                      "wd": "cycle"
                    },
                    {
                      "wd": "generation"
                    },
                    {
                      "wd": "year"
                    }
                  ],
                  [
                    {
                      "wd": "bit"
                    },
                    {
                      "wd": "space"
                    },
                    {
                      "wd": "span"
                    },
                    {
                      "wd": "spell"
                    },
                    {
                      "wd": "stretch"
                    },
                    {
                      "wd": "while"
                    }
                  ],
                  [
                    {
                      "wd": "date"
                    },
                    {
                      "wd": "vintage"
                    }
                  ]
                ]
              }
            ]
          ],
          [
            [
              "sense",
              {
                "sn": "4",
                "dt": [
                  [
                    "text",
                    "the period during which something exists, lasts, or is in progress "
                  ],
                  [
                    "vis",
                    [
                      {
                        "t": "how much {it}time{/it} will the project take?"
                      }
                    ]
                  ]
                ],
                "syn_list": [
                  [
                    {
                      "wd": "continuance"
                    },
                    {
                      "wd": "date"
                    },
                    {
                      "wd": "duration"
                    },
                    {
                      "wd": "life"
                    },
                    {
                      "wd": "life span"
                    },
                    {
                      "wd": "lifetime"
                    },
                    {
                      "wd": "run"
                    },
                    {
                      "wd": "standing"
                    }
                  ]
                ],
                "rel_list": [
                  [
                    {
                      "wd": "spell"
                    },
                    {
                      "wd": "stretch"
                    }
                  ],
                  [
                    {
                      "wd": "span"
                    },
                    {
                      "wd": "tenure"
                    },
                    {
                      "wd": "term"
                    }
                  ],
                  [
                    {
                      "wd": "hitch"
                    },
                    {
                      "wd": "tour"
                    },
                    {
                      "wd": "turn"
                    }
                  ],
                  [
                    {
                      "wd": "half-life"
                    }
                  ],
                  [
                    {
                      "wd": "age"
                    },
                    {
                      "wd": "longevity"
                    }
                  ]
                ]
              }
            ]
          ]
        ]
      }
    ],
    "shortdef": [
      "a particular point at which an event takes place",
      "an exciting or noteworthy event that one experiences firsthand",
      "an extent of time associated with a particular person or thing"
    ]
  },
  {
    "meta": {
      "id": "time bomb",
      "uuid": "3f987a04-4367-4941-bfab-8df50132a3c2",
      "src": "coll_thes",
      "section": "alpha",
      "target": {
        "tuuid": "e77f58ac-2027-4b7b-8a7a-5ddb66af2f4b",
        "tsrc": "collegiate"
      },
      "stems": [
        "time bomb",
        "time bombs"
      ],
      "syns": [
        [
          "flash point",
          "powder keg",
          "tinderbox",
          "volcano"
        ]
      ],
      "ants": [],
      "offensive": false
    },
    "hwi": {
      "hw": "time bomb"
    },
    "fl": "noun",
    "def": [
      {
        "sseq": [
          [
            [
              "sense",
              {
                "dt": [
                  [
                    "text",
                    "a potentially explosive place or situation "
                  ],
                  [
                    "vis",
                    [
                      {
                        "t": "the region's political instability has turned it into a ticking {it}time bomb{/it}"
                      }
                    ]
                  ]
                ],
                "syn_list": [
                  [
                    {
                      "wd": "flash point"
                    },
                    {
                      "wd": "powder keg"
                    },
                    {
                      "wd": "tinderbox"
                    },
                    {
                      "wd": "volcano"
                    }
                  ]
                ],
                "rel_list": [
                  [
                    {
                      "wd": "hot button"
                    },
                    {
                      "wd": "third rail"
                    }
                  ]
                ]
              }
            ]
          ]
        ]
      }
    ],
    "shortdef": [
      "a potentially explosive place or situation"
    ]
  },
  {
    "meta": {
      "id": "time-out",
      "uuid": "5388b565-e865-4edc-8696-cf5672237aa6",
      "src": "coll_thes",
      "section": "alpha",
      "target": {
        "tuuid": "eebc57fb-3fe8-4056-ac5e-4450a8383d2f",
        "tsrc": "collegiate"
      },
      "stems": [
        "time-out",
        "time-outs"
      ],
      "syns": [
        [
          "downtime",
          "layoff",
          "winter"
        ]
      ],
      "ants": [],
      "offensive": false
    },
    "hwi": {
      "hw": "time-out"
    },
    "fl": "noun",
    "def": [
      {
        "sseq": [
          [
            [
              "sense",
              {
                "dt": [
                  [
                    "text",
                    "a period of often involuntary inactivity or idleness "
                  ],
                  [
                    "vis",
                    [
                      {
                        "t": "we need to take a {it}time-out{/it} from our relationship to think things over"
                      }
                    ]
                  ]
                ],
                "syn_list": [
                  [
                    {
                      "wd": "downtime"
                    },
                    {
                      "wd": "layoff"
                    },
                    {
                      "wd": "winter"
                    }
                  ]
                ],
                "rel_list": [
                  [
                    {
                      "wd": "break"
                    },
                    {
                      "wd": "breath"
                    },
                    {
                      "wd": "breather"
                    },
                    {
                      "wd": "interruption"
                    },
                    {
                      "wd": "lull"
                    },
                    {
                      "wd": "pause"
                    },
                    {
                      "wd": "recess"
                    }
                  ],
                  [
                    {
                      "wd": "abeyance"
                    },
                    {
                      "wd": "doldrums"
                    },
                    {
                      "wd": "dormancy"
                    },
                    {
                      "wd": "latency"
                    },
                    {
                      "wd": "quiescence"
                    },
                    {
                      "wd": "suspense"
                    },
                    {
                      "wd": "suspension"
                    }
                  ]
                ]
              }
            ]
          ]
        ]
      }
    ],
    "shortdef": [
      "a period of often involuntary inactivity or idleness"
    ]
  },
  {
    "meta": {
      "id": "time-honored",
      "uuid": "6d1cbd3d-bb81-4260-aec1-0a35a9733f64",
      "src": "CTenhance",
      "section": "alpha",
      "stems": [
        "time-honored"
      ],
      "syns": [
        [
          "ageless",
          "hallowed",
          "timeless",
          "time-tested",
          "timeworn",
          "traditional",
          "tried",
          "tried-and-true",
          "aged",
          "age-old",
          "ancient",
          "antediluvian",
          "antique",
          "dateless",
          "hoar",
          "hoary",
          "immemorial",
          "old",
          "venerable",
          "aging",
          "mature",
          "antiquated",
          "archaic",
          "archaistic",
          "dated",
          "fusty",
          "geriatric",
          "medieval",
          "moldy",
          "Noachian",
          "obsolete",
          "outmoded",
          "out-of-date",
          "pass\u00e9",
          "old-fashioned",
          "old-time",
          "old-world",
          "retro",
          "vintage",
          "durable",
          "enduring",
          "lasting",
          "long-lived",
          "permanent",
          "classic",
          "classical",
          "prehistoric",
          "primeval",
          "primordial"
        ]
      ],
      "ants": [
        [
          "fresh",
          "vernal",
          "young",
          "youthful",
          "contemporary",
          "current",
          "latest",
          "mod",
          "novel",
          "present-day",
          "ultramodern",
          "untested",
          "untried",
          "brand-new",
          "unused",
          "unworn",
          "modern",
          "new",
          "recent"
        ]
      ],
      "offensive": false
    },
    "hwi": {
      "hw": "time-honored"
    },
    "fl": "adjective",
    "def": [
      {
        "sseq": [
          [
            [
              "sense",
              {
                "dt": [
                  [
                    "text",
                    "existing and respected for a long time "
                  ],
                  [
                    "vis",
                    [
                      {
                        "t": "{it}time-honored{/it} traditions"
                      }
                    ]
                  ]
                ],
                "sim_list": [
                  [
                    {
                      "wd": "ageless"
                    },
                    {
                      "wd": "hallowed"
                    },
                    {
                      "wd": "timeless"
                    },
                    {
                      "wd": "time-tested"
                    },
                    {
                      "wd": "timeworn"
                    },
                    {
                      "wd": "traditional"
                    },
                    {
                      "wd": "tried"
                    },
                    {
                      "wd": "tried-and-true"
                    }
                  ],
                  [
                    {
                      "wd": "aged"
                    },
                    {
                      "wd": "age-old"
                    },
                    {
                      "wd": "ancient"
                    },
                    {
                      "wd": "antediluvian"
                    },
                    {
                      "wd": "antique"
                    },
                    {
                      "wd": "dateless"
                    },
                    {
                      "wd": "hoar"
                    },
                    {
                      "wd": "hoary"
                    },
                    {
                      "wd": "immemorial"
                    },
                    {
                      "wd": "old"
                    },
                    {
                      "wd": "venerable"
                    }
                  ],
                  [
                    {
                      "wd": "aging",
                      "wvrs": [
                        {
                          "wvl": "or",
                          "wva": "ageing"
                        }
                      ]
                    },
                    {
                      "wd": "mature"
                    }
                  ],
                  [
                    {
                      "wd": "antiquated"
                    },
                    {
                      "wd": "archaic"
                    },
                    {
                      "wd": "archaistic"
                    },
                    {
                      "wd": "dated"
                    },
                    {
                      "wd": "fusty"
                    },
                    {
                      "wd": "geriatric"
                    },
                    {
                      "wd": "medieval",
                      "wvrs": [
                        {
                          "wvl": "also",
                          "wva": "mediaeval"
                        }
                      ]
                    },
                    {
                      "wd": "moldy"
                    },
                    {
                      "wd": "Noachian"
                    },
                    {
                      "wd": "obsolete"
                    },
                    {
                      "wd": "outmoded"
                    },
                    {
                      "wd": "out-of-date"
                    },
                    {
                      "wd": "pass\u00e9"
                    }
                  ],
                  [
                    {
                      "wd": "old-fashioned"
                    },
                    {
                      "wd": "old-time"
                    },
                    {
                      "wd": "old-world"
                    },
                    {
                      "wd": "retro"
                    },
                    {
                      "wd": "vintage"
                    }
                  ],
                  [
                    {
                      "wd": "durable"
                    },
                    {
                      "wd": "enduring"
                    },
                    {
                      "wd": "lasting"
                    },
                    {
                      "wd": "long-lived"
                    },
                    {
                      "wd": "permanent"
                    }
                  ],
                  [
                    {
                      "wd": "classic"
                    },
                    {
                      "wd": "classical"
                    }
                  ],
                  [
                    {
                      "wd": "prehistoric",
                      "wvrs": [
                        {
                          "wvl": "also",
                          "wva": "prehistorical"
                        }
                      ]
                    },
                    {
                      "wd": "primeval"
                    },
                    {
                      "wd": "primordial"
                    }
                  ]
                ],
                "opp_list": [
                  [
                    {
                      "wd": "fresh"
                    },
                    {
                      "wd": "vernal"
                    },
                    {
                      "wd": "young"
                    },
                    {
                      "wd": "youthful"
                    }
                  ],
                  [
                    {
                      "wd": "contemporary"
                    },
                    {
                      "wd": "current"
                    },
                    {
                      "wd": "latest"
                    },
                    {
                      "wd": "mod"
                    },
                    {
                      "wd": "novel"
                    },
                    {
                      "wd": "present-day"
                    },
                    {
                      "wd": "ultramodern"
                    }
                  ],
                  [
                    {
                      "wd": "untested"
                    },
                    {
                      "wd": "untried"
                    }
                  ],
                  [
                    {
                      "wd": "brand-new"
                    },
                    {
                      "wd": "unused"
                    },
                    {
                      "wd": "unworn"
                    }
                  ],
                  [
                    {
                      "wd": "modern"
                    },
                    {
                      "wd": "new"
                    },
                    {
                      "wd": "recent"
                    }
                  ]
                ]
              }
            ]
          ]
        ]
      }
    ],
    "shortdef": [
      "existing and respected for a long time"
    ]
  },
  {
    "meta": {
      "id": "time-saving",
      "uuid": "aa43bd36-03ca-4b0f-9b9f-2f6545d616e1",
      "src": "CTenhance",
      "section": "alpha",
      "stems": [
        "time-saving",
        "time-saver",
        "time-savers"
      ],
      "syns": [
        [
          "mechanical",
          "motorized",
          "nonmanual",
          "automated",
          "automatic",
          "laborsaving",
          "robotic",
          "self-acting",
          "self-operating",
          "self-regulating",
          "computerized",
          "aiding",
          "helping",
          "easing",
          "relieving",
          "semiautomatic"
        ]
      ],
      "ants": [
        [
          "nonautomated",
          "nonautomatic",
          "time-consuming"
        ]
      ],
      "offensive": false
    },
    "hwi": {
      "hw": "time-saving"
    },
    "fl": "adjective",
    "def": [
      {
        "sseq": [
          [
            [
              "sense",
              {
                "dt": [
                  [
                    "text",
                    "making it possible to do something quickly; causing something to happen or end faster "
                  ],
                  [
                    "vis",
                    [
                      {
                        "t": "microwaves, washing machines, and other {it}time-saving{/it} household devices"
                      },
                      {
                        "t": "The company implemented new {it}time-saving{/it} measures to increase productivity."
                      }
                    ]
                  ]
                ],
                "sim_list": [
                  [
                    {
                      "wd": "mechanical"
                    },
                    {
                      "wd": "motorized"
                    },
                    {
                      "wd": "nonmanual"
                    }
                  ],
                  [
                    {
                      "wd": "automated"
                    },
                    {
                      "wd": "automatic"
                    },
                    {
                      "wd": "laborsaving"
                    },
                    {
                      "wd": "robotic"
                    },
                    {
                      "wd": "self-acting"
                    },
                    {
                      "wd": "self-operating"
                    },
                    {
                      "wd": "self-regulating"
                    }
                  ],
                  [
                    {
                      "wd": "computerized"
                    }
                  ],
                  [
                    {
                      "wd": "aiding"
                    },
                    {
                      "wd": "helping"
                    }
                  ],
                  [
                    {
                      "wd": "easing"
                    },
                    {
                      "wd": "relieving"
                    }
                  ],
                  [
                    {
                      "wd": "semiautomatic"
                    }
                  ]
                ],
                "opp_list": [
                  [
                    {
                      "wd": "nonautomated"
                    },
                    {
                      "wd": "nonautomatic"
                    },
                    {
                      "wd": "time-consuming"
                    }
                  ]
                ]
              }
            ]
          ]
        ]
      }
    ],
    "shortdef": [
      "making it possible to do something quickly; causing something to happen or end faster"
    ]
  },
  {
    "meta": {
      "id": "time-tested",
      "uuid": "ec32b6e1-345a-480b-8c81-361c48d16346",
      "src": "CTenhance",
      "section": "alpha",
      "stems": [
        "time-tested"
      ],
      "syns": [
        [
          "ageless",
          "hallowed",
          "time-honored",
          "timeless",
          "timeworn",
          "traditional",
          "tried",
          "tried-and-true",
          "ancient",
          "aged",
          "age-old",
          "antediluvian",
          "antique",
          "dateless",
          "hoar",
          "hoary",
          "immemorial",
          "old",
          "venerable",
          "aging",
          "mature",
          "antiquated",
          "archaic",
          "archaistic",
          "dated",
          "fusty",
          "geriatric",
          "medieval",
          "moldy",
          "Noachian",
          "obsolete",
          "outmoded",
          "out-of-date",
          "pass\u00e9",
          "old-fashioned",
          "old-time",
          "old-world",
          "retro",
          "vintage",
          "durable",
          "enduring",
          "lasting",
          "long-lived",
          "permanent",
          "classic",
          "classical",
          "prehistoric",
          "primeval",
          "primordial"
        ]
      ],
      "ants": [
        [
          "fresh",
          "vernal",
          "young",
          "youthful",
          "contemporary",
          "current",
          "latest",
          "mod",
          "novel",
          "present-day",
          "ultramodern",
          "untested",
          "untried",
          "brand-new",
          "unused",
          "unworn",
          "modern",
          "new",
          "recent"
        ]
      ],
      "offensive": false
    },
    "hwi": {
      "hw": "time-tested"
    },
    "fl": "adjective",
    "def": [
      {
        "sseq": [
          [
            [
              "sense",
              {
                "sls": [
                  "chiefly US"
                ],
                "dt": [
                  [
                    "text",
                    "done or used for a long time and proved to be effective "
                  ],
                  [
                    "vis",
                    [
                      {
                        "t": "These {it}time-tested{/it} methods have worked for farmers for hundreds of years."
                      }
                    ]
                  ]
                ],
                "sim_list": [
                  [
                    {
                      "wd": "ageless"
                    },
                    {
                      "wd": "hallowed"
                    },
                    {
                      "wd": "time-honored"
                    },
                    {
                      "wd": "timeless"
                    },
                    {
                      "wd": "timeworn"
                    },
                    {
                      "wd": "traditional"
                    },
                    {
                      "wd": "tried"
                    },
                    {
                      "wd": "tried-and-true"
                    }
                  ],
                  [
                    {
                      "wd": "ancient"
                    },
                    {
                      "wd": "aged"
                    },
                    {
                      "wd": "age-old"
                    },
                    {
                      "wd": "antediluvian"
                    },
                    {
                      "wd": "antique"
                    },
                    {
                      "wd": "dateless"
                    },
                    {
                      "wd": "hoar"
                    },
                    {
                      "wd": "hoary"
                    },
                    {
                      "wd": "immemorial"
                    },
                    {
                      "wd": "old"
                    },
                    {
                      "wd": "venerable"
                    }
                  ],
                  [
                    {
                      "wd": "aging",
                      "wvrs": [
                        {
                          "wvl": "or",
                          "wva": "ageing"
                        }
                      ]
                    },
                    {
                      "wd": "mature"
                    }
                  ],
                  [
                    {
                      "wd": "antiquated"
                    },
                    {
                      "wd": "archaic"
                    },
                    {
                      "wd": "archaistic"
                    },
                    {
                      "wd": "dated"
                    },
                    {
                      "wd": "fusty"
                    },
                    {
                      "wd": "geriatric"
                    },
                    {
                      "wd": "medieval",
                      "wvrs": [
                        {
                          "wvl": "also",
                          "wva": "mediaeval"
                        }
                      ]
                    },
                    {
                      "wd": "moldy"
                    },
                    {
                      "wd": "Noachian"
                    },
                    {
                      "wd": "obsolete"
                    },
                    {
                      "wd": "outmoded"
                    },
                    {
                      "wd": "out-of-date"
                    },
                    {
                      "wd": "pass\u00e9"
                    }
                  ],
                  [
                    {
                      "wd": "old-fashioned"
                    },
                    {
                      "wd": "old-time"
                    },
                    {
                      "wd": "old-world"
                    },
                    {
                      "wd": "retro"
                    },
                    {
                      "wd": "vintage"
                    }
                  ],
                  [
                    {
                      "wd": "durable"
                    },
                    {
                      "wd": "enduring"
                    },
                    {
                      "wd": "lasting"
                    },
                    {
                      "wd": "long-lived"
                    },
                    {
                      "wd": "permanent"
                    }
                  ],
                  [
                    {
                      "wd": "classic"
                    },
                    {
                      "wd": "classical"
                    }
                  ],
                  [
                    {
                      "wd": "prehistoric",
                      "wvrs": [
                        {
                          "wvl": "also",
                          "wva": "prehistorical"
                        }
                      ]
                    },
                    {
                      "wd": "primeval"
                    },
                    {
                      "wd": "primordial"
                    }
                  ]
                ],
                "opp_list": [
                  [
                    {
                      "wd": "fresh"
                    },
                    {
                      "wd": "vernal"
                    },
                    {
                      "wd": "young"
                    },
                    {
                      "wd": "youthful"
                    }
                  ],
                  [
                    {
                      "wd": "contemporary"
                    },
                    {
                      "wd": "current"
                    },
                    {
                      "wd": "latest"
                    },
                    {
                      "wd": "mod"
                    },
                    {
                      "wd": "novel"
                    },
                    {
                      "wd": "present-day"
                    },
                    {
                      "wd": "ultramodern"
                    }
                  ],
                  [
                    {
                      "wd": "untested"
                    },
                    {
                      "wd": "untried"
                    }
                  ],
                  [
                    {
                      "wd": "brand-new"
                    },
                    {
                      "wd": "unused"
                    },
                    {
                      "wd": "unworn"
                    }
                  ],
                  [
                    {
                      "wd": "modern"
                    },
                    {
                      "wd": "new"
                    },
                    {
                      "wd": "recent"
                    }
                  ]
                ]
              }
            ]
          ]
        ]
      }
    ],
    "shortdef": [
      "done or used for a long time and proved to be effective"
    ]
  },
  {
    "meta": {
      "id": "time after time",
      "uuid": "d9f3619e-76a0-4a4a-8993-fc4ae70c692f",
      "src": "CTenhance",
      "section": "phrases",
      "stems": [
        "time after time"
      ],
      "syns": [
        [
          "again and again",
          "constantly",
          "continually",
          "frequently",
          "hourly",
          "much",
          "oft",
          "often",
          "oftentimes",
          "over and over",
          "repeatedly"
        ]
      ],
      "ants": [
        [
          "infrequently",
          "little",
          "rarely",
          "seldom"
        ]
      ],
      "offensive": false
    },
    "hwi": {
      "hw": "time after time"
    },
    "fl": "phrase",
    "def": [
      {
        "sseq": [
          [
            [
              "sense",
              {
                "dt": [
                  [
                    "text",
                    "many times "
                  ],
                  [
                    "vis",
                    [
                      {
                        "t": "{it}Time after time{/it} she worries she won't succeed, and {it}time after time{/it} she outdoes herself."
                      }
                    ]
                  ]
                ],
                "syn_list": [
                  [
                    {
                      "wd": "again and again"
                    },
                    {
                      "wd": "constantly"
                    },
                    {
                      "wd": "continually"
                    },
                    {
                      "wd": "frequently"
                    },
                    {
                      "wd": "hourly"
                    },
                    {
                      "wd": "much"
                    },
                    {
                      "wd": "oft"
                    },
                    {
                      "wd": "often"
                    },
                    {
                      "wd": "oftentimes",
                      "wvrs": [
                        {
                          "wvl": "or",
                          "wva": "ofttimes"
                        }
                      ]
                    },
                    {
                      "wd": "over and over"
                    },
                    {
                      "wd": "repeatedly"
                    }
                  ]
                ],
                "rel_list": [
                  [
                    {
                      "wd": "always"
                    },
                    {
                      "wd": "consistently"
                    },
                    {
                      "wd": "continuingly"
                    },
                    {
                      "wd": "continuously"
                    },
                    {
                      "wd": "night and day"
                    },
                    {
                      "wd": "perpetually"
                    },
                    {
                      "wd": "unceasingly"
                    },
                    {
                      "wd": "uninterruptedly"
                    }
                  ],
                  [
                    {
                      "wd": "afresh"
                    },
                    {
                      "wd": "again"
                    },
                    {
                      "wd": "anew"
                    }
                  ],
                  [
                    {
                      "wd": "commonly"
                    },
                    {
                      "wd": "habitually"
                    },
                    {
                      "wd": "ordinarily"
                    },
                    {
                      "wd": "regularly"
                    },
                    {
                      "wd": "routinely"
                    }
                  ],
                  [
                    {
                      "wd": "intermittently"
                    },
                    {
                      "wd": "periodically"
                    },
                    {
                      "wd": "recurrently"
                    }
                  ],
                  [
                    {
                      "wd": "generally"
                    },
                    {
                      "wd": "usually"
                    }
                  ]
                ],
                "phrase_list": [
                  [
                    {
                      "wd": "a lot"
                    },
                    {
                      "wd": "time and again"
                    }
                  ]
                ],
                "near_list": [
                  [
                    {
                      "wd": "now"
                    },
                    {
                      "wd": "now and then"
                    },
                    {
                      "wd": "occasionally"
                    },
                    {
                      "wd": "sometimes"
                    },
                    {
                      "wd": "sporadically"
                    }
                  ],
                  [
                    {
                      "wd": "ne'er"
                    },
                    {
                      "wd": "never"
                    }
                  ],
                  [
                    {
                      "wd": "once"
                    }
                  ]
                ],
                "ant_list": [
                  [
                    {
                      "wd": "infrequently"
                    },
                    {
                      "wd": "little"
                    },
                    {
                      "wd": "rarely"
                    },
                    {
                      "wd": "seldom"
                    }
                  ]
                ]
              }
            ]
          ]
        ]
      }
    ],
    "shortdef": [
      "many times"
    ]
  },
  {
    "meta": {
      "id": "time and again",
      "uuid": "034ec365-d566-41db-a8d9-c20cd18bd193",
      "src": "CTenhance",
      "section": "phrases",
      "stems": [
        "time and again"
      ],
      "syns": [
        [
          "again and again",
          "constantly",
          "continually",
          "frequently",
          "hourly",
          "much",
          "oft",
          "often",
          "oftentimes",
          "over and over",
          "repeatedly"
        ]
      ],
      "ants": [
        [
          "infrequently",
          "little",
          "rarely",
          "seldom"
        ]
      ],
      "offensive": false
    },
    "hwi": {
      "hw": "time and again"
    },
    "fl": "phrase",
    "def": [
      {
        "sseq": [
          [
            [
              "sense",
              {
                "dt": [
                  [
                    "text",
                    "many times "
                  ],
                  [
                    "vis",
                    [
                      {
                        "t": "I've watched her make the same mistake {it}time and again{/it}."
                      }
                    ]
                  ]
                ],
                "syn_list": [
                  [
                    {
                      "wd": "again and again"
                    },
                    {
                      "wd": "constantly"
                    },
                    {
                      "wd": "continually"
                    },
                    {
                      "wd": "frequently"
                    },
                    {
                      "wd": "hourly"
                    },
                    {
                      "wd": "much"
                    },
                    {
                      "wd": "oft"
                    },
                    {
                      "wd": "often"
                    },
                    {
                      "wd": "oftentimes",
                      "wvrs": [
                        {
                          "wvl": "or",
                          "wva": "ofttimes"
                        }
                      ]
                    },
                    {
                      "wd": "over and over"
                    },
                    {
                      "wd": "repeatedly"
                    }
                  ]
                ],
                "rel_list": [
                  [
                    {
                      "wd": "always"
                    },
                    {
                      "wd": "consistently"
                    },
                    {
                      "wd": "continuingly"
                    },
                    {
                      "wd": "continuously"
                    },
                    {
                      "wd": "night and day"
                    },
                    {
                      "wd": "perpetually"
                    },
                    {
                      "wd": "unceasingly"
                    },
                    {
                      "wd": "uninterruptedly"
                    }
                  ],
                  [
                    {
                      "wd": "afresh"
                    },
                    {
                      "wd": "again"
                    },
                    {
                      "wd": "anew"
                    }
                  ],
                  [
                    {
                      "wd": "commonly"
                    },
                    {
                      "wd": "habitually"
                    },
                    {
                      "wd": "ordinarily"
                    },
                    {
                      "wd": "regularly"
                    },
                    {
                      "wd": "routinely"
                    }
                  ],
                  [
                    {
                      "wd": "intermittently"
                    },
                    {
                      "wd": "periodically"
                    },
                    {
                      "wd": "recurrently"
                    }
                  ],
                  [
                    {
                      "wd": "generally"
                    },
                    {
                      "wd": "usually"
                    }
                  ]
                ],
                "phrase_list": [
                  [
                    {
                      "wd": "a lot"
                    },
                    {
                      "wd": "time after time"
                    }
                  ]
                ],
                "near_list": [
                  [
                    {
                      "wd": "now"
                    },
                    {
                      "wd": "now and then"
                    },
                    {
                      "wd": "occasionally"
                    },
                    {
                      "wd": "sometimes"
                    },
                    {
                      "wd": "sporadically"
                    }
                  ],
                  [
                    {
                      "wd": "ne'er"
                    },
                    {
                      "wd": "never"
                    }
                  ],
                  [
                    {
                      "wd": "once"
                    }
                  ]
                ],
                "ant_list": [
                  [
                    {
                      "wd": "infrequently"
                    },
                    {
                      "wd": "little"
                    },
                    {
                      "wd": "rarely"
                    },
                    {
                      "wd": "seldom"
                    }
                  ]
                ]
              }
            ]
          ]
        ]
      }
    ],
    "shortdef": [
      "many times"
    ]
  },
  {
    "meta": {
      "id": "time and a half",
      "uuid": "fe095e1a-4738-4169-b02f-15a661b240cf",
      "src": "CTcompile",
      "section": "alpha",
      "stems": [
        "time and a half"
      ],
      "syns": [
        [
          "double time",
          "overtime",
          "living wage",
          "minimum wage",
          "nominal wages",
          "take-home pay",
          "compensation",
          "recompense",
          "remittance",
          "remuneration",
          "requital",
          "return",
          "emolument",
          "hire",
          "packet",
          "pay",
          "paycheck",
          "pay envelope",
          "payment",
          "salary",
          "stipend",
          "wage",
          "recoupment",
          "redress",
          "reparation",
          "restitution",
          "reimbursement",
          "repayment",
          "earnings",
          "profit",
          "takings",
          "yield"
        ]
      ],
      "ants": [],
      "offensive": false
    },
    "hwi": {
      "hw": "time and a half"
    },
    "fl": "noun",
    "def": [
      {
        "sseq": [
          [
            [
              "sense",
              {
                "dt": [
                  [
                    "text",
                    "as in {it}overtime{/it}, {it}double time{/it}"
                  ]
                ],
                "sim_list": [
                  [
                    {
                      "wd": "double time"
                    },
                    {
                      "wd": "overtime"
                    }
                  ],
                  [
                    {
                      "wd": "living wage"
                    },
                    {
                      "wd": "minimum wage"
                    },
                    {
                      "wd": "nominal wages"
                    },
                    {
                      "wd": "take-home pay"
                    }
                  ],
                  [
                    {
                      "wd": "compensation"
                    },
                    {
                      "wd": "recompense"
                    },
                    {
                      "wd": "remittance"
                    },
                    {
                      "wd": "remuneration"
                    },
                    {
                      "wd": "requital"
                    },
                    {
                      "wd": "return"
                    }
                  ],
                  [
                    {
                      "wd": "emolument"
                    },
                    {
                      "wd": "hire"
                    },
                    {
                      "wd": "packet",
                      "wsls": [
                        "British"
                      ]
                    },
                    {
                      "wd": "pay"
                    },
                    {
                      "wd": "paycheck"
                    },
                    {
                      "wd": "pay envelope"
                    },
                    {
                      "wd": "payment"
                    },
                    {
                      "wd": "salary"
                    },
                    {
                      "wd": "stipend"
                    },
                    {
                      "wd": "wage"
                    }
                  ],
                  [
                    {
                      "wd": "recoupment"
                    },
                    {
                      "wd": "redress"
                    },
                    {
                      "wd": "reparation"
                    },
                    {
                      "wd": "restitution"
                    }
                  ],
                  [
                    {
                      "wd": "reimbursement"
                    },
                    {
                      "wd": "repayment"
                    }
                  ],
                  [
                    {
                      "wd": "earnings"
                    },
                    {
                      "wd": "profit"
                    },
                    {
                      "wd": "takings"
                    },
                    {
                      "wd": "yield"
                    }
                  ]
                ]
              }
            ]
          ]
        ]
      }
    ],
    "shortdef": [
      "as in overtime, double time"
    ]
  },
  {
    "meta": {
      "id": "time and a halfs",
      "uuid": "204b3317-18ab-4ffa-80e2-4215f271f271",
      "src": "CTcompile",
      "section": "alpha",
      "stems": [
        "time and a halfs"
      ],
      "syns": [
        [
          "double times",
          "overtimes",
          "living wages",
          "minimum wages",
          "nominal wages",
          "take-home pays",
          "compensations",
          "recompenses",
          "remittances",
          "remunerations",
          "requitals",
          "returns",
          "emoluments",
          "hires",
          "packets",
          "paychecks",
          "pay envelopes",
          "payments",
          "pays",
          "salaries",
          "stipends",
          "wages",
          "recoupments",
          "redresses",
          "reparations",
          "restitutions",
          "reimbursements",
          "repayments",
          "earnings",
          "profits",
          "takings",
          "yields"
        ]
      ],
      "ants": [],
      "offensive": false
    },
    "hwi": {
      "hw": "time and a halfs"
    },
    "fl": "noun",
    "sls": [
      "plural of {d_link|time and a half|time and a half}"
    ],
    "def": [
      {
        "sseq": [
          [
            [
              "sense",
              {
                "dt": [
                  [
                    "text",
                    "as in {it}overtimes{/it}, {it}double times{/it}"
                  ]
                ],
                "sim_list": [
                  [
                    {
                      "wd": "double times"
                    },
                    {
                      "wd": "overtimes"
                    }
                  ],
                  [
                    {
                      "wd": "living wages"
                    },
                    {
                      "wd": "minimum wages"
                    },
                    {
                      "wd": "nominal wages"
                    },
                    {
                      "wd": "take-home pays"
                    }
                  ],
                  [
                    {
                      "wd": "compensations"
                    },
                    {
                      "wd": "recompenses"
                    },
                    {
                      "wd": "remittances"
                    },
                    {
                      "wd": "remunerations"
                    },
                    {
                      "wd": "requitals"
                    },
                    {
                      "wd": "returns"
                    }
                  ],
                  [
                    {
                      "wd": "emoluments"
                    },
                    {
                      "wd": "hires"
                    },
                    {
                      "wd": "packets",
                      "wsls": [
                        "British"
                      ]
                    },
                    {
                      "wd": "paychecks"
                    },
                    {
                      "wd": "pay envelopes"
                    },
                    {
                      "wd": "payments"
                    },
                    {
                      "wd": "pays"
                    },
                    {
                      "wd": "salaries"
                    },
                    {
                      "wd": "stipends"
                    },
                    {
                      "wd": "wages"
                    }
                  ],
                  [
                    {
                      "wd": "recoupments"
                    },
                    {
                      "wd": "redresses"
                    },
                    {
                      "wd": "reparations"
                    },
                    {
                      "wd": "restitutions"
                    }
                  ],
                  [
                    {
                      "wd": "reimbursements"
                    },
                    {
                      "wd": "repayments"
                    }
                  ],
                  [
                    {
                      "wd": "earnings"
                    },
                    {
                      "wd": "profits"
                    },
                    {
                      "wd": "takings"
                    },
                    {
                      "wd": "yields"
                    }
                  ]
                ]
              }
            ]
          ]
        ]
      }
    ],
    "shortdef": [
      "as in overtimes, double times"
    ]
  }
]