[
  {
    "meta": {
      "id": "traits",
      "uuid": "b481fbaf-24db-44c8-a5c9-53aa91c7d93e",
      "src": "coll_thes",
      "section": "alpha",
      "stems": [
        "traits"
      ],
      "syns": [
        [
          "affections",
          "attributes",
          "attributions",
          "characteristics",
          "characters",
          "criteria",
          "diagnostics",
          "differentiae",
          "features",
          "fingerprints",
          "hallmarks",
          "markers",
          "marks",
          "notes",
          "particularities",
          "peculiarities",
          "points",
          "properties",
          "qualities",
          "specifics",
          "stamps",
          "touches"
        ]
      ],
      "ants": [],
      "offensive": false
    },
    "hwi": {
      "hw": "traits"
    },
    "fl": "noun",
    "sls": [
      "plural of {d_link|trait|trait}"
    ],
    "def": [
      {
        "sseq": [
          [
            [
              "sense",
              {
                "dt": [
                  [
                    "text",
                    "something that sets apart an individual from others of the same kind "
                  ],
                  [
                    "vis",
                    [
                      {
                        "t": "honesty is one of her defining {it}traits{/it}"
                      }
                    ]
                  ]
                ],
                "syn_list": [
                  [
                    {
                      "wd": "affections"
                    },
                    {
                      "wd": "attributes"
                    },
                    {
                      "wd": "attributions"
                    },
                    {
                      "wd": "characteristics"
                    },
                    {
                      "wd": "characters"
                    },
                    {
                      "wd": "criteria",
                      "wvrs": [
                        {
                          "wvl": "also",
                          "wva": "criterions"
                        }
                      ]
                    },
                    {
                      "wd": "diagnostics"
                    },
                    {
                      "wd": "differentiae"
                    },
                    {
                      "wd": "features"
                    },
                    {
                      "wd": "fingerprints"
                    },
                    {
                      "wd": "hallmarks"
                    },
                    {
                      "wd": "markers"
                    },
                    {
                      "wd": "marks"
                    },
                    {
                      "wd": "notes"
                    },
                    {
                      "wd": "particularities"
                    },
                    {
                      "wd": "peculiarities"
                    },
                    {
                      "wd": "points"
                    },
                    {
                      "wd": "properties"
                    },
                    {
                      "wd": "qualities"
                    },
                    {
                      "wd": "specifics"
                    },
                    {
                      "wd": "stamps"
                    },
                    {
                      "wd": "touches"
                    }
                  ]
                ],
                "rel_list": [
                  [
                    {
                      "wd": "badges"
                    },
                    {
                      "wd": "indications"
                    },
                    {
                      "wd": "signs"
                    }
                  ],
                  [
                    {
                      "wd": "emblems"
                    },
                    {
                      "wd": "symbols"
                    },
                    {
                      "wd": "tokens"
                    }
                  ],
                  [
                    {
                      "wd": "charms"
                    },
                    {
                      "wd": "graces"
                    }
                  ],
                  [
                    {
                      "wd": "excellences"
                    },
                    {
                      "wd": "merits"
                    },
                    {
                      "wd": "virtues"
                    }
                  ],
                  [
                    {
                      "wd": "eccentricities"
                    },
                    {
                      "wd": "idiosyncrasies"
                    },
                    {
                      "wd": "oddities"
                    },
                    {
                      "wd": "quirks"
                    }
                  ],
                  [
                    {
                      "wd": "individualities"
                    },
                    {
                      "wd": "singularities"
                    }
                  ]
                ]
              }
            ]
          ]
        ]
      }
    ],
    "shortdef": [
      "something that sets apart an individual from others of the same kind"
    ]
  },
  {
    "meta": {
      "id": "trait",
      "uuid": "58f8be76-319e-4ad1-9648-92767ec833bf",
      "src": "coll_thes",
      "section": "alpha",
      "target": {
        "tuuid": "04cb2c29-89b4-48ac-9fab-32f1f65a230e",
        "tsrc": "collegiate"
      },
      "stems": [
        "trait",
        "traits"
      ],
      "syns": [
        [
          "affection",
          "attribute",
          "attribution",
          "character",
          "characteristic",
          "criterion",
          "diagnostic",
          "differentia",
          "feature",
          "fingerprint",
          "hallmark",
          "mark",
          "marker",
          "note",
          "particularity",
          "peculiarity",
          "point",
          "property",
          "quality",
          "specific",
          "stamp",
          "touch"
        ]
      ],
      "ants": [],
      "offensive": false
    },
    "hwi": {
      "hw": "trait"
    },
    "fl": "noun",
    "def": [
      {
        "sseq": [
          [
            [
              "sense",
              {
                "dt": [
                  [
                    "text",
                    "something that sets apart an individual from others of the same kind "
                  ],
                  [
                    "vis",
                    [
                      {
                        "t": "honesty is one of her defining {it}traits{/it}"
                      }
                    ]
                  ]
                ],
                "syn_list": [
                  [
                    {
                      "wd": "affection"
                    },
                    {
                      "wd": "attribute"
                    },
                    {
                      "wd": "attribution"
                    },
                    {
                      "wd": "character"
                    },
                    {
                      "wd": "characteristic"
                    },
                    {
                      "wd": "criterion"
                    },
                    {
                      "wd": "diagnostic"
                    },
                    {
                      "wd": "differentia"
                    },
                    {
                      "wd": "feature"
                    },
                    {
                      "wd": "fingerprint"
                    },
                    {
                      "wd": "hallmark"
                    },
                    {
                      "wd": "mark"
                    },
                    {
                      "wd": "marker"
                    },
                    {
                      "wd": "note"
                    },
                    {
                      "wd": "particularity"
                    },
                    {
                      "wd": "peculiarity"
                    },
                    {
                      "wd": "point"
                    },
                    {
                      "wd": "property"
                    },
                    {
                      "wd": "quality"
                    },
                    {
                      "wd": "specific"
                    },
                    {
                      "wd": "stamp"
                    },
                    {
                      "wd": "touch"
                    }
                  ]
                ],
                "rel_list": [
                  [
                    {
                      "wd": "badge"
                    },
                    {
                      "wd": "indication"
                    },
                    {
                      "wd": "sign"
                    }
                  ],
                  [
                    {
                      "wd": "emblem"
                    },
                    {
                      "wd": "symbol"
                    },
                    {
                      "wd": "token"
                    }
                  ],
                  [
                    {
                      "wd": "charm"
                    },
                    {
                      "wd": "grace"
                    }
                  ],
                  [
                    {
                      "wd": "excellence"
                    },
                    {
                      "wd": "merit"
                    },
                    {
                      "wd": "virtue"
                    }
                  ],
                  [
                    {
                      "wd": "eccentricity"
                    },
                    {
                      "wd": "idiosyncrasy"
                    },
                    {
                      "wd": "oddity"
                    },
                    {
                      "wd": "quirk"
                    }
                  ],
                  [
                    {
                      "wd": "individuality"
                    },
                    {
                      "wd": "singularity"
                    },
                    {
                      "wd": "uniqueness"
                    }
                  ]
                ]
              }
            ]
          ]
        ]
      }
    ],
    "shortdef": [
      "something that sets apart an individual from others of the same kind"
    ]
  }
]