[
  {
    "meta": {
      "id": "transfer",
      "uuid": "5875ed5d-8cfb-4aee-a0e3-d0f1152a06eb",
      "src": "coll_thes",
      "section": "alpha",
      "target": {
        "tuuid": "edf4b297-d785-461e-986d-e13e513ade69",
        "tsrc": "collegiate"
      },
      "stems": [
        "transfer",
        "transferabilities",
        "transferability",
        "transferable",
        "transferal",
        "transferals",
        "transferrable",
        "transferred",
        "transferrer",
        "transferrers",
        "transferring",
        "transfers"
      ],
      "syns": [
        [
          "alien",
          "alienate",
          "assign",
          "cede",
          "convey",
          "deed",
          "make over"
        ],
        [
          "communicate",
          "conduct",
          "convey",
          "give",
          "impart",
          "spread",
          "transfuse",
          "transmit"
        ],
        [
          "consign",
          "dispatch",
          "pack (off)",
          "send",
          "ship",
          "shoot",
          "transmit",
          "transport"
        ],
        [
          "budge",
          "dislocate",
          "displace",
          "disturb",
          "move",
          "relocate",
          "remove",
          "reposition",
          "shift",
          "transpose"
        ],
        [
          "commend",
          "commit",
          "confide",
          "consign",
          "delegate",
          "deliver",
          "entrust",
          "give",
          "give over",
          "hand",
          "hand over",
          "leave",
          "pass",
          "recommend",
          "repose",
          "transmit",
          "trust",
          "turn over",
          "vest"
        ],
        [
          "buck",
          "hand",
          "hand over",
          "pass",
          "reach"
        ]
      ],
      "ants": [
        [
          "accept",
          "receive"
        ],
        [
          "hold",
          "keep",
          "retain"
        ]
      ],
      "offensive": false
    },
    "hwi": {
      "hw": "transfer"
    },
    "fl": "verb",
    "def": [
      {
        "sseq": [
          [
            [
              "sense",
              {
                "sn": "1",
                "dt": [
                  [
                    "text",
                    "to give over the legal possession or ownership of "
                  ],
                  [
                    "vis",
                    [
                      {
                        "t": "Claire's grandfather agreed to {it}transfer{/it} certain stocks to her when she turned 18"
                      }
                    ]
                  ]
                ],
                "syn_list": [
                  [
                    {
                      "wd": "alien"
                    },
                    {
                      "wd": "alienate"
                    },
                    {
                      "wd": "assign"
                    },
                    {
                      "wd": "cede"
                    },
                    {
                      "wd": "convey"
                    },
                    {
                      "wd": "deed"
                    },
                    {
                      "wd": "make over"
                    }
                  ]
                ],
                "rel_list": [
                  [
                    {
                      "wd": "bequeath"
                    },
                    {
                      "wd": "hand down"
                    },
                    {
                      "wd": "leave"
                    },
                    {
                      "wd": "pass (down)"
                    },
                    {
                      "wd": "will"
                    }
                  ],
                  [
                    {
                      "wd": "bestow"
                    },
                    {
                      "wd": "commend"
                    },
                    {
                      "wd": "commit"
                    },
                    {
                      "wd": "confer"
                    },
                    {
                      "wd": "contribute"
                    },
                    {
                      "wd": "deliver"
                    },
                    {
                      "wd": "donate"
                    },
                    {
                      "wd": "grant"
                    },
                    {
                      "wd": "hand over"
                    },
                    {
                      "wd": "move"
                    },
                    {
                      "wd": "pass"
                    },
                    {
                      "wd": "present"
                    },
                    {
                      "wd": "release"
                    },
                    {
                      "wd": "relinquish"
                    },
                    {
                      "wd": "surrender"
                    },
                    {
                      "wd": "transmit"
                    },
                    {
                      "wd": "turn in"
                    },
                    {
                      "wd": "turn over"
                    },
                    {
                      "wd": "vest"
                    },
                    {
                      "wd": "yield"
                    }
                  ],
                  [
                    {
                      "wd": "consign"
                    },
                    {
                      "wd": "entrust",
                      "wvrs": [
                        {
                          "wvl": "also",
                          "wva": "intrust"
                        }
                      ]
                    },
                    {
                      "wd": "trust"
                    }
                  ],
                  [
                    {
                      "wd": "lease"
                    },
                    {
                      "wd": "lend"
                    },
                    {
                      "wd": "let",
                      "wsls": [
                        "chiefly British"
                      ]
                    },
                    {
                      "wd": "loan"
                    },
                    {
                      "wd": "rent"
                    }
                  ]
                ],
                "phrase_list": [
                  [
                    {
                      "wd": "dispose of"
                    }
                  ]
                ],
                "near_list": [
                  [
                    {
                      "wd": "expropriate"
                    }
                  ]
                ]
              }
            ]
          ],
          [
            [
              "sense",
              {
                "sn": "2",
                "dt": [
                  [
                    "text",
                    "to cause (something) to pass from one to another "
                  ],
                  [
                    "vis",
                    [
                      {
                        "t": "they used Morse Code to {it}transfer{/it} the message from one ship to another"
                      }
                    ]
                  ]
                ],
                "syn_list": [
                  [
                    {
                      "wd": "communicate"
                    },
                    {
                      "wd": "conduct"
                    },
                    {
                      "wd": "convey"
                    },
                    {
                      "wd": "give"
                    },
                    {
                      "wd": "impart"
                    },
                    {
                      "wd": "spread"
                    },
                    {
                      "wd": "transfuse"
                    },
                    {
                      "wd": "transmit"
                    }
                  ]
                ],
                "rel_list": [
                  [
                    {
                      "wd": "deliver"
                    },
                    {
                      "wd": "hand over"
                    },
                    {
                      "wd": "surrender"
                    },
                    {
                      "wd": "turn over"
                    }
                  ],
                  [
                    {
                      "wd": "broadcast"
                    },
                    {
                      "wd": "diffuse"
                    },
                    {
                      "wd": "disseminate"
                    },
                    {
                      "wd": "propagate"
                    }
                  ],
                  [
                    {
                      "wd": "hand down"
                    },
                    {
                      "wd": "hand on"
                    }
                  ],
                  [
                    {
                      "wd": "contaminate"
                    },
                    {
                      "wd": "infect"
                    },
                    {
                      "wd": "poison"
                    }
                  ]
                ],
                "near_list": [
                  [
                    {
                      "wd": "catch"
                    },
                    {
                      "wd": "come down (with)"
                    },
                    {
                      "wd": "contract"
                    }
                  ]
                ]
              }
            ]
          ],
          [
            [
              "sense",
              {
                "sn": "3",
                "dt": [
                  [
                    "text",
                    "to cause to go or be taken from one place to another "
                  ],
                  [
                    "vis",
                    [
                      {
                        "t": "will have to {it}transfer{/it} you from our San Francisco office to our New York headquarters"
                      }
                    ]
                  ]
                ],
                "syn_list": [
                  [
                    {
                      "wd": "consign"
                    },
                    {
                      "wd": "dispatch"
                    },
                    {
                      "wd": "pack (off)"
                    },
                    {
                      "wd": "send"
                    },
                    {
                      "wd": "ship"
                    },
                    {
                      "wd": "shoot"
                    },
                    {
                      "wd": "transmit"
                    },
                    {
                      "wd": "transport"
                    }
                  ]
                ],
                "rel_list": [
                  [
                    {
                      "wd": "convey"
                    },
                    {
                      "wd": "deliver"
                    },
                    {
                      "wd": "hand over"
                    },
                    {
                      "wd": "pass"
                    },
                    {
                      "wd": "render"
                    }
                  ],
                  [
                    {
                      "wd": "advance"
                    },
                    {
                      "wd": "drop"
                    },
                    {
                      "wd": "launch"
                    }
                  ],
                  [
                    {
                      "wd": "address"
                    },
                    {
                      "wd": "forward"
                    }
                  ],
                  [
                    {
                      "wd": "export"
                    },
                    {
                      "wd": "import"
                    }
                  ],
                  [
                    {
                      "wd": "bestow"
                    },
                    {
                      "wd": "contribute"
                    },
                    {
                      "wd": "donate"
                    },
                    {
                      "wd": "give"
                    },
                    {
                      "wd": "present"
                    }
                  ],
                  [
                    {
                      "wd": "resend"
                    },
                    {
                      "wd": "return"
                    }
                  ]
                ],
                "near_list": [
                  [
                    {
                      "wd": "acquire"
                    },
                    {
                      "wd": "draw"
                    },
                    {
                      "wd": "earn"
                    },
                    {
                      "wd": "gain"
                    },
                    {
                      "wd": "garner"
                    },
                    {
                      "wd": "get"
                    },
                    {
                      "wd": "obtain"
                    },
                    {
                      "wd": "procure"
                    },
                    {
                      "wd": "secure"
                    }
                  ]
                ],
                "ant_list": [
                  [
                    {
                      "wd": "accept"
                    },
                    {
                      "wd": "receive"
                    }
                  ]
                ]
              }
            ]
          ],
          [
            [
              "sense",
              {
                "sn": "4",
                "dt": [
                  [
                    "text",
                    "to change the place or position of "
                  ],
                  [
                    "vis",
                    [
                      {
                        "t": "{it}transferred{/it} the car keys from my pocket to my purse"
                      }
                    ]
                  ]
                ],
                "syn_list": [
                  [
                    {
                      "wd": "budge"
                    },
                    {
                      "wd": "dislocate"
                    },
                    {
                      "wd": "displace"
                    },
                    {
                      "wd": "disturb"
                    },
                    {
                      "wd": "move"
                    },
                    {
                      "wd": "relocate"
                    },
                    {
                      "wd": "remove"
                    },
                    {
                      "wd": "reposition"
                    },
                    {
                      "wd": "shift"
                    },
                    {
                      "wd": "transpose"
                    }
                  ]
                ],
                "rel_list": [
                  [
                    {
                      "wd": "bear"
                    },
                    {
                      "wd": "carry"
                    },
                    {
                      "wd": "cart"
                    },
                    {
                      "wd": "convey"
                    },
                    {
                      "wd": "drive"
                    },
                    {
                      "wd": "haul"
                    },
                    {
                      "wd": "lug"
                    },
                    {
                      "wd": "tote"
                    },
                    {
                      "wd": "transmit"
                    },
                    {
                      "wd": "transplant"
                    },
                    {
                      "wd": "transport"
                    }
                  ],
                  [
                    {
                      "wd": "replace"
                    },
                    {
                      "wd": "supersede"
                    },
                    {
                      "wd": "supplant"
                    }
                  ],
                  [
                    {
                      "wd": "alter"
                    },
                    {
                      "wd": "make over"
                    },
                    {
                      "wd": "modify"
                    },
                    {
                      "wd": "redo"
                    },
                    {
                      "wd": "refashion"
                    },
                    {
                      "wd": "remake"
                    },
                    {
                      "wd": "remodel"
                    },
                    {
                      "wd": "revamp"
                    },
                    {
                      "wd": "revise"
                    },
                    {
                      "wd": "rework"
                    },
                    {
                      "wd": "vary"
                    }
                  ]
                ],
                "near_list": [
                  [
                    {
                      "wd": "anchor"
                    },
                    {
                      "wd": "fix"
                    },
                    {
                      "wd": "freeze"
                    },
                    {
                      "wd": "moor"
                    },
                    {
                      "wd": "secure"
                    },
                    {
                      "wd": "set"
                    },
                    {
                      "wd": "stabilize"
                    }
                  ],
                  [
                    {
                      "wd": "embed",
                      "wvrs": [
                        {
                          "wvl": "also",
                          "wva": "imbed"
                        }
                      ]
                    },
                    {
                      "wd": "entrench",
                      "wvrs": [
                        {
                          "wvl": "also",
                          "wva": "intrench"
                        }
                      ]
                    },
                    {
                      "wd": "implant"
                    },
                    {
                      "wd": "ingrain",
                      "wvrs": [
                        {
                          "wvl": "also",
                          "wva": "engrain"
                        }
                      ]
                    },
                    {
                      "wd": "lodge"
                    },
                    {
                      "wd": "root"
                    }
                  ]
                ]
              }
            ]
          ],
          [
            [
              "sense",
              {
                "sn": "5",
                "dt": [
                  [
                    "text",
                    "to put (something) into the possession or safekeeping of another "
                  ],
                  [
                    "vis",
                    [
                      {
                        "t": "before she left the country, she {it}transferred{/it} all her record books and important papers to her mother"
                      }
                    ]
                  ]
                ],
                "syn_list": [
                  [
                    {
                      "wd": "commend"
                    },
                    {
                      "wd": "commit"
                    },
                    {
                      "wd": "confide"
                    },
                    {
                      "wd": "consign"
                    },
                    {
                      "wd": "delegate"
                    },
                    {
                      "wd": "deliver"
                    },
                    {
                      "wd": "entrust",
                      "wvrs": [
                        {
                          "wvl": "also",
                          "wva": "intrust"
                        }
                      ]
                    },
                    {
                      "wd": "give"
                    },
                    {
                      "wd": "give over"
                    },
                    {
                      "wd": "hand"
                    },
                    {
                      "wd": "hand over"
                    },
                    {
                      "wd": "leave"
                    },
                    {
                      "wd": "pass"
                    },
                    {
                      "wd": "recommend"
                    },
                    {
                      "wd": "repose"
                    },
                    {
                      "wd": "transmit"
                    },
                    {
                      "wd": "trust"
                    },
                    {
                      "wd": "turn over"
                    },
                    {
                      "wd": "vest"
                    }
                  ]
                ],
                "rel_list": [
                  [
                    {
                      "wd": "confer"
                    },
                    {
                      "wd": "grant"
                    }
                  ],
                  [
                    {
                      "wd": "assign"
                    },
                    {
                      "wd": "deal (out)"
                    },
                    {
                      "wd": "dispense"
                    },
                    {
                      "wd": "disperse"
                    },
                    {
                      "wd": "distribute"
                    },
                    {
                      "wd": "divide"
                    }
                  ],
                  [
                    {
                      "wd": "hand in"
                    },
                    {
                      "wd": "release"
                    },
                    {
                      "wd": "relinquish"
                    },
                    {
                      "wd": "submit"
                    },
                    {
                      "wd": "surrender"
                    },
                    {
                      "wd": "turn in"
                    },
                    {
                      "wd": "yield"
                    }
                  ],
                  [
                    {
                      "wd": "bequeath"
                    },
                    {
                      "wd": "hand down"
                    },
                    {
                      "wd": "hand on"
                    },
                    {
                      "wd": "will"
                    }
                  ],
                  [
                    {
                      "wd": "advance"
                    },
                    {
                      "wd": "lend"
                    },
                    {
                      "wd": "loan"
                    }
                  ],
                  [
                    {
                      "wd": "furnish"
                    },
                    {
                      "wd": "supply"
                    }
                  ],
                  [
                    {
                      "wd": "recommit"
                    },
                    {
                      "wd": "redeliver"
                    },
                    {
                      "wd": "retransfer"
                    },
                    {
                      "wd": "retransmit"
                    }
                  ]
                ],
                "near_list": [
                  [
                    {
                      "wd": "detain"
                    },
                    {
                      "wd": "hold back"
                    },
                    {
                      "wd": "reserve"
                    },
                    {
                      "wd": "withhold"
                    }
                  ],
                  [
                    {
                      "wd": "own"
                    },
                    {
                      "wd": "possess"
                    }
                  ],
                  [
                    {
                      "wd": "accept"
                    },
                    {
                      "wd": "receive"
                    },
                    {
                      "wd": "take in"
                    }
                  ],
                  [
                    {
                      "wd": "occupy"
                    },
                    {
                      "wd": "take"
                    },
                    {
                      "wd": "take over"
                    }
                  ]
                ],
                "ant_list": [
                  [
                    {
                      "wd": "hold"
                    },
                    {
                      "wd": "keep"
                    },
                    {
                      "wd": "retain"
                    }
                  ]
                ]
              }
            ]
          ],
          [
            [
              "sense",
              {
                "sn": "6",
                "dt": [
                  [
                    "text",
                    "to shift possession of (something) from one person to another "
                  ],
                  [
                    "vis",
                    [
                      {
                        "t": "{it}transferred{/it} the ball to the running back"
                      }
                    ]
                  ]
                ],
                "syn_list": [
                  [
                    {
                      "wd": "buck"
                    },
                    {
                      "wd": "hand"
                    },
                    {
                      "wd": "hand over"
                    },
                    {
                      "wd": "pass"
                    },
                    {
                      "wd": "reach"
                    }
                  ]
                ],
                "rel_list": [
                  [
                    {
                      "wd": "relay"
                    }
                  ],
                  [
                    {
                      "wd": "bear"
                    },
                    {
                      "wd": "carry"
                    }
                  ],
                  [
                    {
                      "wd": "finger"
                    },
                    {
                      "wd": "handle"
                    },
                    {
                      "wd": "paw"
                    }
                  ],
                  [
                    {
                      "wd": "cede"
                    },
                    {
                      "wd": "deliver"
                    },
                    {
                      "wd": "give"
                    },
                    {
                      "wd": "give up"
                    },
                    {
                      "wd": "release"
                    },
                    {
                      "wd": "relinquish"
                    },
                    {
                      "wd": "render"
                    },
                    {
                      "wd": "surrender"
                    },
                    {
                      "wd": "turn over"
                    },
                    {
                      "wd": "yield"
                    }
                  ]
                ]
              }
            ]
          ]
        ]
      }
    ],
    "shortdef": [
      "to give over the legal possession or ownership of",
      "to cause (something) to pass from one to another",
      "to cause to go or be taken from one place to another"
    ]
  },
  {
    "meta": {
      "id": "transfer station",
      "uuid": "0e4c095d-47c2-4faf-86a7-43a46981061c",
      "src": "CTcompile",
      "section": "alpha",
      "stems": [
        "transfer station"
      ],
      "syns": [
        [
          "dustbin",
          "dustheap",
          "junkyard",
          "kitchen midden",
          "midden",
          "dump",
          "landfill",
          "sanitary landfill",
          "tip",
          "mess",
          "pigpen",
          "pigsty",
          "sty"
        ]
      ],
      "ants": [],
      "offensive": false
    },
    "hwi": {
      "hw": "transfer station"
    },
    "fl": "noun",
    "def": [
      {
        "sseq": [
          [
            [
              "sense",
              {
                "dt": [
                  [
                    "text",
                    "as in {it}sanitary landfill{/it}, {it}dustheap{/it}"
                  ]
                ],
                "sim_list": [
                  [
                    {
                      "wd": "dustbin"
                    },
                    {
                      "wd": "dustheap"
                    },
                    {
                      "wd": "junkyard"
                    },
                    {
                      "wd": "kitchen midden"
                    },
                    {
                      "wd": "midden"
                    }
                  ],
                  [
                    {
                      "wd": "dump"
                    },
                    {
                      "wd": "landfill"
                    },
                    {
                      "wd": "sanitary landfill"
                    },
                    {
                      "wd": "tip",
                      "wsls": [
                        "chiefly British"
                      ]
                    }
                  ],
                  [
                    {
                      "wd": "mess"
                    },
                    {
                      "wd": "pigpen"
                    },
                    {
                      "wd": "pigsty"
                    },
                    {
                      "wd": "sty"
                    }
                  ]
                ]
              }
            ]
          ]
        ]
      }
    ],
    "shortdef": [
      "as in sanitary landfill, dustheap"
    ]
  },
  {
    "meta": {
      "id": "transfer stations",
      "uuid": "27409ef9-567c-4b6a-a0f9-81019af877db",
      "src": "CTcompile",
      "section": "alpha",
      "stems": [
        "transfer stations"
      ],
      "syns": [
        [
          "dustbins",
          "dustheaps",
          "junkyards",
          "kitchen middens",
          "middens",
          "dumps",
          "landfills",
          "sanitary landfills",
          "tips",
          "messes",
          "pigpens",
          "pigsties",
          "sties"
        ]
      ],
      "ants": [],
      "offensive": false
    },
    "hwi": {
      "hw": "transfer stations"
    },
    "fl": "noun",
    "sls": [
      "plural of {d_link|transfer station|transfer station}"
    ],
    "def": [
      {
        "sseq": [
          [
            [
              "sense",
              {
                "dt": [
                  [
                    "text",
                    "as in {it}sanitary landfills{/it}, {it}dustheaps{/it}"
                  ]
                ],
                "sim_list": [
                  [
                    {
                      "wd": "dustbins"
                    },
                    {
                      "wd": "dustheaps"
                    },
                    {
                      "wd": "junkyards"
                    },
                    {
                      "wd": "kitchen middens"
                    },
                    {
                      "wd": "middens"
                    }
                  ],
                  [
                    {
                      "wd": "dumps"
                    },
                    {
                      "wd": "landfills"
                    },
                    {
                      "wd": "sanitary landfills"
                    },
                    {
                      "wd": "tips",
                      "wsls": [
                        "chiefly British"
                      ]
                    }
                  ],
                  [
                    {
                      "wd": "messes"
                    },
                    {
                      "wd": "pigpens"
                    },
                    {
                      "wd": "pigsties"
                    },
                    {
                      "wd": "sties",
                      "wvrs": [
                        {
                          "wvl": "or",
                          "wva": "styes"
                        }
                      ]
                    }
                  ]
                ]
              }
            ]
          ]
        ]
      }
    ],
    "shortdef": [
      "as in sanitary landfills, dustheaps"
    ]
  }
]