[
  {
    "meta": {
      "id": "transformation",
      "uuid": "06b12d61-3905-46a6-9553-de635978c2b5",
      "src": "coll_thes",
      "section": "alpha",
      "target": {
        "tuuid": "a4a47529-61f9-40f0-9304-6495fae61b0e",
        "tsrc": "collegiate"
      },
      "stems": [
        "transformation",
        "transformations"
      ],
      "syns": [
        [
          "changeover",
          "conversion",
          "metamorphosis",
          "transfiguration"
        ]
      ],
      "ants": [],
      "offensive": false
    },
    "hwi": {
      "hw": "transformation"
    },
    "fl": "noun",
    "def": [
      {
        "sseq": [
          [
            [
              "sense",
              {
                "dt": [
                  [
                    "text",
                    "a change in form, appearance, or use "
                  ],
                  [
                    "vis",
                    [
                      {
                        "t": "a raven-haired starlet who underwent an attention-getting {it}transformation{/it} and showed up at the awards ceremony as a blonde"
                      }
                    ]
                  ]
                ],
                "syn_list": [
                  [
                    {
                      "wd": "changeover"
                    },
                    {
                      "wd": "conversion"
                    },
                    {
                      "wd": "metamorphosis"
                    },
                    {
                      "wd": "transfiguration"
                    }
                  ]
                ],
                "rel_list": [
                  [
                    {
                      "wd": "shift"
                    },
                    {
                      "wd": "transition"
                    }
                  ],
                  [
                    {
                      "wd": "adjustment"
                    },
                    {
                      "wd": "alteration"
                    },
                    {
                      "wd": "modification"
                    }
                  ],
                  [
                    {
                      "wd": "reconstruction"
                    },
                    {
                      "wd": "reconversion"
                    },
                    {
                      "wd": "redo"
                    },
                    {
                      "wd": "redoing"
                    },
                    {
                      "wd": "refashioning"
                    },
                    {
                      "wd": "reformation"
                    },
                    {
                      "wd": "remaking"
                    },
                    {
                      "wd": "remodeling"
                    },
                    {
                      "wd": "revamping"
                    },
                    {
                      "wd": "revision"
                    },
                    {
                      "wd": "reworking"
                    },
                    {
                      "wd": "variation"
                    }
                  ],
                  [
                    {
                      "wd": "deformation"
                    },
                    {
                      "wd": "disfigurement"
                    },
                    {
                      "wd": "distortion"
                    },
                    {
                      "wd": "mutation"
                    },
                    {
                      "wd": "transmutation"
                    }
                  ],
                  [
                    {
                      "wd": "displacement"
                    },
                    {
                      "wd": "replacement"
                    },
                    {
                      "wd": "substitution"
                    },
                    {
                      "wd": "supplantation"
                    }
                  ]
                ]
              }
            ]
          ]
        ]
      }
    ],
    "shortdef": [
      "a change in form, appearance, or use"
    ]
  }
]