[
  {
    "meta": {
      "id": "turbulent",
      "uuid": "35b06134-c68d-4994-8275-4f1a7c068bb2",
      "src": "coll_thes",
      "section": "alpha",
      "target": {
        "tuuid": "ce651f44-b5e9-4918-bbc9-4e2f7b714065",
        "tsrc": "collegiate"
      },
      "stems": [
        "turbulent",
        "turbulently"
      ],
      "syns": [
        [
          "bang-bang",
          "blood-and-guts",
          "convulsive",
          "cyclonic",
          "explosive",
          "ferocious",
          "fierce",
          "furious",
          "hammer-and-tongs",
          "hot",
          "knock-down, drag-out",
          "paroxysmal",
          "rabid",
          "rough",
          "stormy",
          "tempestuous",
          "tumultuous",
          "violent",
          "volcanic"
        ],
        [
          "rough",
          "rugged",
          "stormy",
          "tempestuous",
          "tumultuous",
          "wild"
        ],
        [
          "bleak",
          "dirty",
          "foul",
          "inclement",
          "nasty",
          "raw",
          "rough",
          "squally",
          "stormy",
          "tempestuous"
        ],
        [
          "cataclysmal",
          "convulsive",
          "stormy",
          "tempestuous",
          "tumultuous"
        ]
      ],
      "ants": [
        [
          "nonviolent",
          "peaceable",
          "peaceful"
        ],
        [
          "bright",
          "clear",
          "clement",
          "cloudless",
          "fair",
          "sunny",
          "sunshiny",
          "unclouded"
        ]
      ],
      "offensive": false
    },
    "hwi": {
      "hw": "turbulent"
    },
    "fl": "adjective",
    "def": [
      {
        "sseq": [
          [
            [
              "sense",
              {
                "sn": "1",
                "dt": [
                  [
                    "text",
                    "marked by bursts of destructive force or intense activity "
                  ],
                  [
                    "vis",
                    [
                      {
                        "t": "the {it}turbulent{/it} struggle for civil rights that shook up American society in the 1960s"
                      }
                    ]
                  ]
                ],
                "syn_list": [
                  [
                    {
                      "wd": "bang-bang"
                    },
                    {
                      "wd": "blood-and-guts"
                    },
                    {
                      "wd": "convulsive"
                    },
                    {
                      "wd": "cyclonic"
                    },
                    {
                      "wd": "explosive"
                    },
                    {
                      "wd": "ferocious"
                    },
                    {
                      "wd": "fierce"
                    },
                    {
                      "wd": "furious"
                    },
                    {
                      "wd": "hammer-and-tongs"
                    },
                    {
                      "wd": "hot"
                    },
                    {
                      "wd": "knock-down, drag-out",
                      "wvrs": [
                        {
                          "wvl": "or",
                          "wva": "knock-down-and-drag-out"
                        }
                      ]
                    },
                    {
                      "wd": "paroxysmal"
                    },
                    {
                      "wd": "rabid"
                    },
                    {
                      "wd": "rough"
                    },
                    {
                      "wd": "stormy"
                    },
                    {
                      "wd": "tempestuous"
                    },
                    {
                      "wd": "tumultuous"
                    },
                    {
                      "wd": "violent"
                    },
                    {
                      "wd": "volcanic"
                    }
                  ]
                ],
                "rel_list": [
                  [
                    {
                      "wd": "barbarous"
                    },
                    {
                      "wd": "brutal"
                    },
                    {
                      "wd": "savage"
                    },
                    {
                      "wd": "vicious"
                    }
                  ],
                  [
                    {
                      "wd": "antagonistic"
                    },
                    {
                      "wd": "hostile"
                    }
                  ],
                  [
                    {
                      "wd": "aggressive"
                    },
                    {
                      "wd": "assertive"
                    },
                    {
                      "wd": "bellicose"
                    },
                    {
                      "wd": "belligerent"
                    },
                    {
                      "wd": "combative"
                    },
                    {
                      "wd": "contentious"
                    },
                    {
                      "wd": "gladiatorial"
                    },
                    {
                      "wd": "pugnacious"
                    },
                    {
                      "wd": "quarrelsome"
                    },
                    {
                      "wd": "truculent"
                    }
                  ],
                  [
                    {
                      "wd": "combustible"
                    },
                    {
                      "wd": "volatile"
                    }
                  ],
                  [
                    {
                      "wd": "agitated"
                    },
                    {
                      "wd": "frantic"
                    },
                    {
                      "wd": "frenzied"
                    },
                    {
                      "wd": "mad"
                    }
                  ],
                  [
                    {
                      "wd": "cataclysmal",
                      "wvrs": [
                        {
                          "wvl": "or",
                          "wva": "cataclysmic"
                        }
                      ]
                    },
                    {
                      "wd": "destructive"
                    },
                    {
                      "wd": "ruinous"
                    }
                  ]
                ],
                "near_list": [
                  [
                    {
                      "wd": "calm"
                    },
                    {
                      "wd": "halcyon"
                    },
                    {
                      "wd": "pacific"
                    },
                    {
                      "wd": "serene"
                    },
                    {
                      "wd": "tranquil"
                    }
                  ],
                  [
                    {
                      "wd": "nonbelligerent"
                    },
                    {
                      "wd": "unaggressive"
                    }
                  ]
                ],
                "ant_list": [
                  [
                    {
                      "wd": "nonviolent"
                    },
                    {
                      "wd": "peaceable"
                    },
                    {
                      "wd": "peaceful"
                    }
                  ]
                ]
              }
            ]
          ],
          [
            [
              "sense",
              {
                "sn": "2",
                "dt": [
                  [
                    "text",
                    "marked by turmoil or disturbance especially of natural elements "
                  ],
                  [
                    "vis",
                    [
                      {
                        "t": "the {it}turbulent{/it} rapids of the river were certainly daunting to those of us who were new to river rafting"
                      }
                    ]
                  ]
                ],
                "syn_list": [
                  [
                    {
                      "wd": "rough"
                    },
                    {
                      "wd": "rugged"
                    },
                    {
                      "wd": "stormy"
                    },
                    {
                      "wd": "tempestuous"
                    },
                    {
                      "wd": "tumultuous"
                    },
                    {
                      "wd": "wild"
                    }
                  ]
                ],
                "rel_list": [
                  [
                    {
                      "wd": "blustering"
                    },
                    {
                      "wd": "blustery"
                    },
                    {
                      "wd": "raging"
                    },
                    {
                      "wd": "violent"
                    }
                  ],
                  [
                    {
                      "wd": "brutal"
                    },
                    {
                      "wd": "harsh"
                    },
                    {
                      "wd": "severe"
                    }
                  ],
                  [
                    {
                      "wd": "roily"
                    },
                    {
                      "wd": "unquiet"
                    },
                    {
                      "wd": "unsettled"
                    }
                  ],
                  [
                    {
                      "wd": "bleak"
                    },
                    {
                      "wd": "inclement"
                    },
                    {
                      "wd": "nasty"
                    },
                    {
                      "wd": "raw"
                    },
                    {
                      "wd": "squally"
                    }
                  ]
                ],
                "near_list": [
                  [
                    {
                      "wd": "calm"
                    },
                    {
                      "wd": "halcyon"
                    },
                    {
                      "wd": "peaceful"
                    },
                    {
                      "wd": "placid"
                    },
                    {
                      "wd": "quiet"
                    },
                    {
                      "wd": "serene"
                    },
                    {
                      "wd": "tranquil"
                    }
                  ],
                  [
                    {
                      "wd": "bright"
                    },
                    {
                      "wd": "clear"
                    },
                    {
                      "wd": "clement"
                    },
                    {
                      "wd": "cloudless"
                    },
                    {
                      "wd": "fair"
                    },
                    {
                      "wd": "sunny"
                    },
                    {
                      "wd": "sunshiny"
                    },
                    {
                      "wd": "unclouded"
                    }
                  ]
                ]
              }
            ]
          ],
          [
            [
              "sense",
              {
                "sn": "3",
                "dt": [
                  [
                    "text",
                    "marked by wet and windy conditions "
                  ],
                  [
                    "vis",
                    [
                      {
                        "t": "expect {it}turbulent{/it} weather as the cold front brings rain and sleet"
                      }
                    ]
                  ]
                ],
                "syn_list": [
                  [
                    {
                      "wd": "bleak"
                    },
                    {
                      "wd": "dirty"
                    },
                    {
                      "wd": "foul"
                    },
                    {
                      "wd": "inclement"
                    },
                    {
                      "wd": "nasty"
                    },
                    {
                      "wd": "raw"
                    },
                    {
                      "wd": "rough"
                    },
                    {
                      "wd": "squally"
                    },
                    {
                      "wd": "stormy"
                    },
                    {
                      "wd": "tempestuous"
                    }
                  ]
                ],
                "rel_list": [
                  [
                    {
                      "wd": "blowy"
                    },
                    {
                      "wd": "blustering"
                    },
                    {
                      "wd": "blustery"
                    },
                    {
                      "wd": "breezy"
                    },
                    {
                      "wd": "gusty"
                    },
                    {
                      "wd": "windblown"
                    },
                    {
                      "wd": "windswept"
                    }
                  ],
                  [
                    {
                      "wd": "cloudy"
                    },
                    {
                      "wd": "overcast"
                    },
                    {
                      "wd": "sunless"
                    }
                  ],
                  [
                    {
                      "wd": "rainy"
                    },
                    {
                      "wd": "snowy"
                    }
                  ],
                  [
                    {
                      "wd": "foggy"
                    },
                    {
                      "wd": "hazy"
                    },
                    {
                      "wd": "misty"
                    },
                    {
                      "wd": "murky"
                    },
                    {
                      "wd": "soupy"
                    }
                  ]
                ],
                "near_list": [
                  [
                    {
                      "wd": "rainless"
                    }
                  ],
                  [
                    {
                      "wd": "balmy"
                    },
                    {
                      "wd": "calm"
                    },
                    {
                      "wd": "halcyon"
                    },
                    {
                      "wd": "peaceful"
                    },
                    {
                      "wd": "placid"
                    },
                    {
                      "wd": "pleasant"
                    },
                    {
                      "wd": "serene"
                    }
                  ]
                ],
                "ant_list": [
                  [
                    {
                      "wd": "bright"
                    },
                    {
                      "wd": "clear"
                    },
                    {
                      "wd": "clement"
                    },
                    {
                      "wd": "cloudless"
                    },
                    {
                      "wd": "fair"
                    },
                    {
                      "wd": "sunny"
                    },
                    {
                      "wd": "sunshiny"
                    },
                    {
                      "wd": "unclouded"
                    }
                  ]
                ]
              }
            ]
          ],
          [
            [
              "sense",
              {
                "sn": "4",
                "dt": [
                  [
                    "text",
                    "marked by sudden or violent disturbance "
                  ],
                  [
                    "vis",
                    [
                      {
                        "t": "these are {it}turbulent{/it}, dangerous times in a region known for being a powder keg"
                      }
                    ]
                  ]
                ],
                "syn_list": [
                  [
                    {
                      "wd": "cataclysmal",
                      "wvrs": [
                        {
                          "wvl": "or",
                          "wva": "cataclysmic"
                        }
                      ]
                    },
                    {
                      "wd": "convulsive"
                    },
                    {
                      "wd": "stormy"
                    },
                    {
                      "wd": "tempestuous"
                    },
                    {
                      "wd": "tumultuous"
                    }
                  ]
                ],
                "rel_list": [
                  [
                    {
                      "wd": "fitful"
                    },
                    {
                      "wd": "spasmodic"
                    },
                    {
                      "wd": "sporadic"
                    }
                  ],
                  [
                    {
                      "wd": "boisterous"
                    },
                    {
                      "wd": "clamorous"
                    },
                    {
                      "wd": "furious"
                    },
                    {
                      "wd": "noisy"
                    },
                    {
                      "wd": "riotous"
                    }
                  ]
                ],
                "near_list": [
                  [
                    {
                      "wd": "calm"
                    },
                    {
                      "wd": "peaceful"
                    },
                    {
                      "wd": "placid"
                    },
                    {
                      "wd": "serene"
                    },
                    {
                      "wd": "tranquil"
                    },
                    {
                      "wd": "undisturbed"
                    },
                    {
                      "wd": "unperturbed"
                    },
                    {
                      "wd": "unshaken"
                    },
                    {
                      "wd": "untroubled"
                    }
                  ]
                ]
              }
            ]
          ]
        ]
      }
    ],
    "shortdef": [
      "marked by bursts of destructive force or intense activity",
      "marked by turmoil or disturbance especially of natural elements",
      "marked by wet and windy conditions"
    ]
  }
]