[
  {
    "meta": {
      "id": "vision",
      "uuid": "ce737a68-479f-4955-90cd-f2ffc57eb0c9",
      "src": "coll_thes",
      "section": "alpha",
      "target": {
        "tuuid": "ab684eff-4b55-4b6b-9dca-4f1567cf548c",
        "tsrc": "collegiate"
      },
      "stems": [
        "vision",
        "visional",
        "visionally",
        "visions"
      ],
      "syns": [
        [
          "chimera",
          "conceit",
          "daydream",
          "delusion",
          "dream",
          "fancy",
          "fantasy",
          "figment",
          "hallucination",
          "illusion",
          "nonentity",
          "phantasm",
          "pipe dream",
          "unreality"
        ],
        [
          "eye",
          "eyesight",
          "sight"
        ],
        [
          "apparition",
          "bogey",
          "familiar spirit",
          "ghost",
          "hant",
          "haunt",
          "materialization",
          "phantasm",
          "phantom",
          "poltergeist",
          "shade",
          "shadow",
          "specter",
          "spirit",
          "spook",
          "sprite",
          "visitant",
          "wraith"
        ],
        [
          "farsightedness",
          "foresight",
          "foresightedness",
          "forethought",
          "prescience",
          "providence"
        ]
      ],
      "ants": [
        [
          "improvidence",
          "myopia",
          "shortsightedness"
        ]
      ],
      "offensive": false
    },
    "hwi": {
      "hw": "vision"
    },
    "fl": "noun",
    "def": [
      {
        "sseq": [
          [
            [
              "sense",
              {
                "sn": "1",
                "dt": [
                  [
                    "text",
                    "a conception or image created by the imagination and having no objective reality "
                  ],
                  [
                    "vis",
                    [
                      {
                        "t": "a {it}vision{/it} of the future that no other film director had ever created"
                      }
                    ]
                  ]
                ],
                "syn_list": [
                  [
                    {
                      "wd": "chimera"
                    },
                    {
                      "wd": "conceit"
                    },
                    {
                      "wd": "daydream"
                    },
                    {
                      "wd": "delusion"
                    },
                    {
                      "wd": "dream"
                    },
                    {
                      "wd": "fancy"
                    },
                    {
                      "wd": "fantasy",
                      "wvrs": [
                        {
                          "wvl": "also",
                          "wva": "phantasy"
                        }
                      ]
                    },
                    {
                      "wd": "figment"
                    },
                    {
                      "wd": "hallucination"
                    },
                    {
                      "wd": "illusion"
                    },
                    {
                      "wd": "nonentity"
                    },
                    {
                      "wd": "phantasm",
                      "wvrs": [
                        {
                          "wvl": "also",
                          "wva": "fantasm"
                        }
                      ]
                    },
                    {
                      "wd": "pipe dream"
                    },
                    {
                      "wd": "unreality"
                    }
                  ]
                ],
                "rel_list": [
                  [
                    {
                      "wd": "ignis fatuus"
                    },
                    {
                      "wd": "mirage"
                    },
                    {
                      "wd": "will-o'-the-wisp"
                    }
                  ],
                  [
                    {
                      "wd": "brainchild"
                    },
                    {
                      "wd": "idea"
                    }
                  ],
                  [
                    {
                      "wd": "concoction"
                    },
                    {
                      "wd": "fable"
                    },
                    {
                      "wd": "fabrication"
                    },
                    {
                      "wd": "fiction"
                    },
                    {
                      "wd": "invention"
                    }
                  ],
                  [
                    {
                      "wd": "envisaging"
                    },
                    {
                      "wd": "imaging"
                    },
                    {
                      "wd": "visualization"
                    }
                  ],
                  [
                    {
                      "wd": "cloud-cuckoo-land"
                    },
                    {
                      "wd": "cloudland"
                    },
                    {
                      "wd": "Shangri-la"
                    },
                    {
                      "wd": "utopia"
                    }
                  ],
                  [
                    {
                      "wd": "daymare"
                    },
                    {
                      "wd": "nightmare"
                    }
                  ]
                ],
                "phrase_list": [
                  [
                    {
                      "wd": "castle in Spain"
                    },
                    {
                      "wd": "castle in the air"
                    }
                  ]
                ],
                "near_list": [
                  [
                    {
                      "wd": "actuality"
                    },
                    {
                      "wd": "fact"
                    },
                    {
                      "wd": "reality"
                    }
                  ]
                ]
              }
            ]
          ],
          [
            [
              "sense",
              {
                "sn": "2",
                "dt": [
                  [
                    "text",
                    "the ability to see "
                  ],
                  [
                    "vis",
                    [
                      {
                        "t": "the bright light temporarily robbed me of {it}vision{/it}"
                      }
                    ]
                  ]
                ],
                "syn_list": [
                  [
                    {
                      "wd": "eye"
                    },
                    {
                      "wd": "eyesight"
                    },
                    {
                      "wd": "sight"
                    }
                  ]
                ],
                "rel_list": [
                  [
                    {
                      "wd": "myopia"
                    },
                    {
                      "wd": "nearsightedness"
                    }
                  ],
                  [
                    {
                      "wd": "farsightedness"
                    },
                    {
                      "wd": "hypermetropia"
                    },
                    {
                      "wd": "hyperopia"
                    },
                    {
                      "wd": "presbyopia"
                    }
                  ],
                  [
                    {
                      "wd": "aniseikonia"
                    },
                    {
                      "wd": "astigmatism"
                    },
                    {
                      "wd": "diplopia"
                    },
                    {
                      "wd": "squint"
                    },
                    {
                      "wd": "strabismus"
                    }
                  ],
                  [
                    {
                      "wd": "double vision"
                    }
                  ]
                ]
              }
            ]
          ],
          [
            [
              "sense",
              {
                "sn": "3",
                "dt": [
                  [
                    "text",
                    "the soul of a dead person thought of especially as appearing to living people "
                  ],
                  [
                    "vis",
                    [
                      {
                        "t": "believed he'd seen a {it}vision{/it} of his mother"
                      }
                    ]
                  ]
                ],
                "syn_list": [
                  [
                    {
                      "wd": "apparition"
                    },
                    {
                      "wd": "bogey",
                      "wvrs": [
                        {
                          "wvl": "also",
                          "wva": "bogie"
                        },
                        {
                          "wvl": "or",
                          "wva": "bogy"
                        }
                      ]
                    },
                    {
                      "wd": "familiar spirit"
                    },
                    {
                      "wd": "ghost"
                    },
                    {
                      "wd": "hant",
                      "wsls": [
                        "dialect"
                      ]
                    },
                    {
                      "wd": "haunt",
                      "wsls": [
                        "chiefly dialect"
                      ]
                    },
                    {
                      "wd": "materialization"
                    },
                    {
                      "wd": "phantasm",
                      "wvrs": [
                        {
                          "wvl": "also",
                          "wva": "fantasm"
                        }
                      ]
                    },
                    {
                      "wd": "phantom"
                    },
                    {
                      "wd": "poltergeist"
                    },
                    {
                      "wd": "shade"
                    },
                    {
                      "wd": "shadow"
                    },
                    {
                      "wd": "specter",
                      "wvrs": [
                        {
                          "wvl": "or",
                          "wva": "spectre"
                        }
                      ]
                    },
                    {
                      "wd": "spirit"
                    },
                    {
                      "wd": "spook"
                    },
                    {
                      "wd": "sprite"
                    },
                    {
                      "wd": "visitant"
                    },
                    {
                      "wd": "wraith"
                    }
                  ]
                ],
                "rel_list": [
                  [
                    {
                      "wd": "angel"
                    },
                    {
                      "wd": "daimon"
                    },
                    {
                      "wd": "familiar"
                    },
                    {
                      "wd": "genie"
                    },
                    {
                      "wd": "genius"
                    },
                    {
                      "wd": "jinni",
                      "wvrs": [
                        {
                          "wvl": "or",
                          "wva": "jinn"
                        },
                        {
                          "wvl": "also",
                          "wva": "djinni"
                        },
                        {
                          "wvl": "or",
                          "wva": "djinn"
                        }
                      ]
                    },
                    {
                      "wd": "shaitan"
                    }
                  ],
                  [
                    {
                      "wd": "double"
                    },
                    {
                      "wd": "doppelg\u00e4nger",
                      "wvrs": [
                        {
                          "wvl": "or",
                          "wva": "doppelganger"
                        }
                      ]
                    },
                    {
                      "wd": "fetch"
                    }
                  ],
                  [
                    {
                      "wd": "lemures"
                    },
                    {
                      "wd": "manes"
                    }
                  ],
                  [
                    {
                      "wd": "incubus"
                    },
                    {
                      "wd": "lamia"
                    },
                    {
                      "wd": "succubus"
                    },
                    {
                      "wd": "vampire"
                    },
                    {
                      "wd": "zombie",
                      "wvrs": [
                        {
                          "wvl": "also",
                          "wva": "zombi"
                        }
                      ]
                    }
                  ],
                  [
                    {
                      "wd": "cacodemon"
                    },
                    {
                      "wd": "demon",
                      "wvrs": [
                        {
                          "wvl": "or",
                          "wva": "daemon"
                        }
                      ]
                    },
                    {
                      "wd": "devil"
                    },
                    {
                      "wd": "fiend"
                    },
                    {
                      "wd": "ghoul"
                    },
                    {
                      "wd": "imp"
                    }
                  ]
                ]
              }
            ]
          ],
          [
            [
              "sense",
              {
                "sn": "4",
                "dt": [
                  [
                    "text",
                    "concern or preparation for the future "
                  ],
                  [
                    "vis",
                    [
                      {
                        "t": "a company president with the long-range {it}vision{/it} that his firm needs to survive in the global economy"
                      }
                    ]
                  ]
                ],
                "syn_list": [
                  [
                    {
                      "wd": "farsightedness"
                    },
                    {
                      "wd": "foresight"
                    },
                    {
                      "wd": "foresightedness"
                    },
                    {
                      "wd": "forethought"
                    },
                    {
                      "wd": "prescience"
                    },
                    {
                      "wd": "providence"
                    }
                  ]
                ],
                "rel_list": [
                  [
                    {
                      "wd": "precaution"
                    },
                    {
                      "wd": "premeditation"
                    }
                  ],
                  [
                    {
                      "wd": "discernment"
                    },
                    {
                      "wd": "discretion"
                    },
                    {
                      "wd": "insight"
                    },
                    {
                      "wd": "perception"
                    },
                    {
                      "wd": "perceptiveness"
                    },
                    {
                      "wd": "prudence"
                    },
                    {
                      "wd": "sagaciousness"
                    },
                    {
                      "wd": "sagacity"
                    },
                    {
                      "wd": "sageness"
                    },
                    {
                      "wd": "sapience"
                    },
                    {
                      "wd": "wisdom"
                    }
                  ]
                ],
                "near_list": [
                  [
                    {
                      "wd": "hindsight"
                    }
                  ]
                ],
                "ant_list": [
                  [
                    {
                      "wd": "improvidence"
                    },
                    {
                      "wd": "myopia"
                    },
                    {
                      "wd": "shortsightedness"
                    }
                  ]
                ]
              }
            ]
          ]
        ]
      }
    ],
    "shortdef": [
      "a conception or image created by the imagination and having no objective reality",
      "the ability to see",
      "the soul of a dead person thought of especially as appearing to living people"
    ]
  },
  {
    "meta": {
      "id": "vision",
      "uuid": "f775bde4-85db-48c6-84f0-d9187e9dc142",
      "src": "coll_thes",
      "section": "alpha",
      "target": {
        "tuuid": "3e338077-bd09-4711-ae68-e33017e66ede",
        "tsrc": "collegiate"
      },
      "stems": [
        "vision",
        "visioned",
        "visioning",
        "visions"
      ],
      "syns": [
        [
          "conceit",
          "conceive",
          "conjure (up)",
          "dream",
          "envisage",
          "envision",
          "fancy",
          "fantasize",
          "fantasy",
          "feature",
          "ideate",
          "image",
          "imagine",
          "picture",
          "see",
          "visualize"
        ]
      ],
      "ants": [],
      "offensive": false
    },
    "hwi": {
      "hw": "vision"
    },
    "fl": "verb",
    "def": [
      {
        "sseq": [
          [
            [
              "sense",
              {
                "dt": [
                  [
                    "text",
                    "to form a mental picture of "
                  ],
                  [
                    "vis",
                    [
                      {
                        "t": "{it}visioned{/it} her idea of the perfect meal"
                      }
                    ]
                  ]
                ],
                "syn_list": [
                  [
                    {
                      "wd": "conceit",
                      "wsls": [
                        "chiefly dialect"
                      ]
                    },
                    {
                      "wd": "conceive"
                    },
                    {
                      "wd": "conjure (up)"
                    },
                    {
                      "wd": "dream"
                    },
                    {
                      "wd": "envisage"
                    },
                    {
                      "wd": "envision"
                    },
                    {
                      "wd": "fancy"
                    },
                    {
                      "wd": "fantasize"
                    },
                    {
                      "wd": "fantasy"
                    },
                    {
                      "wd": "feature"
                    },
                    {
                      "wd": "ideate"
                    },
                    {
                      "wd": "image"
                    },
                    {
                      "wd": "imagine"
                    },
                    {
                      "wd": "picture"
                    },
                    {
                      "wd": "see"
                    },
                    {
                      "wd": "visualize"
                    }
                  ]
                ],
                "rel_list": [
                  [
                    {
                      "wd": "daydream"
                    },
                    {
                      "wd": "stargaze"
                    }
                  ],
                  [
                    {
                      "wd": "hallucinate"
                    }
                  ],
                  [
                    {
                      "wd": "re-create"
                    },
                    {
                      "wd": "reflect"
                    },
                    {
                      "wd": "relive"
                    },
                    {
                      "wd": "reminisce"
                    }
                  ],
                  [
                    {
                      "wd": "contemplate"
                    },
                    {
                      "wd": "meditate"
                    },
                    {
                      "wd": "muse"
                    },
                    {
                      "wd": "ponder"
                    },
                    {
                      "wd": "ruminate"
                    }
                  ],
                  [
                    {
                      "wd": "concoct"
                    },
                    {
                      "wd": "fabricate"
                    },
                    {
                      "wd": "invent"
                    },
                    {
                      "wd": "make up"
                    },
                    {
                      "wd": "manufacture"
                    },
                    {
                      "wd": "plan"
                    },
                    {
                      "wd": "project"
                    }
                  ],
                  [
                    {
                      "wd": "foresee"
                    },
                    {
                      "wd": "prefigure"
                    }
                  ]
                ]
              }
            ]
          ]
        ]
      }
    ],
    "shortdef": [
      "to form a mental picture of"
    ]
  },
  {
    "meta": {
      "id": "double vision",
      "uuid": "8f6b1e89-c36d-4348-b058-68c0c41dce23",
      "src": "CTcompile",
      "section": "alpha",
      "stems": [
        "double vision"
      ],
      "syns": [
        [
          "eye",
          "eyesight",
          "sight",
          "vision",
          "aniseikonia",
          "astigmatism",
          "diplopia",
          "squint",
          "strabismus",
          "farsightedness",
          "hypermetropia",
          "hyperopia",
          "presbyopia",
          "myopia",
          "nearsightedness"
        ]
      ],
      "ants": [],
      "offensive": false
    },
    "hwi": {
      "hw": "double vision"
    },
    "fl": "noun",
    "def": [
      {
        "sseq": [
          [
            [
              "sense",
              {
                "dt": [
                  [
                    "text",
                    "as in {it}eye{/it}, {it}vision{/it}"
                  ]
                ],
                "sim_list": [
                  [
                    {
                      "wd": "eye"
                    },
                    {
                      "wd": "eyesight"
                    },
                    {
                      "wd": "sight"
                    },
                    {
                      "wd": "vision"
                    }
                  ],
                  [
                    {
                      "wd": "aniseikonia"
                    },
                    {
                      "wd": "astigmatism"
                    },
                    {
                      "wd": "diplopia"
                    },
                    {
                      "wd": "squint"
                    },
                    {
                      "wd": "strabismus"
                    }
                  ],
                  [
                    {
                      "wd": "farsightedness"
                    },
                    {
                      "wd": "hypermetropia"
                    },
                    {
                      "wd": "hyperopia"
                    },
                    {
                      "wd": "presbyopia"
                    }
                  ],
                  [
                    {
                      "wd": "myopia"
                    },
                    {
                      "wd": "nearsightedness"
                    }
                  ]
                ]
              }
            ]
          ]
        ]
      }
    ],
    "shortdef": [
      "as in eye, vision"
    ]
  }
]