[
  {
    "meta": {
      "id": "wave",
      "uuid": "1346bda6-878a-446f-9e6e-6b709d56a47b",
      "src": "coll_thes",
      "section": "alpha",
      "target": {
        "tuuid": "284a5c8a-258b-4191-bfaf-dd655a175c4f",
        "tsrc": "collegiate"
      },
      "stems": [
        "wave",
        "waveless",
        "wavelessly",
        "wavelike",
        "waves"
      ],
      "syns": [
        [
          "billow",
          "surge",
          "swell"
        ]
      ],
      "ants": [],
      "offensive": false
    },
    "hwi": {
      "hw": "wave"
    },
    "fl": "noun",
    "def": [
      {
        "sseq": [
          [
            [
              "sense",
              {
                "dt": [
                  [
                    "text",
                    "a moving ridge on the surface of water "
                  ],
                  [
                    "vis",
                    [
                      {
                        "t": "the toddler was almost knocked down by the {it}waves{/it} created by the speedboat"
                      }
                    ]
                  ]
                ],
                "syn_list": [
                  [
                    {
                      "wd": "billow"
                    },
                    {
                      "wd": "surge"
                    },
                    {
                      "wd": "swell"
                    }
                  ]
                ],
                "rel_list": [
                  [
                    {
                      "wd": "sea(s)"
                    }
                  ],
                  [
                    {
                      "wd": "surf"
                    }
                  ],
                  [
                    {
                      "wd": "breaker"
                    },
                    {
                      "wd": "whitecap"
                    }
                  ],
                  [
                    {
                      "wd": "comber"
                    },
                    {
                      "wd": "curl"
                    }
                  ],
                  [
                    {
                      "wd": "riffle"
                    },
                    {
                      "wd": "ripple"
                    },
                    {
                      "wd": "wavelet"
                    }
                  ],
                  [
                    {
                      "wd": "ground swell"
                    },
                    {
                      "wd": "roller"
                    }
                  ],
                  [
                    {
                      "wd": "tidal wave"
                    },
                    {
                      "wd": "tsunami"
                    }
                  ]
                ]
              }
            ]
          ]
        ]
      }
    ],
    "shortdef": [
      "a moving ridge on the surface of water"
    ]
  },
  {
    "meta": {
      "id": "wave",
      "uuid": "e6a6ffd6-ef1b-476c-b929-836e3f096f24",
      "src": "coll_thes",
      "section": "alpha",
      "target": {
        "tuuid": "dd96040b-a2f6-4fc6-acf8-cbc3b40bbe0c",
        "tsrc": "collegiate"
      },
      "stems": [
        "wave",
        "waved",
        "waves",
        "waving"
      ],
      "syns": [
        [
          "beckon",
          "flag",
          "gesture",
          "motion",
          "signal"
        ]
      ],
      "ants": [],
      "offensive": false
    },
    "hwi": {
      "hw": "wave"
    },
    "fl": "verb",
    "def": [
      {
        "sseq": [
          [
            [
              "sense",
              {
                "dt": [
                  [
                    "text",
                    "to direct or notify by a movement or gesture "
                  ],
                  [
                    "vis",
                    [
                      {
                        "t": "{it}waved{/it} them over to the side of the road"
                      }
                    ]
                  ]
                ],
                "syn_list": [
                  [
                    {
                      "wd": "beckon"
                    },
                    {
                      "wd": "flag"
                    },
                    {
                      "wd": "gesture"
                    },
                    {
                      "wd": "motion"
                    },
                    {
                      "wd": "signal"
                    }
                  ]
                ],
                "rel_list": [
                  [
                    {
                      "wd": "nod"
                    }
                  ],
                  [
                    {
                      "wd": "gesticulate"
                    },
                    {
                      "wd": "mime"
                    },
                    {
                      "wd": "pantomime"
                    },
                    {
                      "wd": "sign"
                    }
                  ],
                  [
                    {
                      "wd": "signalize"
                    }
                  ],
                  [
                    {
                      "wd": "acquaint"
                    },
                    {
                      "wd": "advise"
                    },
                    {
                      "wd": "inform"
                    },
                    {
                      "wd": "relate"
                    },
                    {
                      "wd": "tell"
                    }
                  ],
                  [
                    {
                      "wd": "flourish"
                    },
                    {
                      "wd": "shrug"
                    }
                  ]
                ]
              }
            ]
          ]
        ]
      }
    ],
    "shortdef": [
      "to direct or notify by a movement or gesture"
    ]
  },
  {
    "meta": {
      "id": "wave (aside or off)",
      "uuid": "ab738da3-5742-4bc5-98a6-7857336e8687",
      "src": "CTcompile",
      "section": "alpha",
      "stems": [
        "wave (aside or off)",
        "wave aside or off"
      ],
      "syns": [
        [
          "waive",
          "absolve",
          "acquit",
          "clear",
          "exculpate",
          "exonerate",
          "vindicate",
          "explain",
          "justify",
          "rationalize",
          "blink (at)",
          "brush (aside or off)",
          "condone",
          "discount",
          "disregard",
          "excuse",
          "forgive",
          "gloss (over)",
          "gloze (over)",
          "ignore",
          "overlook",
          "overpass",
          "paper over",
          "pardon",
          "pass over",
          "remit",
          "shrug off",
          "whitewash",
          "wink (at)"
        ]
      ],
      "ants": [
        [
          "heed",
          "mark",
          "mind",
          "note",
          "object (to)"
        ]
      ],
      "offensive": false
    },
    "hwi": {
      "hw": "wave (aside or off)"
    },
    "fl": "verb",
    "def": [
      {
        "sseq": [
          [
            [
              "sense",
              {
                "dt": [
                  [
                    "text",
                    "as in {it}waive{/it}"
                  ]
                ],
                "sim_list": [
                  [
                    {
                      "wd": "waive"
                    }
                  ],
                  [
                    {
                      "wd": "absolve"
                    },
                    {
                      "wd": "acquit"
                    },
                    {
                      "wd": "clear"
                    },
                    {
                      "wd": "exculpate"
                    },
                    {
                      "wd": "exonerate"
                    },
                    {
                      "wd": "vindicate"
                    }
                  ],
                  [
                    {
                      "wd": "explain"
                    },
                    {
                      "wd": "justify"
                    },
                    {
                      "wd": "rationalize"
                    }
                  ],
                  [
                    {
                      "wd": "blink (at)"
                    },
                    {
                      "wd": "brush (aside or off)"
                    },
                    {
                      "wd": "condone"
                    },
                    {
                      "wd": "discount"
                    },
                    {
                      "wd": "disregard"
                    },
                    {
                      "wd": "excuse"
                    },
                    {
                      "wd": "forgive"
                    },
                    {
                      "wd": "gloss (over)"
                    },
                    {
                      "wd": "gloze (over)"
                    },
                    {
                      "wd": "ignore"
                    },
                    {
                      "wd": "overlook"
                    },
                    {
                      "wd": "overpass"
                    },
                    {
                      "wd": "paper over"
                    },
                    {
                      "wd": "pardon"
                    },
                    {
                      "wd": "pass over"
                    },
                    {
                      "wd": "remit"
                    },
                    {
                      "wd": "shrug off"
                    },
                    {
                      "wd": "whitewash"
                    },
                    {
                      "wd": "wink (at)"
                    }
                  ]
                ],
                "opp_list": [
                  [
                    {
                      "wd": "heed"
                    },
                    {
                      "wd": "mark"
                    },
                    {
                      "wd": "mind"
                    },
                    {
                      "wd": "note"
                    },
                    {
                      "wd": "object (to)"
                    }
                  ]
                ]
              }
            ]
          ]
        ]
      }
    ],
    "shortdef": [
      "as in waive"
    ]
  },
  {
    "meta": {
      "id": "cold wave",
      "uuid": "bcf2e573-beef-4f1a-bddf-4227c15c7803",
      "src": "coll_thes",
      "section": "alpha",
      "target": {
        "tuuid": "3192beef-ee8e-4cff-9313-c61d4dbab4cf",
        "tsrc": "collegiate"
      },
      "stems": [
        "cold wave",
        "cold waves"
      ],
      "syns": [
        [
          "cold",
          "deep freeze",
          "freeze",
          "snap"
        ]
      ],
      "ants": [
        [
          "heat",
          "heat wave"
        ]
      ],
      "offensive": false
    },
    "hwi": {
      "hw": "cold wave"
    },
    "fl": "noun",
    "def": [
      {
        "sseq": [
          [
            [
              "sense",
              {
                "dt": [
                  [
                    "text",
                    "a weather condition marked by low temperatures "
                  ],
                  [
                    "vis",
                    [
                      {
                        "t": "the unseasonable {it}cold wave{/it} in the Northeast has already put a strain on oil supplies"
                      }
                    ]
                  ]
                ],
                "syn_list": [
                  [
                    {
                      "wd": "cold"
                    },
                    {
                      "wd": "deep freeze"
                    },
                    {
                      "wd": "freeze"
                    },
                    {
                      "wd": "snap"
                    }
                  ]
                ],
                "rel_list": [
                  [
                    {
                      "wd": "cold front"
                    }
                  ],
                  [
                    {
                      "wd": "frost"
                    }
                  ],
                  [
                    {
                      "wd": "bite"
                    },
                    {
                      "wd": "chill"
                    },
                    {
                      "wd": "chilliness"
                    },
                    {
                      "wd": "chillness"
                    },
                    {
                      "wd": "coldness"
                    },
                    {
                      "wd": "frigidness"
                    },
                    {
                      "wd": "nip"
                    },
                    {
                      "wd": "wintriness"
                    }
                  ]
                ],
                "near_list": [
                  [
                    {
                      "wd": "dog days"
                    }
                  ],
                  [
                    {
                      "wd": "torridity"
                    },
                    {
                      "wd": "torridness"
                    }
                  ]
                ],
                "ant_list": [
                  [
                    {
                      "wd": "heat"
                    },
                    {
                      "wd": "heat wave"
                    }
                  ]
                ]
              }
            ]
          ]
        ]
      }
    ],
    "shortdef": [
      "a weather condition marked by low temperatures"
    ]
  },
  {
    "meta": {
      "id": "brain wave",
      "uuid": "db3b1d82-9e69-4f12-b7cc-7c8b0e9d26bc",
      "src": "CTcompile",
      "section": "alpha",
      "stems": [
        "brain wave"
      ],
      "syns": [
        [
          "brainchild",
          "brainstorm",
          "inspiration",
          "conjecture",
          "guess",
          "hunch",
          "hypothesis",
          "speculation",
          "supposition",
          "surmise",
          "theory",
          "assumption",
          "belief",
          "conclusion",
          "conviction",
          "cognition",
          "observation",
          "perception",
          "reflection",
          "caprice",
          "conceit",
          "fancy",
          "freak",
          "kink",
          "vagary",
          "whim",
          "chimera",
          "delusion",
          "hallucination",
          "illusion",
          "phantasm",
          "preconception",
          "prejudice",
          "prepossession",
          "apprehension",
          "premonition",
          "presentiment",
          "abstraction",
          "cogitation",
          "concept",
          "conception",
          "idea",
          "image",
          "impression",
          "intellection",
          "mind's eye",
          "notion",
          "picture",
          "thought"
        ]
      ],
      "ants": [
        [
          "actuality",
          "fact",
          "reality"
        ]
      ],
      "offensive": false
    },
    "hwi": {
      "hw": "brain wave"
    },
    "fl": "noun",
    "def": [
      {
        "sseq": [
          [
            [
              "sense",
              {
                "dt": [
                  [
                    "text",
                    "as in {it}inspiration{/it}, {it}brainstorm{/it}"
                  ]
                ],
                "sim_list": [
                  [
                    {
                      "wd": "brainchild"
                    },
                    {
                      "wd": "brainstorm"
                    },
                    {
                      "wd": "inspiration"
                    }
                  ],
                  [
                    {
                      "wd": "conjecture"
                    },
                    {
                      "wd": "guess"
                    },
                    {
                      "wd": "hunch"
                    },
                    {
                      "wd": "hypothesis"
                    },
                    {
                      "wd": "speculation"
                    },
                    {
                      "wd": "supposition"
                    },
                    {
                      "wd": "surmise"
                    },
                    {
                      "wd": "theory"
                    }
                  ],
                  [
                    {
                      "wd": "assumption"
                    },
                    {
                      "wd": "belief"
                    },
                    {
                      "wd": "conclusion"
                    },
                    {
                      "wd": "conviction"
                    }
                  ],
                  [
                    {
                      "wd": "cognition"
                    },
                    {
                      "wd": "observation"
                    },
                    {
                      "wd": "perception"
                    },
                    {
                      "wd": "reflection"
                    }
                  ],
                  [
                    {
                      "wd": "caprice"
                    },
                    {
                      "wd": "conceit"
                    },
                    {
                      "wd": "fancy"
                    },
                    {
                      "wd": "freak"
                    },
                    {
                      "wd": "kink"
                    },
                    {
                      "wd": "vagary"
                    },
                    {
                      "wd": "whim"
                    }
                  ],
                  [
                    {
                      "wd": "chimera"
                    },
                    {
                      "wd": "delusion"
                    },
                    {
                      "wd": "hallucination"
                    },
                    {
                      "wd": "illusion"
                    },
                    {
                      "wd": "phantasm",
                      "wvrs": [
                        {
                          "wvl": "also",
                          "wva": "fantasm"
                        }
                      ]
                    }
                  ],
                  [
                    {
                      "wd": "preconception"
                    },
                    {
                      "wd": "prejudice"
                    },
                    {
                      "wd": "prepossession"
                    }
                  ],
                  [
                    {
                      "wd": "apprehension"
                    },
                    {
                      "wd": "premonition"
                    },
                    {
                      "wd": "presentiment"
                    }
                  ],
                  [
                    {
                      "wd": "abstraction"
                    },
                    {
                      "wd": "cogitation"
                    },
                    {
                      "wd": "concept"
                    },
                    {
                      "wd": "conception"
                    },
                    {
                      "wd": "idea"
                    },
                    {
                      "wd": "image"
                    },
                    {
                      "wd": "impression"
                    },
                    {
                      "wd": "intellection"
                    },
                    {
                      "wd": "mind's eye"
                    },
                    {
                      "wd": "notion"
                    },
                    {
                      "wd": "picture"
                    },
                    {
                      "wd": "thought"
                    }
                  ]
                ],
                "opp_list": [
                  [
                    {
                      "wd": "actuality"
                    },
                    {
                      "wd": "fact"
                    },
                    {
                      "wd": "reality"
                    }
                  ]
                ]
              }
            ]
          ]
        ]
      }
    ],
    "shortdef": [
      "as in inspiration, brainstorm"
    ]
  },
  {
    "meta": {
      "id": "heat wave",
      "uuid": "fa323566-f00c-44ba-87af-880db5a10b82",
      "src": "CTcompile",
      "section": "alpha",
      "stems": [
        "heat wave"
      ],
      "syns": [
        [
          "heat",
          "dog days",
          "torridity",
          "torridness"
        ]
      ],
      "ants": [
        [
          "cold",
          "cold wave",
          "deep freeze",
          "freeze",
          "snap",
          "cold front",
          "frost"
        ]
      ],
      "offensive": false
    },
    "hwi": {
      "hw": "heat wave"
    },
    "fl": "noun",
    "def": [
      {
        "sseq": [
          [
            [
              "sense",
              {
                "dt": [
                  [
                    "text",
                    "as in {it}heat{/it}"
                  ]
                ],
                "sim_list": [
                  [
                    {
                      "wd": "heat"
                    }
                  ],
                  [
                    {
                      "wd": "dog days"
                    }
                  ],
                  [
                    {
                      "wd": "torridity"
                    },
                    {
                      "wd": "torridness"
                    }
                  ]
                ],
                "opp_list": [
                  [
                    {
                      "wd": "cold"
                    },
                    {
                      "wd": "cold wave"
                    },
                    {
                      "wd": "deep freeze"
                    },
                    {
                      "wd": "freeze"
                    },
                    {
                      "wd": "snap"
                    }
                  ],
                  [
                    {
                      "wd": "cold front"
                    }
                  ],
                  [
                    {
                      "wd": "frost"
                    }
                  ]
                ]
              }
            ]
          ]
        ]
      }
    ],
    "shortdef": [
      "as in heat"
    ]
  },
  {
    "meta": {
      "id": "new wave",
      "uuid": "137d7791-ea01-4d1e-ac9b-a381ac270cf3",
      "src": "CTcompile",
      "section": "alpha",
      "stems": [
        "new wave"
      ],
      "syns": [
        [
          "buzz",
          "chic",
          "craze",
          "dernier cri",
          "enthusiasm",
          "fad",
          "fashion",
          "flavor",
          "go",
          "hot ticket",
          "last word",
          "latest",
          "mode",
          "rage",
          "sensation",
          "style",
          "ton",
          "trend",
          "vogue",
          "bandwagon",
          "crusade",
          "cult",
          "movement",
          "furor",
          "fuss",
          "hullabaloo",
          "to-do",
          "uproar",
          "caprice",
          "fancy",
          "whim",
          "fervor",
          "passion",
          "crush",
          "infatuation",
          "nine days' wonder",
          "novelty",
          "wrinkle"
        ]
      ],
      "ants": [
        [
          "classic",
          "standard"
        ]
      ],
      "offensive": false
    },
    "hwi": {
      "hw": "new wave"
    },
    "fl": "noun",
    "def": [
      {
        "sseq": [
          [
            [
              "sense",
              {
                "dt": [
                  [
                    "text",
                    "as in {it}last word{/it}, {it}nine days' wonder{/it}"
                  ]
                ],
                "sim_list": [
                  [
                    {
                      "wd": "buzz"
                    },
                    {
                      "wd": "chic"
                    },
                    {
                      "wd": "craze"
                    },
                    {
                      "wd": "dernier cri"
                    },
                    {
                      "wd": "enthusiasm"
                    },
                    {
                      "wd": "fad"
                    },
                    {
                      "wd": "fashion"
                    },
                    {
                      "wd": "flavor"
                    },
                    {
                      "wd": "go"
                    },
                    {
                      "wd": "hot ticket"
                    },
                    {
                      "wd": "last word"
                    },
                    {
                      "wd": "latest"
                    },
                    {
                      "wd": "mode"
                    },
                    {
                      "wd": "rage"
                    },
                    {
                      "wd": "sensation"
                    },
                    {
                      "wd": "style"
                    },
                    {
                      "wd": "ton"
                    },
                    {
                      "wd": "trend"
                    },
                    {
                      "wd": "vogue"
                    }
                  ],
                  [
                    {
                      "wd": "bandwagon"
                    },
                    {
                      "wd": "crusade"
                    },
                    {
                      "wd": "cult"
                    },
                    {
                      "wd": "movement"
                    }
                  ],
                  [
                    {
                      "wd": "furor"
                    },
                    {
                      "wd": "fuss"
                    },
                    {
                      "wd": "hullabaloo"
                    },
                    {
                      "wd": "to-do"
                    },
                    {
                      "wd": "uproar"
                    }
                  ],
                  [
                    {
                      "wd": "caprice"
                    },
                    {
                      "wd": "fancy"
                    },
                    {
                      "wd": "whim"
                    }
                  ],
                  [
                    {
                      "wd": "fervor"
                    },
                    {
                      "wd": "passion"
                    }
                  ],
                  [
                    {
                      "wd": "crush"
                    },
                    {
                      "wd": "infatuation"
                    }
                  ],
                  [
                    {
                      "wd": "nine days' wonder",
                      "wvrs": [
                        {
                          "wvl": "also",
                          "wva": "nine day wonder"
                        }
                      ]
                    }
                  ],
                  [
                    {
                      "wd": "novelty"
                    },
                    {
                      "wd": "wrinkle"
                    }
                  ]
                ],
                "opp_list": [
                  [
                    {
                      "wd": "classic"
                    },
                    {
                      "wd": "standard"
                    }
                  ]
                ]
              }
            ]
          ]
        ]
      }
    ],
    "shortdef": [
      "as in last word, nine days' wonder"
    ]
  },
  {
    "meta": {
      "id": "tidal wave",
      "uuid": "a9101b8c-4a14-46a0-afa0-5959f93712c9",
      "src": "CTcompile",
      "section": "alpha",
      "stems": [
        "tidal wave"
      ],
      "syns": [
        [
          "tsunami",
          "billow",
          "surge",
          "swell",
          "sea(s)",
          "surf",
          "breaker",
          "whitecap",
          "comber",
          "curl",
          "riffle",
          "ripple",
          "wavelet",
          "ground swell",
          "roller"
        ]
      ],
      "ants": [],
      "offensive": false
    },
    "hwi": {
      "hw": "tidal wave"
    },
    "fl": "noun",
    "def": [
      {
        "sseq": [
          [
            [
              "sense",
              {
                "dt": [
                  [
                    "text",
                    "as in {it}tsunami{/it}"
                  ]
                ],
                "sim_list": [
                  [
                    {
                      "wd": "tsunami"
                    }
                  ],
                  [
                    {
                      "wd": "billow"
                    },
                    {
                      "wd": "surge"
                    },
                    {
                      "wd": "swell"
                    }
                  ],
                  [
                    {
                      "wd": "sea(s)"
                    }
                  ],
                  [
                    {
                      "wd": "surf"
                    }
                  ],
                  [
                    {
                      "wd": "breaker"
                    },
                    {
                      "wd": "whitecap"
                    }
                  ],
                  [
                    {
                      "wd": "comber"
                    },
                    {
                      "wd": "curl"
                    }
                  ],
                  [
                    {
                      "wd": "riffle"
                    },
                    {
                      "wd": "ripple"
                    },
                    {
                      "wd": "wavelet"
                    }
                  ],
                  [
                    {
                      "wd": "ground swell"
                    },
                    {
                      "wd": "roller"
                    }
                  ]
                ]
              }
            ]
          ]
        ]
      }
    ],
    "shortdef": [
      "as in tsunami"
    ]
  }
]