[
  {
    "meta": {
      "id": "whale",
      "uuid": "784100b7-0b07-43df-aa1f-5781436d8515",
      "src": "coll_thes",
      "section": "alpha",
      "target": {
        "tuuid": "cb35f476-1034-4ad9-9faf-fa6dfe0fcfba",
        "tsrc": "collegiate"
      },
      "stems": [
        "whale",
        "wale",
        "whalelike",
        "whales"
      ],
      "syns": [
        [
          "behemoth",
          "blockbuster",
          "colossus",
          "dinosaur",
          "dreadnought",
          "elephant",
          "giant",
          "Goliath",
          "jumbo",
          "leviathan",
          "mammoth",
          "mastodon",
          "monster",
          "titan",
          "whopper"
        ]
      ],
      "ants": [
        [
          "diminutive",
          "dwarf",
          "half-pint",
          "midget",
          "mite",
          "peewee",
          "pygmy",
          "runt",
          "shrimp"
        ]
      ],
      "offensive": false
    },
    "hwi": {
      "hw": "whale"
    },
    "fl": "noun",
    "def": [
      {
        "sseq": [
          [
            [
              "sense",
              {
                "dt": [
                  [
                    "text",
                    "something that is unusually large and powerful "
                  ],
                  [
                    "vis",
                    [
                      {
                        "t": "a {it}whale{/it} of a pickup truck"
                      }
                    ]
                  ]
                ],
                "syn_list": [
                  [
                    {
                      "wd": "behemoth"
                    },
                    {
                      "wd": "blockbuster"
                    },
                    {
                      "wd": "colossus"
                    },
                    {
                      "wd": "dinosaur"
                    },
                    {
                      "wd": "dreadnought"
                    },
                    {
                      "wd": "elephant"
                    },
                    {
                      "wd": "giant"
                    },
                    {
                      "wd": "Goliath"
                    },
                    {
                      "wd": "jumbo"
                    },
                    {
                      "wd": "leviathan"
                    },
                    {
                      "wd": "mammoth"
                    },
                    {
                      "wd": "mastodon"
                    },
                    {
                      "wd": "monster"
                    },
                    {
                      "wd": "titan"
                    },
                    {
                      "wd": "whopper"
                    }
                  ]
                ],
                "rel_list": [
                  [
                    {
                      "wd": "amazon"
                    },
                    {
                      "wd": "giantess"
                    }
                  ],
                  [
                    {
                      "wd": "bulk"
                    },
                    {
                      "wd": "hulk"
                    }
                  ],
                  [
                    {
                      "wd": "heavyweight"
                    }
                  ],
                  [
                    {
                      "wd": "juggernaut"
                    },
                    {
                      "wd": "steamroller"
                    }
                  ]
                ],
                "near_list": [
                  [
                    {
                      "wd": "lightweight"
                    },
                    {
                      "wd": "weakling"
                    },
                    {
                      "wd": "wimp"
                    },
                    {
                      "wd": "wisp"
                    }
                  ],
                  [
                    {
                      "wd": "nonentity"
                    },
                    {
                      "wd": "twerp"
                    },
                    {
                      "wd": "whippersnapper"
                    }
                  ]
                ],
                "ant_list": [
                  [
                    {
                      "wd": "diminutive"
                    },
                    {
                      "wd": "dwarf"
                    },
                    {
                      "wd": "half-pint"
                    },
                    {
                      "wd": "midget"
                    },
                    {
                      "wd": "mite"
                    },
                    {
                      "wd": "peewee"
                    },
                    {
                      "wd": "pygmy",
                      "wvrs": [
                        {
                          "wvl": "also",
                          "wva": "pigmy"
                        }
                      ]
                    },
                    {
                      "wd": "runt"
                    },
                    {
                      "wd": "shrimp"
                    }
                  ]
                ]
              }
            ]
          ]
        ]
      }
    ],
    "shortdef": [
      "something that is unusually large and powerful"
    ]
  },
  {
    "meta": {
      "id": "whale",
      "uuid": "10f6862d-6421-49a6-ba1b-68ddda2966cf",
      "src": "coll_thes",
      "section": "alpha",
      "target": {
        "tuuid": "869cc90b-cd8c-455b-803e-626d2599558e",
        "tsrc": "collegiate"
      },
      "stems": [
        "whale",
        "whaled",
        "whales",
        "whaling"
      ],
      "syns": [
        [
          "bang",
          "bash",
          "bat",
          "belt",
          "biff",
          "bludgeon",
          "bob",
          "bonk",
          "bop",
          "box",
          "bust",
          "clap",
          "clip",
          "clobber",
          "clock",
          "clout",
          "crack",
          "hammer",
          "hit",
          "knock",
          "nail",
          "paste",
          "pound",
          "punch",
          "rap",
          "slam",
          "slap",
          "slog",
          "slug",
          "smack",
          "smite",
          "sock",
          "strike",
          "swat",
          "swipe",
          "tag",
          "thump",
          "thwack",
          "wallop",
          "whack",
          "zap"
        ],
        [
          "birch",
          "cowhide",
          "flagellate",
          "flail",
          "flog",
          "hide",
          "horsewhip",
          "lash",
          "leather",
          "rawhide",
          "scourge",
          "slash",
          "switch",
          "tan",
          "thrash",
          "whip"
        ],
        [
          "bash",
          "baste",
          "bat",
          "batter",
          "beat",
          "belabor",
          "belt",
          "birch",
          "bludgeon",
          "buffet",
          "bung up",
          "club",
          "curry",
          "do",
          "drub",
          "fib",
          "flog",
          "hammer",
          "hide",
          "lace",
          "lambaste",
          "lash",
          "lather",
          "lick",
          "maul",
          "mess (up)",
          "paddle",
          "pelt",
          "pommel",
          "pound",
          "pummel",
          "punch out",
          "rough (up)",
          "slate",
          "slog",
          "switch",
          "tan",
          "thrash",
          "thresh",
          "thump",
          "tromp",
          "wallop",
          "whip",
          "whop",
          "whup",
          "work over"
        ]
      ],
      "ants": [],
      "offensive": false
    },
    "hwi": {
      "hw": "whale"
    },
    "fl": "verb",
    "def": [
      {
        "sseq": [
          [
            [
              "sense",
              {
                "sn": "1",
                "dt": [
                  [
                    "text",
                    "to deliver a blow to (someone or something) usually in a strong vigorous manner "
                  ],
                  [
                    "vis",
                    [
                      {
                        "t": "{it}whaled{/it} the ball so hard that it sailed over the fence and into the neighbor's yard"
                      }
                    ]
                  ]
                ],
                "syn_list": [
                  [
                    {
                      "wd": "bang"
                    },
                    {
                      "wd": "bash"
                    },
                    {
                      "wd": "bat"
                    },
                    {
                      "wd": "belt"
                    },
                    {
                      "wd": "biff"
                    },
                    {
                      "wd": "bludgeon"
                    },
                    {
                      "wd": "bob"
                    },
                    {
                      "wd": "bonk"
                    },
                    {
                      "wd": "bop"
                    },
                    {
                      "wd": "box"
                    },
                    {
                      "wd": "bust"
                    },
                    {
                      "wd": "clap"
                    },
                    {
                      "wd": "clip"
                    },
                    {
                      "wd": "clobber"
                    },
                    {
                      "wd": "clock"
                    },
                    {
                      "wd": "clout"
                    },
                    {
                      "wd": "crack"
                    },
                    {
                      "wd": "hammer"
                    },
                    {
                      "wd": "hit"
                    },
                    {
                      "wd": "knock"
                    },
                    {
                      "wd": "nail"
                    },
                    {
                      "wd": "paste"
                    },
                    {
                      "wd": "pound"
                    },
                    {
                      "wd": "punch"
                    },
                    {
                      "wd": "rap"
                    },
                    {
                      "wd": "slam"
                    },
                    {
                      "wd": "slap"
                    },
                    {
                      "wd": "slog"
                    },
                    {
                      "wd": "slug"
                    },
                    {
                      "wd": "smack"
                    },
                    {
                      "wd": "smite"
                    },
                    {
                      "wd": "sock"
                    },
                    {
                      "wd": "strike"
                    },
                    {
                      "wd": "swat"
                    },
                    {
                      "wd": "swipe"
                    },
                    {
                      "wd": "tag"
                    },
                    {
                      "wd": "thump"
                    },
                    {
                      "wd": "thwack"
                    },
                    {
                      "wd": "wallop"
                    },
                    {
                      "wd": "whack"
                    },
                    {
                      "wd": "zap"
                    }
                  ]
                ],
                "rel_list": [
                  [
                    {
                      "wd": "batter"
                    },
                    {
                      "wd": "beat"
                    },
                    {
                      "wd": "buffet"
                    },
                    {
                      "wd": "bung"
                    },
                    {
                      "wd": "chop"
                    },
                    {
                      "wd": "cuff"
                    },
                    {
                      "wd": "drub"
                    },
                    {
                      "wd": "lace"
                    },
                    {
                      "wd": "lambaste",
                      "wvrs": [
                        {
                          "wvl": "or",
                          "wva": "lambast"
                        }
                      ]
                    },
                    {
                      "wd": "lick"
                    },
                    {
                      "wd": "mangle"
                    },
                    {
                      "wd": "maul"
                    },
                    {
                      "wd": "pelt"
                    },
                    {
                      "wd": "pepper"
                    },
                    {
                      "wd": "pommel"
                    },
                    {
                      "wd": "pummel"
                    },
                    {
                      "wd": "rough"
                    }
                  ],
                  [
                    {
                      "wd": "scuff"
                    }
                  ],
                  [
                    {
                      "wd": "bunt"
                    },
                    {
                      "wd": "flick"
                    },
                    {
                      "wd": "stroke"
                    },
                    {
                      "wd": "tap"
                    }
                  ],
                  [
                    {
                      "wd": "bump"
                    },
                    {
                      "wd": "butt"
                    },
                    {
                      "wd": "jab"
                    },
                    {
                      "wd": "jostle"
                    },
                    {
                      "wd": "kick"
                    },
                    {
                      "wd": "knee"
                    },
                    {
                      "wd": "poke"
                    },
                    {
                      "wd": "prod"
                    },
                    {
                      "wd": "push"
                    },
                    {
                      "wd": "shove"
                    },
                    {
                      "wd": "stamp"
                    }
                  ],
                  [
                    {
                      "wd": "bowl (down or over)"
                    },
                    {
                      "wd": "cream"
                    },
                    {
                      "wd": "deck"
                    },
                    {
                      "wd": "dump",
                      "wsls": [
                        "slang"
                      ]
                    },
                    {
                      "wd": "fell"
                    },
                    {
                      "wd": "floor"
                    },
                    {
                      "wd": "knock down"
                    },
                    {
                      "wd": "level"
                    }
                  ],
                  [
                    {
                      "wd": "rabbit-punch"
                    },
                    {
                      "wd": "sucker punch"
                    }
                  ],
                  [
                    {
                      "wd": "cane"
                    },
                    {
                      "wd": "club"
                    },
                    {
                      "wd": "cudgel"
                    },
                    {
                      "wd": "flail"
                    },
                    {
                      "wd": "flog"
                    },
                    {
                      "wd": "lash"
                    },
                    {
                      "wd": "sap"
                    },
                    {
                      "wd": "slash"
                    },
                    {
                      "wd": "sledge"
                    },
                    {
                      "wd": "sledgehammer"
                    },
                    {
                      "wd": "spear"
                    },
                    {
                      "wd": "stab"
                    },
                    {
                      "wd": "switch"
                    },
                    {
                      "wd": "thrash"
                    },
                    {
                      "wd": "whip"
                    }
                  ],
                  [
                    {
                      "wd": "bean"
                    },
                    {
                      "wd": "brain"
                    },
                    {
                      "wd": "conk"
                    },
                    {
                      "wd": "skull"
                    }
                  ]
                ],
                "phrase_list": [
                  [
                    {
                      "wd": "hang one on"
                    }
                  ]
                ]
              }
            ]
          ],
          [
            [
              "sense",
              {
                "sn": "2",
                "dt": [
                  [
                    "text",
                    "to strike repeatedly with something long and thin or flexible "
                  ],
                  [
                    "vis",
                    [
                      {
                        "t": "{it}whaled{/it} the rug with a broom to knock the dirt out of it"
                      }
                    ]
                  ]
                ],
                "syn_list": [
                  [
                    {
                      "wd": "birch"
                    },
                    {
                      "wd": "cowhide"
                    },
                    {
                      "wd": "flagellate"
                    },
                    {
                      "wd": "flail"
                    },
                    {
                      "wd": "flog"
                    },
                    {
                      "wd": "hide"
                    },
                    {
                      "wd": "horsewhip"
                    },
                    {
                      "wd": "lash"
                    },
                    {
                      "wd": "leather"
                    },
                    {
                      "wd": "rawhide"
                    },
                    {
                      "wd": "scourge"
                    },
                    {
                      "wd": "slash"
                    },
                    {
                      "wd": "switch"
                    },
                    {
                      "wd": "tan"
                    },
                    {
                      "wd": "thrash"
                    },
                    {
                      "wd": "whip"
                    }
                  ]
                ],
                "rel_list": [
                  [
                    {
                      "wd": "knout"
                    },
                    {
                      "wd": "quirt"
                    },
                    {
                      "wd": "strap"
                    }
                  ],
                  [
                    {
                      "wd": "cut"
                    }
                  ],
                  [
                    {
                      "wd": "flick"
                    },
                    {
                      "wd": "touch up"
                    }
                  ],
                  [
                    {
                      "wd": "blackjack"
                    },
                    {
                      "wd": "cane"
                    },
                    {
                      "wd": "club"
                    },
                    {
                      "wd": "cudgel"
                    },
                    {
                      "wd": "fustigate"
                    }
                  ],
                  [
                    {
                      "wd": "pistol-whip"
                    }
                  ],
                  [
                    {
                      "wd": "bang"
                    },
                    {
                      "wd": "bop"
                    },
                    {
                      "wd": "box"
                    },
                    {
                      "wd": "bust"
                    },
                    {
                      "wd": "clap"
                    },
                    {
                      "wd": "clip"
                    },
                    {
                      "wd": "clobber"
                    },
                    {
                      "wd": "clout"
                    },
                    {
                      "wd": "crack"
                    },
                    {
                      "wd": "cuff"
                    },
                    {
                      "wd": "hit"
                    },
                    {
                      "wd": "knock"
                    },
                    {
                      "wd": "lam"
                    },
                    {
                      "wd": "paste"
                    },
                    {
                      "wd": "punch"
                    },
                    {
                      "wd": "slap"
                    },
                    {
                      "wd": "slug"
                    },
                    {
                      "wd": "smack"
                    },
                    {
                      "wd": "smite"
                    },
                    {
                      "wd": "sock"
                    },
                    {
                      "wd": "spank"
                    },
                    {
                      "wd": "swat"
                    },
                    {
                      "wd": "swipe"
                    },
                    {
                      "wd": "thwack"
                    },
                    {
                      "wd": "wallop"
                    },
                    {
                      "wd": "whack"
                    }
                  ],
                  [
                    {
                      "wd": "bash"
                    },
                    {
                      "wd": "baste"
                    },
                    {
                      "wd": "bat"
                    },
                    {
                      "wd": "batter"
                    },
                    {
                      "wd": "beat"
                    },
                    {
                      "wd": "belabor"
                    },
                    {
                      "wd": "belt"
                    },
                    {
                      "wd": "bludgeon"
                    },
                    {
                      "wd": "buffet"
                    },
                    {
                      "wd": "bung"
                    },
                    {
                      "wd": "drub"
                    },
                    {
                      "wd": "fib",
                      "wsls": [
                        "British"
                      ]
                    },
                    {
                      "wd": "hammer"
                    },
                    {
                      "wd": "lace"
                    },
                    {
                      "wd": "lambaste",
                      "wvrs": [
                        {
                          "wvl": "or",
                          "wva": "lambast"
                        }
                      ]
                    },
                    {
                      "wd": "lather"
                    },
                    {
                      "wd": "lick"
                    },
                    {
                      "wd": "mangle"
                    },
                    {
                      "wd": "maul"
                    },
                    {
                      "wd": "paddle"
                    },
                    {
                      "wd": "pelt"
                    },
                    {
                      "wd": "pommel"
                    },
                    {
                      "wd": "pound"
                    },
                    {
                      "wd": "pummel"
                    },
                    {
                      "wd": "rough"
                    },
                    {
                      "wd": "slate"
                    },
                    {
                      "wd": "slog"
                    },
                    {
                      "wd": "thresh"
                    },
                    {
                      "wd": "thump"
                    },
                    {
                      "wd": "tromp"
                    },
                    {
                      "wd": "whop",
                      "wvrs": [
                        {
                          "wvl": "or",
                          "wva": "whap"
                        }
                      ]
                    },
                    {
                      "wd": "whup"
                    },
                    {
                      "wd": "work over"
                    }
                  ]
                ]
              }
            ]
          ],
          [
            [
              "sense",
              {
                "sn": "3",
                "dt": [
                  [
                    "text",
                    "to strike repeatedly "
                  ],
                  [
                    "vis",
                    [
                      {
                        "t": "mercilessly {it}whaled{/it} the pickpocket for stealing from her purse"
                      }
                    ]
                  ]
                ],
                "syn_list": [
                  [
                    {
                      "wd": "bash"
                    },
                    {
                      "wd": "baste"
                    },
                    {
                      "wd": "bat"
                    },
                    {
                      "wd": "batter"
                    },
                    {
                      "wd": "beat"
                    },
                    {
                      "wd": "belabor"
                    },
                    {
                      "wd": "belt"
                    },
                    {
                      "wd": "birch"
                    },
                    {
                      "wd": "bludgeon"
                    },
                    {
                      "wd": "buffet"
                    },
                    {
                      "wd": "bung up"
                    },
                    {
                      "wd": "club"
                    },
                    {
                      "wd": "curry"
                    },
                    {
                      "wd": "do"
                    },
                    {
                      "wd": "drub"
                    },
                    {
                      "wd": "fib",
                      "wsls": [
                        "British"
                      ]
                    },
                    {
                      "wd": "flog"
                    },
                    {
                      "wd": "hammer"
                    },
                    {
                      "wd": "hide"
                    },
                    {
                      "wd": "lace"
                    },
                    {
                      "wd": "lambaste",
                      "wvrs": [
                        {
                          "wvl": "or",
                          "wva": "lambast"
                        }
                      ]
                    },
                    {
                      "wd": "lash"
                    },
                    {
                      "wd": "lather"
                    },
                    {
                      "wd": "lick"
                    },
                    {
                      "wd": "maul"
                    },
                    {
                      "wd": "mess (up)"
                    },
                    {
                      "wd": "paddle"
                    },
                    {
                      "wd": "pelt"
                    },
                    {
                      "wd": "pommel"
                    },
                    {
                      "wd": "pound"
                    },
                    {
                      "wd": "pummel"
                    },
                    {
                      "wd": "punch out"
                    },
                    {
                      "wd": "rough (up)"
                    },
                    {
                      "wd": "slate"
                    },
                    {
                      "wd": "slog"
                    },
                    {
                      "wd": "switch"
                    },
                    {
                      "wd": "tan"
                    },
                    {
                      "wd": "thrash"
                    },
                    {
                      "wd": "thresh"
                    },
                    {
                      "wd": "thump"
                    },
                    {
                      "wd": "tromp"
                    },
                    {
                      "wd": "wallop"
                    },
                    {
                      "wd": "whip"
                    },
                    {
                      "wd": "whop",
                      "wvrs": [
                        {
                          "wvl": "or",
                          "wva": "whap"
                        }
                      ]
                    },
                    {
                      "wd": "whup"
                    },
                    {
                      "wd": "work over"
                    }
                  ]
                ],
                "rel_list": [
                  [
                    {
                      "wd": "assail"
                    },
                    {
                      "wd": "assault"
                    },
                    {
                      "wd": "attack"
                    },
                    {
                      "wd": "beset"
                    },
                    {
                      "wd": "box"
                    },
                    {
                      "wd": "bust"
                    },
                    {
                      "wd": "chop"
                    },
                    {
                      "wd": "clobber"
                    },
                    {
                      "wd": "clout"
                    },
                    {
                      "wd": "crack"
                    },
                    {
                      "wd": "cudgel"
                    },
                    {
                      "wd": "cuff"
                    },
                    {
                      "wd": "descend (on or upon)"
                    },
                    {
                      "wd": "hit"
                    },
                    {
                      "wd": "jump (on)"
                    },
                    {
                      "wd": "knock"
                    },
                    {
                      "wd": "lam"
                    },
                    {
                      "wd": "lay on"
                    },
                    {
                      "wd": "paste"
                    },
                    {
                      "wd": "pounce (on or upon)"
                    },
                    {
                      "wd": "punch"
                    },
                    {
                      "wd": "raid"
                    },
                    {
                      "wd": "rush"
                    },
                    {
                      "wd": "slam"
                    },
                    {
                      "wd": "slap"
                    },
                    {
                      "wd": "smack"
                    },
                    {
                      "wd": "smash"
                    },
                    {
                      "wd": "sock"
                    },
                    {
                      "wd": "spank"
                    },
                    {
                      "wd": "storm"
                    },
                    {
                      "wd": "swat"
                    },
                    {
                      "wd": "swipe"
                    },
                    {
                      "wd": "thwack"
                    },
                    {
                      "wd": "whack"
                    },
                    {
                      "wd": "wham"
                    },
                    {
                      "wd": "whomp"
                    }
                  ],
                  [
                    {
                      "wd": "blackjack"
                    },
                    {
                      "wd": "cane"
                    },
                    {
                      "wd": "cowhide"
                    },
                    {
                      "wd": "flagellate"
                    },
                    {
                      "wd": "fustigate"
                    },
                    {
                      "wd": "horsewhip"
                    },
                    {
                      "wd": "leather"
                    },
                    {
                      "wd": "pistol-whip"
                    },
                    {
                      "wd": "rawhide"
                    },
                    {
                      "wd": "scourge"
                    },
                    {
                      "wd": "strap"
                    }
                  ],
                  [
                    {
                      "wd": "gore"
                    },
                    {
                      "wd": "lacerate"
                    },
                    {
                      "wd": "wound"
                    }
                  ],
                  [
                    {
                      "wd": "maim"
                    },
                    {
                      "wd": "mangle"
                    },
                    {
                      "wd": "mutilate"
                    }
                  ]
                ],
                "phrase_list": [
                  [
                    {
                      "wd": "beat up on"
                    }
                  ]
                ]
              }
            ]
          ]
        ]
      }
    ],
    "shortdef": [
      "to deliver a blow to (someone or something) usually in a strong vigorous manner",
      "to strike repeatedly with something long and thin or flexible",
      "to strike repeatedly"
    ]
  }
]